// Created by Crowbar 0.74
version 1
nodes
  0 "NMRiH_FPS_Arms_Control_World" -1
  1 "NMRiH_FPS_Arms_Control_Root" 0
  2 "NMRiH_FPS_Arms_Control_RightCollar-Brk" 1
  3 "NMRiH_FPS_Arms_Control_RightCollar" 2
  4 "NMRiH_FPS_Arms_Control_RightShoulder" 3
  5 "NMRiH_FPS_Arms_Control_RightElbow" 4
  6 "NMRiH_FPS_Arms_Control_RightElbowTwist1" 5
  7 "NMRiH_FPS_Arms_Control_RightElbowTwist2" 5
  8 "NMRiH_FPS_Arms_Control_RightElbowTwist3" 5
  9 "NMRiH_FPS_Arms_Control_LeftCollar-Brk" 1
  10 "NMRiH_FPS_Arms_Control_LeftCollar" 9
  11 "NMRiH_FPS_Arms_Control_LeftShoulder" 10
  12 "NMRiH_FPS_Arms_Control_LeftElbow" 11
  13 "NMRiH_FPS_Arms_Control_LeftElbowTwist1" 12
  14 "NMRiH_FPS_Arms_Control_LeftElbowTwist2" 12
  15 "NMRiH_FPS_Arms_Control_LeftElbowTwist3" 12
  16 "camera_bone" 0
  17 "SphereGizmo01" -1
  18 "NMRiH_FPS_Arms_Control_LeftWrist" 17
  19 "NMRiH_FPS_Arms_Control_PSNULL47" 18
  20 "Thumb1" 19
  21 "Thumb2" 20
  22 "Thumb3" 21
  23 "Index1" 19
  24 "Index2" 23
  25 "Index3" 24
  26 "Middle1" 19
  27 "Middle2" 26
  28 "Middle3" 27
  29 "Ring1" 19
  30 "Ring2" 29
  31 "Ring3" 30
  32 "Pinky1" 19
  33 "Pinky2" 32
  34 "Pinky3" 33
  35 "SphereGizmo02" -1
  36 "NMRiH_FPS_Arms_Control_RightWrist" 35
  37 "NMRiH_FPS_Arms_Control_PSNULL20" 36
  38 "Thumb04" 37
  39 "Thumb05" 38
  40 "Thumb06" 39
  41 "Index06" 37
  42 "Index04" 41
  43 "Index05" 42
  44 "Middle06" 37
  45 "Middle04" 44
  46 "Middle05" 45
  47 "Pinky04" 37
  48 "Pinky05" 47
  49 "Pinky06" 48
  50 "Ring06" 37
  51 "Ring04" 50
  52 "Ring05" 51
  53 "ValveBiped.Bip01_Spine4" 1
  54 "ValveBiped.Bip01_L_Clavicle" -1
  55 "ValveBiped.Bip01_R_Clavicle" -1
  56 "ValveBiped.Bip01_L_UpperArm" 11
  57 "ValveBiped.Bip01_L_Forearm" 12
  58 "ValveBiped.Bip01_L_Hand" 18
  59 "ValveBiped.Bip01_L_Finger0" 20
  60 "ValveBiped.Bip01_L_Finger01" 21
  61 "ValveBiped.Bip01_L_Finger02" 22
  62 "ValveBiped.Bip01_L_Finger1" 23
  63 "ValveBiped.Bip01_L_Finger11" 24
  64 "ValveBiped.Bip01_L_Finger12" 25
  65 "ValveBiped.Bip01_L_Finger2" 26
  66 "ValveBiped.Bip01_L_Finger21" 27
  67 "ValveBiped.Bip01_L_Finger22" 28
  68 "ValveBiped.Bip01_L_Finger3" 29
  69 "ValveBiped.Bip01_L_Finger31" 30
  70 "ValveBiped.Bip01_L_Finger32" 31
  71 "ValveBiped.Bip01_L_Finger4" 32
  72 "ValveBiped.Bip01_L_Finger41" 33
  73 "ValveBiped.Bip01_L_Finger42" 34
  74 "ValveBiped.Bip01_R_UpperArm" 4
  75 "ValveBiped.Bip01_R_Forearm" 5
  76 "ValveBiped.Bip01_R_Hand" 36
  77 "ValveBiped.Bip01_R_Finger0" 38
  78 "ValveBiped.Bip01_R_Finger01" 39
  79 "ValveBiped.Bip01_R_Finger02" 40
  80 "ValveBiped.Bip01_R_Finger1" 41
  81 "ValveBiped.Bip01_R_Finger11" 42
  82 "ValveBiped.Bip01_R_Finger12" 43
  83 "ValveBiped.Bip01_R_Finger2" 44
  84 "ValveBiped.Bip01_R_Finger21" 45
  85 "ValveBiped.Bip01_R_Finger22" 46
  86 "ValveBiped.Bip01_R_Finger3" 50
  87 "ValveBiped.Bip01_R_Finger31" 51
  88 "ValveBiped.Bip01_R_Finger32" 52
  89 "ValveBiped.Bip01_R_Finger4" 47
  90 "ValveBiped.Bip01_R_Finger41" 48
  91 "ValveBiped.Bip01_R_Finger42" 49
end
skeleton
  time 0
    0 0.000000 0.000000 0.000000 0.000000 0.000000 -0.000007
    1 0.000000 2.709942 -10.591393 0.000000 -1.570796 1.570796
    2 3.500857 9.013945 -0.640573 0.000000 -1.570796 0.000000
    3 -2.289403 -1.496114 0.973094 0.000000 0.000000 0.000000
    4 4.409996 0.000005 -0.000003 0.130940 -0.093229 0.275618
    5 10.079981 -0.000003 -0.000001 -0.000002 -0.000003 -0.537314
    6 0.000000 -0.000001 0.000000 -0.208255 0.000005 0.000001
    7 3.359990 0.000014 -0.000007 -0.416518 0.000000 0.000003
    8 6.719987 0.000030 -0.000015 -0.624777 -0.000002 0.000001
    9 3.500862 -5.725745 -0.640568 0.000000 -1.570795 3.141592
    10 -2.186730 3.179637 -0.996149 0.000000 0.000000 0.000000
    11 4.409998 -0.000001 0.000004 -0.337182 0.183847 0.339603
    12 10.079982 0.000014 0.000025 0.000004 0.000046 -0.696740
    13 0.000001 0.000004 0.000000 0.254496 -0.000001 0.000010
    14 3.359994 0.000032 0.000015 0.508986 -0.000007 0.000004
    15 6.719987 0.000057 0.000028 0.763488 0.000003 0.000003
    16 0.000000 0.000000 0.000000 1.570796 0.000000 -3.141592
    17 9.388720 -18.429354 -8.868174 2.221349 0.037515 -1.678220
    18 -0.118055 -0.108981 0.513327 -0.000047 -0.086523 0.000009
    19 4.409994 -0.000012 0.000012 0.000000 0.000000 0.000000
    20 -3.422661 1.711283 0.470872 0.018364 -0.593174 -0.075895
    21 1.410028 0.000010 0.000007 0.000006 0.000009 -0.987481
    22 0.993011 -0.000001 0.000006 0.000001 -0.000006 -0.761963
    23 -1.022532 1.571291 -0.406268 0.562009 -1.088038 -0.422346
    24 1.337718 0.000005 0.000002 -3.141591 -1.497669 3.135755
    25 1.180473 -0.000093 -0.000003 2.322271 -1.447922 -2.264049
    26 -0.666712 0.565948 -0.425195 0.276535 -1.168921 -0.243380
    27 1.311736 0.000006 0.000004 -3.109347 -1.501840 3.110658
    28 1.132875 -0.000003 -0.000005 -2.277655 -1.482347 2.251198
    29 -0.835869 -0.375753 -0.250998 -0.232083 -1.169899 0.124274
    30 1.303124 0.000019 0.000004 2.990854 -1.546793 -2.976011
    31 1.094648 -0.000011 -0.000003 -0.062804 -1.544912 0.032862
    32 -1.144743 -1.304737 0.171518 -0.974001 -1.088390 0.663341
    33 1.052849 0.000000 -0.000004 3.124857 -1.425270 3.135795
    34 0.916342 -0.000031 0.000001 3.141553 -1.536954 -3.129942
    35 -7.779457 -18.287500 -8.942204 0.900063 -0.021850 -1.603185
    36 -0.117880 -0.102734 -0.180849 0.000013 0.017066 0.000000
    37 4.409983 -0.000034 0.000004 0.000000 0.000000 0.000000
    38 -3.459356 1.711287 -0.541797 0.125169 -0.669906 3.034105
    39 -1.410028 -0.000005 -0.000014 0.000004 0.000001 -0.911659
    40 -0.993008 0.000010 -0.000011 0.000000 -0.000006 -0.908928
    41 -1.077398 1.571280 0.162236 0.351673 -1.124156 2.999846
    42 -1.337713 0.000003 -0.000002 3.078234 -1.322288 -3.107495
    43 -1.180471 0.000072 0.000002 0.222693 -1.503459 -0.194122
    44 -0.719599 0.565946 0.238754 -0.061928 -1.418387 -3.057538
    45 -1.311414 -0.000009 -0.000267 0.002810 -1.315827 0.001501
    46 -1.132872 0.000005 -0.000066 3.139362 -1.176202 -3.092139
    47 -1.239075 -1.304744 -0.314278 -1.430303 -0.982760 -2.003829
    48 -1.052850 0.000005 -0.000004 2.863323 -1.535755 3.140266
    49 -0.916342 0.000033 0.000003 3.130054 -1.386235 -3.118064
    50 -0.900585 -0.375762 0.090056 -0.779868 -1.244725 -2.521915
    51 -1.303123 -0.000014 0.000008 -0.004240 -1.451229 -0.001012
    52 -1.094650 0.000007 0.000003 -2.577326 -1.476285 2.574417
    53 0.000000 0.000000 0.000000 0.000000 0.000000 0.000000
    54 0.000000 0.000000 0.000000 0.000000 0.000000 -1.570796
    55 0.000000 0.000000 0.000000 0.000000 0.000000 -1.570796
    56 -2.000000 0.000000 0.000000 -1.570796 0.000000 0.174533
    57 -1.500000 0.000002 0.000000 -1.570796 0.000000 0.000000
    58 0.000000 0.500000 0.000000 -1.570796 0.261799 0.000000
    59 -0.000001 0.000000 0.000000 -3.141593 0.174533 0.000000
    60 0.000000 0.000000 -0.000001 -3.141593 0.174533 0.174533
    61 0.000000 0.000000 0.000000 -3.141593 0.349066 -0.174533
    62 0.000000 0.000000 0.000000 -1.570796 0.000000 0.000000
    63 0.000000 0.000000 0.000000 -1.570796 0.000000 0.000000
    64 0.000000 0.000000 0.000000 -1.570796 0.000000 0.000000
    65 0.000000 0.000000 0.000002 -1.570796 0.000000 0.000000
    66 0.000000 0.000000 0.000000 -1.570796 0.000000 0.000000
    67 0.000000 0.000001 0.000000 -1.570796 0.000000 0.000000
    68 0.000000 0.000000 0.000000 -1.570796 0.000000 0.000000
    69 0.000000 0.000000 0.000000 -1.570796 0.000000 0.000000
    70 0.000000 0.000000 0.000000 -1.570796 0.000000 0.000000
    71 0.000000 0.000000 0.000000 -1.570796 0.000000 0.000000
    72 0.000000 0.000000 0.000000 -1.570796 0.000000 0.000000
    73 0.000000 0.000000 0.000000 -1.570796 0.000000 0.000000
    74 -2.000000 0.000000 0.000000 1.570796 0.000000 0.174533
    75 -1.500000 -0.000001 -0.250000 1.570796 0.000000 0.000000
    76 -1.000000 0.250000 0.500000 1.570796 0.000000 0.000000
    77 0.000000 0.000000 0.000000 2.094395 0.000000 -3.141593
    78 0.000000 0.000000 0.000000 2.094395 0.000000 -3.141593
    79 0.000000 -0.200001 -0.200000 1.745329 0.000000 -3.141593
    80 0.000000 -0.000001 -0.000002 1.570796 0.000000 3.141593
    81 0.000000 0.000000 0.000000 1.570796 0.000000 -3.141593
    82 0.000000 0.000000 -0.000002 1.570796 0.000000 -3.141593
    83 0.000000 0.000000 0.000000 1.570796 0.000000 3.141593
    84 -0.000002 0.000000 0.000000 1.570796 0.000000 3.141593
    85 0.000000 0.000000 0.000000 1.570796 0.000000 3.141593
    86 0.000000 0.000000 0.000000 1.570796 0.000000 3.141593
    87 0.000000 0.000000 0.000000 1.570796 0.000000 -3.141593
    88 0.000000 0.000000 0.000000 1.570796 0.000000 -3.141593
    89 0.000000 0.000000 0.000000 1.570796 0.000000 3.141593
    90 0.000000 0.000000 0.000000 1.570796 0.000000 -3.141593
    91 0.000000 0.000000 0.000000 1.570796 0.000000 -3.141593
  time 1
    0 0.000000 0.000000 0.000000 0.000000 0.000000 -0.000007
    1 0.000000 2.709942 -10.591393 0.000000 -1.570796 1.570796
    2 3.500857 9.013945 -0.640573 0.000000 -1.570796 0.000000
    3 -2.289403 -1.496114 0.973094 0.000000 0.000000 0.000000
    4 4.409996 0.000005 -0.000003 0.143193 -0.078656 0.234775
    5 10.079981 -0.000003 -0.000001 -0.000002 -0.000003 -0.536574
    6 0.000000 -0.000001 0.000000 -0.221866 0.000005 0.000001
    7 3.359990 0.000014 -0.000007 -0.443767 0.000000 0.000003
    8 6.719987 0.000030 -0.000015 -0.665650 -0.000002 0.000001
    9 3.500862 -5.725745 -0.640568 0.000000 -1.570795 3.141592
    10 -4.026630 3.101510 -0.996149 0.000000 0.000000 0.000000
    11 4.409998 -0.000001 0.000004 -0.393824 0.241080 0.547154
    12 10.079982 0.000014 0.000025 0.000004 0.000046 -1.160147
    13 0.000001 0.000004 0.000000 0.243159 -0.000001 0.000010
    14 3.359994 0.000032 0.000015 0.486302 -0.000007 0.000004
    15 6.719987 0.000057 0.000028 0.729461 0.000003 0.000003
    16 0.000000 0.000000 0.000000 1.567548 -0.006532 -3.136511
    17 9.388720 -14.534704 -7.665012 2.158607 0.036494 -1.690630
    18 -0.118055 -0.108981 0.513327 -0.000047 -0.086523 0.000009
    19 4.409994 -0.000012 0.000012 0.000000 0.000000 0.000000
    20 -3.422661 1.711283 0.470872 0.018364 -0.593174 -0.075895
    21 1.410028 0.000010 0.000007 0.000006 0.000009 -0.987481
    22 0.993011 -0.000001 0.000006 0.000001 -0.000006 -0.761963
    23 -1.022532 1.571291 -0.406268 0.562009 -1.088038 -0.422346
    24 1.337718 0.000005 0.000002 -3.141591 -1.497669 3.135755
    25 1.180473 -0.000093 -0.000003 2.322271 -1.447922 -2.264049
    26 -0.666712 0.565948 -0.425195 0.276535 -1.168921 -0.243380
    27 1.311736 0.000006 0.000004 -3.109347 -1.501840 3.110658
    28 1.132875 -0.000003 -0.000005 -2.277655 -1.482347 2.251198
    29 -0.835869 -0.375753 -0.250998 -0.232083 -1.169899 0.124274
    30 1.303124 0.000019 0.000004 2.990854 -1.546793 -2.976011
    31 1.094648 -0.000011 -0.000003 -0.062804 -1.544912 0.032862
    32 -1.144743 -1.304737 0.171518 -0.973982 -1.088390 0.663341
    33 1.052849 0.000000 -0.000004 3.124857 -1.425270 3.135795
    34 0.916342 -0.000031 0.000001 3.141553 -1.536954 -3.129942
    35 -6.990370 -18.287500 -8.598444 0.865049 -0.101343 -1.506548
    36 -0.117880 -0.102734 -0.180849 0.000013 0.017066 0.000000
    37 4.409983 -0.000034 0.000004 0.000000 0.000000 0.000000
    38 -3.459356 1.711287 -0.541797 0.125169 -0.669906 3.034105
    39 -1.410028 -0.000005 -0.000014 0.000004 0.000001 -0.911659
    40 -0.993008 0.000010 -0.000011 0.000012 -0.000006 -0.908928
    41 -1.077398 1.571280 0.162236 0.351673 -1.124156 2.999846
    42 -1.337713 0.000003 -0.000002 3.078234 -1.322288 -3.107495
    43 -1.180471 0.000072 0.000002 0.222705 -1.503459 -0.194122
    44 -0.719599 0.565946 0.238754 -0.061928 -1.418387 -3.057514
    45 -1.311414 -0.000009 -0.000267 0.002810 -1.315827 0.001501
    46 -1.132872 0.000005 -0.000066 3.139362 -1.176202 -3.092139
    47 -1.239075 -1.304744 -0.314278 -1.430303 -0.982760 -2.003829
    48 -1.052850 0.000005 -0.000004 2.863323 -1.535755 3.140266
    49 -0.916342 0.000033 0.000003 3.130054 -1.386235 -3.118064
    50 -0.900585 -0.375762 0.090056 -0.779868 -1.244725 -2.521915
    51 -1.303123 -0.000014 0.000008 -0.004240 -1.451229 -0.001012
    52 -1.094650 0.000007 0.000003 -2.577326 -1.476285 2.574417
    53 0.000000 0.000000 0.000000 0.000000 0.000000 0.000000
    54 0.000000 0.000000 0.000000 0.000000 0.000000 -1.570796
    55 0.000000 0.000000 0.000000 0.000000 0.000000 -1.570796
    56 -2.000000 0.000000 0.000000 -1.570796 0.000000 0.174533
    57 -1.500000 0.000002 0.000000 -1.570796 0.000000 0.000000
    58 0.000000 0.500000 0.000000 -1.570796 0.261799 0.000000
    59 -0.000001 0.000000 0.000000 -3.141593 0.174533 0.000000
    60 0.000000 0.000000 -0.000001 -3.141593 0.174533 0.174533
    61 0.000000 0.000000 0.000000 -3.141593 0.349066 -0.174533
    62 0.000000 0.000000 0.000000 -1.570796 0.000000 0.000000
    63 0.000000 0.000000 0.000000 -1.570796 0.000000 0.000000
    64 0.000000 0.000000 0.000000 -1.570796 0.000000 0.000000
    65 0.000000 0.000000 0.000002 -1.570796 0.000000 0.000000
    66 0.000000 0.000000 0.000000 -1.570796 0.000000 0.000000
    67 0.000000 0.000001 0.000000 -1.570796 0.000000 0.000000
    68 0.000000 0.000000 0.000000 -1.570796 0.000000 0.000000
    69 0.000000 0.000000 0.000000 -1.570796 0.000000 0.000000
    70 0.000000 0.000000 0.000000 -1.570796 0.000000 0.000000
    71 0.000000 0.000000 0.000000 -1.570796 0.000000 0.000000
    72 0.000000 0.000000 0.000000 -1.570796 0.000000 0.000000
    73 0.000000 0.000000 0.000000 -1.570796 0.000000 0.000000
    74 -2.000000 0.000000 0.000000 1.570796 0.000000 0.174533
    75 -1.500000 -0.000001 -0.250000 1.570796 0.000000 0.000000
    76 -1.000000 0.250000 0.500000 1.570796 0.000000 0.000000
    77 0.000000 0.000000 0.000000 2.094395 0.000000 -3.141593
    78 0.000000 0.000000 0.000000 2.094395 0.000000 -3.141593
    79 0.000000 -0.200001 -0.200000 1.745329 0.000000 -3.141593
    80 0.000000 -0.000001 -0.000002 1.570796 0.000000 3.141593
    81 0.000000 0.000000 0.000000 1.570796 0.000000 -3.141593
    82 0.000000 0.000000 -0.000002 1.570796 0.000000 -3.141593
    83 0.000000 0.000000 0.000000 1.570796 0.000000 3.141593
    84 -0.000002 0.000000 0.000000 1.570796 0.000000 3.141593
    85 0.000000 0.000000 0.000000 1.570796 0.000000 3.141593
    86 0.000000 0.000000 0.000000 1.570796 0.000000 3.141593
    87 0.000000 0.000000 0.000000 1.570796 0.000000 -3.141593
    88 0.000000 0.000000 0.000000 1.570796 0.000000 -3.141593
    89 0.000000 0.000000 0.000000 1.570796 0.000000 3.141593
    90 0.000000 0.000000 0.000000 1.570796 0.000000 -3.141593
    91 0.000000 0.000000 0.000000 1.570796 0.000000 -3.141593
  time 2
    0 0.000000 0.000000 0.000000 0.000000 0.000000 -0.000007
    1 0.000000 2.709942 -10.591393 0.000000 -1.570796 1.570796
    2 3.500857 9.013945 -0.640573 0.000000 -1.570796 0.000000
    3 -2.289403 -1.496114 0.973094 0.000000 0.000000 0.000000
    4 4.409996 0.000005 -0.000003 0.158454 -0.056064 0.166689
    5 10.079981 -0.000003 -0.000001 -0.000002 -0.000003 -0.510836
    6 0.000000 -0.000001 0.000000 -0.236495 0.000005 0.000001
    7 3.359990 0.000014 -0.000007 -0.472973 0.000000 0.000003
    8 6.719987 0.000030 -0.000015 -0.709498 -0.000002 0.000001
    9 3.500862 -5.725745 -0.640568 0.000000 -1.570795 3.141592
    10 -6.526706 2.988225 -0.996149 0.000000 0.000000 0.000000
    11 4.409998 -0.000001 0.000004 -0.562115 0.337893 0.681869
    12 10.079982 0.000014 0.000025 0.000004 0.000058 -1.589693
    13 0.000001 0.000004 0.000000 0.226069 -0.000001 0.000010
    14 3.359994 0.000032 0.000015 0.452105 -0.000007 0.000004
    15 6.719987 0.000057 0.000028 0.678193 0.000003 0.000003
    16 0.000000 0.000000 0.000000 1.563210 -0.015268 -3.129476
    17 9.388720 -9.186884 -5.973554 2.089921 0.026614 -1.709106
    18 -0.118055 -0.108981 0.513327 -0.000047 -0.086523 0.000009
    19 4.409994 -0.000012 0.000012 0.000000 0.000000 0.000000
    20 -3.422661 1.711283 0.470872 0.018364 -0.593174 -0.075895
    21 1.410028 0.000010 0.000007 0.000006 0.000009 -0.987481
    22 0.993011 -0.000001 0.000006 0.000001 -0.000006 -0.761963
    23 -1.022532 1.571291 -0.406268 0.562009 -1.088038 -0.422346
    24 1.337718 0.000005 0.000002 -3.141591 -1.497669 3.135755
    25 1.180473 -0.000093 -0.000003 2.322271 -1.447922 -2.264049
    26 -0.666712 0.565948 -0.425195 0.276535 -1.168921 -0.243380
    27 1.311736 0.000006 0.000004 -3.109347 -1.501840 3.110658
    28 1.132875 -0.000003 -0.000005 -2.277655 -1.482347 2.251198
    29 -0.835869 -0.375753 -0.250998 -0.232083 -1.169899 0.124274
    30 1.303124 0.000019 0.000004 2.990854 -1.546793 -2.976011
    31 1.094648 -0.000011 -0.000003 -0.062804 -1.544912 0.032862
    32 -1.144743 -1.304737 0.171518 -0.974001 -1.088390 0.663341
    33 1.052849 0.000000 -0.000004 3.124857 -1.425270 3.135795
    34 0.916342 -0.000031 0.000001 3.141553 -1.536954 -3.129942
    35 -5.904400 -18.287500 -8.129680 0.813239 -0.209711 -1.369003
    36 -0.117880 -0.102734 -0.180849 0.000013 0.017066 0.000000
    37 4.409983 -0.000034 0.000004 0.000000 0.000000 0.000000
    38 -3.459356 1.711287 -0.541797 0.125169 -0.669906 3.034105
    39 -1.410028 -0.000005 -0.000014 0.000004 0.000001 -0.911659
    40 -0.993008 0.000010 -0.000011 0.000012 -0.000006 -0.908928
    41 -1.077398 1.571280 0.162236 0.351673 -1.124156 2.999846
    42 -1.337713 0.000003 -0.000002 3.078234 -1.322288 -3.107495
    43 -1.180471 0.000072 0.000002 0.222705 -1.503459 -0.194122
    44 -0.719599 0.565946 0.238754 -0.061928 -1.418387 -3.057526
    45 -1.311414 -0.000009 -0.000267 0.002810 -1.315827 0.001501
    46 -1.132872 0.000005 -0.000066 3.139362 -1.176202 -3.092139
    47 -1.239075 -1.304744 -0.314278 -1.430303 -0.982760 -2.003829
    48 -1.052850 0.000005 -0.000004 2.863323 -1.535755 3.140266
    49 -0.916342 0.000033 0.000003 3.130054 -1.386235 -3.118064
    50 -0.900585 -0.375762 0.090056 -0.779868 -1.244725 -2.521915
    51 -1.303123 -0.000014 0.000008 -0.004240 -1.451229 -0.001012
    52 -1.094650 0.000007 0.000003 -2.577326 -1.476285 2.574417
    53 0.000000 0.000000 0.000000 0.000000 0.000000 0.000000
    54 0.000000 0.000000 0.000000 0.000000 0.000000 -1.570796
    55 0.000000 0.000000 0.000000 0.000000 0.000000 -1.570796
    56 -2.000000 0.000000 0.000000 -1.570796 0.000000 0.174533
    57 -1.500000 0.000002 0.000000 -1.570796 0.000000 0.000000
    58 0.000000 0.500000 0.000000 -1.570796 0.261799 0.000000
    59 -0.000001 0.000000 0.000000 -3.141593 0.174533 0.000000
    60 0.000000 0.000000 -0.000001 -3.141593 0.174533 0.174533
    61 0.000000 0.000000 0.000000 -3.141593 0.349066 -0.174533
    62 0.000000 0.000000 0.000000 -1.570796 0.000000 0.000000
    63 0.000000 0.000000 0.000000 -1.570796 0.000000 0.000000
    64 0.000000 0.000000 0.000000 -1.570796 0.000000 0.000000
    65 0.000000 0.000000 0.000002 -1.570796 0.000000 0.000000
    66 0.000000 0.000000 0.000000 -1.570796 0.000000 0.000000
    67 0.000000 0.000001 0.000000 -1.570796 0.000000 0.000000
    68 0.000000 0.000000 0.000000 -1.570796 0.000000 0.000000
    69 0.000000 0.000000 0.000000 -1.570796 0.000000 0.000000
    70 0.000000 0.000000 0.000000 -1.570796 0.000000 0.000000
    71 0.000000 0.000000 0.000000 -1.570796 0.000000 0.000000
    72 0.000000 0.000000 0.000000 -1.570796 0.000000 0.000000
    73 0.000000 0.000000 0.000000 -1.570796 0.000000 0.000000
    74 -2.000000 0.000000 0.000000 1.570796 0.000000 0.174533
    75 -1.500000 -0.000001 -0.250000 1.570796 0.000000 0.000000
    76 -1.000000 0.250000 0.500000 1.570796 0.000000 0.000000
    77 0.000000 0.000000 0.000000 2.094395 0.000000 -3.141593
    78 0.000000 0.000000 0.000000 2.094395 0.000000 -3.141593
    79 0.000000 -0.200001 -0.200000 1.745329 0.000000 -3.141593
    80 0.000000 -0.000001 -0.000002 1.570796 0.000000 3.141593
    81 0.000000 0.000000 0.000000 1.570796 0.000000 -3.141593
    82 0.000000 0.000000 -0.000002 1.570796 0.000000 -3.141593
    83 0.000000 0.000000 0.000000 1.570796 0.000000 3.141593
    84 -0.000002 0.000000 0.000000 1.570796 0.000000 3.141593
    85 0.000000 0.000000 0.000000 1.570796 0.000000 3.141593
    86 0.000000 0.000000 0.000000 1.570796 0.000000 3.141593
    87 0.000000 0.000000 0.000000 1.570796 0.000000 -3.141593
    88 0.000000 0.000000 0.000000 1.570796 0.000000 -3.141593
    89 0.000000 0.000000 0.000000 1.570796 0.000000 3.141593
    90 0.000000 0.000000 0.000000 1.570796 0.000000 -3.141593
    91 0.000000 0.000000 0.000000 1.570796 0.000000 -3.141593
  time 3
    0 0.000000 0.000000 0.000000 0.000000 0.000000 -0.000007
    1 0.000000 2.709942 -10.591393 0.000000 -1.570796 1.570796
    2 3.500857 9.013945 -0.640573 0.000000 -1.570796 0.000000
    3 -2.289403 -1.496114 0.973094 0.000000 0.000000 0.000000
    4 4.409996 0.000005 -0.000003 0.167332 -0.038473 0.108447
    5 10.079981 -0.000003 -0.000001 -0.000002 -0.000003 -0.472678
    6 0.000000 -0.000001 0.000000 -0.247685 0.000005 0.000001
    7 3.359990 0.000014 -0.000007 -0.495354 0.000000 0.000003
    8 6.719987 0.000030 -0.000015 -0.743108 -0.000002 0.000001
    9 3.500862 -5.725745 -0.640568 0.000000 -1.570795 3.141592
    10 -8.050190 2.917910 -0.996149 0.000000 0.000000 0.000000
    11 4.409998 -0.000001 0.000004 -0.768085 0.418150 0.680956
    12 10.079982 0.000014 0.000025 0.000004 0.000058 -1.853531
    13 0.000001 0.000004 0.000000 0.236927 -0.000001 0.000010
    14 3.359994 0.000032 0.000015 0.473820 -0.000007 0.000004
    15 6.719987 0.000057 0.000028 0.710767 0.000003 0.000003
    16 0.000000 0.000000 0.000000 1.560825 -0.020002 -3.124358
    17 9.388720 -5.307860 -4.493040 2.168447 -0.041671 -1.732034
    18 -0.118055 -0.108981 0.513327 -0.000047 -0.086523 0.000009
    19 4.409994 -0.000012 0.000012 0.000000 0.000000 0.000000
    20 -3.422661 1.711283 0.470872 0.018364 -0.593174 -0.075895
    21 1.410028 0.000010 0.000007 0.000006 0.000009 -0.987481
    22 0.993011 -0.000001 0.000006 0.000001 -0.000006 -0.761963
    23 -1.022532 1.571291 -0.406268 0.562009 -1.088038 -0.422346
    24 1.337718 0.000005 0.000002 -3.141591 -1.497669 3.135755
    25 1.180473 -0.000093 -0.000003 2.322271 -1.447922 -2.264049
    26 -0.666712 0.565948 -0.425195 0.276535 -1.168921 -0.243380
    27 1.311736 0.000006 0.000004 -3.109347 -1.501840 3.110658
    28 1.132875 -0.000003 -0.000005 -2.277655 -1.482347 2.251198
    29 -0.835869 -0.375753 -0.250998 -0.232083 -1.169899 0.124274
    30 1.303124 0.000019 0.000004 2.990854 -1.546793 -2.976011
    31 1.094648 -0.000011 -0.000003 -0.062816 -1.544912 0.032862
    32 -1.144743 -1.304737 0.171518 -0.974001 -1.088390 0.663341
    33 1.052849 0.000000 -0.000004 3.124857 -1.425270 3.135795
    34 0.916342 -0.000031 0.000001 3.141553 -1.536954 -3.129942
    35 -5.115313 -18.287500 -7.805451 0.749400 -0.281144 -1.235269
    36 -0.117880 -0.102734 -0.180849 0.000013 0.017066 0.000000
    37 4.409983 -0.000034 0.000004 0.000000 0.000000 0.000000
    38 -3.459356 1.711287 -0.541797 0.125169 -0.669906 3.034105
    39 -1.410028 -0.000005 -0.000014 0.000004 0.000001 -0.911659
    40 -0.993008 0.000010 -0.000011 0.000012 -0.000006 -0.908928
    41 -1.077398 1.571280 0.162236 0.351673 -1.124156 2.999846
    42 -1.337713 0.000003 -0.000002 3.078234 -1.322288 -3.107495
    43 -1.180471 0.000072 0.000002 0.222693 -1.503459 -0.194122
    44 -0.719599 0.565946 0.238754 -0.061928 -1.418387 -3.057514
    45 -1.311414 -0.000009 -0.000267 0.002810 -1.315827 0.001501
    46 -1.132872 0.000005 -0.000066 3.139362 -1.176202 -3.092139
    47 -1.239075 -1.304744 -0.314278 -1.430303 -0.982760 -2.003829
    48 -1.052850 0.000005 -0.000004 2.863323 -1.535755 3.140266
    49 -0.916342 0.000033 0.000003 3.130054 -1.386235 -3.118064
    50 -0.900585 -0.375762 0.090056 -0.779868 -1.244725 -2.521915
    51 -1.303123 -0.000014 0.000008 -0.004240 -1.451229 -0.001012
    52 -1.094650 0.000007 0.000003 -2.577326 -1.476285 2.574417
    53 0.000000 0.000000 0.000000 0.000000 0.000000 0.000000
    54 0.000000 0.000000 0.000000 0.000000 0.000000 -1.570796
    55 0.000000 0.000000 0.000000 0.000000 0.000000 -1.570796
    56 -2.000000 0.000000 0.000000 -1.570796 0.000000 0.174533
    57 -1.500000 0.000002 0.000000 -1.570796 0.000000 0.000000
    58 0.000000 0.500000 0.000000 -1.570796 0.261799 0.000000
    59 -0.000001 0.000000 0.000000 -3.141593 0.174533 0.000000
    60 0.000000 0.000000 -0.000001 -3.141593 0.174533 0.174533
    61 0.000000 0.000000 0.000000 -3.141593 0.349066 -0.174533
    62 0.000000 0.000000 0.000000 -1.570796 0.000000 0.000000
    63 0.000000 0.000000 0.000000 -1.570796 0.000000 0.000000
    64 0.000000 0.000000 0.000000 -1.570796 0.000000 0.000000
    65 0.000000 0.000000 0.000002 -1.570796 0.000000 0.000000
    66 0.000000 0.000000 0.000000 -1.570796 0.000000 0.000000
    67 0.000000 0.000001 0.000000 -1.570796 0.000000 0.000000
    68 0.000000 0.000000 0.000000 -1.570796 0.000000 0.000000
    69 0.000000 0.000000 0.000000 -1.570796 0.000000 0.000000
    70 0.000000 0.000000 0.000000 -1.570796 0.000000 0.000000
    71 0.000000 0.000000 0.000000 -1.570796 0.000000 0.000000
    72 0.000000 0.000000 0.000000 -1.570796 0.000000 0.000000
    73 0.000000 0.000000 0.000000 -1.570796 0.000000 0.000000
    74 -2.000000 0.000000 0.000000 1.570796 0.000000 0.174533
    75 -1.500000 -0.000001 -0.250000 1.570796 0.000000 0.000000
    76 -1.000000 0.250000 0.500000 1.570796 0.000000 0.000000
    77 0.000000 0.000000 0.000000 2.094395 0.000000 -3.141593
    78 0.000000 0.000000 0.000000 2.094395 0.000000 -3.141593
    79 0.000000 -0.200001 -0.200000 1.745329 0.000000 -3.141593
    80 0.000000 -0.000001 -0.000002 1.570796 0.000000 3.141593
    81 0.000000 0.000000 0.000000 1.570796 0.000000 -3.141593
    82 0.000000 0.000000 -0.000002 1.570796 0.000000 -3.141593
    83 0.000000 0.000000 0.000000 1.570796 0.000000 3.141593
    84 -0.000002 0.000000 0.000000 1.570796 0.000000 3.141593
    85 0.000000 0.000000 0.000000 1.570796 0.000000 3.141593
    86 0.000000 0.000000 0.000000 1.570796 0.000000 3.141593
    87 0.000000 0.000000 0.000000 1.570796 0.000000 -3.141593
    88 0.000000 0.000000 0.000000 1.570796 0.000000 -3.141593
    89 0.000000 0.000000 0.000000 1.570796 0.000000 3.141593
    90 0.000000 0.000000 0.000000 1.570796 0.000000 -3.141593
    91 0.000000 0.000000 0.000000 1.570796 0.000000 -3.141593
  time 4
    0 0.000000 0.000000 0.000000 0.000000 0.000000 -0.000007
    1 0.000000 2.709942 -10.591393 0.000000 -1.570796 1.570796
    2 3.500857 9.013945 -0.640573 0.000000 -1.570796 0.000000
    3 -2.289403 -1.496114 0.973094 0.000000 0.000000 0.000000
    4 4.409996 0.000005 -0.000003 0.166745 -0.034183 0.063200
    5 10.079981 -0.000003 -0.000001 -0.000002 -0.000003 -0.436476
    6 0.000000 -0.000001 0.000000 -0.260949 0.000005 0.000001
    7 3.359990 0.000014 -0.000007 -0.521907 0.000000 0.000003
    8 6.719987 0.000030 -0.000015 -0.782861 -0.000002 0.000001
    9 3.500862 -5.725745 -0.640568 0.000000 -1.570795 3.141592
    10 -8.050190 2.917910 -0.996149 0.000000 0.000000 0.000000
    11 4.409998 -0.000001 0.000004 -0.989033 0.499799 0.656050
    12 10.079982 0.000014 0.000025 0.000004 0.000046 -2.066389
    13 0.000001 0.000004 0.000000 0.325181 -0.000001 0.000010
    14 3.359994 0.000032 0.000015 0.650390 -0.000007 0.000004
    15 6.719987 0.000057 0.000028 0.975599 0.000003 0.000003
    16 0.000000 0.000000 0.000000 1.557937 -0.020386 -3.114279
    17 9.892641 -2.983570 -3.528167 2.500264 -0.223157 -1.762586
    18 -0.118055 -0.108981 0.513327 -0.000047 -0.086523 0.000009
    19 4.409994 -0.000012 0.000012 0.000000 0.000000 0.000000
    20 -3.422661 1.711283 0.470872 0.018364 -0.593174 -0.075895
    21 1.410028 0.000010 0.000007 0.000006 0.000009 -0.987481
    22 0.993011 -0.000001 0.000006 0.000001 -0.000006 -0.761963
    23 -1.022532 1.571291 -0.406268 0.562009 -1.088038 -0.422346
    24 1.337718 0.000005 0.000002 -3.141591 -1.497669 3.135755
    25 1.180473 -0.000093 -0.000003 2.322271 -1.447922 -2.264049
    26 -0.666712 0.565948 -0.425195 0.276535 -1.168921 -0.243380
    27 1.311736 0.000006 0.000004 -3.109347 -1.501840 3.110658
    28 1.132875 -0.000003 -0.000005 -2.277655 -1.482347 2.251198
    29 -0.835869 -0.375753 -0.250998 -0.232083 -1.169899 0.124274
    30 1.303124 0.000019 0.000004 2.990854 -1.546793 -2.976011
    31 1.094648 -0.000011 -0.000003 -0.062804 -1.544912 0.032862
    32 -1.144743 -1.304737 0.171518 -0.974001 -1.088390 0.663341
    33 1.052849 0.000000 -0.000004 3.124857 -1.425270 3.135795
    34 0.916342 -0.000031 0.000001 3.141553 -1.536954 -3.129942
    35 -4.544983 -18.287500 -7.785919 0.662671 -0.288797 -1.083411
    36 -0.117880 -0.102734 -0.180849 0.000013 0.017066 0.000000
    37 4.409983 -0.000034 0.000004 0.000000 0.000000 0.000000
    38 -3.459356 1.711287 -0.541797 0.125169 -0.669906 3.034105
    39 -1.410028 -0.000005 -0.000014 0.000004 0.000001 -0.911659
    40 -0.993008 0.000010 -0.000011 0.000012 -0.000006 -0.908928
    41 -1.077398 1.571280 0.162236 0.351673 -1.124156 2.999846
    42 -1.337713 0.000003 -0.000002 3.078234 -1.322288 -3.107495
    43 -1.180471 0.000072 0.000002 0.222693 -1.503459 -0.194122
    44 -0.719599 0.565946 0.238754 -0.061928 -1.418387 -3.057514
    45 -1.311414 -0.000009 -0.000267 0.002810 -1.315827 0.001501
    46 -1.132872 0.000005 -0.000066 3.139362 -1.176202 -3.092139
    47 -1.239075 -1.304744 -0.314278 -1.430303 -0.982760 -2.003829
    48 -1.052850 0.000005 -0.000004 2.863323 -1.535755 3.140266
    49 -0.916342 0.000033 0.000003 3.130054 -1.386235 -3.118064
    50 -0.900585 -0.375762 0.090056 -0.779868 -1.244725 -2.521915
    51 -1.303123 -0.000014 0.000008 -0.004240 -1.451229 -0.001012
    52 -1.094650 0.000007 0.000003 -2.577326 -1.476285 2.574417
    53 0.000000 0.000000 0.000000 0.000000 0.000000 0.000000
    54 0.000000 0.000000 0.000000 0.000000 0.000000 -1.570796
    55 0.000000 0.000000 0.000000 0.000000 0.000000 -1.570796
    56 -2.000000 0.000000 0.000000 -1.570796 0.000000 0.174533
    57 -1.500000 0.000002 0.000000 -1.570796 0.000000 0.000000
    58 0.000000 0.500000 0.000000 -1.570796 0.261799 0.000000
    59 -0.000001 0.000000 0.000000 -3.141593 0.174533 0.000000
    60 0.000000 0.000000 -0.000001 -3.141593 0.174533 0.174533
    61 0.000000 0.000000 0.000000 -3.141593 0.349066 -0.174533
    62 0.000000 0.000000 0.000000 -1.570796 0.000000 0.000000
    63 0.000000 0.000000 0.000000 -1.570796 0.000000 0.000000
    64 0.000000 0.000000 0.000000 -1.570796 0.000000 0.000000
    65 0.000000 0.000000 0.000002 -1.570796 0.000000 0.000000
    66 0.000000 0.000000 0.000000 -1.570796 0.000000 0.000000
    67 0.000000 0.000001 0.000000 -1.570796 0.000000 0.000000
    68 0.000000 0.000000 0.000000 -1.570796 0.000000 0.000000
    69 0.000000 0.000000 0.000000 -1.570796 0.000000 0.000000
    70 0.000000 0.000000 0.000000 -1.570796 0.000000 0.000000
    71 0.000000 0.000000 0.000000 -1.570796 0.000000 0.000000
    72 0.000000 0.000000 0.000000 -1.570796 0.000000 0.000000
    73 0.000000 0.000000 0.000000 -1.570796 0.000000 0.000000
    74 -2.000000 0.000000 0.000000 1.570796 0.000000 0.174533
    75 -1.500000 -0.000001 -0.250000 1.570796 0.000000 0.000000
    76 -1.000000 0.250000 0.500000 1.570796 0.000000 0.000000
    77 0.000000 0.000000 0.000000 2.094395 0.000000 -3.141593
    78 0.000000 0.000000 0.000000 2.094395 0.000000 -3.141593
    79 0.000000 -0.200001 -0.200000 1.745329 0.000000 -3.141593
    80 0.000000 -0.000001 -0.000002 1.570796 0.000000 3.141593
    81 0.000000 0.000000 0.000000 1.570796 0.000000 -3.141593
    82 0.000000 0.000000 -0.000002 1.570796 0.000000 -3.141593
    83 0.000000 0.000000 0.000000 1.570796 0.000000 3.141593
    84 -0.000002 0.000000 0.000000 1.570796 0.000000 3.141593
    85 0.000000 0.000000 0.000000 1.570796 0.000000 3.141593
    86 0.000000 0.000000 0.000000 1.570796 0.000000 3.141593
    87 0.000000 0.000000 0.000000 1.570796 0.000000 -3.141593
    88 0.000000 0.000000 0.000000 1.570796 0.000000 -3.141593
    89 0.000000 0.000000 0.000000 1.570796 0.000000 3.141593
    90 0.000000 0.000000 0.000000 1.570796 0.000000 -3.141593
    91 0.000000 0.000000 0.000000 1.570796 0.000000 -3.141593
  time 5
    0 0.000000 0.000000 0.000000 0.000000 0.000000 -0.000007
    1 0.000000 2.709942 -10.591393 0.000000 -1.570796 1.570796
    2 3.500857 9.013945 -0.640573 0.000000 -1.570796 0.000000
    3 -2.289403 -1.496114 0.973094 0.000000 0.000000 0.000000
    4 4.409996 0.000005 -0.000003 0.166745 -0.036878 0.086557
    5 10.079981 -0.000003 -0.000001 -0.000002 -0.000003 -0.453493
    6 0.000000 -0.000001 0.000000 -0.276286 0.000005 0.000001
    7 3.359990 0.000014 -0.000007 -0.552581 0.000000 0.000003
    8 6.719987 0.000030 -0.000015 -0.828872 -0.000002 0.000001
    9 3.500862 -5.725745 -0.640568 0.000000 -1.570795 3.141592
    10 -4.776652 2.867127 -0.996149 0.000000 0.000000 0.000000
    11 4.409998 -0.000001 0.000004 -1.070794 0.427648 0.655023
    12 10.079982 0.000014 0.000025 0.000004 0.000046 -2.246379
    13 0.000001 0.000004 0.000000 0.374773 -0.000001 0.000010
    14 3.359994 0.000032 0.000015 0.749561 -0.000007 0.000004
    15 6.719987 0.000057 0.000028 1.124330 0.000003 0.000003
    16 0.000000 0.000000 0.000000 1.557038 -0.016719 -3.106154
    17 9.388720 -3.928911 -2.664859 2.869198 -0.386487 -1.790745
    18 -0.118055 -0.108981 0.513327 -0.000047 -0.086523 0.000009
    19 4.409994 -0.000012 0.000012 0.000000 0.000000 0.000000
    20 -3.422661 1.711283 0.470872 0.018364 -0.593174 -0.075895
    21 1.410028 0.000010 0.000007 0.000006 0.000009 -0.987481
    22 0.993011 -0.000001 0.000006 0.000001 -0.000006 -0.761963
    23 -1.022532 1.571291 -0.406268 0.562009 -1.088038 -0.422346
    24 1.337718 0.000005 0.000002 -3.141591 -1.497669 3.135755
    25 1.180473 -0.000093 -0.000003 2.322271 -1.447922 -2.264049
    26 -0.666712 0.565948 -0.425195 0.276535 -1.168921 -0.243380
    27 1.311736 0.000006 0.000004 -3.109347 -1.501840 3.110658
    28 1.132875 -0.000003 -0.000005 -2.277655 -1.482347 2.251198
    29 -0.835869 -0.375753 -0.250998 -0.232083 -1.169899 0.124274
    30 1.303124 0.000019 0.000004 2.990854 -1.546793 -2.976011
    31 1.094648 -0.000011 -0.000003 -0.062792 -1.544912 0.032862
    32 -1.144743 -1.304737 0.171518 -0.974001 -1.088390 0.663341
    33 1.052849 0.000000 -0.000004 3.124857 -1.425270 3.135795
    34 0.916342 -0.000031 0.000001 3.141553 -1.536954 -3.129942
    35 -4.822335 -18.287500 -7.805451 0.588950 -0.269090 -1.008371
    36 -0.117880 -0.102734 -0.180849 0.000013 0.017066 0.000000
    37 4.409983 -0.000034 0.000004 0.000000 0.000000 0.000000
    38 -3.459356 1.711287 -0.541797 0.125169 -0.669906 3.034105
    39 -1.410028 -0.000005 -0.000014 0.000004 0.000001 -0.911659
    40 -0.993008 0.000010 -0.000011 0.000012 -0.000006 -0.908928
    41 -1.077398 1.571280 0.162236 0.351673 -1.124156 2.999846
    42 -1.337713 0.000003 -0.000002 3.078234 -1.322288 -3.107495
    43 -1.180471 0.000072 0.000002 0.222705 -1.503459 -0.194122
    44 -0.719599 0.565946 0.238754 -0.061928 -1.418387 -3.057514
    45 -1.311414 -0.000009 -0.000267 0.002810 -1.315827 0.001501
    46 -1.132872 0.000005 -0.000066 3.139362 -1.176202 -3.092139
    47 -1.239075 -1.304744 -0.314278 -1.430303 -0.982760 -2.003829
    48 -1.052850 0.000005 -0.000004 2.863323 -1.535755 3.140266
    49 -0.916342 0.000033 0.000003 3.130054 -1.386235 -3.118064
    50 -0.900585 -0.375762 0.090056 -0.779868 -1.244725 -2.521915
    51 -1.303123 -0.000014 0.000008 -0.004240 -1.451229 -0.001012
    52 -1.094650 0.000007 0.000003 -2.577326 -1.476285 2.574417
    53 0.000000 0.000000 0.000000 0.000000 0.000000 0.000000
    54 0.000000 0.000000 0.000000 0.000000 0.000000 -1.570796
    55 0.000000 0.000000 0.000000 0.000000 0.000000 -1.570796
    56 -2.000000 0.000000 0.000000 -1.570796 0.000000 0.174533
    57 -1.500000 0.000002 0.000000 -1.570796 0.000000 0.000000
    58 0.000000 0.500000 0.000000 -1.570796 0.261799 0.000000
    59 -0.000001 0.000000 0.000000 -3.141593 0.174533 0.000000
    60 0.000000 0.000000 -0.000001 -3.141593 0.174533 0.174533
    61 0.000000 0.000000 0.000000 -3.141593 0.349066 -0.174533
    62 0.000000 0.000000 0.000000 -1.570796 0.000000 0.000000
    63 0.000000 0.000000 0.000000 -1.570796 0.000000 0.000000
    64 0.000000 0.000000 0.000000 -1.570796 0.000000 0.000000
    65 0.000000 0.000000 0.000002 -1.570796 0.000000 0.000000
    66 0.000000 0.000000 0.000000 -1.570796 0.000000 0.000000
    67 0.000000 0.000001 0.000000 -1.570796 0.000000 0.000000
    68 0.000000 0.000000 0.000000 -1.570796 0.000000 0.000000
    69 0.000000 0.000000 0.000000 -1.570796 0.000000 0.000000
    70 0.000000 0.000000 0.000000 -1.570796 0.000000 0.000000
    71 0.000000 0.000000 0.000000 -1.570796 0.000000 0.000000
    72 0.000000 0.000000 0.000000 -1.570796 0.000000 0.000000
    73 0.000000 0.000000 0.000000 -1.570796 0.000000 0.000000
    74 -2.000000 0.000000 0.000000 1.570796 0.000000 0.174533
    75 -1.500000 -0.000001 -0.250000 1.570796 0.000000 0.000000
    76 -1.000000 0.250000 0.500000 1.570796 0.000000 0.000000
    77 0.000000 0.000000 0.000000 2.094395 0.000000 -3.141593
    78 0.000000 0.000000 0.000000 2.094395 0.000000 -3.141593
    79 0.000000 -0.200001 -0.200000 1.745329 0.000000 -3.141593
    80 0.000000 -0.000001 -0.000002 1.570796 0.000000 3.141593
    81 0.000000 0.000000 0.000000 1.570796 0.000000 -3.141593
    82 0.000000 0.000000 -0.000002 1.570796 0.000000 -3.141593
    83 0.000000 0.000000 0.000000 1.570796 0.000000 3.141593
    84 -0.000002 0.000000 0.000000 1.570796 0.000000 3.141593
    85 0.000000 0.000000 0.000000 1.570796 0.000000 3.141593
    86 0.000000 0.000000 0.000000 1.570796 0.000000 3.141593
    87 0.000000 0.000000 0.000000 1.570796 0.000000 -3.141593
    88 0.000000 0.000000 0.000000 1.570796 0.000000 -3.141593
    89 0.000000 0.000000 0.000000 1.570796 0.000000 3.141593
    90 0.000000 0.000000 0.000000 1.570796 0.000000 -3.141593
    91 0.000000 0.000000 0.000000 1.570796 0.000000 -3.141593
  time 6
    0 0.000000 0.000000 0.000000 0.000000 0.000000 -0.000007
    1 0.000000 2.709942 -10.591393 0.000000 -1.570796 1.570796
    2 3.500857 9.013945 -0.640573 0.000000 -1.570796 0.000000
    3 -2.289403 -1.496114 0.973094 0.000000 0.000000 0.000000
    4 4.409996 0.000005 -0.000003 0.181052 -0.040284 0.252304
    5 10.079981 -0.000003 -0.000001 -0.000002 -0.000003 -0.529492
    6 0.000000 -0.000001 0.000000 -0.286948 0.000005 0.000001
    7 3.359990 0.000014 -0.000007 -0.573932 0.000000 0.000003
    8 6.719987 0.000030 -0.000015 -0.860898 -0.000002 0.000001
    9 3.500862 -5.725745 -0.640568 0.000000 -1.570795 3.141592
    10 0.446163 2.796813 -0.996149 0.000000 0.000000 0.000000
    11 4.409998 -0.000001 0.000004 -0.681376 0.056051 0.426304
    12 10.079982 0.000014 0.000025 0.000004 0.000058 -1.656894
    13 0.000001 0.000004 0.000000 0.500767 -0.000001 0.000010
    14 3.359994 0.000032 0.000015 1.001535 -0.000007 0.000004
    15 6.719987 0.000057 0.000028 1.502299 0.000003 0.000003
    16 0.000000 0.000000 0.000000 1.568603 -0.003799 -3.124538
    17 5.177654 -13.761243 -1.586701 3.125283 -0.384591 -1.811391
    18 -0.118055 -0.108981 0.513327 -0.000047 -0.086523 0.000009
    19 4.409994 -0.000012 0.000012 0.000000 0.000000 0.000000
    20 -3.422661 1.711283 0.470872 0.018364 -0.593174 -0.075895
    21 1.410028 0.000010 0.000007 0.000006 0.000009 -0.987481
    22 0.993011 -0.000001 0.000006 0.000001 -0.000006 -0.761963
    23 -1.022532 1.571291 -0.406268 0.562009 -1.088038 -0.422346
    24 1.337718 0.000005 0.000002 -3.141591 -1.497669 3.135755
    25 1.180473 -0.000093 -0.000003 2.322271 -1.447922 -2.264049
    26 -0.666712 0.565948 -0.425195 0.276535 -1.168921 -0.243380
    27 1.311736 0.000006 0.000004 -3.109347 -1.501840 3.110658
    28 1.132875 -0.000003 -0.000005 -2.277655 -1.482347 2.251198
    29 -0.835869 -0.375753 -0.250998 -0.232083 -1.169899 0.124274
    30 1.303124 0.000019 0.000004 2.990854 -1.546793 -2.976011
    31 1.094648 -0.000011 -0.000003 -0.062804 -1.544912 0.032862
    32 -1.144743 -1.304737 0.171518 -0.974001 -1.088390 0.663341
    33 1.052849 0.000000 -0.000004 3.124857 -1.425270 3.135795
    34 0.916342 -0.000031 0.000001 3.141553 -1.536954 -3.129942
    35 -7.353663 -18.291407 -7.676541 0.577079 -0.230860 -1.169800
    36 -0.117880 -0.102734 -0.180849 0.000013 0.017066 0.000000
    37 4.409983 -0.000034 0.000004 0.000000 0.000000 0.000000
    38 -3.459356 1.711287 -0.541797 0.125169 -0.669906 3.034105
    39 -1.410028 -0.000005 -0.000014 0.000004 0.000001 -0.911659
    40 -0.993008 0.000010 -0.000011 0.000012 -0.000006 -0.908928
    41 -1.077398 1.571280 0.162236 0.351673 -1.124156 2.999846
    42 -1.337713 0.000003 -0.000002 3.078234 -1.322288 -3.107495
    43 -1.180471 0.000072 0.000002 0.222693 -1.503459 -0.194122
    44 -0.719599 0.565946 0.238754 -0.061928 -1.418387 -3.057514
    45 -1.311414 -0.000009 -0.000267 0.002810 -1.315827 0.001501
    46 -1.132872 0.000005 -0.000066 3.139362 -1.176202 -3.092139
    47 -1.239075 -1.304744 -0.314278 -1.430303 -0.982760 -2.003829
    48 -1.052850 0.000005 -0.000004 2.863323 -1.535755 3.140266
    49 -0.916342 0.000033 0.000003 3.130054 -1.386235 -3.118064
    50 -0.900585 -0.375762 0.090056 -0.779868 -1.244725 -2.521915
    51 -1.303123 -0.000014 0.000008 -0.004240 -1.451229 -0.001012
    52 -1.094650 0.000007 0.000003 -2.577326 -1.476285 2.574417
    53 0.000000 0.000000 0.000000 0.000000 0.000000 0.000000
    54 0.000000 0.000000 0.000000 0.000000 0.000000 -1.570796
    55 0.000000 0.000000 0.000000 0.000000 0.000000 -1.570796
    56 -2.000000 0.000000 0.000000 -1.570796 0.000000 0.174533
    57 -1.500000 0.000002 0.000000 -1.570796 0.000000 0.000000
    58 0.000000 0.500000 0.000000 -1.570796 0.261799 0.000000
    59 -0.000001 0.000000 0.000000 -3.141593 0.174533 0.000000
    60 0.000000 0.000000 -0.000001 -3.141593 0.174533 0.174533
    61 0.000000 0.000000 0.000000 -3.141593 0.349066 -0.174533
    62 0.000000 0.000000 0.000000 -1.570796 0.000000 0.000000
    63 0.000000 0.000000 0.000000 -1.570796 0.000000 0.000000
    64 0.000000 0.000000 0.000000 -1.570796 0.000000 0.000000
    65 0.000000 0.000000 0.000002 -1.570796 0.000000 0.000000
    66 0.000000 0.000000 0.000000 -1.570796 0.000000 0.000000
    67 0.000000 0.000001 0.000000 -1.570796 0.000000 0.000000
    68 0.000000 0.000000 0.000000 -1.570796 0.000000 0.000000
    69 0.000000 0.000000 0.000000 -1.570796 0.000000 0.000000
    70 0.000000 0.000000 0.000000 -1.570796 0.000000 0.000000
    71 0.000000 0.000000 0.000000 -1.570796 0.000000 0.000000
    72 0.000000 0.000000 0.000000 -1.570796 0.000000 0.000000
    73 0.000000 0.000000 0.000000 -1.570796 0.000000 0.000000
    74 -2.000000 0.000000 0.000000 1.570796 0.000000 0.174533
    75 -1.500000 -0.000001 -0.250000 1.570796 0.000000 0.000000
    76 -1.000000 0.250000 0.500000 1.570796 0.000000 0.000000
    77 0.000000 0.000000 0.000000 2.094395 0.000000 -3.141593
    78 0.000000 0.000000 0.000000 2.094395 0.000000 -3.141593
    79 0.000000 -0.200001 -0.200000 1.745329 0.000000 -3.141593
    80 0.000000 -0.000001 -0.000002 1.570796 0.000000 3.141593
    81 0.000000 0.000000 0.000000 1.570796 0.000000 -3.141593
    82 0.000000 0.000000 -0.000002 1.570796 0.000000 -3.141593
    83 0.000000 0.000000 0.000000 1.570796 0.000000 3.141593
    84 -0.000002 0.000000 0.000000 1.570796 0.000000 3.141593
    85 0.000000 0.000000 0.000000 1.570796 0.000000 3.141593
    86 0.000000 0.000000 0.000000 1.570796 0.000000 3.141593
    87 0.000000 0.000000 0.000000 1.570796 0.000000 -3.141593
    88 0.000000 0.000000 0.000000 1.570796 0.000000 -3.141593
    89 0.000000 0.000000 0.000000 1.570796 0.000000 3.141593
    90 0.000000 0.000000 0.000000 1.570796 0.000000 -3.141593
    91 0.000000 0.000000 0.000000 1.570796 0.000000 -3.141593
  time 7
    0 0.000000 0.000000 0.000000 0.000000 0.000000 -0.000007
    1 0.000000 2.709942 -10.591393 0.000000 -1.570796 1.570796
    2 3.500857 9.013945 -0.640573 0.000000 -1.570796 0.000000
    3 -2.289403 -1.496114 0.973094 0.000000 0.000000 0.000000
    4 4.409996 0.000005 -0.000003 0.205851 -0.034334 0.360758
    5 10.079981 -0.000003 -0.000001 -0.000002 -0.000003 -0.467604
    6 0.000000 -0.000001 0.000000 -0.294700 0.000005 0.000001
    7 3.359990 0.000014 -0.000007 -0.589385 0.000000 0.000003
    8 6.719987 0.000030 -0.000015 -0.884116 -0.000002 0.000001
    9 3.500862 -5.725745 -0.640568 0.000000 -1.570795 3.141592
    10 3.719701 2.749936 -0.996149 0.000000 0.000000 0.000000
    11 4.409998 -0.000001 0.000004 -0.442876 -0.301249 -0.296115
    12 10.079982 0.000014 0.000025 0.000004 0.000022 -0.156485
    13 0.000001 0.000004 0.000000 0.542665 -0.000001 0.000010
    14 3.359994 0.000032 0.000015 1.085317 -0.000007 0.000004
    15 6.719987 0.000057 0.000028 1.628032 0.000003 0.000003
    16 0.000000 0.000000 0.000000 1.596095 0.020002 -3.177618
    17 1.318161 -22.816207 -0.828866 3.277926 -0.352289 -1.813228
    18 -0.118055 -0.108981 0.513327 -0.000047 -0.086523 0.000009
    19 4.409994 -0.000012 0.000012 0.000000 0.000000 0.000000
    20 -3.422661 1.711283 0.470872 0.018364 -0.593174 -0.075895
    21 1.410028 0.000010 0.000007 0.000006 0.000009 -0.987481
    22 0.993011 -0.000001 0.000006 0.000001 -0.000006 -0.761963
    23 -1.022532 1.571291 -0.406268 0.562009 -1.088038 -0.422346
    24 1.337718 0.000005 0.000002 -3.141591 -1.497669 3.135755
    25 1.180473 -0.000093 -0.000003 2.322271 -1.447922 -2.264049
    26 -0.666712 0.565948 -0.425195 0.276535 -1.168921 -0.243380
    27 1.311736 0.000006 0.000004 -3.109347 -1.501840 3.110658
    28 1.132875 -0.000003 -0.000005 -2.277655 -1.482347 2.251198
    29 -0.835869 -0.375753 -0.250998 -0.232083 -1.169899 0.124274
    30 1.303124 0.000019 0.000004 2.990854 -1.546793 -2.976011
    31 1.094648 -0.000011 -0.000003 -0.062804 -1.544912 0.032862
    32 -1.144743 -1.304737 0.171518 -0.974001 -1.088390 0.663341
    33 1.052849 0.000000 -0.000004 3.124857 -1.425270 3.135795
    34 0.916342 -0.000031 0.000001 3.141553 -1.536954 -3.129942
    35 -10.103747 -18.287500 -7.571069 0.580015 -0.185827 -1.379844
    36 -0.117880 -0.102734 -0.180849 0.000013 0.017066 0.000000
    37 4.409983 -0.000034 0.000004 0.000000 0.000000 0.000000
    38 -3.459356 1.711287 -0.541797 0.125169 -0.669906 3.034105
    39 -1.410028 -0.000005 -0.000014 0.000004 0.000001 -0.911659
    40 -0.993008 0.000010 -0.000011 0.000012 -0.000006 -0.908928
    41 -1.077398 1.571280 0.162236 0.351673 -1.124156 2.999846
    42 -1.337713 0.000003 -0.000002 3.078234 -1.322288 -3.107495
    43 -1.180471 0.000072 0.000002 0.222705 -1.503459 -0.194122
    44 -0.719599 0.565946 0.238754 -0.061928 -1.418387 -3.057526
    45 -1.311414 -0.000009 -0.000267 0.002810 -1.315827 0.001501
    46 -1.132872 0.000005 -0.000066 3.139362 -1.176202 -3.092139
    47 -1.239075 -1.304744 -0.314278 -1.430303 -0.982760 -2.003829
    48 -1.052850 0.000005 -0.000004 2.863323 -1.535755 3.140266
    49 -0.916342 0.000033 0.000003 3.130054 -1.386235 -3.118064
    50 -0.900585 -0.375762 0.090056 -0.779868 -1.244725 -2.521915
    51 -1.303123 -0.000014 0.000008 -0.004240 -1.451229 -0.001012
    52 -1.094650 0.000007 0.000003 -2.577326 -1.476285 2.574417
    53 0.000000 0.000000 0.000000 0.000000 0.000000 0.000000
    54 0.000000 0.000000 0.000000 0.000000 0.000000 -1.570796
    55 0.000000 0.000000 0.000000 0.000000 0.000000 -1.570796
    56 -2.000000 0.000000 0.000000 -1.570796 0.000000 0.174533
    57 -1.500000 0.000002 0.000000 -1.570796 0.000000 0.000000
    58 0.000000 0.500000 0.000000 -1.570796 0.261799 0.000000
    59 -0.000001 0.000000 0.000000 -3.141593 0.174533 0.000000
    60 0.000000 0.000000 -0.000001 -3.141593 0.174533 0.174533
    61 0.000000 0.000000 0.000000 -3.141593 0.349066 -0.174533
    62 0.000000 0.000000 0.000000 -1.570796 0.000000 0.000000
    63 0.000000 0.000000 0.000000 -1.570796 0.000000 0.000000
    64 0.000000 0.000000 0.000000 -1.570796 0.000000 0.000000
    65 0.000000 0.000000 0.000002 -1.570796 0.000000 0.000000
    66 0.000000 0.000000 0.000000 -1.570796 0.000000 0.000000
    67 0.000000 0.000001 0.000000 -1.570796 0.000000 0.000000
    68 0.000000 0.000000 0.000000 -1.570796 0.000000 0.000000
    69 0.000000 0.000000 0.000000 -1.570796 0.000000 0.000000
    70 0.000000 0.000000 0.000000 -1.570796 0.000000 0.000000
    71 0.000000 0.000000 0.000000 -1.570796 0.000000 0.000000
    72 0.000000 0.000000 0.000000 -1.570796 0.000000 0.000000
    73 0.000000 0.000000 0.000000 -1.570796 0.000000 0.000000
    74 -2.000000 0.000000 0.000000 1.570796 0.000000 0.174533
    75 -1.500000 -0.000001 -0.250000 1.570796 0.000000 0.000000
    76 -1.000000 0.250000 0.500000 1.570796 0.000000 0.000000
    77 0.000000 0.000000 0.000000 2.094395 0.000000 -3.141593
    78 0.000000 0.000000 0.000000 2.094395 0.000000 -3.141593
    79 0.000000 -0.200001 -0.200000 1.745329 0.000000 -3.141593
    80 0.000000 -0.000001 -0.000002 1.570796 0.000000 3.141593
    81 0.000000 0.000000 0.000000 1.570796 0.000000 -3.141593
    82 0.000000 0.000000 -0.000002 1.570796 0.000000 -3.141593
    83 0.000000 0.000000 0.000000 1.570796 0.000000 3.141593
    84 -0.000002 0.000000 0.000000 1.570796 0.000000 3.141593
    85 0.000000 0.000000 0.000000 1.570796 0.000000 3.141593
    86 0.000000 0.000000 0.000000 1.570796 0.000000 3.141593
    87 0.000000 0.000000 0.000000 1.570796 0.000000 -3.141593
    88 0.000000 0.000000 0.000000 1.570796 0.000000 -3.141593
    89 0.000000 0.000000 0.000000 1.570796 0.000000 3.141593
    90 0.000000 0.000000 0.000000 1.570796 0.000000 -3.141593
    91 0.000000 0.000000 0.000000 1.570796 0.000000 -3.141593
  time 8
    0 0.000000 0.000000 0.000000 0.000000 0.000000 -0.000007
    1 0.000000 2.709942 -10.591393 0.000000 -1.570796 1.570796
    2 3.500857 9.013945 -0.640573 0.000000 -1.570796 0.000000
    3 -2.289403 -1.496114 0.973094 0.000000 0.000000 0.000000
    4 4.409996 0.000005 -0.000003 0.211721 -0.034442 0.388044
    5 10.079981 -0.000003 -0.000001 -0.000002 -0.000003 -0.426910
    6 0.000000 -0.000001 0.000000 -0.303959 0.000005 0.000001
    7 3.359990 0.000014 -0.000007 -0.607954 0.000000 0.000003
    8 6.719987 0.000030 -0.000015 -0.911892 -0.000002 0.000001
    9 3.500862 -5.725745 -0.640568 0.000000 -1.570795 3.141592
    10 3.719701 2.749936 -0.996149 0.000000 0.000000 0.000000
    11 4.409998 -0.000001 0.000004 -0.478272 -0.240446 -0.165536
    12 10.079982 0.000014 0.000025 0.000004 0.000034 -0.453994
    13 0.000001 0.000004 0.000000 0.551378 -0.000001 0.000010
    14 3.359994 0.000032 0.000015 1.102758 -0.000007 0.000004
    15 6.719987 0.000057 0.000028 1.654107 0.000003 0.000003
    16 0.000000 0.000000 0.000000 1.601572 0.032994 -3.203253
    17 1.357225 -22.312285 -0.867929 3.281744 -0.385940 -1.781619
    18 -0.118055 -0.108981 0.513327 -0.000047 -0.086523 0.000009
    19 4.409994 -0.000012 0.000012 0.000000 0.000000 0.000000
    20 -3.422661 1.711283 0.470872 0.018364 -0.593174 -0.075895
    21 1.410028 0.000010 0.000007 0.000006 0.000009 -0.987481
    22 0.993011 -0.000001 0.000006 0.000001 -0.000006 -0.761963
    23 -1.022532 1.571291 -0.406268 0.562009 -1.088038 -0.422346
    24 1.337718 0.000005 0.000002 -3.141591 -1.497669 3.135755
    25 1.180473 -0.000093 -0.000003 2.322271 -1.447922 -2.264049
    26 -0.666712 0.565948 -0.425195 0.276535 -1.168921 -0.243380
    27 1.311736 0.000006 0.000004 -3.109347 -1.501840 3.110658
    28 1.132875 -0.000003 -0.000005 -2.277655 -1.482347 2.251198
    29 -0.835869 -0.375753 -0.250998 -0.232083 -1.169899 0.124274
    30 1.303124 0.000019 0.000004 2.990854 -1.546793 -2.976011
    31 1.094648 -0.000011 -0.000003 -0.062804 -1.544912 0.032862
    32 -1.144743 -1.304737 0.171518 -0.974001 -1.088390 0.663341
    33 1.052849 0.000000 -0.000004 3.124857 -1.425270 3.135795
    34 0.916342 -0.000031 0.000001 3.141553 -1.536954 -3.129942
    35 -11.041275 -18.236718 -7.629664 0.556399 -0.150813 -1.472246
    36 -0.117880 -0.102734 -0.180849 0.000013 0.017066 0.000000
    37 4.409983 -0.000034 0.000004 0.000000 0.000000 0.000000
    38 -3.459356 1.711287 -0.541797 0.125169 -0.669906 3.034105
    39 -1.410028 -0.000005 -0.000014 0.000004 0.000001 -0.911659
    40 -0.993008 0.000010 -0.000011 0.000012 -0.000006 -0.908928
    41 -1.077398 1.571280 0.162236 0.351673 -1.124156 2.999846
    42 -1.337713 0.000003 -0.000002 3.078234 -1.322288 -3.107495
    43 -1.180471 0.000072 0.000002 0.222693 -1.503459 -0.194134
    44 -0.719599 0.565946 0.238754 -0.061928 -1.418387 -3.057514
    45 -1.311414 -0.000009 -0.000267 0.002810 -1.315827 0.001501
    46 -1.132872 0.000005 -0.000066 3.139362 -1.176202 -3.092139
    47 -1.239075 -1.304744 -0.314278 -1.430303 -0.982760 -2.003829
    48 -1.052850 0.000005 -0.000004 2.863323 -1.535755 3.140266
    49 -0.916342 0.000033 0.000003 3.130054 -1.386235 -3.118064
    50 -0.900585 -0.375762 0.090056 -0.779868 -1.244725 -2.521915
    51 -1.303123 -0.000014 0.000008 -0.004240 -1.451229 -0.001012
    52 -1.094650 0.000007 0.000003 -2.577326 -1.476285 2.574417
    53 0.000000 0.000000 0.000000 0.000000 0.000000 0.000000
    54 0.000000 0.000000 0.000000 0.000000 0.000000 -1.570796
    55 0.000000 0.000000 0.000000 0.000000 0.000000 -1.570796
    56 -2.000000 0.000000 0.000000 -1.570796 0.000000 0.174533
    57 -1.500000 0.000002 0.000000 -1.570796 0.000000 0.000000
    58 0.000000 0.500000 0.000000 -1.570796 0.261799 0.000000
    59 -0.000001 0.000000 0.000000 -3.141593 0.174533 0.000000
    60 0.000000 0.000000 -0.000001 -3.141593 0.174533 0.174533
    61 0.000000 0.000000 0.000000 -3.141593 0.349066 -0.174533
    62 0.000000 0.000000 0.000000 -1.570796 0.000000 0.000000
    63 0.000000 0.000000 0.000000 -1.570796 0.000000 0.000000
    64 0.000000 0.000000 0.000000 -1.570796 0.000000 0.000000
    65 0.000000 0.000000 0.000002 -1.570796 0.000000 0.000000
    66 0.000000 0.000000 0.000000 -1.570796 0.000000 0.000000
    67 0.000000 0.000001 0.000000 -1.570796 0.000000 0.000000
    68 0.000000 0.000000 0.000000 -1.570796 0.000000 0.000000
    69 0.000000 0.000000 0.000000 -1.570796 0.000000 0.000000
    70 0.000000 0.000000 0.000000 -1.570796 0.000000 0.000000
    71 0.000000 0.000000 0.000000 -1.570796 0.000000 0.000000
    72 0.000000 0.000000 0.000000 -1.570796 0.000000 0.000000
    73 0.000000 0.000000 0.000000 -1.570796 0.000000 0.000000
    74 -2.000000 0.000000 0.000000 1.570796 0.000000 0.174533
    75 -1.500000 -0.000001 -0.250000 1.570796 0.000000 0.000000
    76 -1.000000 0.250000 0.500000 1.570796 0.000000 0.000000
    77 0.000000 0.000000 0.000000 2.094395 0.000000 -3.141593
    78 0.000000 0.000000 0.000000 2.094395 0.000000 -3.141593
    79 0.000000 -0.200001 -0.200000 1.745329 0.000000 -3.141593
    80 0.000000 -0.000001 -0.000002 1.570796 0.000000 3.141593
    81 0.000000 0.000000 0.000000 1.570796 0.000000 -3.141593
    82 0.000000 0.000000 -0.000002 1.570796 0.000000 -3.141593
    83 0.000000 0.000000 0.000000 1.570796 0.000000 3.141593
    84 -0.000002 0.000000 0.000000 1.570796 0.000000 3.141593
    85 0.000000 0.000000 0.000000 1.570796 0.000000 3.141593
    86 0.000000 0.000000 0.000000 1.570796 0.000000 3.141593
    87 0.000000 0.000000 0.000000 1.570796 0.000000 -3.141593
    88 0.000000 0.000000 0.000000 1.570796 0.000000 -3.141593
    89 0.000000 0.000000 0.000000 1.570796 0.000000 3.141593
    90 0.000000 0.000000 0.000000 1.570796 0.000000 -3.141593
    91 0.000000 0.000000 0.000000 1.570796 0.000000 -3.141593
  time 9
    0 0.000000 0.000000 0.000000 0.000000 0.000000 -0.000007
    1 0.000000 2.709942 -10.591393 0.000000 -1.570796 1.570796
    2 3.500857 9.013945 -0.640573 0.000000 -1.570796 0.000000
    3 -2.289403 -1.496114 0.973094 0.000000 0.000000 0.000000
    4 4.409996 0.000005 -0.000003 0.202990 -0.044617 0.405918
    5 10.079981 -0.000003 -0.000001 -0.000002 -0.000003 -0.461949
    6 0.000000 -0.000001 0.000000 -0.311982 0.000005 0.000001
    7 3.359990 0.000014 -0.000007 -0.623974 0.000000 0.000003
    8 6.719987 0.000030 -0.000015 -0.935922 -0.000002 0.000001
    9 3.500862 -5.725745 -0.640568 0.000000 -1.570795 3.141592
    10 3.575165 2.761655 -0.996149 0.000000 0.000000 0.000000
    11 4.409998 -0.000001 0.000004 -0.490451 -0.213033 -0.116780
    12 10.079982 0.000014 0.000025 0.000004 0.000046 -0.575911
    13 0.000001 0.000004 0.000000 0.559264 -0.000001 0.000010
    14 3.359994 0.000032 0.000015 1.118507 -0.000007 0.000004
    15 6.719987 0.000057 0.000028 1.677818 0.000003 0.000003
    16 0.000000 0.000000 0.000000 1.590631 0.037428 -3.207711
    17 1.361131 -21.823989 -0.949963 3.297056 -0.409382 -1.783900
    18 -0.118055 -0.108981 0.513327 -0.000047 -0.086523 0.000009
    19 4.409994 -0.000012 0.000012 0.000000 0.000000 0.000000
    20 -3.422661 1.711283 0.470872 0.018364 -0.593174 -0.075895
    21 1.410028 0.000010 0.000007 0.000006 0.000009 -0.987481
    22 0.993011 -0.000001 0.000006 0.000001 -0.000006 -0.761963
    23 -1.022532 1.571291 -0.406268 0.562009 -1.088038 -0.422346
    24 1.337718 0.000005 0.000002 -3.141591 -1.497669 3.135755
    25 1.180473 -0.000093 -0.000003 2.322271 -1.447922 -2.264049
    26 -0.666712 0.565948 -0.425195 0.276535 -1.168921 -0.243380
    27 1.311736 0.000006 0.000004 -3.109347 -1.501840 3.110658
    28 1.132875 -0.000003 -0.000005 -2.277655 -1.482347 2.251198
    29 -0.835869 -0.375753 -0.250998 -0.232083 -1.169899 0.124274
    30 1.303124 0.000019 0.000004 2.990854 -1.546793 -2.976011
    31 1.094648 -0.000011 -0.000003 -0.062804 -1.544912 0.032862
    32 -1.144743 -1.304737 0.171518 -0.974001 -1.088390 0.663341
    33 1.052849 0.000000 -0.000004 3.124857 -1.425270 3.135795
    34 0.916342 -0.000031 0.000001 3.141553 -1.536954 -3.129942
    35 -11.029556 -18.166403 -7.797638 0.524448 -0.120051 -1.511799
    36 -0.117880 -0.102734 -0.180849 0.000013 0.017066 0.000000
    37 4.409983 -0.000034 0.000004 0.000000 0.000000 0.000000
    38 -3.459356 1.711287 -0.541797 0.125169 -0.669906 3.034105
    39 -1.410028 -0.000005 -0.000014 0.000004 0.000001 -0.911659
    40 -0.993008 0.000010 -0.000011 0.000012 -0.000006 -0.908928
    41 -1.077398 1.571280 0.162236 0.351673 -1.124156 2.999846
    42 -1.337713 0.000003 -0.000002 3.078234 -1.322288 -3.107495
    43 -1.180471 0.000072 0.000002 0.222705 -1.503459 -0.194122
    44 -0.719599 0.565946 0.238754 -0.061928 -1.418387 -3.057514
    45 -1.311414 -0.000009 -0.000267 0.002810 -1.315827 0.001501
    46 -1.132872 0.000005 -0.000066 3.139362 -1.176202 -3.092139
    47 -1.239075 -1.304744 -0.314278 -1.430303 -0.982760 -2.003829
    48 -1.052850 0.000005 -0.000004 2.863323 -1.535755 3.140266
    49 -0.916342 0.000033 0.000003 3.130054 -1.386235 -3.118064
    50 -0.900585 -0.375762 0.090056 -0.779868 -1.244725 -2.521915
    51 -1.303123 -0.000014 0.000008 -0.004240 -1.451229 -0.001012
    52 -1.094650 0.000007 0.000003 -2.577326 -1.476285 2.574417
    53 0.000000 0.000000 0.000000 0.000000 0.000000 0.000000
    54 0.000000 0.000000 0.000000 0.000000 0.000000 -1.570796
    55 0.000000 0.000000 0.000000 0.000000 0.000000 -1.570796
    56 -2.000000 0.000000 0.000000 -1.570796 0.000000 0.174533
    57 -1.500000 0.000002 0.000000 -1.570796 0.000000 0.000000
    58 0.000000 0.500000 0.000000 -1.570796 0.261799 0.000000
    59 -0.000001 0.000000 0.000000 -3.141593 0.174533 0.000000
    60 0.000000 0.000000 -0.000001 -3.141593 0.174533 0.174533
    61 0.000000 0.000000 0.000000 -3.141593 0.349066 -0.174533
    62 0.000000 0.000000 0.000000 -1.570796 0.000000 0.000000
    63 0.000000 0.000000 0.000000 -1.570796 0.000000 0.000000
    64 0.000000 0.000000 0.000000 -1.570796 0.000000 0.000000
    65 0.000000 0.000000 0.000002 -1.570796 0.000000 0.000000
    66 0.000000 0.000000 0.000000 -1.570796 0.000000 0.000000
    67 0.000000 0.000001 0.000000 -1.570796 0.000000 0.000000
    68 0.000000 0.000000 0.000000 -1.570796 0.000000 0.000000
    69 0.000000 0.000000 0.000000 -1.570796 0.000000 0.000000
    70 0.000000 0.000000 0.000000 -1.570796 0.000000 0.000000
    71 0.000000 0.000000 0.000000 -1.570796 0.000000 0.000000
    72 0.000000 0.000000 0.000000 -1.570796 0.000000 0.000000
    73 0.000000 0.000000 0.000000 -1.570796 0.000000 0.000000
    74 -2.000000 0.000000 0.000000 1.570796 0.000000 0.174533
    75 -1.500000 -0.000001 -0.250000 1.570796 0.000000 0.000000
    76 -1.000000 0.250000 0.500000 1.570796 0.000000 0.000000
    77 0.000000 0.000000 0.000000 2.094395 0.000000 -3.141593
    78 0.000000 0.000000 0.000000 2.094395 0.000000 -3.141593
    79 0.000000 -0.200001 -0.200000 1.745329 0.000000 -3.141593
    80 0.000000 -0.000001 -0.000002 1.570796 0.000000 3.141593
    81 0.000000 0.000000 0.000000 1.570796 0.000000 -3.141593
    82 0.000000 0.000000 -0.000002 1.570796 0.000000 -3.141593
    83 0.000000 0.000000 0.000000 1.570796 0.000000 3.141593
    84 -0.000002 0.000000 0.000000 1.570796 0.000000 3.141593
    85 0.000000 0.000000 0.000000 1.570796 0.000000 3.141593
    86 0.000000 0.000000 0.000000 1.570796 0.000000 3.141593
    87 0.000000 0.000000 0.000000 1.570796 0.000000 -3.141593
    88 0.000000 0.000000 0.000000 1.570796 0.000000 -3.141593
    89 0.000000 0.000000 0.000000 1.570796 0.000000 3.141593
    90 0.000000 0.000000 0.000000 1.570796 0.000000 -3.141593
    91 0.000000 0.000000 0.000000 1.570796 0.000000 -3.141593
  time 10
    0 0.000000 0.000000 0.000000 0.000000 0.000000 -0.000007
    1 0.000000 2.709942 -10.591393 0.000000 -1.570796 1.570796
    2 3.500857 9.013945 -0.640573 0.000000 -1.570796 0.000000
    3 -2.289403 -1.496114 0.973094 0.000000 0.000000 0.000000
    4 4.409996 0.000005 -0.000003 0.192498 -0.054598 0.418180
    5 10.079981 -0.000003 -0.000001 -0.000002 -0.000003 -0.496091
    6 0.000000 -0.000001 0.000000 -0.316051 0.000005 0.000001
    7 3.359990 0.000014 -0.000007 -0.632112 0.000000 0.000003
    8 6.719987 0.000030 -0.000015 -0.948130 -0.000002 0.000001
    9 3.500862 -5.725745 -0.640568 0.000000 -1.570795 3.141592
    10 3.239217 2.781187 -0.996149 0.000000 0.000000 0.000000
    11 4.409998 -0.000001 0.000004 -0.499048 -0.189878 -0.084970
    12 10.079982 0.000014 0.000025 0.000004 0.000046 -0.643348
    13 0.000001 0.000004 0.000000 0.564717 -0.000001 0.000010
    14 3.359994 0.000032 0.000015 1.129412 -0.000007 0.000004
    15 6.719987 0.000057 0.000028 1.694176 0.000003 0.000003
    16 0.000000 0.000000 0.000000 1.580276 0.040352 -3.209712
    17 1.462697 -21.347412 -1.129656 3.326892 -0.422835 -1.823356
    18 -0.118055 -0.108981 0.513327 -0.000047 -0.086523 0.000009
    19 4.409994 -0.000012 0.000012 0.000000 0.000000 0.000000
    20 -3.422661 1.711283 0.470872 0.018364 -0.593174 -0.075895
    21 1.410028 0.000010 0.000007 0.000006 0.000009 -0.987481
    22 0.993011 -0.000001 0.000006 0.000001 -0.000006 -0.761963
    23 -1.022532 1.571291 -0.406268 0.562009 -1.088038 -0.422346
    24 1.337718 0.000005 0.000002 -3.141591 -1.497669 3.135755
    25 1.180473 -0.000093 -0.000003 2.322271 -1.447922 -2.264049
    26 -0.666712 0.565948 -0.425195 0.276535 -1.168921 -0.243380
    27 1.311736 0.000006 0.000004 -3.109347 -1.501840 3.110658
    28 1.132875 -0.000003 -0.000005 -2.277655 -1.482347 2.251198
    29 -0.835869 -0.375753 -0.250998 -0.232083 -1.169899 0.124274
    30 1.303124 0.000019 0.000004 2.990854 -1.546793 -2.976011
    31 1.094648 -0.000011 -0.000003 -0.062804 -1.544912 0.032862
    32 -1.144743 -1.304737 0.171518 -0.974001 -1.088390 0.663341
    33 1.052849 0.000000 -0.000004 3.124857 -1.425270 3.135795
    34 0.916342 -0.000031 0.000001 3.141553 -1.536954 -3.129942
    35 -10.920178 -18.111714 -7.965612 0.504368 -0.092284 -1.541273
    36 -0.117880 -0.102734 -0.180849 0.000013 0.017066 0.000000
    37 4.409983 -0.000034 0.000004 0.000000 0.000000 0.000000
    38 -3.459356 1.711287 -0.541797 0.125169 -0.669906 3.034105
    39 -1.410028 -0.000005 -0.000014 0.000004 0.000001 -0.911659
    40 -0.993008 0.000010 -0.000011 0.000012 -0.000006 -0.908928
    41 -1.077398 1.571280 0.162236 0.351673 -1.124156 2.999846
    42 -1.337713 0.000003 -0.000002 3.078234 -1.322288 -3.107495
    43 -1.180471 0.000072 0.000002 0.222693 -1.503459 -0.194122
    44 -0.719599 0.565946 0.238754 -0.061928 -1.418387 -3.057514
    45 -1.311414 -0.000009 -0.000267 0.002810 -1.315827 0.001501
    46 -1.132872 0.000005 -0.000066 3.139362 -1.176202 -3.092139
    47 -1.239075 -1.304744 -0.314278 -1.430303 -0.982760 -2.003829
    48 -1.052850 0.000005 -0.000004 2.863323 -1.535755 3.140266
    49 -0.916342 0.000033 0.000003 3.130054 -1.386235 -3.118064
    50 -0.900585 -0.375762 0.090056 -0.779868 -1.244725 -2.521915
    51 -1.303123 -0.000014 0.000008 -0.004240 -1.451229 -0.001012
    52 -1.094650 0.000007 0.000003 -2.577326 -1.476285 2.574417
    53 0.000000 0.000000 0.000000 0.000000 0.000000 0.000000
    54 0.000000 0.000000 0.000000 0.000000 0.000000 -1.570796
    55 0.000000 0.000000 0.000000 0.000000 0.000000 -1.570796
    56 -2.000000 0.000000 0.000000 -1.570796 0.000000 0.174533
    57 -1.500000 0.000002 0.000000 -1.570796 0.000000 0.000000
    58 0.000000 0.500000 0.000000 -1.570796 0.261799 0.000000
    59 -0.000001 0.000000 0.000000 -3.141593 0.174533 0.000000
    60 0.000000 0.000000 -0.000001 -3.141593 0.174533 0.174533
    61 0.000000 0.000000 0.000000 -3.141593 0.349066 -0.174533
    62 0.000000 0.000000 0.000000 -1.570796 0.000000 0.000000
    63 0.000000 0.000000 0.000000 -1.570796 0.000000 0.000000
    64 0.000000 0.000000 0.000000 -1.570796 0.000000 0.000000
    65 0.000000 0.000000 0.000002 -1.570796 0.000000 0.000000
    66 0.000000 0.000000 0.000000 -1.570796 0.000000 0.000000
    67 0.000000 0.000001 0.000000 -1.570796 0.000000 0.000000
    68 0.000000 0.000000 0.000000 -1.570796 0.000000 0.000000
    69 0.000000 0.000000 0.000000 -1.570796 0.000000 0.000000
    70 0.000000 0.000000 0.000000 -1.570796 0.000000 0.000000
    71 0.000000 0.000000 0.000000 -1.570796 0.000000 0.000000
    72 0.000000 0.000000 0.000000 -1.570796 0.000000 0.000000
    73 0.000000 0.000000 0.000000 -1.570796 0.000000 0.000000
    74 -2.000000 0.000000 0.000000 1.570796 0.000000 0.174533
    75 -1.500000 -0.000001 -0.250000 1.570796 0.000000 0.000000
    76 -1.000000 0.250000 0.500000 1.570796 0.000000 0.000000
    77 0.000000 0.000000 0.000000 2.094395 0.000000 -3.141593
    78 0.000000 0.000000 0.000000 2.094395 0.000000 -3.141593
    79 0.000000 -0.200001 -0.200000 1.745329 0.000000 -3.141593
    80 0.000000 -0.000001 -0.000002 1.570796 0.000000 3.141593
    81 0.000000 0.000000 0.000000 1.570796 0.000000 -3.141593
    82 0.000000 0.000000 -0.000002 1.570796 0.000000 -3.141593
    83 0.000000 0.000000 0.000000 1.570796 0.000000 3.141593
    84 -0.000002 0.000000 0.000000 1.570796 0.000000 3.141593
    85 0.000000 0.000000 0.000000 1.570796 0.000000 3.141593
    86 0.000000 0.000000 0.000000 1.570796 0.000000 3.141593
    87 0.000000 0.000000 0.000000 1.570796 0.000000 -3.141593
    88 0.000000 0.000000 0.000000 1.570796 0.000000 -3.141593
    89 0.000000 0.000000 0.000000 1.570796 0.000000 3.141593
    90 0.000000 0.000000 0.000000 1.570796 0.000000 -3.141593
    91 0.000000 0.000000 0.000000 1.570796 0.000000 -3.141593
  time 11
    0 0.000000 0.000000 0.000000 0.000000 0.000000 -0.000007
    1 0.000000 2.709942 -10.591393 0.000000 -1.570796 1.570796
    2 3.500857 9.013945 -0.640573 0.000000 -1.570796 0.000000
    3 -2.289403 -1.496114 0.973094 0.000000 0.000000 0.000000
    4 4.409996 0.000005 -0.000003 0.183620 -0.062294 0.425433
    5 10.079981 -0.000003 -0.000001 -0.000002 -0.000003 -0.506714
    6 0.000000 -0.000001 0.000000 -0.314184 0.000005 0.000001
    7 3.359990 0.000014 -0.000007 -0.628378 0.000000 0.000003
    8 6.719987 0.000030 -0.000015 -0.942567 -0.000002 0.000001
    9 3.500862 -5.725745 -0.640568 0.000000 -1.570795 3.141592
    10 2.754827 2.820251 -0.996149 0.000000 0.000000 0.000000
    11 4.409998 -0.000001 0.000004 -0.509369 -0.157880 -0.041520
    12 10.079982 0.000014 0.000025 0.000004 0.000046 -0.702699
    13 0.000001 0.000004 0.000000 0.565760 -0.000001 0.000010
    14 3.359994 0.000032 0.000015 1.131502 -0.000007 0.000004
    15 6.719987 0.000057 0.000028 1.697282 0.000003 0.000003
    16 0.000000 0.000000 0.000000 1.576189 0.043252 -3.214171
    17 1.833802 -20.874741 -1.469510 3.354130 -0.425205 -1.881622
    18 -0.118055 -0.108981 0.513327 -0.000047 -0.086523 0.000009
    19 4.409994 -0.000012 0.000012 0.000000 0.000000 0.000000
    20 -3.422661 1.711283 0.470872 0.018364 -0.593174 -0.075895
    21 1.410028 0.000010 0.000007 0.000006 0.000009 -0.987481
    22 0.993011 -0.000001 0.000006 0.000001 -0.000006 -0.761963
    23 -1.022532 1.571291 -0.406268 0.562009 -1.088038 -0.422346
    24 1.337718 0.000005 0.000002 -3.141591 -1.497669 3.135755
    25 1.180473 -0.000093 -0.000003 2.322271 -1.447922 -2.264049
    26 -0.666712 0.565948 -0.425195 0.276535 -1.168921 -0.243380
    27 1.311736 0.000006 0.000004 -3.109347 -1.501840 3.110658
    28 1.132875 -0.000003 -0.000005 -2.277655 -1.482347 2.251198
    29 -0.835869 -0.375753 -0.250998 -0.232083 -1.169899 0.124274
    30 1.303124 0.000019 0.000004 2.990854 -1.546793 -2.976011
    31 1.094648 -0.000011 -0.000003 -0.062804 -1.544912 0.032862
    32 -1.144743 -1.304737 0.171518 -0.974001 -1.088390 0.663341
    33 1.052849 0.000000 -0.000004 3.124857 -1.425270 3.135795
    34 0.916342 -0.000031 0.000001 3.141553 -1.536954 -3.129942
    35 -10.947522 -18.084369 -8.133586 0.507115 -0.066625 -1.570069
    36 -0.117880 -0.102734 -0.180849 0.000013 0.017066 0.000000
    37 4.409983 -0.000034 0.000004 0.000000 0.000000 0.000000
    38 -3.459356 1.711287 -0.541797 0.125169 -0.669906 3.034105
    39 -1.410028 -0.000005 -0.000014 0.000004 0.000001 -0.911659
    40 -0.993008 0.000010 -0.000011 0.000012 -0.000006 -0.908928
    41 -1.077398 1.571280 0.162236 0.351673 -1.124156 2.999846
    42 -1.337713 0.000003 -0.000002 3.078234 -1.322288 -3.107495
    43 -1.180471 0.000072 0.000002 0.222693 -1.503459 -0.194122
    44 -0.719599 0.565946 0.238754 -0.061928 -1.418387 -3.057514
    45 -1.311414 -0.000009 -0.000267 0.002810 -1.315827 0.001501
    46 -1.132872 0.000005 -0.000066 3.139362 -1.176202 -3.092139
    47 -1.239075 -1.304744 -0.314278 -1.430303 -0.982760 -2.003829
    48 -1.052850 0.000005 -0.000004 2.863323 -1.535755 3.140266
    49 -0.916342 0.000033 0.000003 3.130054 -1.386235 -3.118064
    50 -0.900585 -0.375762 0.090056 -0.779868 -1.244725 -2.521915
    51 -1.303123 -0.000014 0.000008 -0.004240 -1.451229 -0.001012
    52 -1.094650 0.000007 0.000003 -2.577326 -1.476285 2.574417
    53 0.000000 0.000000 0.000000 0.000000 0.000000 0.000000
    54 0.000000 0.000000 0.000000 0.000000 0.000000 -1.570796
    55 0.000000 0.000000 0.000000 0.000000 0.000000 -1.570796
    56 -2.000000 0.000000 0.000000 -1.570796 0.000000 0.174533
    57 -1.500000 0.000002 0.000000 -1.570796 0.000000 0.000000
    58 0.000000 0.500000 0.000000 -1.570796 0.261799 0.000000
    59 -0.000001 0.000000 0.000000 -3.141593 0.174533 0.000000
    60 0.000000 0.000000 -0.000001 -3.141593 0.174533 0.174533
    61 0.000000 0.000000 0.000000 -3.141593 0.349066 -0.174533
    62 0.000000 0.000000 0.000000 -1.570796 0.000000 0.000000
    63 0.000000 0.000000 0.000000 -1.570796 0.000000 0.000000
    64 0.000000 0.000000 0.000000 -1.570796 0.000000 0.000000
    65 0.000000 0.000000 0.000002 -1.570796 0.000000 0.000000
    66 0.000000 0.000000 0.000000 -1.570796 0.000000 0.000000
    67 0.000000 0.000001 0.000000 -1.570796 0.000000 0.000000
    68 0.000000 0.000000 0.000000 -1.570796 0.000000 0.000000
    69 0.000000 0.000000 0.000000 -1.570796 0.000000 0.000000
    70 0.000000 0.000000 0.000000 -1.570796 0.000000 0.000000
    71 0.000000 0.000000 0.000000 -1.570796 0.000000 0.000000
    72 0.000000 0.000000 0.000000 -1.570796 0.000000 0.000000
    73 0.000000 0.000000 0.000000 -1.570796 0.000000 0.000000
    74 -2.000000 0.000000 0.000000 1.570796 0.000000 0.174533
    75 -1.500000 -0.000001 -0.250000 1.570796 0.000000 0.000000
    76 -1.000000 0.250000 0.500000 1.570796 0.000000 0.000000
    77 0.000000 0.000000 0.000000 2.094395 0.000000 -3.141593
    78 0.000000 0.000000 0.000000 2.094395 0.000000 -3.141593
    79 0.000000 -0.200001 -0.200000 1.745329 0.000000 -3.141593
    80 0.000000 -0.000001 -0.000002 1.570796 0.000000 3.141593
    81 0.000000 0.000000 0.000000 1.570796 0.000000 -3.141593
    82 0.000000 0.000000 -0.000002 1.570796 0.000000 -3.141593
    83 0.000000 0.000000 0.000000 1.570796 0.000000 3.141593
    84 -0.000002 0.000000 0.000000 1.570796 0.000000 3.141593
    85 0.000000 0.000000 0.000000 1.570796 0.000000 3.141593
    86 0.000000 0.000000 0.000000 1.570796 0.000000 3.141593
    87 0.000000 0.000000 0.000000 1.570796 0.000000 -3.141593
    88 0.000000 0.000000 0.000000 1.570796 0.000000 -3.141593
    89 0.000000 0.000000 0.000000 1.570796 0.000000 3.141593
    90 0.000000 0.000000 0.000000 1.570796 0.000000 -3.141593
    91 0.000000 0.000000 0.000000 1.570796 0.000000 -3.141593
  time 12
    0 0.000000 0.000000 0.000000 0.000000 0.000000 -0.000007
    1 0.000000 2.709942 -10.591393 0.000000 -1.570796 1.570796
    2 3.500857 9.013945 -0.640573 0.000000 -1.570796 0.000000
    3 -2.289403 -1.496114 0.973094 0.000000 0.000000 0.000000
    4 4.409996 0.000005 -0.000003 0.171661 -0.071154 0.425865
    5 10.079981 -0.000003 -0.000001 -0.000002 -0.000003 -0.519081
    6 0.000000 -0.000001 0.000000 -0.307101 0.000005 0.000001
    7 3.359990 0.000014 -0.000007 -0.614187 0.000000 0.000003
    8 6.719987 0.000030 -0.000015 -0.921319 -0.000002 0.000001
    9 3.500862 -5.725745 -0.640568 0.000000 -1.570795 3.141592
    10 2.149340 2.867127 -0.996149 0.000000 0.000000 0.000000
    11 4.409998 -0.000001 0.000004 -0.518324 -0.119086 0.008920
    12 10.079982 0.000014 0.000025 0.000004 0.000046 -0.751645
    13 0.000001 0.000004 0.000000 0.561062 -0.000001 0.000010
    14 3.359994 0.000032 0.000015 1.122117 -0.000007 0.000004
    15 6.719987 0.000057 0.000028 1.683204 0.000003 0.000003
    16 0.000000 0.000000 0.000000 1.572845 0.043252 -3.213835
    17 2.419757 -20.437228 -1.953900 3.361766 -0.415398 -1.940500
    18 -0.118055 -0.108981 0.513327 -0.000047 -0.086523 0.000009
    19 4.409994 -0.000012 0.000012 0.000000 0.000000 0.000000
    20 -3.422661 1.711283 0.470872 0.018364 -0.593174 -0.075895
    21 1.410028 0.000010 0.000007 0.000006 0.000009 -0.987481
    22 0.993011 -0.000001 0.000006 0.000001 -0.000006 -0.761963
    23 -1.022532 1.571291 -0.406268 0.562009 -1.088038 -0.422346
    24 1.337718 0.000005 0.000002 -3.141591 -1.497669 3.135755
    25 1.180473 -0.000093 -0.000003 2.322271 -1.447922 -2.264049
    26 -0.666712 0.565948 -0.425195 0.276535 -1.168921 -0.243380
    27 1.311736 0.000006 0.000004 -3.109347 -1.501840 3.110658
    28 1.132875 -0.000003 -0.000005 -2.277655 -1.482347 2.251198
    29 -0.835869 -0.375753 -0.250998 -0.232083 -1.169899 0.124274
    30 1.303124 0.000019 0.000004 2.990854 -1.546793 -2.976011
    31 1.094648 -0.000011 -0.000003 -0.062804 -1.544912 0.032862
    32 -1.144743 -1.304737 0.171518 -0.974001 -1.088390 0.663341
    33 1.052849 0.000000 -0.000004 3.124857 -1.425270 3.135795
    34 0.916342 -0.000031 0.000001 3.141553 -1.536954 -3.129942
    35 -10.826425 -18.072650 -8.348436 0.527448 -0.043295 -1.582774
    36 -0.117880 -0.102734 -0.180849 0.000013 0.017066 0.000000
    37 4.409983 -0.000034 0.000004 0.000000 0.000000 0.000000
    38 -3.459356 1.711287 -0.541797 0.125169 -0.669906 3.034105
    39 -1.410028 -0.000005 -0.000014 0.000004 0.000001 -0.911659
    40 -0.993008 0.000010 -0.000011 0.000012 -0.000006 -0.908928
    41 -1.077398 1.571280 0.162236 0.351673 -1.124156 2.999846
    42 -1.337713 0.000003 -0.000002 3.078234 -1.322288 -3.107495
    43 -1.180471 0.000072 0.000002 0.222693 -1.503459 -0.194122
    44 -0.719599 0.565946 0.238754 -0.061928 -1.418387 -3.057514
    45 -1.311414 -0.000009 -0.000267 0.002810 -1.315827 0.001501
    46 -1.132872 0.000005 -0.000066 3.139362 -1.176202 -3.092139
    47 -1.239075 -1.304744 -0.314278 -1.430303 -0.982760 -2.003829
    48 -1.052850 0.000005 -0.000004 2.863323 -1.535755 3.140266
    49 -0.916342 0.000033 0.000003 3.130054 -1.386235 -3.118064
    50 -0.900585 -0.375762 0.090056 -0.779868 -1.244725 -2.521915
    51 -1.303123 -0.000014 0.000008 -0.004240 -1.451229 -0.001012
    52 -1.094650 0.000007 0.000003 -2.577326 -1.476285 2.574417
    53 0.000000 0.000000 0.000000 0.000000 0.000000 0.000000
    54 0.000000 0.000000 0.000000 0.000000 0.000000 -1.570796
    55 0.000000 0.000000 0.000000 0.000000 0.000000 -1.570796
    56 -2.000000 0.000000 0.000000 -1.570796 0.000000 0.174533
    57 -1.500000 0.000002 0.000000 -1.570796 0.000000 0.000000
    58 0.000000 0.500000 0.000000 -1.570796 0.261799 0.000000
    59 -0.000001 0.000000 0.000000 -3.141593 0.174533 0.000000
    60 0.000000 0.000000 -0.000001 -3.141593 0.174533 0.174533
    61 0.000000 0.000000 0.000000 -3.141593 0.349066 -0.174533
    62 0.000000 0.000000 0.000000 -1.570796 0.000000 0.000000
    63 0.000000 0.000000 0.000000 -1.570796 0.000000 0.000000
    64 0.000000 0.000000 0.000000 -1.570796 0.000000 0.000000
    65 0.000000 0.000000 0.000002 -1.570796 0.000000 0.000000
    66 0.000000 0.000000 0.000000 -1.570796 0.000000 0.000000
    67 0.000000 0.000001 0.000000 -1.570796 0.000000 0.000000
    68 0.000000 0.000000 0.000000 -1.570796 0.000000 0.000000
    69 0.000000 0.000000 0.000000 -1.570796 0.000000 0.000000
    70 0.000000 0.000000 0.000000 -1.570796 0.000000 0.000000
    71 0.000000 0.000000 0.000000 -1.570796 0.000000 0.000000
    72 0.000000 0.000000 0.000000 -1.570796 0.000000 0.000000
    73 0.000000 0.000000 0.000000 -1.570796 0.000000 0.000000
    74 -2.000000 0.000000 0.000000 1.570796 0.000000 0.174533
    75 -1.500000 -0.000001 -0.250000 1.570796 0.000000 0.000000
    76 -1.000000 0.250000 0.500000 1.570796 0.000000 0.000000
    77 0.000000 0.000000 0.000000 2.094395 0.000000 -3.141593
    78 0.000000 0.000000 0.000000 2.094395 0.000000 -3.141593
    79 0.000000 -0.200001 -0.200000 1.745329 0.000000 -3.141593
    80 0.000000 -0.000001 -0.000002 1.570796 0.000000 3.141593
    81 0.000000 0.000000 0.000000 1.570796 0.000000 -3.141593
    82 0.000000 0.000000 -0.000002 1.570796 0.000000 -3.141593
    83 0.000000 0.000000 0.000000 1.570796 0.000000 3.141593
    84 -0.000002 0.000000 0.000000 1.570796 0.000000 3.141593
    85 0.000000 0.000000 0.000000 1.570796 0.000000 3.141593
    86 0.000000 0.000000 0.000000 1.570796 0.000000 3.141593
    87 0.000000 0.000000 0.000000 1.570796 0.000000 -3.141593
    88 0.000000 0.000000 0.000000 1.570796 0.000000 -3.141593
    89 0.000000 0.000000 0.000000 1.570796 0.000000 3.141593
    90 0.000000 0.000000 0.000000 1.570796 0.000000 -3.141593
    91 0.000000 0.000000 0.000000 1.570796 0.000000 -3.141593
  time 13
    0 0.000000 0.000000 0.000000 0.000000 0.000000 -0.000007
    1 0.000000 2.709942 -10.591393 0.000000 -1.570796 1.570796
    2 3.500857 9.013945 -0.640573 0.000000 -1.570796 0.000000
    3 -2.289403 -1.496114 0.973094 0.000000 0.000000 0.000000
    4 4.409996 0.000005 -0.000003 0.158234 -0.080316 0.420209
    5 10.079981 -0.000003 -0.000001 -0.000002 -0.000003 -0.531183
    6 0.000000 -0.000001 0.000000 -0.296374 0.000005 0.000001
    7 3.359990 0.000014 -0.000007 -0.592759 0.000000 0.000003
    8 6.719987 0.000030 -0.000015 -0.889177 -0.000002 0.000001
    9 3.500862 -5.725745 -0.640568 0.000000 -1.570795 3.141592
    10 1.473538 2.917910 -0.996149 0.000000 0.000000 0.000000
    11 4.409998 -0.000001 0.000004 -0.522309 -0.075314 0.061214
    12 10.079982 0.000014 0.000025 0.000004 0.000046 -0.787823
    13 0.000001 0.000004 0.000000 0.549077 -0.000001 0.000010
    14 3.359994 0.000032 0.000015 1.098141 -0.000007 0.000004
    15 6.719987 0.000057 0.000028 1.647268 0.000003 0.000003
    16 0.000000 0.000000 0.000000 1.570221 0.040867 -3.209665
    17 3.150248 -20.015340 -2.563294 3.333032 -0.392247 -1.982015
    18 -0.118055 -0.108981 0.513327 -0.000047 -0.086523 0.000009
    19 4.409994 -0.000012 0.000012 0.000000 0.000000 0.000000
    20 -3.422661 1.711283 0.470872 0.018364 -0.593174 -0.075895
    21 1.410028 0.000010 0.000007 0.000006 0.000009 -0.987481
    22 0.993011 -0.000001 0.000006 0.000001 -0.000006 -0.761963
    23 -1.022532 1.571291 -0.406268 0.562009 -1.088038 -0.422346
    24 1.337718 0.000005 0.000002 -3.141591 -1.497669 3.135755
    25 1.180473 -0.000093 -0.000003 2.322271 -1.447922 -2.264049
    26 -0.666712 0.565948 -0.425195 0.276535 -1.168921 -0.243380
    27 1.311736 0.000006 0.000004 -3.109347 -1.501840 3.110658
    28 1.132875 -0.000003 -0.000005 -2.277655 -1.482347 2.251198
    29 -0.835869 -0.375753 -0.250998 -0.232083 -1.169899 0.124274
    30 1.303124 0.000019 0.000004 2.990854 -1.546793 -2.976011
    31 1.094648 -0.000011 -0.000003 -0.062804 -1.544912 0.032862
    32 -1.144743 -1.304737 0.171518 -0.974001 -1.088390 0.663341
    33 1.052849 0.000000 -0.000004 3.124857 -1.425270 3.135795
    34 0.916342 -0.000031 0.000001 3.141553 -1.536954 -3.129942
    35 -10.592043 -18.080463 -8.559380 0.561040 -0.022811 -1.583705
    36 -0.117880 -0.102734 -0.180849 0.000013 0.017066 0.000000
    37 4.409983 -0.000034 0.000004 0.000000 0.000000 0.000000
    38 -3.459356 1.711287 -0.541797 0.125169 -0.669906 3.034105
    39 -1.410028 -0.000005 -0.000014 0.000004 0.000001 -0.911659
    40 -0.993008 0.000010 -0.000011 0.000012 -0.000006 -0.908928
    41 -1.077398 1.571280 0.162236 0.351673 -1.124156 2.999846
    42 -1.337713 0.000003 -0.000002 3.078234 -1.322288 -3.107495
    43 -1.180471 0.000072 0.000002 0.222705 -1.503459 -0.194122
    44 -0.719599 0.565946 0.238754 -0.061928 -1.418387 -3.057514
    45 -1.311414 -0.000009 -0.000267 0.002810 -1.315827 0.001501
    46 -1.132872 0.000005 -0.000066 3.139362 -1.176202 -3.092139
    47 -1.239075 -1.304744 -0.314278 -1.430303 -0.982760 -2.003829
    48 -1.052850 0.000005 -0.000004 2.863323 -1.535755 3.140266
    49 -0.916342 0.000033 0.000003 3.130054 -1.386235 -3.118064
    50 -0.900585 -0.375762 0.090056 -0.779868 -1.244725 -2.521915
    51 -1.303123 -0.000014 0.000008 -0.004240 -1.451229 -0.001012
    52 -1.094650 0.000007 0.000003 -2.577326 -1.476285 2.574417
    53 0.000000 0.000000 0.000000 0.000000 0.000000 0.000000
    54 0.000000 0.000000 0.000000 0.000000 0.000000 -1.570796
    55 0.000000 0.000000 0.000000 0.000000 0.000000 -1.570796
    56 -2.000000 0.000000 0.000000 -1.570796 0.000000 0.174533
    57 -1.500000 0.000002 0.000000 -1.570796 0.000000 0.000000
    58 0.000000 0.500000 0.000000 -1.570796 0.261799 0.000000
    59 -0.000001 0.000000 0.000000 -3.141593 0.174533 0.000000
    60 0.000000 0.000000 -0.000001 -3.141593 0.174533 0.174533
    61 0.000000 0.000000 0.000000 -3.141593 0.349066 -0.174533
    62 0.000000 0.000000 0.000000 -1.570796 0.000000 0.000000
    63 0.000000 0.000000 0.000000 -1.570796 0.000000 0.000000
    64 0.000000 0.000000 0.000000 -1.570796 0.000000 0.000000
    65 0.000000 0.000000 0.000002 -1.570796 0.000000 0.000000
    66 0.000000 0.000000 0.000000 -1.570796 0.000000 0.000000
    67 0.000000 0.000001 0.000000 -1.570796 0.000000 0.000000
    68 0.000000 0.000000 0.000000 -1.570796 0.000000 0.000000
    69 0.000000 0.000000 0.000000 -1.570796 0.000000 0.000000
    70 0.000000 0.000000 0.000000 -1.570796 0.000000 0.000000
    71 0.000000 0.000000 0.000000 -1.570796 0.000000 0.000000
    72 0.000000 0.000000 0.000000 -1.570796 0.000000 0.000000
    73 0.000000 0.000000 0.000000 -1.570796 0.000000 0.000000
    74 -2.000000 0.000000 0.000000 1.570796 0.000000 0.174533
    75 -1.500000 -0.000001 -0.250000 1.570796 0.000000 0.000000
    76 -1.000000 0.250000 0.500000 1.570796 0.000000 0.000000
    77 0.000000 0.000000 0.000000 2.094395 0.000000 -3.141593
    78 0.000000 0.000000 0.000000 2.094395 0.000000 -3.141593
    79 0.000000 -0.200001 -0.200000 1.745329 0.000000 -3.141593
    80 0.000000 -0.000001 -0.000002 1.570796 0.000000 3.141593
    81 0.000000 0.000000 0.000000 1.570796 0.000000 -3.141593
    82 0.000000 0.000000 -0.000002 1.570796 0.000000 -3.141593
    83 0.000000 0.000000 0.000000 1.570796 0.000000 3.141593
    84 -0.000002 0.000000 0.000000 1.570796 0.000000 3.141593
    85 0.000000 0.000000 0.000000 1.570796 0.000000 3.141593
    86 0.000000 0.000000 0.000000 1.570796 0.000000 3.141593
    87 0.000000 0.000000 0.000000 1.570796 0.000000 -3.141593
    88 0.000000 0.000000 0.000000 1.570796 0.000000 -3.141593
    89 0.000000 0.000000 0.000000 1.570796 0.000000 3.141593
    90 0.000000 0.000000 0.000000 1.570796 0.000000 -3.141593
    91 0.000000 0.000000 0.000000 1.570796 0.000000 -3.141593
  time 14
    0 0.000000 0.000000 0.000000 0.000000 0.000000 -0.000007
    1 0.000000 2.709942 -10.591393 0.000000 -1.570796 1.570796
    2 3.500857 9.013945 -0.640573 0.000000 -1.570796 0.000000
    3 -2.289403 -1.496114 0.973094 0.000000 0.000000 0.000000
    4 4.409996 0.000005 -0.000003 0.145174 -0.089025 0.409502
    5 10.079981 -0.000003 -0.000001 -0.000002 -0.000003 -0.541066
    6 0.000000 -0.000001 0.000000 -0.283459 0.000005 0.000001
    7 3.359990 0.000014 -0.000007 -0.566901 0.000000 0.000003
    8 6.719987 0.000030 -0.000015 -0.850390 -0.000002 0.000001
    9 3.500862 -5.725745 -0.640568 0.000000 -1.570795 3.141592
    10 0.762579 2.968693 -0.996149 0.000000 0.000000 0.000000
    11 4.409998 -0.000001 0.000004 -0.517876 -0.028709 0.111026
    12 10.079982 0.000014 0.000025 0.000004 0.000046 -0.810334
    13 0.000001 0.000004 0.000000 0.527181 -0.000001 0.000010
    14 3.359994 0.000032 0.000015 1.054369 -0.000007 0.000004
    15 6.719987 0.000057 0.000028 1.581609 0.000003 0.000003
    16 0.000000 0.000000 0.000000 1.568111 0.036661 -3.202534
    17 3.947147 -19.632516 -3.309410 3.250767 -0.354623 -1.987747
    18 -0.118055 -0.108981 0.513327 -0.000047 -0.086523 0.000009
    19 4.409994 -0.000012 0.000012 0.000000 0.000000 0.000000
    20 -3.422661 1.711283 0.470872 0.018364 -0.593174 -0.075895
    21 1.410028 0.000010 0.000007 0.000006 0.000009 -0.987481
    22 0.993011 -0.000001 0.000006 0.000001 -0.000006 -0.761963
    23 -1.022532 1.571291 -0.406268 0.562009 -1.088038 -0.422346
    24 1.337718 0.000005 0.000002 -3.141591 -1.497669 3.135755
    25 1.180473 -0.000093 -0.000003 2.322271 -1.447922 -2.264049
    26 -0.666712 0.565948 -0.425195 0.276535 -1.168921 -0.243380
    27 1.311736 0.000006 0.000004 -3.109347 -1.501840 3.110658
    28 1.132875 -0.000003 -0.000005 -2.277655 -1.482347 2.251198
    29 -0.835869 -0.375753 -0.250998 -0.232083 -1.169899 0.124274
    30 1.303124 0.000019 0.000004 2.990854 -1.546793 -2.976011
    31 1.094648 -0.000011 -0.000003 -0.062804 -1.544912 0.032862
    32 -1.144743 -1.304737 0.171518 -0.974001 -1.088390 0.663341
    33 1.052849 0.000000 -0.000004 3.124857 -1.425270 3.135795
    34 0.916342 -0.000031 0.000001 3.141553 -1.536954 -3.129942
    35 -10.279533 -18.096088 -8.782043 0.603631 -0.005767 -1.577099
    36 -0.117880 -0.102734 -0.180849 0.000013 0.017066 0.000000
    37 4.409983 -0.000034 0.000004 0.000000 0.000000 0.000000
    38 -3.459356 1.711287 -0.541797 0.125169 -0.669906 3.034105
    39 -1.410028 -0.000005 -0.000014 0.000004 0.000001 -0.911659
    40 -0.993008 0.000010 -0.000011 0.000012 -0.000006 -0.908928
    41 -1.077398 1.571280 0.162236 0.351673 -1.124156 2.999846
    42 -1.337713 0.000003 -0.000002 3.078234 -1.322288 -3.107495
    43 -1.180471 0.000072 0.000002 0.222693 -1.503459 -0.194122
    44 -0.719599 0.565946 0.238754 -0.061928 -1.418387 -3.057526
    45 -1.311414 -0.000009 -0.000267 0.002810 -1.315827 0.001501
    46 -1.132872 0.000005 -0.000066 3.139362 -1.176202 -3.092139
    47 -1.239075 -1.304744 -0.314278 -1.430303 -0.982760 -2.003829
    48 -1.052850 0.000005 -0.000004 2.863323 -1.535755 3.140266
    49 -0.916342 0.000033 0.000003 3.130054 -1.386235 -3.118064
    50 -0.900585 -0.375762 0.090056 -0.779868 -1.244725 -2.521915
    51 -1.303123 -0.000014 0.000008 -0.004240 -1.451229 -0.001012
    52 -1.094650 0.000007 0.000003 -2.577326 -1.476285 2.574417
    53 0.000000 0.000000 0.000000 0.000000 0.000000 0.000000
    54 0.000000 0.000000 0.000000 0.000000 0.000000 -1.570796
    55 0.000000 0.000000 0.000000 0.000000 0.000000 -1.570796
    56 -2.000000 0.000000 0.000000 -1.570796 0.000000 0.174533
    57 -1.500000 0.000002 0.000000 -1.570796 0.000000 0.000000
    58 0.000000 0.500000 0.000000 -1.570796 0.261799 0.000000
    59 -0.000001 0.000000 0.000000 -3.141593 0.174533 0.000000
    60 0.000000 0.000000 -0.000001 -3.141593 0.174533 0.174533
    61 0.000000 0.000000 0.000000 -3.141593 0.349066 -0.174533
    62 0.000000 0.000000 0.000000 -1.570796 0.000000 0.000000
    63 0.000000 0.000000 0.000000 -1.570796 0.000000 0.000000
    64 0.000000 0.000000 0.000000 -1.570796 0.000000 0.000000
    65 0.000000 0.000000 0.000002 -1.570796 0.000000 0.000000
    66 0.000000 0.000000 0.000000 -1.570796 0.000000 0.000000
    67 0.000000 0.000001 0.000000 -1.570796 0.000000 0.000000
    68 0.000000 0.000000 0.000000 -1.570796 0.000000 0.000000
    69 0.000000 0.000000 0.000000 -1.570796 0.000000 0.000000
    70 0.000000 0.000000 0.000000 -1.570796 0.000000 0.000000
    71 0.000000 0.000000 0.000000 -1.570796 0.000000 0.000000
    72 0.000000 0.000000 0.000000 -1.570796 0.000000 0.000000
    73 0.000000 0.000000 0.000000 -1.570796 0.000000 0.000000
    74 -2.000000 0.000000 0.000000 1.570796 0.000000 0.174533
    75 -1.500000 -0.000001 -0.250000 1.570796 0.000000 0.000000
    76 -1.000000 0.250000 0.500000 1.570796 0.000000 0.000000
    77 0.000000 0.000000 0.000000 2.094395 0.000000 -3.141593
    78 0.000000 0.000000 0.000000 2.094395 0.000000 -3.141593
    79 0.000000 -0.200001 -0.200000 1.745329 0.000000 -3.141593
    80 0.000000 -0.000001 -0.000002 1.570796 0.000000 3.141593
    81 0.000000 0.000000 0.000000 1.570796 0.000000 -3.141593
    82 0.000000 0.000000 -0.000002 1.570796 0.000000 -3.141593
    83 0.000000 0.000000 0.000000 1.570796 0.000000 3.141593
    84 -0.000002 0.000000 0.000000 1.570796 0.000000 3.141593
    85 0.000000 0.000000 0.000000 1.570796 0.000000 3.141593
    86 0.000000 0.000000 0.000000 1.570796 0.000000 3.141593
    87 0.000000 0.000000 0.000000 1.570796 0.000000 -3.141593
    88 0.000000 0.000000 0.000000 1.570796 0.000000 -3.141593
    89 0.000000 0.000000 0.000000 1.570796 0.000000 3.141593
    90 0.000000 0.000000 0.000000 1.570796 0.000000 -3.141593
    91 0.000000 0.000000 0.000000 1.570796 0.000000 -3.141593
  time 15
    0 0.000000 0.000000 0.000000 0.000000 0.000000 -0.000007
    1 0.000000 2.709942 -10.591393 0.000000 -1.570796 1.570796
    2 3.500857 9.013945 -0.640573 0.000000 -1.570796 0.000000
    3 -2.289403 -1.496114 0.973094 0.000000 0.000000 0.000000
    4 4.409996 0.000005 -0.000003 0.134022 -0.096506 0.395082
    5 10.079981 -0.000003 -0.000001 -0.000002 -0.000003 -0.548095
    6 0.000000 -0.000001 0.000000 -0.269706 0.000005 0.000001
    7 3.359990 0.000014 -0.000007 -0.539395 0.000000 0.000003
    8 6.719987 0.000030 -0.000015 -0.809130 -0.000002 0.000001
    9 3.500862 -5.725745 -0.640568 0.000000 -1.570795 3.141592
    10 0.043807 3.023382 -0.996149 0.000000 0.000000 0.000000
    11 4.409998 -0.000001 0.000004 -0.498488 0.029752 0.171651
    12 10.079982 0.000014 0.000025 0.000004 0.000046 -0.836533
    13 0.000001 0.000004 0.000000 0.486554 -0.000001 0.000010
    14 3.359994 0.000032 0.000015 0.973076 -0.000007 0.000004
    15 6.719987 0.000057 0.000028 1.459666 0.000003 0.000003
    16 0.000000 0.000000 0.000000 1.566565 0.031112 -3.193234
    17 4.923740 -19.284849 -4.344598 3.084977 -0.290567 -1.948403
    18 -0.118055 -0.108981 0.513327 -0.000047 -0.086523 0.000009
    19 4.409994 -0.000012 0.000012 0.000000 0.000000 0.000000
    20 -3.422661 1.711283 0.470872 0.018364 -0.593174 -0.075895
    21 1.410028 0.000010 0.000007 0.000006 0.000009 -0.987481
    22 0.993011 -0.000001 0.000006 0.000001 -0.000006 -0.761963
    23 -1.022532 1.571291 -0.406268 0.562009 -1.088038 -0.422346
    24 1.337718 0.000005 0.000002 -3.141591 -1.497669 3.135755
    25 1.180473 -0.000093 -0.000003 2.322271 -1.447922 -2.264049
    26 -0.666712 0.565948 -0.425195 0.276535 -1.168921 -0.243380
    27 1.311736 0.000006 0.000004 -3.109347 -1.501840 3.110658
    28 1.132875 -0.000003 -0.000005 -2.277655 -1.482347 2.251198
    29 -0.835869 -0.375753 -0.250998 -0.232083 -1.169899 0.124274
    30 1.303124 0.000019 0.000004 2.990854 -1.546793 -2.976011
    31 1.094648 -0.000011 -0.000003 -0.062804 -1.544912 0.032862
    32 -1.144743 -1.304737 0.171518 -0.974001 -1.088390 0.663341
    33 1.052849 0.000000 -0.000004 3.124857 -1.425270 3.135795
    34 0.916342 -0.000031 0.000001 3.141553 -1.536954 -3.129942
    35 -9.931866 -18.115620 -8.957830 0.650958 0.007655 -1.567613
    36 -0.117880 -0.102734 -0.180849 0.000013 0.017066 0.000000
    37 4.409983 -0.000034 0.000004 0.000000 0.000000 0.000000
    38 -3.459356 1.711287 -0.541797 0.125169 -0.669906 3.034105
    39 -1.410028 -0.000005 -0.000014 0.000004 0.000001 -0.911659
    40 -0.993008 0.000010 -0.000011 0.000012 -0.000006 -0.908928
    41 -1.077398 1.571280 0.162236 0.351673 -1.124156 2.999846
    42 -1.337713 0.000003 -0.000002 3.078234 -1.322288 -3.107495
    43 -1.180471 0.000072 0.000002 0.222693 -1.503459 -0.194122
    44 -0.719599 0.565946 0.238754 -0.061928 -1.418387 -3.057514
    45 -1.311414 -0.000009 -0.000267 0.002810 -1.315827 0.001501
    46 -1.132872 0.000005 -0.000066 3.139362 -1.176202 -3.092139
    47 -1.239075 -1.304744 -0.314278 -1.430303 -0.982760 -2.003829
    48 -1.052850 0.000005 -0.000004 2.863323 -1.535755 3.140266
    49 -0.916342 0.000033 0.000003 3.130054 -1.386235 -3.118064
    50 -0.900585 -0.375762 0.090056 -0.779868 -1.244725 -2.521915
    51 -1.303123 -0.000014 0.000008 -0.004240 -1.451229 -0.001012
    52 -1.094650 0.000007 0.000003 -2.577326 -1.476285 2.574417
    53 0.000000 0.000000 0.000000 0.000000 0.000000 0.000000
    54 0.000000 0.000000 0.000000 0.000000 0.000000 -1.570796
    55 0.000000 0.000000 0.000000 0.000000 0.000000 -1.570796
    56 -2.000000 0.000000 0.000000 -1.570796 0.000000 0.174533
    57 -1.500000 0.000002 0.000000 -1.570796 0.000000 0.000000
    58 0.000000 0.500000 0.000000 -1.570796 0.261799 0.000000
    59 -0.000001 0.000000 0.000000 -3.141593 0.174533 0.000000
    60 0.000000 0.000000 -0.000001 -3.141593 0.174533 0.174533
    61 0.000000 0.000000 0.000000 -3.141593 0.349066 -0.174533
    62 0.000000 0.000000 0.000000 -1.570796 0.000000 0.000000
    63 0.000000 0.000000 0.000000 -1.570796 0.000000 0.000000
    64 0.000000 0.000000 0.000000 -1.570796 0.000000 0.000000
    65 0.000000 0.000000 0.000002 -1.570796 0.000000 0.000000
    66 0.000000 0.000000 0.000000 -1.570796 0.000000 0.000000
    67 0.000000 0.000001 0.000000 -1.570796 0.000000 0.000000
    68 0.000000 0.000000 0.000000 -1.570796 0.000000 0.000000
    69 0.000000 0.000000 0.000000 -1.570796 0.000000 0.000000
    70 0.000000 0.000000 0.000000 -1.570796 0.000000 0.000000
    71 0.000000 0.000000 0.000000 -1.570796 0.000000 0.000000
    72 0.000000 0.000000 0.000000 -1.570796 0.000000 0.000000
    73 0.000000 0.000000 0.000000 -1.570796 0.000000 0.000000
    74 -2.000000 0.000000 0.000000 1.570796 0.000000 0.174533
    75 -1.500000 -0.000001 -0.250000 1.570796 0.000000 0.000000
    76 -1.000000 0.250000 0.500000 1.570796 0.000000 0.000000
    77 0.000000 0.000000 0.000000 2.094395 0.000000 -3.141593
    78 0.000000 0.000000 0.000000 2.094395 0.000000 -3.141593
    79 0.000000 -0.200001 -0.200000 1.745329 0.000000 -3.141593
    80 0.000000 -0.000001 -0.000002 1.570796 0.000000 3.141593
    81 0.000000 0.000000 0.000000 1.570796 0.000000 -3.141593
    82 0.000000 0.000000 -0.000002 1.570796 0.000000 -3.141593
    83 0.000000 0.000000 0.000000 1.570796 0.000000 3.141593
    84 -0.000002 0.000000 0.000000 1.570796 0.000000 3.141593
    85 0.000000 0.000000 0.000000 1.570796 0.000000 3.141593
    86 0.000000 0.000000 0.000000 1.570796 0.000000 3.141593
    87 0.000000 0.000000 0.000000 1.570796 0.000000 -3.141593
    88 0.000000 0.000000 0.000000 1.570796 0.000000 -3.141593
    89 0.000000 0.000000 0.000000 1.570796 0.000000 3.141593
    90 0.000000 0.000000 0.000000 1.570796 0.000000 -3.141593
    91 0.000000 0.000000 0.000000 1.570796 0.000000 -3.141593
  time 16
    0 0.000000 0.000000 0.000000 0.000000 0.000000 -0.000007
    1 0.000000 2.709942 -10.591393 0.000000 -1.570796 1.570796
    2 3.500857 9.013945 -0.640573 0.000000 -1.570796 0.000000
    3 -2.289403 -1.496114 0.973094 0.000000 0.000000 0.000000
    4 4.409996 0.000005 -0.000003 0.125804 -0.102154 0.379064
    5 10.079981 -0.000003 -0.000001 -0.000002 -0.000003 -0.552218
    6 0.000000 -0.000001 0.000000 -0.256339 0.000005 0.000001
    7 3.359990 0.000014 -0.000007 -0.512687 0.000000 0.000003
    8 6.719987 0.000030 -0.000015 -0.768992 -0.000002 0.000001
    9 3.500862 -5.725745 -0.640568 0.000000 -1.570795 3.141592
    10 -0.631995 3.074165 -0.996149 0.000000 0.000000 0.000000
    11 4.409998 -0.000001 0.000004 -0.459197 0.094223 0.241947
    12 10.079982 0.000014 0.000025 0.000004 0.000046 -0.855497
    13 0.000001 0.000004 0.000000 0.426894 -0.000001 0.000010
    14 3.359994 0.000032 0.000015 0.853785 -0.000007 0.000004
    15 6.719987 0.000057 0.000028 1.280727 0.000003 0.000003
    16 0.000000 0.000000 0.000000 1.565499 0.024748 -3.182675
    17 6.119089 -18.987965 -5.668857 2.849793 -0.200845 -1.878895
    18 -0.118055 -0.108981 0.513327 -0.000047 -0.086523 0.000009
    19 4.409994 -0.000012 0.000012 0.000000 0.000000 0.000000
    20 -3.422661 1.711283 0.470872 0.018364 -0.593174 -0.075895
    21 1.410028 0.000010 0.000007 0.000006 0.000009 -0.987481
    22 0.993011 -0.000001 0.000006 0.000001 -0.000006 -0.761963
    23 -1.022532 1.571291 -0.406268 0.562009 -1.088038 -0.422346
    24 1.337718 0.000005 0.000002 -3.141591 -1.497669 3.135755
    25 1.180473 -0.000093 -0.000003 2.322271 -1.447922 -2.264049
    26 -0.666712 0.565948 -0.425195 0.276535 -1.168921 -0.243380
    27 1.311736 0.000006 0.000004 -3.109347 -1.501840 3.110658
    28 1.132875 -0.000003 -0.000005 -2.277655 -1.482347 2.251198
    29 -0.835869 -0.375753 -0.250998 -0.232083 -1.169899 0.124274
    30 1.303124 0.000019 0.000004 2.990854 -1.546793 -2.976011
    31 1.094648 -0.000011 -0.000003 -0.062792 -1.544912 0.032862
    32 -1.144743 -1.304737 0.171518 -0.974001 -1.088390 0.663341
    33 1.052849 0.000000 -0.000004 3.124857 -1.425270 3.135795
    34 0.916342 -0.000031 0.000001 3.141553 -1.536954 -3.129942
    35 -9.580293 -18.135152 -9.102366 0.698695 0.016713 -1.559313
    36 -0.117880 -0.102734 -0.180849 0.000013 0.017066 0.000000
    37 4.409983 -0.000034 0.000004 0.000000 0.000000 0.000000
    38 -3.459356 1.711287 -0.541797 0.125169 -0.669906 3.034105
    39 -1.410028 -0.000005 -0.000014 0.000004 0.000001 -0.911659
    40 -0.993008 0.000010 -0.000011 0.000012 -0.000006 -0.908928
    41 -1.077398 1.571280 0.162236 0.351673 -1.124156 2.999846
    42 -1.337713 0.000003 -0.000002 3.078234 -1.322288 -3.107495
    43 -1.180471 0.000072 0.000002 0.222693 -1.503459 -0.194122
    44 -0.719599 0.565946 0.238754 -0.061928 -1.418387 -3.057526
    45 -1.311414 -0.000009 -0.000267 0.002810 -1.315827 0.001501
    46 -1.132872 0.000005 -0.000066 3.139362 -1.176202 -3.092139
    47 -1.239075 -1.304744 -0.314278 -1.430303 -0.982760 -2.003829
    48 -1.052850 0.000005 -0.000004 2.863323 -1.535755 3.140266
    49 -0.916342 0.000033 0.000003 3.130054 -1.386235 -3.118064
    50 -0.900585 -0.375762 0.090056 -0.779868 -1.244725 -2.521915
    51 -1.303123 -0.000014 0.000008 -0.004240 -1.451229 -0.001012
    52 -1.094650 0.000007 0.000003 -2.577326 -1.476285 2.574417
    53 0.000000 0.000000 0.000000 0.000000 0.000000 0.000000
    54 0.000000 0.000000 0.000000 0.000000 0.000000 -1.570796
    55 0.000000 0.000000 0.000000 0.000000 0.000000 -1.570796
    56 -2.000000 0.000000 0.000000 -1.570796 0.000000 0.174533
    57 -1.500000 0.000002 0.000000 -1.570796 0.000000 0.000000
    58 0.000000 0.500000 0.000000 -1.570796 0.261799 0.000000
    59 -0.000001 0.000000 0.000000 -3.141593 0.174533 0.000000
    60 0.000000 0.000000 -0.000001 -3.141593 0.174533 0.174533
    61 0.000000 0.000000 0.000000 -3.141593 0.349066 -0.174533
    62 0.000000 0.000000 0.000000 -1.570796 0.000000 0.000000
    63 0.000000 0.000000 0.000000 -1.570796 0.000000 0.000000
    64 0.000000 0.000000 0.000000 -1.570796 0.000000 0.000000
    65 0.000000 0.000000 0.000002 -1.570796 0.000000 0.000000
    66 0.000000 0.000000 0.000000 -1.570796 0.000000 0.000000
    67 0.000000 0.000001 0.000000 -1.570796 0.000000 0.000000
    68 0.000000 0.000000 0.000000 -1.570796 0.000000 0.000000
    69 0.000000 0.000000 0.000000 -1.570796 0.000000 0.000000
    70 0.000000 0.000000 0.000000 -1.570796 0.000000 0.000000
    71 0.000000 0.000000 0.000000 -1.570796 0.000000 0.000000
    72 0.000000 0.000000 0.000000 -1.570796 0.000000 0.000000
    73 0.000000 0.000000 0.000000 -1.570796 0.000000 0.000000
    74 -2.000000 0.000000 0.000000 1.570796 0.000000 0.174533
    75 -1.500000 -0.000001 -0.250000 1.570796 0.000000 0.000000
    76 -1.000000 0.250000 0.500000 1.570796 0.000000 0.000000
    77 0.000000 0.000000 0.000000 2.094395 0.000000 -3.141593
    78 0.000000 0.000000 0.000000 2.094395 0.000000 -3.141593
    79 0.000000 -0.200001 -0.200000 1.745329 0.000000 -3.141593
    80 0.000000 -0.000001 -0.000002 1.570796 0.000000 3.141593
    81 0.000000 0.000000 0.000000 1.570796 0.000000 -3.141593
    82 0.000000 0.000000 -0.000002 1.570796 0.000000 -3.141593
    83 0.000000 0.000000 0.000000 1.570796 0.000000 3.141593
    84 -0.000002 0.000000 0.000000 1.570796 0.000000 3.141593
    85 0.000000 0.000000 0.000000 1.570796 0.000000 3.141593
    86 0.000000 0.000000 0.000000 1.570796 0.000000 3.141593
    87 0.000000 0.000000 0.000000 1.570796 0.000000 -3.141593
    88 0.000000 0.000000 0.000000 1.570796 0.000000 -3.141593
    89 0.000000 0.000000 0.000000 1.570796 0.000000 3.141593
    90 0.000000 0.000000 0.000000 1.570796 0.000000 -3.141593
    91 0.000000 0.000000 0.000000 1.570796 0.000000 -3.141593
  time 17
    0 0.000000 0.000000 0.000000 0.000000 0.000000 -0.000007
    1 0.000000 2.709942 -10.591393 0.000000 -1.570796 1.570796
    2 3.500857 9.013945 -0.640573 0.000000 -1.570796 0.000000
    3 -2.289403 -1.496114 0.973094 0.000000 0.000000 0.000000
    4 4.409996 0.000005 -0.000003 0.121255 -0.105215 0.363910
    5 10.079981 -0.000003 -0.000001 -0.000002 -0.000003 -0.554490
    6 0.000000 -0.000001 0.000000 -0.244518 0.000005 0.000001
    7 3.359990 0.000014 -0.000007 -0.489044 0.000000 0.000003
    8 6.719987 0.000030 -0.000015 -0.733566 -0.000002 0.000001
    9 3.500862 -5.725745 -0.640568 0.000000 -1.570795 3.141592
    10 -1.225763 3.117135 -0.996149 0.000000 0.000000 0.000000
    11 4.409998 -0.000001 0.000004 -0.405936 0.146314 0.301174
    12 10.079982 0.000014 0.000025 0.000004 0.000046 -0.841215
    13 0.000001 0.000004 0.000000 0.358606 -0.000001 0.000010
    14 3.359994 0.000032 0.000015 0.717226 -0.000007 0.000004
    15 6.719987 0.000057 0.000028 1.075855 0.000003 0.000003
    16 0.000000 0.000000 0.000000 1.564828 0.018193 -3.171745
    17 7.345689 -18.741863 -7.051712 2.594495 -0.103904 -1.798258
    18 -0.118055 -0.108981 0.513327 -0.000047 -0.086523 0.000009
    19 4.409994 -0.000012 0.000012 0.000000 0.000000 0.000000
    20 -3.422661 1.711283 0.470872 0.018364 -0.593174 -0.075895
    21 1.410028 0.000010 0.000007 0.000006 0.000009 -0.987481
    22 0.993011 -0.000001 0.000006 0.000001 -0.000006 -0.761963
    23 -1.022532 1.571291 -0.406268 0.562009 -1.088038 -0.422346
    24 1.337718 0.000005 0.000002 -3.141591 -1.497669 3.135755
    25 1.180473 -0.000093 -0.000003 2.322271 -1.447922 -2.264049
    26 -0.666712 0.565948 -0.425195 0.276535 -1.168921 -0.243380
    27 1.311736 0.000006 0.000004 -3.109347 -1.501840 3.110658
    28 1.132875 -0.000003 -0.000005 -2.277655 -1.482347 2.251198
    29 -0.835869 -0.375753 -0.250998 -0.232083 -1.169899 0.124274
    30 1.303124 0.000019 0.000004 2.990854 -1.546793 -2.976011
    31 1.094648 -0.000011 -0.000003 -0.062792 -1.544912 0.032862
    32 -1.144743 -1.304737 0.171518 -0.974001 -1.088390 0.663341
    33 1.052849 0.000000 -0.000004 3.124857 -1.425270 3.135795
    34 0.916342 -0.000031 0.000001 3.141553 -1.536954 -3.129942
    35 -9.271690 -18.162497 -9.180493 0.742675 0.021076 -1.556687
    36 -0.117880 -0.102734 -0.180849 0.000013 0.017066 0.000000
    37 4.409983 -0.000034 0.000004 0.000000 0.000000 0.000000
    38 -3.459356 1.711287 -0.541797 0.125169 -0.669906 3.034105
    39 -1.410028 -0.000005 -0.000014 0.000004 0.000001 -0.911659
    40 -0.993008 0.000010 -0.000011 0.000012 -0.000006 -0.908928
    41 -1.077398 1.571280 0.162236 0.351673 -1.124156 2.999846
    42 -1.337713 0.000003 -0.000002 3.078234 -1.322288 -3.107495
    43 -1.180471 0.000072 0.000002 0.222705 -1.503459 -0.194122
    44 -0.719599 0.565946 0.238754 -0.061928 -1.418387 -3.057538
    45 -1.311414 -0.000009 -0.000267 0.002810 -1.315827 0.001501
    46 -1.132872 0.000005 -0.000066 3.139362 -1.176202 -3.092139
    47 -1.239075 -1.304744 -0.314278 -1.430303 -0.982760 -2.003829
    48 -1.052850 0.000005 -0.000004 2.863323 -1.535755 3.140266
    49 -0.916342 0.000033 0.000003 3.130054 -1.386235 -3.118064
    50 -0.900585 -0.375762 0.090056 -0.779868 -1.244725 -2.521915
    51 -1.303123 -0.000014 0.000008 -0.004240 -1.451229 -0.001012
    52 -1.094650 0.000007 0.000003 -2.577326 -1.476285 2.574417
    53 0.000000 0.000000 0.000000 0.000000 0.000000 0.000000
    54 0.000000 0.000000 0.000000 0.000000 0.000000 -1.570796
    55 0.000000 0.000000 0.000000 0.000000 0.000000 -1.570796
    56 -2.000000 0.000000 0.000000 -1.570796 0.000000 0.174533
    57 -1.500000 0.000002 0.000000 -1.570796 0.000000 0.000000
    58 0.000000 0.500000 0.000000 -1.570796 0.261799 0.000000
    59 -0.000001 0.000000 0.000000 -3.141593 0.174533 0.000000
    60 0.000000 0.000000 -0.000001 -3.141593 0.174533 0.174533
    61 0.000000 0.000000 0.000000 -3.141593 0.349066 -0.174533
    62 0.000000 0.000000 0.000000 -1.570796 0.000000 0.000000
    63 0.000000 0.000000 0.000000 -1.570796 0.000000 0.000000
    64 0.000000 0.000000 0.000000 -1.570796 0.000000 0.000000
    65 0.000000 0.000000 0.000002 -1.570796 0.000000 0.000000
    66 0.000000 0.000000 0.000000 -1.570796 0.000000 0.000000
    67 0.000000 0.000001 0.000000 -1.570796 0.000000 0.000000
    68 0.000000 0.000000 0.000000 -1.570796 0.000000 0.000000
    69 0.000000 0.000000 0.000000 -1.570796 0.000000 0.000000
    70 0.000000 0.000000 0.000000 -1.570796 0.000000 0.000000
    71 0.000000 0.000000 0.000000 -1.570796 0.000000 0.000000
    72 0.000000 0.000000 0.000000 -1.570796 0.000000 0.000000
    73 0.000000 0.000000 0.000000 -1.570796 0.000000 0.000000
    74 -2.000000 0.000000 0.000000 1.570796 0.000000 0.174533
    75 -1.500000 -0.000001 -0.250000 1.570796 0.000000 0.000000
    76 -1.000000 0.250000 0.500000 1.570796 0.000000 0.000000
    77 0.000000 0.000000 0.000000 2.094395 0.000000 -3.141593
    78 0.000000 0.000000 0.000000 2.094395 0.000000 -3.141593
    79 0.000000 -0.200001 -0.200000 1.745329 0.000000 -3.141593
    80 0.000000 -0.000001 -0.000002 1.570796 0.000000 3.141593
    81 0.000000 0.000000 0.000000 1.570796 0.000000 -3.141593
    82 0.000000 0.000000 -0.000002 1.570796 0.000000 -3.141593
    83 0.000000 0.000000 0.000000 1.570796 0.000000 3.141593
    84 -0.000002 0.000000 0.000000 1.570796 0.000000 3.141593
    85 0.000000 0.000000 0.000000 1.570796 0.000000 3.141593
    86 0.000000 0.000000 0.000000 1.570796 0.000000 3.141593
    87 0.000000 0.000000 0.000000 1.570796 0.000000 -3.141593
    88 0.000000 0.000000 0.000000 1.570796 0.000000 -3.141593
    89 0.000000 0.000000 0.000000 1.570796 0.000000 3.141593
    90 0.000000 0.000000 0.000000 1.570796 0.000000 -3.141593
    91 0.000000 0.000000 0.000000 1.570796 0.000000 -3.141593
  time 18
    0 0.000000 0.000000 0.000000 0.000000 0.000000 -0.000007
    1 0.000000 2.709942 -10.591393 0.000000 -1.570796 1.570796
    2 3.500857 9.013945 -0.640573 0.000000 -1.570796 0.000000
    3 -2.289403 -1.496114 0.973094 0.000000 0.000000 0.000000
    4 4.409996 0.000005 -0.000003 0.120815 -0.105086 0.347460
    5 10.079981 -0.000003 -0.000001 -0.000002 -0.000003 -0.555812
    6 0.000000 -0.000001 0.000000 -0.232464 0.000005 0.000001
    7 3.359990 0.000014 -0.000007 -0.464963 0.000000 0.000003
    8 6.719987 0.000030 -0.000015 -0.697444 -0.000002 0.000001
    9 3.500862 -5.725745 -0.640568 0.000000 -1.570795 3.141592
    10 -1.714059 3.152292 -0.996149 0.000000 0.000000 0.000000
    11 4.409998 -0.000001 0.000004 -0.352339 0.178787 0.336921
    12 10.079982 0.000014 0.000025 0.000004 0.000046 -0.793167
    13 0.000001 0.000004 0.000000 0.294704 -0.000001 0.000010
    14 3.359994 0.000032 0.000015 0.589425 -0.000007 0.000004
    15 6.719987 0.000057 0.000028 0.884148 0.000003 0.000003
    16 0.000000 0.000000 0.000000 1.564468 0.011889 -3.161319
    17 8.416034 -18.554358 -8.247061 2.368600 -0.018302 -1.725134
    18 -0.118055 -0.108981 0.513327 -0.000047 -0.086523 0.000009
    19 4.409994 -0.000012 0.000012 0.000000 0.000000 0.000000
    20 -3.422661 1.711283 0.470872 0.018364 -0.593174 -0.075895
    21 1.410028 0.000010 0.000007 0.000006 0.000009 -0.987481
    22 0.993011 -0.000001 0.000006 0.000001 -0.000006 -0.761963
    23 -1.022532 1.571291 -0.406268 0.562009 -1.088038 -0.422346
    24 1.337718 0.000005 0.000002 -3.141591 -1.497669 3.135755
    25 1.180473 -0.000093 -0.000003 2.322271 -1.447922 -2.264049
    26 -0.666712 0.565948 -0.425195 0.276535 -1.168921 -0.243380
    27 1.311736 0.000006 0.000004 -3.109347 -1.501840 3.110658
    28 1.132875 -0.000003 -0.000005 -2.277655 -1.482347 2.251198
    29 -0.835869 -0.375753 -0.250998 -0.232083 -1.169899 0.124274
    30 1.303124 0.000019 0.000004 2.990854 -1.546793 -2.976011
    31 1.094648 -0.000011 -0.000003 -0.062816 -1.544912 0.032862
    32 -1.144743 -1.304737 0.171518 -0.974001 -1.088390 0.663341
    33 1.052849 0.000000 -0.000004 3.124857 -1.425270 3.135795
    34 0.916342 -0.000031 0.000001 3.141553 -1.536954 -3.129942
    35 -8.951368 -18.182028 -9.180493 0.790571 0.018377 -1.557280
    36 -0.117880 -0.102734 -0.180849 0.000013 0.017066 0.000000
    37 4.409983 -0.000034 0.000004 0.000000 0.000000 0.000000
    38 -3.459356 1.711287 -0.541797 0.125169 -0.669906 3.034105
    39 -1.410028 -0.000005 -0.000014 0.000004 0.000001 -0.911659
    40 -0.993008 0.000010 -0.000011 0.000012 -0.000006 -0.908928
    41 -1.077398 1.571280 0.162236 0.351673 -1.124156 2.999846
    42 -1.337713 0.000003 -0.000002 3.078234 -1.322288 -3.107495
    43 -1.180471 0.000072 0.000002 0.222705 -1.503459 -0.194122
    44 -0.719599 0.565946 0.238754 -0.061928 -1.418387 -3.057514
    45 -1.311414 -0.000009 -0.000267 0.002810 -1.315827 0.001501
    46 -1.132872 0.000005 -0.000066 3.139362 -1.176202 -3.092139
    47 -1.239075 -1.304744 -0.314278 -1.430303 -0.982760 -2.003829
    48 -1.052850 0.000005 -0.000004 2.863323 -1.535755 3.140266
    49 -0.916342 0.000033 0.000003 3.130054 -1.386235 -3.118064
    50 -0.900585 -0.375762 0.090056 -0.779868 -1.244725 -2.521915
    51 -1.303123 -0.000014 0.000008 -0.004240 -1.451229 -0.001012
    52 -1.094650 0.000007 0.000003 -2.577326 -1.476285 2.574417
    53 0.000000 0.000000 0.000000 0.000000 0.000000 0.000000
    54 0.000000 0.000000 0.000000 0.000000 0.000000 -1.570796
    55 0.000000 0.000000 0.000000 0.000000 0.000000 -1.570796
    56 -2.000000 0.000000 0.000000 -1.570796 0.000000 0.174533
    57 -1.500000 0.000002 0.000000 -1.570796 0.000000 0.000000
    58 0.000000 0.500000 0.000000 -1.570796 0.261799 0.000000
    59 -0.000001 0.000000 0.000000 -3.141593 0.174533 0.000000
    60 0.000000 0.000000 -0.000001 -3.141593 0.174533 0.174533
    61 0.000000 0.000000 0.000000 -3.141593 0.349066 -0.174533
    62 0.000000 0.000000 0.000000 -1.570796 0.000000 0.000000
    63 0.000000 0.000000 0.000000 -1.570796 0.000000 0.000000
    64 0.000000 0.000000 0.000000 -1.570796 0.000000 0.000000
    65 0.000000 0.000000 0.000002 -1.570796 0.000000 0.000000
    66 0.000000 0.000000 0.000000 -1.570796 0.000000 0.000000
    67 0.000000 0.000001 0.000000 -1.570796 0.000000 0.000000
    68 0.000000 0.000000 0.000000 -1.570796 0.000000 0.000000
    69 0.000000 0.000000 0.000000 -1.570796 0.000000 0.000000
    70 0.000000 0.000000 0.000000 -1.570796 0.000000 0.000000
    71 0.000000 0.000000 0.000000 -1.570796 0.000000 0.000000
    72 0.000000 0.000000 0.000000 -1.570796 0.000000 0.000000
    73 0.000000 0.000000 0.000000 -1.570796 0.000000 0.000000
    74 -2.000000 0.000000 0.000000 1.570796 0.000000 0.174533
    75 -1.500000 -0.000001 -0.250000 1.570796 0.000000 0.000000
    76 -1.000000 0.250000 0.500000 1.570796 0.000000 0.000000
    77 0.000000 0.000000 0.000000 2.094395 0.000000 -3.141593
    78 0.000000 0.000000 0.000000 2.094395 0.000000 -3.141593
    79 0.000000 -0.200001 -0.200000 1.745329 0.000000 -3.141593
    80 0.000000 -0.000001 -0.000002 1.570796 0.000000 3.141593
    81 0.000000 0.000000 0.000000 1.570796 0.000000 -3.141593
    82 0.000000 0.000000 -0.000002 1.570796 0.000000 -3.141593
    83 0.000000 0.000000 0.000000 1.570796 0.000000 3.141593
    84 -0.000002 0.000000 0.000000 1.570796 0.000000 3.141593
    85 0.000000 0.000000 0.000000 1.570796 0.000000 3.141593
    86 0.000000 0.000000 0.000000 1.570796 0.000000 3.141593
    87 0.000000 0.000000 0.000000 1.570796 0.000000 -3.141593
    88 0.000000 0.000000 0.000000 1.570796 0.000000 -3.141593
    89 0.000000 0.000000 0.000000 1.570796 0.000000 3.141593
    90 0.000000 0.000000 0.000000 1.570796 0.000000 -3.141593
    91 0.000000 0.000000 0.000000 1.570796 0.000000 -3.141593
  time 19
    0 0.000000 0.000000 0.000000 0.000000 0.000000 -0.000007
    1 0.000000 2.709942 -10.591393 0.000000 -1.570796 1.570796
    2 3.500857 9.013945 -0.640573 0.000000 -1.570796 0.000000
    3 -2.289403 -1.496114 0.973094 0.000000 0.000000 0.000000
    4 4.409996 0.000005 -0.000003 0.123236 -0.102391 0.327255
    5 10.079981 -0.000003 -0.000001 -0.000002 -0.000003 -0.554543
    6 0.000000 -0.000001 0.000000 -0.219046 0.000005 0.000001
    7 3.359990 0.000014 -0.000007 -0.438101 0.000000 0.000003
    8 6.719987 0.000030 -0.000015 -0.657190 -0.000002 0.000001
    9 3.500862 -5.725745 -0.640568 0.000000 -1.570795 3.141592
    10 -2.050007 3.179637 -0.996149 0.000000 0.000000 0.000000
    11 4.409998 -0.000001 0.000004 -0.315801 0.193132 0.348476
    12 10.079982 0.000014 0.000025 0.000004 0.000046 -0.735093
    13 0.000001 0.000004 0.000000 0.251296 -0.000001 0.000010
    14 3.359994 0.000032 0.000015 0.502603 -0.000007 0.000004
    15 6.719987 0.000057 0.000028 0.753884 0.000003 0.000003
    16 0.000000 0.000000 0.000000 1.564408 0.006400 -3.152198
    17 9.150431 -18.429354 -9.024428 2.221349 0.037515 -1.678220
    18 -0.118055 -0.108981 0.513327 -0.000047 -0.086523 0.000009
    19 4.409994 -0.000012 0.000012 0.000000 0.000000 0.000000
    20 -3.422661 1.711283 0.470872 0.018364 -0.593174 -0.075895
    21 1.410028 0.000010 0.000007 0.000006 0.000009 -0.987481
    22 0.993011 -0.000001 0.000006 0.000001 -0.000006 -0.761963
    23 -1.022532 1.571291 -0.406268 0.562009 -1.088038 -0.422346
    24 1.337718 0.000005 0.000002 -3.141591 -1.497669 3.135755
    25 1.180473 -0.000093 -0.000003 2.322271 -1.447922 -2.264049
    26 -0.666712 0.565948 -0.425195 0.276535 -1.168921 -0.243380
    27 1.311736 0.000006 0.000004 -3.109347 -1.501840 3.110658
    28 1.132875 -0.000003 -0.000005 -2.277655 -1.482347 2.251198
    29 -0.835869 -0.375753 -0.250998 -0.232083 -1.169899 0.124274
    30 1.303124 0.000019 0.000004 2.990854 -1.546793 -2.976011
    31 1.094648 -0.000011 -0.000003 -0.062804 -1.544912 0.032862
    32 -1.144743 -1.304737 0.171518 -0.974001 -1.088390 0.663341
    33 1.052849 0.000000 -0.000004 3.124857 -1.425270 3.135795
    34 0.916342 -0.000031 0.000001 3.141553 -1.536954 -3.129942
    35 -8.584169 -18.213279 -9.125804 0.846611 0.009134 -1.556772
    36 -0.117880 -0.102734 -0.180849 0.000013 0.017066 0.000000
    37 4.409983 -0.000034 0.000004 0.000000 0.000000 0.000000
    38 -3.459356 1.711287 -0.541797 0.125169 -0.669906 3.034105
    39 -1.410028 -0.000005 -0.000014 0.000004 0.000001 -0.911659
    40 -0.993008 0.000010 -0.000011 0.000012 -0.000006 -0.908928
    41 -1.077398 1.571280 0.162236 0.351673 -1.124156 2.999846
    42 -1.337713 0.000003 -0.000002 3.078234 -1.322288 -3.107495
    43 -1.180471 0.000072 0.000002 0.222705 -1.503459 -0.194122
    44 -0.719599 0.565946 0.238754 -0.061928 -1.418387 -3.057526
    45 -1.311414 -0.000009 -0.000267 0.002810 -1.315827 0.001501
    46 -1.132872 0.000005 -0.000066 3.139362 -1.176202 -3.092139
    47 -1.239075 -1.304744 -0.314278 -1.430303 -0.982760 -2.003829
    48 -1.052850 0.000005 -0.000004 2.863323 -1.535755 3.140266
    49 -0.916342 0.000033 0.000003 3.130054 -1.386235 -3.118064
    50 -0.900585 -0.375762 0.090056 -0.779868 -1.244725 -2.521915
    51 -1.303123 -0.000014 0.000008 -0.004240 -1.451229 -0.001012
    52 -1.094650 0.000007 0.000003 -2.577326 -1.476285 2.574417
    53 0.000000 0.000000 0.000000 0.000000 0.000000 0.000000
    54 0.000000 0.000000 0.000000 0.000000 0.000000 -1.570796
    55 0.000000 0.000000 0.000000 0.000000 0.000000 -1.570796
    56 -2.000000 0.000000 0.000000 -1.570796 0.000000 0.174533
    57 -1.500000 0.000002 0.000000 -1.570796 0.000000 0.000000
    58 0.000000 0.500000 0.000000 -1.570796 0.261799 0.000000
    59 -0.000001 0.000000 0.000000 -3.141593 0.174533 0.000000
    60 0.000000 0.000000 -0.000001 -3.141593 0.174533 0.174533
    61 0.000000 0.000000 0.000000 -3.141593 0.349066 -0.174533
    62 0.000000 0.000000 0.000000 -1.570796 0.000000 0.000000
    63 0.000000 0.000000 0.000000 -1.570796 0.000000 0.000000
    64 0.000000 0.000000 0.000000 -1.570796 0.000000 0.000000
    65 0.000000 0.000000 0.000002 -1.570796 0.000000 0.000000
    66 0.000000 0.000000 0.000000 -1.570796 0.000000 0.000000
    67 0.000000 0.000001 0.000000 -1.570796 0.000000 0.000000
    68 0.000000 0.000000 0.000000 -1.570796 0.000000 0.000000
    69 0.000000 0.000000 0.000000 -1.570796 0.000000 0.000000
    70 0.000000 0.000000 0.000000 -1.570796 0.000000 0.000000
    71 0.000000 0.000000 0.000000 -1.570796 0.000000 0.000000
    72 0.000000 0.000000 0.000000 -1.570796 0.000000 0.000000
    73 0.000000 0.000000 0.000000 -1.570796 0.000000 0.000000
    74 -2.000000 0.000000 0.000000 1.570796 0.000000 0.174533
    75 -1.500000 -0.000001 -0.250000 1.570796 0.000000 0.000000
    76 -1.000000 0.250000 0.500000 1.570796 0.000000 0.000000
    77 0.000000 0.000000 0.000000 2.094395 0.000000 -3.141593
    78 0.000000 0.000000 0.000000 2.094395 0.000000 -3.141593
    79 0.000000 -0.200001 -0.200000 1.745329 0.000000 -3.141593
    80 0.000000 -0.000001 -0.000002 1.570796 0.000000 3.141593
    81 0.000000 0.000000 0.000000 1.570796 0.000000 -3.141593
    82 0.000000 0.000000 -0.000002 1.570796 0.000000 -3.141593
    83 0.000000 0.000000 0.000000 1.570796 0.000000 3.141593
    84 -0.000002 0.000000 0.000000 1.570796 0.000000 3.141593
    85 0.000000 0.000000 0.000000 1.570796 0.000000 3.141593
    86 0.000000 0.000000 0.000000 1.570796 0.000000 3.141593
    87 0.000000 0.000000 0.000000 1.570796 0.000000 -3.141593
    88 0.000000 0.000000 0.000000 1.570796 0.000000 -3.141593
    89 0.000000 0.000000 0.000000 1.570796 0.000000 3.141593
    90 0.000000 0.000000 0.000000 1.570796 0.000000 -3.141593
    91 0.000000 0.000000 0.000000 1.570796 0.000000 -3.141593
  time 20
    0 0.000000 0.000000 0.000000 0.000000 0.000000 -0.000007
    1 0.000000 2.709942 -10.591393 0.000000 -1.570796 1.570796
    2 3.500857 9.013945 -0.640573 0.000000 -1.570796 0.000000
    3 -2.289403 -1.496114 0.973094 0.000000 0.000000 0.000000
    4 4.409996 0.000005 -0.000003 0.126831 -0.098295 0.305754
    5 10.079981 -0.000003 -0.000001 -0.000002 -0.000003 -0.550527
    6 0.000000 -0.000001 0.000000 -0.206349 0.000005 0.000001
    7 3.359990 0.000014 -0.000007 -0.412706 0.000000 0.000003
    8 6.719987 0.000030 -0.000015 -0.619098 -0.000002 0.000001
    9 3.500862 -5.725745 -0.640568 0.000000 -1.570795 3.141592
    10 -2.186730 3.179637 -0.996149 0.000000 0.000000 0.000000
    11 4.409998 -0.000001 0.000004 -0.305525 0.195916 0.348961
    12 10.079982 0.000014 0.000025 0.000004 0.000046 -0.701611
    13 0.000001 0.000004 0.000000 0.236243 -0.000001 0.000010
    14 3.359994 0.000032 0.000015 0.472471 -0.000007 0.000004
    15 6.719987 0.000057 0.000028 0.708743 0.000003 0.000003
    16 0.000000 0.000000 0.000000 1.564588 0.002229 -3.145331
    17 9.470754 -18.382478 -9.282249 2.169943 0.057020 -1.662694
    18 -0.118055 -0.108981 0.513327 -0.000047 -0.086523 0.000009
    19 4.409994 -0.000012 0.000012 0.000000 0.000000 0.000000
    20 -3.422661 1.711283 0.470872 0.018364 -0.593174 -0.075895
    21 1.410028 0.000010 0.000007 0.000006 0.000009 -0.987481
    22 0.993011 -0.000001 0.000006 0.000001 -0.000006 -0.761963
    23 -1.022532 1.571291 -0.406268 0.562009 -1.088038 -0.422346
    24 1.337718 0.000005 0.000002 -3.141591 -1.497669 3.135755
    25 1.180473 -0.000093 -0.000003 2.322271 -1.447922 -2.264049
    26 -0.666712 0.565948 -0.425195 0.276535 -1.168921 -0.243380
    27 1.311736 0.000006 0.000004 -3.109347 -1.501840 3.110658
    28 1.132875 -0.000003 -0.000005 -2.277655 -1.482347 2.251198
    29 -0.835869 -0.375753 -0.250998 -0.232083 -1.169899 0.124274
    30 1.303124 0.000019 0.000004 2.990854 -1.546793 -2.976011
    31 1.094648 -0.000011 -0.000003 -0.062804 -1.544912 0.032874
    32 -1.144743 -1.304737 0.171518 -0.974001 -1.088390 0.663341
    33 1.052849 0.000000 -0.000004 3.124857 -1.425270 3.135795
    34 0.916342 -0.000031 0.000001 3.141553 -1.536954 -3.129942
    35 -8.224783 -18.240624 -9.035957 0.901263 -0.003031 -1.556687
    36 -0.117880 -0.102734 -0.180849 0.000013 0.017066 0.000000
    37 4.409983 -0.000034 0.000004 0.000000 0.000000 0.000000
    38 -3.459356 1.711287 -0.541797 0.125169 -0.669906 3.034105
    39 -1.410028 -0.000005 -0.000014 0.000004 0.000001 -0.911659
    40 -0.993008 0.000010 -0.000011 0.000000 -0.000006 -0.908928
    41 -1.077398 1.571280 0.162236 0.351673 -1.124156 2.999846
    42 -1.337713 0.000003 -0.000002 3.078234 -1.322288 -3.107495
    43 -1.180471 0.000072 0.000002 0.222705 -1.503459 -0.194122
    44 -0.719599 0.565946 0.238754 -0.061928 -1.418387 -3.057514
    45 -1.311414 -0.000009 -0.000267 0.002810 -1.315827 0.001501
    46 -1.132872 0.000005 -0.000066 3.139362 -1.176202 -3.092139
    47 -1.239075 -1.304744 -0.314278 -1.430303 -0.982760 -2.003829
    48 -1.052850 0.000005 -0.000004 2.863323 -1.535755 3.140266
    49 -0.916342 0.000033 0.000003 3.130054 -1.386235 -3.118064
    50 -0.900585 -0.375762 0.090056 -0.779868 -1.244725 -2.521915
    51 -1.303123 -0.000014 0.000008 -0.004240 -1.451229 -0.001012
    52 -1.094650 0.000007 0.000003 -2.577326 -1.476285 2.574417
    53 0.000000 0.000000 0.000000 0.000000 0.000000 0.000000
    54 0.000000 0.000000 0.000000 0.000000 0.000000 -1.570796
    55 0.000000 0.000000 0.000000 0.000000 0.000000 -1.570796
    56 -2.000000 0.000000 0.000000 -1.570796 0.000000 0.174533
    57 -1.500000 0.000002 0.000000 -1.570796 0.000000 0.000000
    58 0.000000 0.500000 0.000000 -1.570796 0.261799 0.000000
    59 -0.000001 0.000000 0.000000 -3.141593 0.174533 0.000000
    60 0.000000 0.000000 -0.000001 -3.141593 0.174533 0.174533
    61 0.000000 0.000000 0.000000 -3.141593 0.349066 -0.174533
    62 0.000000 0.000000 0.000000 -1.570796 0.000000 0.000000
    63 0.000000 0.000000 0.000000 -1.570796 0.000000 0.000000
    64 0.000000 0.000000 0.000000 -1.570796 0.000000 0.000000
    65 0.000000 0.000000 0.000002 -1.570796 0.000000 0.000000
    66 0.000000 0.000000 0.000000 -1.570796 0.000000 0.000000
    67 0.000000 0.000001 0.000000 -1.570796 0.000000 0.000000
    68 0.000000 0.000000 0.000000 -1.570796 0.000000 0.000000
    69 0.000000 0.000000 0.000000 -1.570796 0.000000 0.000000
    70 0.000000 0.000000 0.000000 -1.570796 0.000000 0.000000
    71 0.000000 0.000000 0.000000 -1.570796 0.000000 0.000000
    72 0.000000 0.000000 0.000000 -1.570796 0.000000 0.000000
    73 0.000000 0.000000 0.000000 -1.570796 0.000000 0.000000
    74 -2.000000 0.000000 0.000000 1.570796 0.000000 0.174533
    75 -1.500000 -0.000001 -0.250000 1.570796 0.000000 0.000000
    76 -1.000000 0.250000 0.500000 1.570796 0.000000 0.000000
    77 0.000000 0.000000 0.000000 2.094395 0.000000 -3.141593
    78 0.000000 0.000000 0.000000 2.094395 0.000000 -3.141593
    79 0.000000 -0.200001 -0.200000 1.745329 0.000000 -3.141593
    80 0.000000 -0.000001 -0.000002 1.570796 0.000000 3.141593
    81 0.000000 0.000000 0.000000 1.570796 0.000000 -3.141593
    82 0.000000 0.000000 -0.000002 1.570796 0.000000 -3.141593
    83 0.000000 0.000000 0.000000 1.570796 0.000000 3.141593
    84 -0.000002 0.000000 0.000000 1.570796 0.000000 3.141593
    85 0.000000 0.000000 0.000000 1.570796 0.000000 3.141593
    86 0.000000 0.000000 0.000000 1.570796 0.000000 3.141593
    87 0.000000 0.000000 0.000000 1.570796 0.000000 -3.141593
    88 0.000000 0.000000 0.000000 1.570796 0.000000 -3.141593
    89 0.000000 0.000000 0.000000 1.570796 0.000000 3.141593
    90 0.000000 0.000000 0.000000 1.570796 0.000000 -3.141593
    91 0.000000 0.000000 0.000000 1.570796 0.000000 -3.141593
  time 21
    0 0.000000 0.000000 0.000000 0.000000 0.000000 -0.000007
    1 0.000000 2.709942 -10.591393 0.000000 -1.570796 1.570796
    2 3.500857 9.013945 -0.640573 0.000000 -1.570796 0.000000
    3 -2.289403 -1.496114 0.973094 0.000000 0.000000 0.000000
    4 4.409996 0.000005 -0.000003 0.130426 -0.094221 0.286412
    5 10.079981 -0.000003 -0.000001 -0.000002 -0.000003 -0.544660
    6 0.000000 -0.000001 0.000000 -0.196343 0.000005 0.000001
    7 3.359990 0.000014 -0.000007 -0.392669 0.000000 0.000003
    8 6.719987 0.000030 -0.000015 -0.589042 -0.000002 0.000001
    9 3.500862 -5.725745 -0.640568 0.000000 -1.570795 3.141592
    10 -2.186730 3.179637 -0.996149 0.000000 0.000000 0.000000
    11 4.409998 -0.000001 0.000004 -0.312510 0.193869 0.349018
    12 10.079982 0.000014 0.000025 0.000004 0.000046 -0.696882
    13 0.000001 0.000004 0.000000 0.238916 -0.000001 0.000010
    14 3.359994 0.000032 0.000015 0.477810 -0.000007 0.000004
    15 6.719987 0.000057 0.000028 0.716694 0.000003 0.000003
    16 0.000000 0.000000 0.000000 1.564924 0.000000 -3.141592
    17 9.529349 -18.409822 -9.211934 2.175611 0.054869 -1.664419
    18 -0.118055 -0.108981 0.513327 -0.000047 -0.086523 0.000009
    19 4.409994 -0.000012 0.000012 0.000000 0.000000 0.000000
    20 -3.422661 1.711283 0.470872 0.018364 -0.593174 -0.075895
    21 1.410028 0.000010 0.000007 0.000006 0.000009 -0.987481
    22 0.993011 -0.000001 0.000006 0.000001 -0.000006 -0.761963
    23 -1.022532 1.571291 -0.406268 0.562009 -1.088038 -0.422346
    24 1.337718 0.000005 0.000002 -3.141591 -1.497669 3.135755
    25 1.180473 -0.000093 -0.000003 2.322271 -1.447922 -2.264049
    26 -0.666712 0.565948 -0.425195 0.276535 -1.168921 -0.243380
    27 1.311736 0.000006 0.000004 -3.109347 -1.501840 3.110658
    28 1.132875 -0.000003 -0.000005 -2.277655 -1.482347 2.251198
    29 -0.835869 -0.375753 -0.250998 -0.232083 -1.169899 0.124274
    30 1.303124 0.000019 0.000004 2.990854 -1.546793 -2.976011
    31 1.094648 -0.000011 -0.000003 -0.062804 -1.544912 0.032862
    32 -1.144743 -1.304737 0.171518 -0.974001 -1.088390 0.663341
    33 1.052849 0.000000 -0.000004 3.124857 -1.425270 3.135795
    34 0.916342 -0.000031 0.000001 3.141553 -1.536954 -3.129942
    35 -7.920086 -18.267969 -8.953924 0.945274 -0.014455 -1.557958
    36 -0.117880 -0.102734 -0.180849 0.000013 0.017066 0.000000
    37 4.409983 -0.000034 0.000004 0.000000 0.000000 0.000000
    38 -3.459356 1.711287 -0.541797 0.125169 -0.669906 3.034105
    39 -1.410028 -0.000005 -0.000014 0.000004 0.000001 -0.911659
    40 -0.993008 0.000010 -0.000011 0.000012 -0.000006 -0.908928
    41 -1.077398 1.571280 0.162236 0.351673 -1.124156 2.999846
    42 -1.337713 0.000003 -0.000002 3.078234 -1.322288 -3.107495
    43 -1.180471 0.000072 0.000002 0.222693 -1.503459 -0.194122
    44 -0.719599 0.565946 0.238754 -0.061928 -1.418387 -3.057514
    45 -1.311414 -0.000009 -0.000267 0.002810 -1.315827 0.001501
    46 -1.132872 0.000005 -0.000066 3.139362 -1.176202 -3.092139
    47 -1.239075 -1.304744 -0.314278 -1.430303 -0.982760 -2.003829
    48 -1.052850 0.000005 -0.000004 2.863323 -1.535755 3.140266
    49 -0.916342 0.000033 0.000003 3.130054 -1.386235 -3.118064
    50 -0.900585 -0.375762 0.090056 -0.779868 -1.244725 -2.521915
    51 -1.303123 -0.000014 0.000008 -0.004240 -1.451229 -0.001012
    52 -1.094650 0.000007 0.000003 -2.577326 -1.476285 2.574417
    53 0.000000 0.000000 0.000000 0.000000 0.000000 0.000000
    54 0.000000 0.000000 0.000000 0.000000 0.000000 -1.570796
    55 0.000000 0.000000 0.000000 0.000000 0.000000 -1.570796
    56 -2.000000 0.000000 0.000000 -1.570796 0.000000 0.174533
    57 -1.500000 0.000002 0.000000 -1.570796 0.000000 0.000000
    58 0.000000 0.500000 0.000000 -1.570796 0.261799 0.000000
    59 -0.000001 0.000000 0.000000 -3.141593 0.174533 0.000000
    60 0.000000 0.000000 -0.000001 -3.141593 0.174533 0.174533
    61 0.000000 0.000000 0.000000 -3.141593 0.349066 -0.174533
    62 0.000000 0.000000 0.000000 -1.570796 0.000000 0.000000
    63 0.000000 0.000000 0.000000 -1.570796 0.000000 0.000000
    64 0.000000 0.000000 0.000000 -1.570796 0.000000 0.000000
    65 0.000000 0.000000 0.000002 -1.570796 0.000000 0.000000
    66 0.000000 0.000000 0.000000 -1.570796 0.000000 0.000000
    67 0.000000 0.000001 0.000000 -1.570796 0.000000 0.000000
    68 0.000000 0.000000 0.000000 -1.570796 0.000000 0.000000
    69 0.000000 0.000000 0.000000 -1.570796 0.000000 0.000000
    70 0.000000 0.000000 0.000000 -1.570796 0.000000 0.000000
    71 0.000000 0.000000 0.000000 -1.570796 0.000000 0.000000
    72 0.000000 0.000000 0.000000 -1.570796 0.000000 0.000000
    73 0.000000 0.000000 0.000000 -1.570796 0.000000 0.000000
    74 -2.000000 0.000000 0.000000 1.570796 0.000000 0.174533
    75 -1.500000 -0.000001 -0.250000 1.570796 0.000000 0.000000
    76 -1.000000 0.250000 0.500000 1.570796 0.000000 0.000000
    77 0.000000 0.000000 0.000000 2.094395 0.000000 -3.141593
    78 0.000000 0.000000 0.000000 2.094395 0.000000 -3.141593
    79 0.000000 -0.200001 -0.200000 1.745329 0.000000 -3.141593
    80 0.000000 -0.000001 -0.000002 1.570796 0.000000 3.141593
    81 0.000000 0.000000 0.000000 1.570796 0.000000 -3.141593
    82 0.000000 0.000000 -0.000002 1.570796 0.000000 -3.141593
    83 0.000000 0.000000 0.000000 1.570796 0.000000 3.141593
    84 -0.000002 0.000000 0.000000 1.570796 0.000000 3.141593
    85 0.000000 0.000000 0.000000 1.570796 0.000000 3.141593
    86 0.000000 0.000000 0.000000 1.570796 0.000000 3.141593
    87 0.000000 0.000000 0.000000 1.570796 0.000000 -3.141593
    88 0.000000 0.000000 0.000000 1.570796 0.000000 -3.141593
    89 0.000000 0.000000 0.000000 1.570796 0.000000 3.141593
    90 0.000000 0.000000 0.000000 1.570796 0.000000 -3.141593
    91 0.000000 0.000000 0.000000 1.570796 0.000000 -3.141593
  time 22
    0 0.000000 0.000000 0.000000 0.000000 0.000000 -0.000007
    1 0.000000 2.709942 -10.591393 0.000000 -1.570796 1.570796
    2 3.500857 9.013945 -0.640573 0.000000 -1.570796 0.000000
    3 -2.289403 -1.496114 0.973094 0.000000 0.000000 0.000000
    4 4.409996 0.000005 -0.000003 0.132261 -0.091763 0.273200
    5 10.079981 -0.000003 -0.000001 -0.000002 -0.000003 -0.539534
    6 0.000000 -0.000001 0.000000 -0.191064 0.000005 0.000001
    7 3.359990 0.000014 -0.000007 -0.382109 0.000000 0.000003
    8 6.719987 0.000030 -0.000015 -0.573164 -0.000002 0.000001
    9 3.500862 -5.725745 -0.640568 0.000000 -1.570795 3.141592
    10 -2.186730 3.179637 -0.996149 0.000000 0.000000 0.000000
    11 4.409998 -0.000001 0.000004 -0.327107 0.187237 0.340659
    12 10.079982 0.000014 0.000025 0.000004 0.000046 -0.688606
    13 0.000001 0.000004 0.000000 0.248600 -0.000001 0.000010
    14 3.359994 0.000032 0.000015 0.497169 -0.000007 0.000004
    15 6.719987 0.000057 0.000028 0.745762 0.000003 0.000003
    16 0.000000 0.000000 0.000000 1.565739 -0.000707 -3.140382
    17 9.466847 -18.448886 -9.024428 2.204266 0.043968 -1.673100
    18 -0.118055 -0.108981 0.513327 -0.000047 -0.086523 0.000009
    19 4.409994 -0.000012 0.000012 0.000000 0.000000 0.000000
    20 -3.422661 1.711283 0.470872 0.018364 -0.593174 -0.075895
    21 1.410028 0.000010 0.000007 0.000006 0.000009 -0.987481
    22 0.993011 -0.000001 0.000006 0.000001 -0.000006 -0.761963
    23 -1.022532 1.571291 -0.406268 0.562009 -1.088038 -0.422346
    24 1.337718 0.000005 0.000002 -3.141591 -1.497669 3.135755
    25 1.180473 -0.000093 -0.000003 2.322271 -1.447922 -2.264049
    26 -0.666712 0.565948 -0.425195 0.276535 -1.168921 -0.243380
    27 1.311736 0.000006 0.000004 -3.109347 -1.501840 3.110658
    28 1.132875 -0.000003 -0.000005 -2.277655 -1.482347 2.251198
    29 -0.835869 -0.375753 -0.250998 -0.232083 -1.169899 0.124274
    30 1.303124 0.000019 0.000004 2.990854 -1.546793 -2.976011
    31 1.094648 -0.000011 -0.000003 -0.062792 -1.544912 0.032862
    32 -1.144743 -1.304737 0.171518 -0.974001 -1.088390 0.663341
    33 1.052849 0.000000 -0.000004 3.124857 -1.425270 3.135795
    34 0.916342 -0.000031 0.000001 3.141553 -1.536954 -3.129942
    35 -7.716955 -18.287500 -8.914860 0.969112 -0.021628 -1.562362
    36 -0.117880 -0.102734 -0.180849 0.000013 0.017066 0.000000
    37 4.409983 -0.000034 0.000004 0.000000 0.000000 0.000000
    38 -3.459356 1.711287 -0.541797 0.125169 -0.669906 3.034105
    39 -1.410028 -0.000005 -0.000014 0.000004 0.000001 -0.911659
    40 -0.993008 0.000010 -0.000011 0.000012 -0.000006 -0.908928
    41 -1.077398 1.571280 0.162236 0.351673 -1.124156 2.999846
    42 -1.337713 0.000003 -0.000002 3.078234 -1.322288 -3.107495
    43 -1.180471 0.000072 0.000002 0.222705 -1.503459 -0.194122
    44 -0.719599 0.565946 0.238754 -0.061928 -1.418387 -3.057538
    45 -1.311414 -0.000009 -0.000267 0.002810 -1.315827 0.001501
    46 -1.132872 0.000005 -0.000066 3.139362 -1.176202 -3.092139
    47 -1.239075 -1.304744 -0.314278 -1.430303 -0.982760 -2.003829
    48 -1.052850 0.000005 -0.000004 2.863323 -1.535755 3.140266
    49 -0.916342 0.000033 0.000003 3.130054 -1.386235 -3.118064
    50 -0.900585 -0.375762 0.090056 -0.779868 -1.244725 -2.521915
    51 -1.303123 -0.000014 0.000008 -0.004240 -1.451229 -0.001012
    52 -1.094650 0.000007 0.000003 -2.577326 -1.476285 2.574417
    53 0.000000 0.000000 0.000000 0.000000 0.000000 0.000000
    54 0.000000 0.000000 0.000000 0.000000 0.000000 -1.570796
    55 0.000000 0.000000 0.000000 0.000000 0.000000 -1.570796
    56 -2.000000 0.000000 0.000000 -1.570796 0.000000 0.174533
    57 -1.500000 0.000002 0.000000 -1.570796 0.000000 0.000000
    58 0.000000 0.500000 0.000000 -1.570796 0.261799 0.000000
    59 -0.000001 0.000000 0.000000 -3.141593 0.174533 0.000000
    60 0.000000 0.000000 -0.000001 -3.141593 0.174533 0.174533
    61 0.000000 0.000000 0.000000 -3.141593 0.349066 -0.174533
    62 0.000000 0.000000 0.000000 -1.570796 0.000000 0.000000
    63 0.000000 0.000000 0.000000 -1.570796 0.000000 0.000000
    64 0.000000 0.000000 0.000000 -1.570796 0.000000 0.000000
    65 0.000000 0.000000 0.000002 -1.570796 0.000000 0.000000
    66 0.000000 0.000000 0.000000 -1.570796 0.000000 0.000000
    67 0.000000 0.000001 0.000000 -1.570796 0.000000 0.000000
    68 0.000000 0.000000 0.000000 -1.570796 0.000000 0.000000
    69 0.000000 0.000000 0.000000 -1.570796 0.000000 0.000000
    70 0.000000 0.000000 0.000000 -1.570796 0.000000 0.000000
    71 0.000000 0.000000 0.000000 -1.570796 0.000000 0.000000
    72 0.000000 0.000000 0.000000 -1.570796 0.000000 0.000000
    73 0.000000 0.000000 0.000000 -1.570796 0.000000 0.000000
    74 -2.000000 0.000000 0.000000 1.570796 0.000000 0.174533
    75 -1.500000 -0.000001 -0.250000 1.570796 0.000000 0.000000
    76 -1.000000 0.250000 0.500000 1.570796 0.000000 0.000000
    77 0.000000 0.000000 0.000000 2.094395 0.000000 -3.141593
    78 0.000000 0.000000 0.000000 2.094395 0.000000 -3.141593
    79 0.000000 -0.200001 -0.200000 1.745329 0.000000 -3.141593
    80 0.000000 -0.000001 -0.000002 1.570796 0.000000 3.141593
    81 0.000000 0.000000 0.000000 1.570796 0.000000 -3.141593
    82 0.000000 0.000000 -0.000002 1.570796 0.000000 -3.141593
    83 0.000000 0.000000 0.000000 1.570796 0.000000 3.141593
    84 -0.000002 0.000000 0.000000 1.570796 0.000000 3.141593
    85 0.000000 0.000000 0.000000 1.570796 0.000000 3.141593
    86 0.000000 0.000000 0.000000 1.570796 0.000000 3.141593
    87 0.000000 0.000000 0.000000 1.570796 0.000000 -3.141593
    88 0.000000 0.000000 0.000000 1.570796 0.000000 -3.141593
    89 0.000000 0.000000 0.000000 1.570796 0.000000 3.141593
    90 0.000000 0.000000 0.000000 1.570796 0.000000 -3.141593
    91 0.000000 0.000000 0.000000 1.570796 0.000000 -3.141593
  time 23
    0 0.000000 0.000000 0.000000 0.000000 0.000000 -0.000007
    1 0.000000 2.709942 -10.591393 0.000000 -1.570796 1.570796
    2 3.500857 9.013945 -0.640573 0.000000 -1.570796 0.000000
    3 -2.289403 -1.496114 0.973094 0.000000 0.000000 0.000000
    4 4.409996 0.000005 -0.000003 0.132628 -0.091267 0.268624
    5 10.079981 -0.000003 -0.000001 -0.000002 -0.000003 -0.537103
    6 0.000000 -0.000001 0.000000 -0.192300 0.000005 0.000001
    7 3.359990 0.000014 -0.000007 -0.384633 0.000000 0.000003
    8 6.719987 0.000030 -0.000015 -0.576950 -0.000002 0.000001
    9 3.500862 -5.725745 -0.640568 0.000000 -1.570795 3.141592
    10 -2.186730 3.179637 -0.996149 0.000000 0.000000 0.000000
    11 4.409998 -0.000001 0.000004 -0.336152 0.183159 0.336065
    12 10.079982 0.000014 0.000025 0.000004 0.000046 -0.684444
    13 0.000001 0.000004 0.000000 0.254412 -0.000001 0.000010
    14 3.359994 0.000032 0.000015 0.508834 -0.000007 0.000004
    15 6.719987 0.000057 0.000028 0.763260 0.000003 0.000003
    16 0.000000 0.000000 0.000000 1.567177 -0.000815 -3.140226
    17 9.427783 -18.468418 -8.899425 2.221349 0.037515 -1.678220
    18 -0.118055 -0.108981 0.513327 -0.000047 -0.086523 0.000009
    19 4.409994 -0.000012 0.000012 0.000000 0.000000 0.000000
    20 -3.422661 1.711283 0.470872 0.018364 -0.593174 -0.075895
    21 1.410028 0.000010 0.000007 0.000006 0.000009 -0.987481
    22 0.993011 -0.000001 0.000006 0.000001 -0.000006 -0.761963
    23 -1.022532 1.571291 -0.406268 0.562009 -1.088038 -0.422346
    24 1.337718 0.000005 0.000002 -3.141591 -1.497669 3.135755
    25 1.180473 -0.000093 -0.000003 2.322271 -1.447922 -2.264049
    26 -0.666712 0.565948 -0.425195 0.276535 -1.168921 -0.243380
    27 1.311736 0.000006 0.000004 -3.109347 -1.501840 3.110658
    28 1.132875 -0.000003 -0.000005 -2.277655 -1.482347 2.251198
    29 -0.835869 -0.375753 -0.250998 -0.232083 -1.169899 0.124274
    30 1.303124 0.000019 0.000004 2.990854 -1.546793 -2.976011
    31 1.094648 -0.000011 -0.000003 -0.062804 -1.544912 0.032862
    32 -1.144743 -1.304737 0.171518 -0.974001 -1.088390 0.663341
    33 1.052849 0.000000 -0.000004 3.124857 -1.425270 3.135795
    34 0.916342 -0.000031 0.000001 3.141553 -1.536954 -3.129942
    35 -7.654453 -18.291407 -8.910954 0.964881 -0.023736 -1.571763
    36 -0.117880 -0.102734 -0.180849 0.000013 0.017066 0.000000
    37 4.409983 -0.000034 0.000004 0.000000 0.000000 0.000000
    38 -3.459356 1.711287 -0.541797 0.125169 -0.669906 3.034105
    39 -1.410028 -0.000005 -0.000014 0.000004 0.000001 -0.911659
    40 -0.993008 0.000010 -0.000011 0.000012 -0.000006 -0.908928
    41 -1.077398 1.571280 0.162236 0.351673 -1.124156 2.999846
    42 -1.337713 0.000003 -0.000002 3.078234 -1.322288 -3.107495
    43 -1.180471 0.000072 0.000002 0.222693 -1.503459 -0.194122
    44 -0.719599 0.565946 0.238754 -0.061928 -1.418387 -3.057514
    45 -1.311414 -0.000009 -0.000267 0.002810 -1.315827 0.001501
    46 -1.132872 0.000005 -0.000066 3.139362 -1.176202 -3.092139
    47 -1.239075 -1.304744 -0.314278 -1.430303 -0.982760 -2.003829
    48 -1.052850 0.000005 -0.000004 2.863323 -1.535755 3.140266
    49 -0.916342 0.000033 0.000003 3.130054 -1.386235 -3.118064
    50 -0.900585 -0.375762 0.090056 -0.779868 -1.244725 -2.521915
    51 -1.303123 -0.000014 0.000008 -0.004240 -1.451229 -0.001012
    52 -1.094650 0.000007 0.000003 -2.577326 -1.476285 2.574417
    53 0.000000 0.000000 0.000000 0.000000 0.000000 0.000000
    54 0.000000 0.000000 0.000000 0.000000 0.000000 -1.570796
    55 0.000000 0.000000 0.000000 0.000000 0.000000 -1.570796
    56 -2.000000 0.000000 0.000000 -1.570796 0.000000 0.174533
    57 -1.500000 0.000002 0.000000 -1.570796 0.000000 0.000000
    58 0.000000 0.500000 0.000000 -1.570796 0.261799 0.000000
    59 -0.000001 0.000000 0.000000 -3.141593 0.174533 0.000000
    60 0.000000 0.000000 -0.000001 -3.141593 0.174533 0.174533
    61 0.000000 0.000000 0.000000 -3.141593 0.349066 -0.174533
    62 0.000000 0.000000 0.000000 -1.570796 0.000000 0.000000
    63 0.000000 0.000000 0.000000 -1.570796 0.000000 0.000000
    64 0.000000 0.000000 0.000000 -1.570796 0.000000 0.000000
    65 0.000000 0.000000 0.000002 -1.570796 0.000000 0.000000
    66 0.000000 0.000000 0.000000 -1.570796 0.000000 0.000000
    67 0.000000 0.000001 0.000000 -1.570796 0.000000 0.000000
    68 0.000000 0.000000 0.000000 -1.570796 0.000000 0.000000
    69 0.000000 0.000000 0.000000 -1.570796 0.000000 0.000000
    70 0.000000 0.000000 0.000000 -1.570796 0.000000 0.000000
    71 0.000000 0.000000 0.000000 -1.570796 0.000000 0.000000
    72 0.000000 0.000000 0.000000 -1.570796 0.000000 0.000000
    73 0.000000 0.000000 0.000000 -1.570796 0.000000 0.000000
    74 -2.000000 0.000000 0.000000 1.570796 0.000000 0.174533
    75 -1.500000 -0.000001 -0.250000 1.570796 0.000000 0.000000
    76 -1.000000 0.250000 0.500000 1.570796 0.000000 0.000000
    77 0.000000 0.000000 0.000000 2.094395 0.000000 -3.141593
    78 0.000000 0.000000 0.000000 2.094395 0.000000 -3.141593
    79 0.000000 -0.200001 -0.200000 1.745329 0.000000 -3.141593
    80 0.000000 -0.000001 -0.000002 1.570796 0.000000 3.141593
    81 0.000000 0.000000 0.000000 1.570796 0.000000 -3.141593
    82 0.000000 0.000000 -0.000002 1.570796 0.000000 -3.141593
    83 0.000000 0.000000 0.000000 1.570796 0.000000 3.141593
    84 -0.000002 0.000000 0.000000 1.570796 0.000000 3.141593
    85 0.000000 0.000000 0.000000 1.570796 0.000000 3.141593
    86 0.000000 0.000000 0.000000 1.570796 0.000000 3.141593
    87 0.000000 0.000000 0.000000 1.570796 0.000000 -3.141593
    88 0.000000 0.000000 0.000000 1.570796 0.000000 -3.141593
    89 0.000000 0.000000 0.000000 1.570796 0.000000 3.141593
    90 0.000000 0.000000 0.000000 1.570796 0.000000 -3.141593
    91 0.000000 0.000000 0.000000 1.570796 0.000000 -3.141593
  time 24
    0 0.000000 0.000000 0.000000 0.000000 0.000000 -0.000007
    1 0.000000 2.709942 -10.591393 0.000000 -1.570796 1.570796
    2 3.500857 9.013945 -0.640573 0.000000 -1.570796 0.000000
    3 -2.289403 -1.496114 0.973094 0.000000 0.000000 0.000000
    4 4.409996 0.000005 -0.000003 0.132114 -0.091849 0.269962
    5 10.079981 -0.000003 -0.000001 -0.000002 -0.000003 -0.536521
    6 0.000000 -0.000001 0.000000 -0.198108 0.000005 0.000001
    7 3.359990 0.000014 -0.000007 -0.396197 0.000000 0.000003
    8 6.719987 0.000030 -0.000015 -0.594296 -0.000002 0.000001
    9 3.500862 -5.725745 -0.640568 0.000000 -1.570795 3.141592
    10 -2.186730 3.179637 -0.996149 0.000000 0.000000 0.000000
    11 4.409998 -0.000001 0.000004 -0.337272 0.183241 0.337635
    12 10.079982 0.000014 0.000025 0.000004 0.000046 -0.687991
    13 0.000001 0.000004 0.000000 0.254568 -0.000001 0.000010
    14 3.359994 0.000032 0.000015 0.509119 -0.000007 0.000004
    15 6.719987 0.000057 0.000028 0.763659 0.000003 0.000003
    16 0.000000 0.000000 0.000000 1.568783 -0.000515 -3.140669
    17 9.427783 -18.460605 -8.879893 2.221349 0.037515 -1.678220
    18 -0.118055 -0.108981 0.513327 -0.000047 -0.086523 0.000009
    19 4.409994 -0.000012 0.000012 0.000000 0.000000 0.000000
    20 -3.422661 1.711283 0.470872 0.018364 -0.593174 -0.075895
    21 1.410028 0.000010 0.000007 0.000006 0.000009 -0.987481
    22 0.993011 -0.000001 0.000006 0.000001 -0.000006 -0.761963
    23 -1.022532 1.571291 -0.406268 0.562009 -1.088038 -0.422346
    24 1.337718 0.000005 0.000002 -3.141591 -1.497669 3.135755
    25 1.180473 -0.000093 -0.000003 2.322271 -1.447922 -2.264049
    26 -0.666712 0.565948 -0.425195 0.276535 -1.168921 -0.243380
    27 1.311736 0.000006 0.000004 -3.109347 -1.501840 3.110658
    28 1.132875 -0.000003 -0.000005 -2.277655 -1.482347 2.251198
    29 -0.835869 -0.375753 -0.250998 -0.232083 -1.169899 0.124274
    30 1.303124 0.000019 0.000004 2.990854 -1.546793 -2.976011
    31 1.094648 -0.000011 -0.000003 -0.062804 -1.544912 0.032862
    32 -1.144743 -1.304737 0.171518 -0.974001 -1.088390 0.663341
    33 1.052849 0.000000 -0.000004 3.124857 -1.425270 3.135795
    34 0.916342 -0.000031 0.000001 3.141553 -1.536954 -3.129942
    35 -7.681798 -18.291407 -8.914860 0.941581 -0.023588 -1.584806
    36 -0.117880 -0.102734 -0.180849 0.000013 0.017066 0.000000
    37 4.409983 -0.000034 0.000004 0.000000 0.000000 0.000000
    38 -3.459356 1.711287 -0.541797 0.125169 -0.669906 3.034105
    39 -1.410028 -0.000005 -0.000014 0.000004 0.000001 -0.911659
    40 -0.993008 0.000010 -0.000011 0.000012 -0.000006 -0.908928
    41 -1.077398 1.571280 0.162236 0.351673 -1.124156 2.999846
    42 -1.337713 0.000003 -0.000002 3.078234 -1.322288 -3.107495
    43 -1.180471 0.000072 0.000002 0.222693 -1.503459 -0.194134
    44 -0.719599 0.565946 0.238754 -0.061928 -1.418387 -3.057514
    45 -1.311414 -0.000009 -0.000267 0.002810 -1.315827 0.001501
    46 -1.132872 0.000005 -0.000066 3.139362 -1.176202 -3.092139
    47 -1.239075 -1.304744 -0.314278 -1.430303 -0.982760 -2.003829
    48 -1.052850 0.000005 -0.000004 2.863323 -1.535755 3.140266
    49 -0.916342 0.000033 0.000003 3.130054 -1.386235 -3.118064
    50 -0.900585 -0.375762 0.090056 -0.779868 -1.244725 -2.521915
    51 -1.303123 -0.000014 0.000008 -0.004240 -1.451229 -0.001012
    52 -1.094650 0.000007 0.000003 -2.577326 -1.476285 2.574417
    53 0.000000 0.000000 0.000000 0.000000 0.000000 0.000000
    54 0.000000 0.000000 0.000000 0.000000 0.000000 -1.570796
    55 0.000000 0.000000 0.000000 0.000000 0.000000 -1.570796
    56 -2.000000 0.000000 0.000000 -1.570796 0.000000 0.174533
    57 -1.500000 0.000002 0.000000 -1.570796 0.000000 0.000000
    58 0.000000 0.500000 0.000000 -1.570796 0.261799 0.000000
    59 -0.000001 0.000000 0.000000 -3.141593 0.174533 0.000000
    60 0.000000 0.000000 -0.000001 -3.141593 0.174533 0.174533
    61 0.000000 0.000000 0.000000 -3.141593 0.349066 -0.174533
    62 0.000000 0.000000 0.000000 -1.570796 0.000000 0.000000
    63 0.000000 0.000000 0.000000 -1.570796 0.000000 0.000000
    64 0.000000 0.000000 0.000000 -1.570796 0.000000 0.000000
    65 0.000000 0.000000 0.000002 -1.570796 0.000000 0.000000
    66 0.000000 0.000000 0.000000 -1.570796 0.000000 0.000000
    67 0.000000 0.000001 0.000000 -1.570796 0.000000 0.000000
    68 0.000000 0.000000 0.000000 -1.570796 0.000000 0.000000
    69 0.000000 0.000000 0.000000 -1.570796 0.000000 0.000000
    70 0.000000 0.000000 0.000000 -1.570796 0.000000 0.000000
    71 0.000000 0.000000 0.000000 -1.570796 0.000000 0.000000
    72 0.000000 0.000000 0.000000 -1.570796 0.000000 0.000000
    73 0.000000 0.000000 0.000000 -1.570796 0.000000 0.000000
    74 -2.000000 0.000000 0.000000 1.570796 0.000000 0.174533
    75 -1.500000 -0.000001 -0.250000 1.570796 0.000000 0.000000
    76 -1.000000 0.250000 0.500000 1.570796 0.000000 0.000000
    77 0.000000 0.000000 0.000000 2.094395 0.000000 -3.141593
    78 0.000000 0.000000 0.000000 2.094395 0.000000 -3.141593
    79 0.000000 -0.200001 -0.200000 1.745329 0.000000 -3.141593
    80 0.000000 -0.000001 -0.000002 1.570796 0.000000 3.141593
    81 0.000000 0.000000 0.000000 1.570796 0.000000 -3.141593
    82 0.000000 0.000000 -0.000002 1.570796 0.000000 -3.141593
    83 0.000000 0.000000 0.000000 1.570796 0.000000 3.141593
    84 -0.000002 0.000000 0.000000 1.570796 0.000000 3.141593
    85 0.000000 0.000000 0.000000 1.570796 0.000000 3.141593
    86 0.000000 0.000000 0.000000 1.570796 0.000000 3.141593
    87 0.000000 0.000000 0.000000 1.570796 0.000000 -3.141593
    88 0.000000 0.000000 0.000000 1.570796 0.000000 -3.141593
    89 0.000000 0.000000 0.000000 1.570796 0.000000 3.141593
    90 0.000000 0.000000 0.000000 1.570796 0.000000 -3.141593
    91 0.000000 0.000000 0.000000 1.570796 0.000000 -3.141593
  time 25
    0 0.000000 0.000000 0.000000 0.000000 0.000000 -0.000007
    1 0.000000 2.709942 -10.591393 0.000000 -1.570796 1.570796
    2 3.500857 9.013945 -0.640573 0.000000 -1.570796 0.000000
    3 -2.289403 -1.496114 0.973094 0.000000 0.000000 0.000000
    4 4.409996 0.000005 -0.000003 0.131307 -0.092733 0.273589
    5 10.079981 -0.000003 -0.000001 -0.000002 -0.000003 -0.537103
    6 0.000000 -0.000001 0.000000 -0.204675 0.000005 0.000001
    7 3.359990 0.000014 -0.000007 -0.409332 0.000000 0.000003
    8 6.719987 0.000030 -0.000015 -0.614037 -0.000002 0.000001
    9 3.500862 -5.725745 -0.640568 0.000000 -1.570795 3.141592
    10 -2.186730 3.179637 -0.996149 0.000000 0.000000 0.000000
    11 4.409998 -0.000001 0.000004 -0.337294 0.183601 0.338918
    12 10.079982 0.000014 0.000025 0.000004 0.000046 -0.693382
    13 0.000001 0.000004 0.000000 0.254532 -0.000001 0.000010
    14 3.359994 0.000032 0.000015 0.509062 -0.000007 0.000004
    15 6.719987 0.000057 0.000028 0.763602 0.000003 0.000003
    16 0.000000 0.000000 0.000000 1.570149 -0.000180 -3.141292
    17 9.404345 -18.437167 -8.868174 2.221349 0.037515 -1.678220
    18 -0.118055 -0.108981 0.513327 -0.000047 -0.086523 0.000009
    19 4.409994 -0.000012 0.000012 0.000000 0.000000 0.000000
    20 -3.422661 1.711283 0.470872 0.018364 -0.593174 -0.075895
    21 1.410028 0.000010 0.000007 0.000006 0.000009 -0.987481
    22 0.993011 -0.000001 0.000006 0.000001 -0.000006 -0.761963
    23 -1.022532 1.571291 -0.406268 0.562009 -1.088038 -0.422346
    24 1.337718 0.000005 0.000002 -3.141591 -1.497669 3.135755
    25 1.180473 -0.000093 -0.000003 2.322271 -1.447922 -2.264049
    26 -0.666712 0.565948 -0.425195 0.276535 -1.168921 -0.243380
    27 1.311736 0.000006 0.000004 -3.109347 -1.501840 3.110658
    28 1.132875 -0.000003 -0.000005 -2.277655 -1.482347 2.251198
    29 -0.835869 -0.375753 -0.250998 -0.232083 -1.169899 0.124274
    30 1.303124 0.000019 0.000004 2.990854 -1.546793 -2.976011
    31 1.094648 -0.000011 -0.000003 -0.062804 -1.544912 0.032862
    32 -1.144743 -1.304737 0.171518 -0.974001 -1.088390 0.663341
    33 1.052849 0.000000 -0.000004 3.124857 -1.425270 3.135795
    34 0.916342 -0.000031 0.000001 3.141553 -1.536954 -3.129942
    35 -7.744300 -18.287500 -8.942204 0.914713 -0.022479 -1.596748
    36 -0.117880 -0.102734 -0.180849 0.000013 0.017066 0.000000
    37 4.409983 -0.000034 0.000004 0.000000 0.000000 0.000000
    38 -3.459356 1.711287 -0.541797 0.125169 -0.669906 3.034105
    39 -1.410028 -0.000005 -0.000014 0.000004 0.000001 -0.911659
    40 -0.993008 0.000010 -0.000011 0.000012 -0.000006 -0.908928
    41 -1.077398 1.571280 0.162236 0.351673 -1.124156 2.999846
    42 -1.337713 0.000003 -0.000002 3.078234 -1.322288 -3.107495
    43 -1.180471 0.000072 0.000002 0.222705 -1.503459 -0.194122
    44 -0.719599 0.565946 0.238754 -0.061928 -1.418387 -3.057514
    45 -1.311414 -0.000009 -0.000267 0.002810 -1.315827 0.001501
    46 -1.132872 0.000005 -0.000066 3.139362 -1.176202 -3.092139
    47 -1.239075 -1.304744 -0.314278 -1.430303 -0.982760 -2.003829
    48 -1.052850 0.000005 -0.000004 2.863323 -1.535755 3.140266
    49 -0.916342 0.000033 0.000003 3.130054 -1.386235 -3.118064
    50 -0.900585 -0.375762 0.090056 -0.779868 -1.244725 -2.521915
    51 -1.303123 -0.000014 0.000008 -0.004240 -1.451229 -0.001012
    52 -1.094650 0.000007 0.000003 -2.577326 -1.476285 2.574417
    53 0.000000 0.000000 0.000000 0.000000 0.000000 0.000000
    54 0.000000 0.000000 0.000000 0.000000 0.000000 -1.570796
    55 0.000000 0.000000 0.000000 0.000000 0.000000 -1.570796
    56 -2.000000 0.000000 0.000000 -1.570796 0.000000 0.174533
    57 -1.500000 0.000002 0.000000 -1.570796 0.000000 0.000000
    58 0.000000 0.500000 0.000000 -1.570796 0.261799 0.000000
    59 -0.000001 0.000000 0.000000 -3.141593 0.174533 0.000000
    60 0.000000 0.000000 -0.000001 -3.141593 0.174533 0.174533
    61 0.000000 0.000000 0.000000 -3.141593 0.349066 -0.174533
    62 0.000000 0.000000 0.000000 -1.570796 0.000000 0.000000
    63 0.000000 0.000000 0.000000 -1.570796 0.000000 0.000000
    64 0.000000 0.000000 0.000000 -1.570796 0.000000 0.000000
    65 0.000000 0.000000 0.000002 -1.570796 0.000000 0.000000
    66 0.000000 0.000000 0.000000 -1.570796 0.000000 0.000000
    67 0.000000 0.000001 0.000000 -1.570796 0.000000 0.000000
    68 0.000000 0.000000 0.000000 -1.570796 0.000000 0.000000
    69 0.000000 0.000000 0.000000 -1.570796 0.000000 0.000000
    70 0.000000 0.000000 0.000000 -1.570796 0.000000 0.000000
    71 0.000000 0.000000 0.000000 -1.570796 0.000000 0.000000
    72 0.000000 0.000000 0.000000 -1.570796 0.000000 0.000000
    73 0.000000 0.000000 0.000000 -1.570796 0.000000 0.000000
    74 -2.000000 0.000000 0.000000 1.570796 0.000000 0.174533
    75 -1.500000 -0.000001 -0.250000 1.570796 0.000000 0.000000
    76 -1.000000 0.250000 0.500000 1.570796 0.000000 0.000000
    77 0.000000 0.000000 0.000000 2.094395 0.000000 -3.141593
    78 0.000000 0.000000 0.000000 2.094395 0.000000 -3.141593
    79 0.000000 -0.200001 -0.200000 1.745329 0.000000 -3.141593
    80 0.000000 -0.000001 -0.000002 1.570796 0.000000 3.141593
    81 0.000000 0.000000 0.000000 1.570796 0.000000 -3.141593
    82 0.000000 0.000000 -0.000002 1.570796 0.000000 -3.141593
    83 0.000000 0.000000 0.000000 1.570796 0.000000 3.141593
    84 -0.000002 0.000000 0.000000 1.570796 0.000000 3.141593
    85 0.000000 0.000000 0.000000 1.570796 0.000000 3.141593
    86 0.000000 0.000000 0.000000 1.570796 0.000000 3.141593
    87 0.000000 0.000000 0.000000 1.570796 0.000000 -3.141593
    88 0.000000 0.000000 0.000000 1.570796 0.000000 -3.141593
    89 0.000000 0.000000 0.000000 1.570796 0.000000 3.141593
    90 0.000000 0.000000 0.000000 1.570796 0.000000 -3.141593
    91 0.000000 0.000000 0.000000 1.570796 0.000000 -3.141593
  time 26
    0 0.000000 0.000000 0.000000 0.000000 0.000000 -0.000007
    1 0.000000 2.709942 -10.591393 0.000000 -1.570796 1.570796
    2 3.500857 9.013945 -0.640573 0.000000 -1.570796 0.000000
    3 -2.289403 -1.496114 0.973094 0.000000 0.000000 0.000000
    4 4.409996 0.000005 -0.000003 0.130940 -0.093229 0.275618
    5 10.079981 -0.000003 -0.000001 -0.000002 -0.000003 -0.537314
    6 0.000000 -0.000001 0.000000 -0.208255 0.000005 0.000001
    7 3.359990 0.000014 -0.000007 -0.416518 0.000000 0.000003
    8 6.719987 0.000030 -0.000015 -0.624777 -0.000002 0.000001
    9 3.500862 -5.725745 -0.640568 0.000000 -1.570795 3.141592
    10 -2.186730 3.179637 -0.996149 0.000000 0.000000 0.000000
    11 4.409998 -0.000001 0.000004 -0.337182 0.183847 0.339603
    12 10.079982 0.000014 0.000025 0.000004 0.000046 -0.696740
    13 0.000001 0.000004 0.000000 0.254496 -0.000001 0.000010
    14 3.359994 0.000032 0.000015 0.508986 -0.000007 0.000004
    15 6.719987 0.000057 0.000028 0.763488 0.000003 0.000003
    16 0.000000 0.000000 0.000000 1.570796 0.000000 -3.141592
    17 9.388720 -18.429354 -8.868174 2.221349 0.037515 -1.678220
    18 -0.118055 -0.108981 0.513327 -0.000047 -0.086523 0.000009
    19 4.409994 -0.000012 0.000012 0.000000 0.000000 0.000000
    20 -3.422661 1.711283 0.470872 0.018364 -0.593174 -0.075895
    21 1.410028 0.000010 0.000007 0.000006 0.000009 -0.987481
    22 0.993011 -0.000001 0.000006 0.000001 -0.000006 -0.761963
    23 -1.022532 1.571291 -0.406268 0.562009 -1.088038 -0.422346
    24 1.337718 0.000005 0.000002 -3.141591 -1.497669 3.135755
    25 1.180473 -0.000093 -0.000003 2.322271 -1.447922 -2.264049
    26 -0.666712 0.565948 -0.425195 0.276535 -1.168921 -0.243380
    27 1.311736 0.000006 0.000004 -3.109347 -1.501840 3.110658
    28 1.132875 -0.000003 -0.000005 -2.277655 -1.482347 2.251198
    29 -0.835869 -0.375753 -0.250998 -0.232083 -1.169899 0.124274
    30 1.303124 0.000019 0.000004 2.990854 -1.546793 -2.976011
    31 1.094648 -0.000011 -0.000003 -0.062804 -1.544912 0.032862
    32 -1.144743 -1.304737 0.171518 -0.974001 -1.088390 0.663341
    33 1.052849 0.000000 -0.000004 3.124857 -1.425270 3.135795
    34 0.916342 -0.000031 0.000001 3.141553 -1.536954 -3.129942
    35 -7.779457 -18.287500 -8.942204 0.900063 -0.021850 -1.603185
    36 -0.117880 -0.102734 -0.180849 0.000013 0.017066 0.000000
    37 4.409983 -0.000034 0.000004 0.000000 0.000000 0.000000
    38 -3.459356 1.711287 -0.541797 0.125169 -0.669906 3.034105
    39 -1.410028 -0.000005 -0.000014 0.000004 0.000001 -0.911659
    40 -0.993008 0.000010 -0.000011 0.000000 -0.000006 -0.908928
    41 -1.077398 1.571280 0.162236 0.351673 -1.124156 2.999846
    42 -1.337713 0.000003 -0.000002 3.078234 -1.322288 -3.107495
    43 -1.180471 0.000072 0.000002 0.222693 -1.503459 -0.194122
    44 -0.719599 0.565946 0.238754 -0.061928 -1.418387 -3.057538
    45 -1.311414 -0.000009 -0.000267 0.002810 -1.315827 0.001501
    46 -1.132872 0.000005 -0.000066 3.139362 -1.176202 -3.092139
    47 -1.239075 -1.304744 -0.314278 -1.430303 -0.982760 -2.003829
    48 -1.052850 0.000005 -0.000004 2.863323 -1.535755 3.140266
    49 -0.916342 0.000033 0.000003 3.130054 -1.386235 -3.118064
    50 -0.900585 -0.375762 0.090056 -0.779868 -1.244725 -2.521915
    51 -1.303123 -0.000014 0.000008 -0.004240 -1.451229 -0.001012
    52 -1.094650 0.000007 0.000003 -2.577326 -1.476285 2.574417
    53 0.000000 0.000000 0.000000 0.000000 0.000000 0.000000
    54 0.000000 0.000000 0.000000 0.000000 0.000000 -1.570796
    55 0.000000 0.000000 0.000000 0.000000 0.000000 -1.570796
    56 -2.000000 0.000000 0.000000 -1.570796 0.000000 0.174533
    57 -1.500000 0.000002 0.000000 -1.570796 0.000000 0.000000
    58 0.000000 0.500000 0.000000 -1.570796 0.261799 0.000000
    59 -0.000001 0.000000 0.000000 -3.141593 0.174533 0.000000
    60 0.000000 0.000000 -0.000001 -3.141593 0.174533 0.174533
    61 0.000000 0.000000 0.000000 -3.141593 0.349066 -0.174533
    62 0.000000 0.000000 0.000000 -1.570796 0.000000 0.000000
    63 0.000000 0.000000 0.000000 -1.570796 0.000000 0.000000
    64 0.000000 0.000000 0.000000 -1.570796 0.000000 0.000000
    65 0.000000 0.000000 0.000002 -1.570796 0.000000 0.000000
    66 0.000000 0.000000 0.000000 -1.570796 0.000000 0.000000
    67 0.000000 0.000001 0.000000 -1.570796 0.000000 0.000000
    68 0.000000 0.000000 0.000000 -1.570796 0.000000 0.000000
    69 0.000000 0.000000 0.000000 -1.570796 0.000000 0.000000
    70 0.000000 0.000000 0.000000 -1.570796 0.000000 0.000000
    71 0.000000 0.000000 0.000000 -1.570796 0.000000 0.000000
    72 0.000000 0.000000 0.000000 -1.570796 0.000000 0.000000
    73 0.000000 0.000000 0.000000 -1.570796 0.000000 0.000000
    74 -2.000000 0.000000 0.000000 1.570796 0.000000 0.174533
    75 -1.500000 -0.000001 -0.250000 1.570796 0.000000 0.000000
    76 -1.000000 0.250000 0.500000 1.570796 0.000000 0.000000
    77 0.000000 0.000000 0.000000 2.094395 0.000000 -3.141593
    78 0.000000 0.000000 0.000000 2.094395 0.000000 -3.141593
    79 0.000000 -0.200001 -0.200000 1.745329 0.000000 -3.141593
    80 0.000000 -0.000001 -0.000002 1.570796 0.000000 3.141593
    81 0.000000 0.000000 0.000000 1.570796 0.000000 -3.141593
    82 0.000000 0.000000 -0.000002 1.570796 0.000000 -3.141593
    83 0.000000 0.000000 0.000000 1.570796 0.000000 3.141593
    84 -0.000002 0.000000 0.000000 1.570796 0.000000 3.141593
    85 0.000000 0.000000 0.000000 1.570796 0.000000 3.141593
    86 0.000000 0.000000 0.000000 1.570796 0.000000 3.141593
    87 0.000000 0.000000 0.000000 1.570796 0.000000 -3.141593
    88 0.000000 0.000000 0.000000 1.570796 0.000000 -3.141593
    89 0.000000 0.000000 0.000000 1.570796 0.000000 3.141593
    90 0.000000 0.000000 0.000000 1.570796 0.000000 -3.141593
    91 0.000000 0.000000 0.000000 1.570796 0.000000 -3.141593
end
