// Created by Crowbar 0.74
version 1
nodes
  0 "NMRiH_FPS_Arms_Control_World" -1
  1 "NMRiH_FPS_Arms_Control_Root" 0
  2 "NMRiH_FPS_Arms_Control_RightCollar-Brk" 1
  3 "NMRiH_FPS_Arms_Control_RightCollar" 2
  4 "NMRiH_FPS_Arms_Control_RightShoulder" 3
  5 "NMRiH_FPS_Arms_Control_RightElbow" 4
  6 "NMRiH_FPS_Arms_Control_RightElbowTwist1" 5
  7 "NMRiH_FPS_Arms_Control_RightElbowTwist2" 5
  8 "NMRiH_FPS_Arms_Control_RightElbowTwist3" 5
  9 "NMRiH_FPS_Arms_Control_LeftCollar-Brk" 1
  10 "NMRiH_FPS_Arms_Control_LeftCollar" 9
  11 "NMRiH_FPS_Arms_Control_LeftShoulder" 10
  12 "NMRiH_FPS_Arms_Control_LeftElbow" 11
  13 "NMRiH_FPS_Arms_Control_LeftElbowTwist1" 12
  14 "NMRiH_FPS_Arms_Control_LeftElbowTwist2" 12
  15 "NMRiH_FPS_Arms_Control_LeftElbowTwist3" 12
  16 "camera_bone" 0
  17 "SphereGizmo01" -1
  18 "NMRiH_FPS_Arms_Control_LeftWrist" 17
  19 "NMRiH_FPS_Arms_Control_PSNULL47" 18
  20 "Thumb1" 19
  21 "Thumb2" 20
  22 "Thumb3" 21
  23 "Index1" 19
  24 "Index2" 23
  25 "Index3" 24
  26 "Middle1" 19
  27 "Middle2" 26
  28 "Middle3" 27
  29 "Ring1" 19
  30 "Ring2" 29
  31 "Ring3" 30
  32 "Pinky1" 19
  33 "Pinky2" 32
  34 "Pinky3" 33
  35 "SphereGizmo02" -1
  36 "NMRiH_FPS_Arms_Control_RightWrist" 35
  37 "NMRiH_FPS_Arms_Control_PSNULL20" 36
  38 "Thumb04" 37
  39 "Thumb05" 38
  40 "Thumb06" 39
  41 "Index06" 37
  42 "Index04" 41
  43 "Index05" 42
  44 "Middle06" 37
  45 "Middle04" 44
  46 "Middle05" 45
  47 "Pinky04" 37
  48 "Pinky05" 47
  49 "Pinky06" 48
  50 "Ring06" 37
  51 "Ring04" 50
  52 "Ring05" 51
  53 "ValveBiped.Bip01_Spine4" 1
  54 "ValveBiped.Bip01_L_Clavicle" -1
  55 "ValveBiped.Bip01_R_Clavicle" -1
  56 "ValveBiped.Bip01_L_UpperArm" 11
  57 "ValveBiped.Bip01_L_Forearm" 12
  58 "ValveBiped.Bip01_L_Hand" 18
  59 "ValveBiped.Bip01_L_Finger0" 20
  60 "ValveBiped.Bip01_L_Finger01" 21
  61 "ValveBiped.Bip01_L_Finger02" 22
  62 "ValveBiped.Bip01_L_Finger1" 23
  63 "ValveBiped.Bip01_L_Finger11" 24
  64 "ValveBiped.Bip01_L_Finger12" 25
  65 "ValveBiped.Bip01_L_Finger2" 26
  66 "ValveBiped.Bip01_L_Finger21" 27
  67 "ValveBiped.Bip01_L_Finger22" 28
  68 "ValveBiped.Bip01_L_Finger3" 29
  69 "ValveBiped.Bip01_L_Finger31" 30
  70 "ValveBiped.Bip01_L_Finger32" 31
  71 "ValveBiped.Bip01_L_Finger4" 32
  72 "ValveBiped.Bip01_L_Finger41" 33
  73 "ValveBiped.Bip01_L_Finger42" 34
  74 "ValveBiped.Bip01_R_UpperArm" 4
  75 "ValveBiped.Bip01_R_Forearm" 5
  76 "ValveBiped.Bip01_R_Hand" 36
  77 "ValveBiped.Bip01_R_Finger0" 38
  78 "ValveBiped.Bip01_R_Finger01" 39
  79 "ValveBiped.Bip01_R_Finger02" 40
  80 "ValveBiped.Bip01_R_Finger1" 41
  81 "ValveBiped.Bip01_R_Finger11" 42
  82 "ValveBiped.Bip01_R_Finger12" 43
  83 "ValveBiped.Bip01_R_Finger2" 44
  84 "ValveBiped.Bip01_R_Finger21" 45
  85 "ValveBiped.Bip01_R_Finger22" 46
  86 "ValveBiped.Bip01_R_Finger3" 50
  87 "ValveBiped.Bip01_R_Finger31" 51
  88 "ValveBiped.Bip01_R_Finger32" 52
  89 "ValveBiped.Bip01_R_Finger4" 47
  90 "ValveBiped.Bip01_R_Finger41" 48
  91 "ValveBiped.Bip01_R_Finger42" 49
end
skeleton
  time 0
    0 0.000000 0.000000 0.000000 0.000000 0.000000 -0.000007
    1 0.000000 2.709942 -10.591393 0.000000 -1.570796 1.570796
    2 3.500857 9.013945 -0.640573 0.000000 -1.570796 0.000000
    3 -2.289403 -1.496114 0.973094 0.000000 0.000000 0.000000
    4 4.409996 0.000005 -0.000003 0.130940 -0.093229 0.275618
    5 10.079981 -0.000003 -0.000001 -0.000002 -0.000003 -0.537314
    6 0.000000 -0.000001 0.000000 -0.208255 0.000005 0.000001
    7 3.359990 0.000014 -0.000007 -0.416518 0.000000 0.000003
    8 6.719987 0.000030 -0.000015 -0.624777 -0.000002 0.000001
    9 3.500862 -5.725745 -0.640568 0.000000 -1.570795 3.141592
    10 -2.186730 3.179637 -0.996149 0.000000 0.000000 0.000000
    11 4.409998 -0.000001 0.000004 -0.337182 0.183847 0.339603
    12 10.079982 0.000014 0.000025 0.000004 0.000046 -0.696740
    13 0.000001 0.000004 0.000000 0.254496 -0.000001 0.000010
    14 3.359994 0.000032 0.000015 0.508986 -0.000007 0.000004
    15 6.719987 0.000057 0.000028 0.763488 0.000003 0.000003
    16 0.000000 0.000000 0.000000 1.570796 0.000000 -3.141592
    17 9.388720 -18.429354 -8.868174 2.221349 0.037515 -1.678220
    18 -0.118055 -0.108981 0.513327 -0.000047 -0.086523 0.000009
    19 4.409994 -0.000012 0.000012 0.000000 0.000000 0.000000
    20 -3.422661 1.711283 0.470872 0.018364 -0.593174 -0.075895
    21 1.410028 0.000010 0.000007 0.000006 0.000009 -0.987481
    22 0.993011 -0.000001 0.000006 0.000001 -0.000006 -0.761963
    23 -1.022532 1.571291 -0.406268 0.562009 -1.088038 -0.422346
    24 1.337718 0.000005 0.000002 -3.141591 -1.497669 3.135755
    25 1.180473 -0.000093 -0.000003 2.322271 -1.447922 -2.264049
    26 -0.666712 0.565948 -0.425195 0.276535 -1.168921 -0.243380
    27 1.311736 0.000006 0.000004 -3.109347 -1.501840 3.110658
    28 1.132875 -0.000003 -0.000005 -2.277655 -1.482347 2.251198
    29 -0.835869 -0.375753 -0.250998 -0.232083 -1.169899 0.124274
    30 1.303124 0.000019 0.000004 2.990854 -1.546793 -2.976011
    31 1.094648 -0.000011 -0.000003 -0.062804 -1.544912 0.032862
    32 -1.144743 -1.304737 0.171518 -0.974001 -1.088390 0.663341
    33 1.052849 0.000000 -0.000004 3.124857 -1.425270 3.135795
    34 0.916342 -0.000031 0.000001 3.141553 -1.536954 -3.129942
    35 -7.779457 -18.287500 -8.942204 0.900063 -0.021850 -1.603185
    36 -0.117880 -0.102734 -0.180849 0.000013 0.017066 0.000000
    37 4.409983 -0.000034 0.000004 0.000000 0.000000 0.000000
    38 -3.459356 1.711287 -0.541797 0.125169 -0.669906 3.034105
    39 -1.410028 -0.000005 -0.000014 0.000004 0.000001 -0.911659
    40 -0.993008 0.000010 -0.000011 0.000012 -0.000006 -0.908928
    41 -1.077398 1.571280 0.162236 0.351673 -1.124156 2.999846
    42 -1.337713 0.000003 -0.000002 3.078234 -1.322288 -3.107495
    43 -1.180471 0.000072 0.000002 0.222693 -1.503459 -0.194122
    44 -0.719599 0.565946 0.238754 -0.061928 -1.418387 -3.057538
    45 -1.311414 -0.000009 -0.000267 0.002810 -1.315827 0.001501
    46 -1.132872 0.000005 -0.000066 3.139362 -1.176202 -3.092139
    47 -1.239075 -1.304744 -0.314278 -1.430303 -0.982760 -2.003829
    48 -1.052850 0.000005 -0.000004 2.863323 -1.535755 3.140266
    49 -0.916342 0.000033 0.000003 3.130054 -1.386235 -3.118064
    50 -0.900585 -0.375762 0.090056 -0.779868 -1.244725 -2.521915
    51 -1.303123 -0.000014 0.000008 -0.004240 -1.451229 -0.001012
    52 -1.094650 0.000007 0.000003 -2.577326 -1.476285 2.574417
    53 0.000000 0.000000 0.000000 0.000000 0.000000 0.000000
    54 0.000000 0.000000 0.000000 0.000000 0.000000 -1.570796
    55 0.000000 0.000000 0.000000 0.000000 0.000000 -1.570796
    56 -2.000000 0.000000 0.000000 -1.570796 0.000000 0.174533
    57 -1.500000 0.000002 0.000000 -1.570796 0.000000 0.000000
    58 0.000000 0.500000 0.000000 -1.570796 0.261799 0.000000
    59 -0.000001 0.000000 0.000000 -3.141593 0.174533 0.000000
    60 0.000000 0.000000 -0.000001 -3.141593 0.174533 0.174533
    61 0.000000 0.000000 0.000000 -3.141593 0.349066 -0.174533
    62 0.000000 0.000000 0.000000 -1.570796 0.000000 0.000000
    63 0.000000 0.000000 0.000000 -1.570796 0.000000 0.000000
    64 0.000000 0.000000 0.000000 -1.570796 0.000000 0.000000
    65 0.000000 0.000000 0.000002 -1.570796 0.000000 0.000000
    66 0.000000 0.000000 0.000000 -1.570796 0.000000 0.000000
    67 0.000000 0.000001 0.000000 -1.570796 0.000000 0.000000
    68 0.000000 0.000000 0.000000 -1.570796 0.000000 0.000000
    69 0.000000 0.000000 0.000000 -1.570796 0.000000 0.000000
    70 0.000000 0.000000 0.000000 -1.570796 0.000000 0.000000
    71 0.000000 0.000000 0.000000 -1.570796 0.000000 0.000000
    72 0.000000 0.000000 0.000000 -1.570796 0.000000 0.000000
    73 0.000000 0.000000 0.000000 -1.570796 0.000000 0.000000
    74 -2.000000 0.000000 0.000000 1.570796 0.000000 0.174533
    75 -1.500000 -0.000001 -0.250000 1.570796 0.000000 0.000000
    76 -1.000000 0.250000 0.500000 1.570796 0.000000 0.000000
    77 0.000000 0.000000 0.000000 2.094395 0.000000 -3.141593
    78 0.000000 0.000000 0.000000 2.094395 0.000000 -3.141593
    79 0.000000 -0.200001 -0.200000 1.745329 0.000000 -3.141593
    80 0.000000 -0.000001 -0.000002 1.570796 0.000000 3.141593
    81 0.000000 0.000000 0.000000 1.570796 0.000000 -3.141593
    82 0.000000 0.000000 -0.000002 1.570796 0.000000 -3.141593
    83 0.000000 0.000000 0.000000 1.570796 0.000000 3.141593
    84 -0.000002 0.000000 0.000000 1.570796 0.000000 3.141593
    85 0.000000 0.000000 0.000000 1.570796 0.000000 3.141593
    86 0.000000 0.000000 0.000000 1.570796 0.000000 3.141593
    87 0.000000 0.000000 0.000000 1.570796 0.000000 -3.141593
    88 0.000000 0.000000 0.000000 1.570796 0.000000 -3.141593
    89 0.000000 0.000000 0.000000 1.570796 0.000000 3.141593
    90 0.000000 0.000000 0.000000 1.570796 0.000000 -3.141593
    91 0.000000 0.000000 0.000000 1.570796 0.000000 -3.141593
  time 1
    0 0.000000 0.000000 0.000000 0.000000 0.000000 -0.000007
    1 0.000000 2.709942 -10.591393 0.000000 -1.570796 1.570796
    2 3.500857 9.013945 -0.640573 0.000000 -1.570796 0.000000
    3 -2.289403 -1.496114 0.973094 0.000000 0.000000 0.000000
    4 4.409996 0.000005 -0.000003 0.129032 -0.107651 0.517567
    5 10.079981 -0.000003 -0.000001 -0.000002 -0.000003 -0.953140
    6 0.000000 -0.000001 0.000000 -0.221004 0.000005 0.000001
    7 3.359990 0.000014 -0.000007 -0.441990 0.000000 0.000003
    8 6.719987 0.000030 -0.000015 -0.662984 -0.000002 0.000001
    9 3.500862 -5.725745 -0.640568 0.000000 -1.570795 3.141592
    10 -2.096883 3.179637 -0.996149 0.000000 0.000000 0.000000
    11 4.409998 -0.000001 0.000004 -0.343630 0.181849 0.338490
    12 10.079982 0.000014 0.000025 0.000004 0.000046 -0.746396
    13 0.000001 0.000004 0.000000 0.265654 -0.000001 0.000010
    14 3.359994 0.000032 0.000015 0.531309 -0.000007 0.000004
    15 6.719987 0.000057 0.000028 0.796945 0.000003 0.000003
    16 0.000000 0.000000 0.000000 1.568351 0.005345 -3.146134
    17 8.912143 -18.366852 -8.586915 2.262797 0.021218 -1.712111
    18 -0.118055 -0.108981 0.513327 -0.000047 -0.086523 0.000009
    19 4.409994 -0.000012 0.000012 0.000000 0.000000 0.000000
    20 -3.422661 1.711283 0.470872 0.018364 -0.593174 -0.075895
    21 1.410028 0.000010 0.000007 0.000006 0.000009 -0.987481
    22 0.993011 -0.000001 0.000006 0.000001 -0.000006 -0.761963
    23 -1.022532 1.571291 -0.406268 0.562009 -1.088038 -0.422346
    24 1.337718 0.000005 0.000002 -3.141591 -1.497669 3.135755
    25 1.180473 -0.000093 -0.000003 2.322271 -1.447922 -2.264049
    26 -0.666712 0.565948 -0.425195 0.276535 -1.168921 -0.243380
    27 1.311736 0.000006 0.000004 -3.109347 -1.501840 3.110658
    28 1.132875 -0.000003 -0.000005 -2.277655 -1.482347 2.251198
    29 -0.835869 -0.375753 -0.250998 -0.232083 -1.169899 0.124274
    30 1.303124 0.000019 0.000004 2.990854 -1.546793 -2.976011
    31 1.094648 -0.000011 -0.000003 -0.062792 -1.544912 0.032862
    32 -1.144743 -1.304737 0.171518 -0.974001 -1.088390 0.663341
    33 1.052849 0.000000 -0.000004 3.124857 -1.425270 3.135795
    34 0.916342 -0.000031 0.000001 3.141553 -1.536954 -3.129942
    35 -8.396663 -16.760110 -8.528129 0.855451 -0.018153 -1.570662
    36 -0.117880 -0.102734 -0.180849 0.000013 0.017066 0.000000
    37 4.409983 -0.000034 0.000004 0.000000 0.000000 0.000000
    38 -3.459356 1.711287 -0.541797 0.125169 -0.669906 3.034105
    39 -1.410028 -0.000005 -0.000014 0.000004 0.000001 -0.911659
    40 -0.993008 0.000010 -0.000011 0.000012 -0.000006 -0.908928
    41 -1.077398 1.571280 0.162236 0.351673 -1.124156 2.999846
    42 -1.337713 0.000003 -0.000002 3.078234 -1.322288 -3.107495
    43 -1.180471 0.000072 0.000002 0.222693 -1.503459 -0.194122
    44 -0.719599 0.565946 0.238754 -0.061928 -1.418387 -3.057514
    45 -1.311414 -0.000009 -0.000267 0.002810 -1.315827 0.001501
    46 -1.132872 0.000005 -0.000066 3.139362 -1.176202 -3.092139
    47 -1.239075 -1.304744 -0.314278 -1.430303 -0.982760 -2.003829
    48 -1.052850 0.000005 -0.000004 2.863323 -1.535755 3.140266
    49 -0.916342 0.000033 0.000003 3.130054 -1.386235 -3.118064
    50 -0.900585 -0.375762 0.090056 -0.779868 -1.244725 -2.521915
    51 -1.303123 -0.000014 0.000008 -0.004240 -1.451229 -0.001012
    52 -1.094650 0.000007 0.000003 -2.577326 -1.476285 2.574417
    53 0.000000 0.000000 0.000000 0.000000 0.000000 0.000000
    54 0.000000 0.000000 0.000000 0.000000 0.000000 -1.570796
    55 0.000000 0.000000 0.000000 0.000000 0.000000 -1.570796
    56 -2.000000 0.000000 0.000000 -1.570796 0.000000 0.174533
    57 -1.500000 0.000002 0.000000 -1.570796 0.000000 0.000000
    58 0.000000 0.500000 0.000000 -1.570796 0.261799 0.000000
    59 -0.000001 0.000000 0.000000 -3.141593 0.174533 0.000000
    60 0.000000 0.000000 -0.000001 -3.141593 0.174533 0.174533
    61 0.000000 0.000000 0.000000 -3.141593 0.349066 -0.174533
    62 0.000000 0.000000 0.000000 -1.570796 0.000000 0.000000
    63 0.000000 0.000000 0.000000 -1.570796 0.000000 0.000000
    64 0.000000 0.000000 0.000000 -1.570796 0.000000 0.000000
    65 0.000000 0.000000 0.000002 -1.570796 0.000000 0.000000
    66 0.000000 0.000000 0.000000 -1.570796 0.000000 0.000000
    67 0.000000 0.000001 0.000000 -1.570796 0.000000 0.000000
    68 0.000000 0.000000 0.000000 -1.570796 0.000000 0.000000
    69 0.000000 0.000000 0.000000 -1.570796 0.000000 0.000000
    70 0.000000 0.000000 0.000000 -1.570796 0.000000 0.000000
    71 0.000000 0.000000 0.000000 -1.570796 0.000000 0.000000
    72 0.000000 0.000000 0.000000 -1.570796 0.000000 0.000000
    73 0.000000 0.000000 0.000000 -1.570796 0.000000 0.000000
    74 -2.000000 0.000000 0.000000 1.570796 0.000000 0.174533
    75 -1.500000 -0.000001 -0.250000 1.570796 0.000000 0.000000
    76 -1.000000 0.250000 0.500000 1.570796 0.000000 0.000000
    77 0.000000 0.000000 0.000000 2.094395 0.000000 -3.141593
    78 0.000000 0.000000 0.000000 2.094395 0.000000 -3.141593
    79 0.000000 -0.200001 -0.200000 1.745329 0.000000 -3.141593
    80 0.000000 -0.000001 -0.000002 1.570796 0.000000 3.141593
    81 0.000000 0.000000 0.000000 1.570796 0.000000 -3.141593
    82 0.000000 0.000000 -0.000002 1.570796 0.000000 -3.141593
    83 0.000000 0.000000 0.000000 1.570796 0.000000 3.141593
    84 -0.000002 0.000000 0.000000 1.570796 0.000000 3.141593
    85 0.000000 0.000000 0.000000 1.570796 0.000000 3.141593
    86 0.000000 0.000000 0.000000 1.570796 0.000000 3.141593
    87 0.000000 0.000000 0.000000 1.570796 0.000000 -3.141593
    88 0.000000 0.000000 0.000000 1.570796 0.000000 -3.141593
    89 0.000000 0.000000 0.000000 1.570796 0.000000 3.141593
    90 0.000000 0.000000 0.000000 1.570796 0.000000 -3.141593
    91 0.000000 0.000000 0.000000 1.570796 0.000000 -3.141593
  time 2
    0 0.000000 0.000000 0.000000 0.000000 0.000000 -0.000007
    1 0.000000 2.709942 -10.591393 0.000000 -1.570796 1.570796
    2 3.500857 9.013945 -0.640573 0.000000 -1.570796 0.000000
    3 -2.289403 -1.496114 0.973094 0.000000 0.000000 0.000000
    4 4.409996 0.000005 -0.000003 0.153465 -0.124810 0.806490
    5 10.079981 -0.000003 -0.000001 -0.000002 -0.000003 -1.392220
    6 0.000000 -0.000001 0.000000 -0.236405 0.000005 0.000001
    7 3.359990 0.000014 -0.000007 -0.472767 0.000000 0.000003
    8 6.719987 0.000030 -0.000015 -0.709189 -0.000002 0.000001
    9 3.500862 -5.725745 -0.640568 0.000000 -1.570795 3.141592
    10 -1.905471 3.179637 -0.996149 0.000000 0.000000 0.000000
    11 4.409998 -0.000001 0.000004 -0.355518 0.175970 0.329903
    12 10.079982 0.000014 0.000025 0.000004 0.000046 -0.819697
    13 0.000001 0.000004 0.000000 0.285248 -0.000001 0.000010
    14 3.359994 0.000032 0.000015 0.570502 -0.000007 0.000004
    15 6.719987 0.000057 0.000028 0.855793 0.000003 0.000003
    16 0.000000 0.000000 0.000000 1.564540 0.013710 -3.153217
    17 8.091805 -18.257474 -8.094712 2.337465 -0.008458 -1.773048
    18 -0.118055 -0.108981 0.513327 -0.000047 -0.086523 0.000009
    19 4.409994 -0.000012 0.000012 0.000000 0.000000 0.000000
    20 -3.422661 1.711283 0.470872 0.018364 -0.593174 -0.075895
    21 1.410028 0.000010 0.000007 0.000006 0.000009 -0.987481
    22 0.993011 -0.000001 0.000006 0.000001 -0.000006 -0.761963
    23 -1.022532 1.571291 -0.406268 0.562009 -1.088038 -0.422346
    24 1.337718 0.000005 0.000002 -3.141591 -1.497669 3.135755
    25 1.180473 -0.000093 -0.000003 2.322271 -1.447922 -2.264049
    26 -0.666712 0.565948 -0.425195 0.276535 -1.168921 -0.243380
    27 1.311736 0.000006 0.000004 -3.109347 -1.501840 3.110658
    28 1.132875 -0.000003 -0.000005 -2.277655 -1.482347 2.251198
    29 -0.835869 -0.375753 -0.250998 -0.232083 -1.169899 0.124274
    30 1.303124 0.000019 0.000004 2.990854 -1.546793 -2.976011
    31 1.094648 -0.000011 -0.000003 -0.062792 -1.544912 0.032862
    32 -1.144743 -1.304737 0.171518 -0.974001 -1.088390 0.663341
    33 1.052849 0.000000 -0.000004 3.124857 -1.425270 3.135795
    34 0.916342 -0.000031 0.000001 3.141553 -1.536954 -3.129942
    35 -9.427945 -14.244408 -7.836702 0.781288 -0.011867 -1.516965
    36 -0.117880 -0.102734 -0.180849 0.000013 0.017066 0.000000
    37 4.409983 -0.000034 0.000004 0.000000 0.000000 0.000000
    38 -3.459356 1.711287 -0.541797 0.125169 -0.669906 3.034105
    39 -1.410028 -0.000005 -0.000014 0.000004 0.000001 -0.911659
    40 -0.993008 0.000010 -0.000011 0.000012 -0.000006 -0.908928
    41 -1.077398 1.571280 0.162236 0.351673 -1.124156 2.999846
    42 -1.337713 0.000003 -0.000002 3.078234 -1.322288 -3.107495
    43 -1.180471 0.000072 0.000002 0.222693 -1.503459 -0.194122
    44 -0.719599 0.565946 0.238754 -0.061928 -1.418387 -3.057514
    45 -1.311414 -0.000009 -0.000267 0.002810 -1.315827 0.001501
    46 -1.132872 0.000005 -0.000066 3.139362 -1.176202 -3.092139
    47 -1.239075 -1.304744 -0.314278 -1.430303 -0.982760 -2.003829
    48 -1.052850 0.000005 -0.000004 2.863323 -1.535755 3.140266
    49 -0.916342 0.000033 0.000003 3.130054 -1.386235 -3.118064
    50 -0.900585 -0.375762 0.090056 -0.779868 -1.244725 -2.521915
    51 -1.303123 -0.000014 0.000008 -0.004240 -1.451229 -0.001012
    52 -1.094650 0.000007 0.000003 -2.577326 -1.476285 2.574417
    53 0.000000 0.000000 0.000000 0.000000 0.000000 0.000000
    54 0.000000 0.000000 0.000000 0.000000 0.000000 -1.570796
    55 0.000000 0.000000 0.000000 0.000000 0.000000 -1.570796
    56 -2.000000 0.000000 0.000000 -1.570796 0.000000 0.174533
    57 -1.500000 0.000002 0.000000 -1.570796 0.000000 0.000000
    58 0.000000 0.500000 0.000000 -1.570796 0.261799 0.000000
    59 -0.000001 0.000000 0.000000 -3.141593 0.174533 0.000000
    60 0.000000 0.000000 -0.000001 -3.141593 0.174533 0.174533
    61 0.000000 0.000000 0.000000 -3.141593 0.349066 -0.174533
    62 0.000000 0.000000 0.000000 -1.570796 0.000000 0.000000
    63 0.000000 0.000000 0.000000 -1.570796 0.000000 0.000000
    64 0.000000 0.000000 0.000000 -1.570796 0.000000 0.000000
    65 0.000000 0.000000 0.000002 -1.570796 0.000000 0.000000
    66 0.000000 0.000000 0.000000 -1.570796 0.000000 0.000000
    67 0.000000 0.000001 0.000000 -1.570796 0.000000 0.000000
    68 0.000000 0.000000 0.000000 -1.570796 0.000000 0.000000
    69 0.000000 0.000000 0.000000 -1.570796 0.000000 0.000000
    70 0.000000 0.000000 0.000000 -1.570796 0.000000 0.000000
    71 0.000000 0.000000 0.000000 -1.570796 0.000000 0.000000
    72 0.000000 0.000000 0.000000 -1.570796 0.000000 0.000000
    73 0.000000 0.000000 0.000000 -1.570796 0.000000 0.000000
    74 -2.000000 0.000000 0.000000 1.570796 0.000000 0.174533
    75 -1.500000 -0.000001 -0.250000 1.570796 0.000000 0.000000
    76 -1.000000 0.250000 0.500000 1.570796 0.000000 0.000000
    77 0.000000 0.000000 0.000000 2.094395 0.000000 -3.141593
    78 0.000000 0.000000 0.000000 2.094395 0.000000 -3.141593
    79 0.000000 -0.200001 -0.200000 1.745329 0.000000 -3.141593
    80 0.000000 -0.000001 -0.000002 1.570796 0.000000 3.141593
    81 0.000000 0.000000 0.000000 1.570796 0.000000 -3.141593
    82 0.000000 0.000000 -0.000002 1.570796 0.000000 -3.141593
    83 0.000000 0.000000 0.000000 1.570796 0.000000 3.141593
    84 -0.000002 0.000000 0.000000 1.570796 0.000000 3.141593
    85 0.000000 0.000000 0.000000 1.570796 0.000000 3.141593
    86 0.000000 0.000000 0.000000 1.570796 0.000000 3.141593
    87 0.000000 0.000000 0.000000 1.570796 0.000000 -3.141593
    88 0.000000 0.000000 0.000000 1.570796 0.000000 -3.141593
    89 0.000000 0.000000 0.000000 1.570796 0.000000 3.141593
    90 0.000000 0.000000 0.000000 1.570796 0.000000 -3.141593
    91 0.000000 0.000000 0.000000 1.570796 0.000000 -3.141593
  time 3
    0 0.000000 0.000000 0.000000 0.000000 0.000000 -0.000007
    1 0.000000 2.709942 -10.591393 0.000000 -1.570796 1.570796
    2 3.500857 9.013945 -0.640573 0.000000 -1.570796 0.000000
    3 -2.289403 -1.496114 0.973094 0.000000 0.000000 0.000000
    4 4.409996 0.000005 -0.000003 0.222653 -0.165619 1.083022
    5 10.079981 -0.000003 -0.000001 -0.000002 -0.000003 -1.747797
    6 0.000000 -0.000001 0.000000 -0.248419 0.000005 0.000001
    7 3.359990 0.000014 -0.000007 -0.496822 0.000000 0.000003
    8 6.719987 0.000030 -0.000015 -0.745310 -0.000002 0.000001
    9 3.500862 -5.725745 -0.640568 0.000000 -1.570795 3.141592
    10 -1.639838 3.179637 -0.996149 0.000000 0.000000 0.000000
    11 4.409998 -0.000001 0.000004 -0.370809 0.164360 0.308192
    12 10.079982 0.000014 0.000025 0.000004 0.000046 -0.893377
    13 0.000001 0.000004 0.000000 0.310428 -0.000001 0.000010
    14 3.359994 0.000032 0.000015 0.620886 -0.000007 0.000004
    15 6.719987 0.000057 0.000028 0.931313 0.000003 0.000003
    16 0.000000 0.000000 0.000000 1.560849 0.021333 -3.160264
    17 7.056617 -18.128564 -7.477506 2.437561 -0.048270 -1.854576
    18 -0.118055 -0.108981 0.513327 -0.000047 -0.086523 0.000009
    19 4.409994 -0.000012 0.000012 0.000000 0.000000 0.000000
    20 -3.422661 1.711283 0.470872 0.018364 -0.593174 -0.075895
    21 1.410028 0.000010 0.000007 0.000006 0.000009 -0.987481
    22 0.993011 -0.000001 0.000006 0.000001 -0.000006 -0.761963
    23 -1.022532 1.571291 -0.406268 0.562009 -1.088038 -0.422346
    24 1.337718 0.000005 0.000002 -3.141591 -1.497669 3.135755
    25 1.180473 -0.000093 -0.000003 2.322271 -1.447922 -2.264049
    26 -0.666712 0.565948 -0.425195 0.276535 -1.168921 -0.243380
    27 1.311736 0.000006 0.000004 -3.109347 -1.501840 3.110658
    28 1.132875 -0.000003 -0.000005 -2.277655 -1.482347 2.251198
    29 -0.835869 -0.375753 -0.250998 -0.232083 -1.169899 0.124274
    30 1.303124 0.000019 0.000004 2.990854 -1.546793 -2.976011
    31 1.094648 -0.000011 -0.000003 -0.062804 -1.544912 0.032850
    32 -1.144743 -1.304737 0.171518 -0.974001 -1.088390 0.663341
    33 1.052849 0.000000 -0.000004 3.124857 -1.425270 3.135795
    34 0.916342 -0.000031 0.000001 3.141553 -1.536954 -3.129942
    35 -10.568604 -11.443542 -7.067147 0.699043 -0.004953 -1.457255
    36 -0.117880 -0.102734 -0.180849 0.000013 0.017066 0.000000
    37 4.409983 -0.000034 0.000004 0.000000 0.000000 0.000000
    38 -3.459356 1.711287 -0.541797 0.125169 -0.669906 3.034105
    39 -1.410028 -0.000005 -0.000014 0.000004 0.000001 -0.911659
    40 -0.993008 0.000010 -0.000011 0.000012 -0.000006 -0.908928
    41 -1.077398 1.571280 0.162236 0.351673 -1.124156 2.999846
    42 -1.337713 0.000003 -0.000002 3.078234 -1.322288 -3.107495
    43 -1.180471 0.000072 0.000002 0.222693 -1.503459 -0.194122
    44 -0.719599 0.565946 0.238754 -0.061928 -1.418387 -3.057514
    45 -1.311414 -0.000009 -0.000267 0.002810 -1.315827 0.001501
    46 -1.132872 0.000005 -0.000066 3.139362 -1.176202 -3.092139
    47 -1.239075 -1.304744 -0.314278 -1.430303 -0.982760 -2.003829
    48 -1.052850 0.000005 -0.000004 2.863323 -1.535755 3.140266
    49 -0.916342 0.000033 0.000003 3.130054 -1.386235 -3.118064
    50 -0.900585 -0.375762 0.090056 -0.779868 -1.244725 -2.521915
    51 -1.303123 -0.000014 0.000008 -0.004240 -1.451229 -0.001012
    52 -1.094650 0.000007 0.000003 -2.577326 -1.476285 2.574417
    53 0.000000 0.000000 0.000000 0.000000 0.000000 0.000000
    54 0.000000 0.000000 0.000000 0.000000 0.000000 -1.570796
    55 0.000000 0.000000 0.000000 0.000000 0.000000 -1.570796
    56 -2.000000 0.000000 0.000000 -1.570796 0.000000 0.174533
    57 -1.500000 0.000002 0.000000 -1.570796 0.000000 0.000000
    58 0.000000 0.500000 0.000000 -1.570796 0.261799 0.000000
    59 -0.000001 0.000000 0.000000 -3.141593 0.174533 0.000000
    60 0.000000 0.000000 -0.000001 -3.141593 0.174533 0.174533
    61 0.000000 0.000000 0.000000 -3.141593 0.349066 -0.174533
    62 0.000000 0.000000 0.000000 -1.570796 0.000000 0.000000
    63 0.000000 0.000000 0.000000 -1.570796 0.000000 0.000000
    64 0.000000 0.000000 0.000000 -1.570796 0.000000 0.000000
    65 0.000000 0.000000 0.000002 -1.570796 0.000000 0.000000
    66 0.000000 0.000000 0.000000 -1.570796 0.000000 0.000000
    67 0.000000 0.000001 0.000000 -1.570796 0.000000 0.000000
    68 0.000000 0.000000 0.000000 -1.570796 0.000000 0.000000
    69 0.000000 0.000000 0.000000 -1.570796 0.000000 0.000000
    70 0.000000 0.000000 0.000000 -1.570796 0.000000 0.000000
    71 0.000000 0.000000 0.000000 -1.570796 0.000000 0.000000
    72 0.000000 0.000000 0.000000 -1.570796 0.000000 0.000000
    73 0.000000 0.000000 0.000000 -1.570796 0.000000 0.000000
    74 -2.000000 0.000000 0.000000 1.570796 0.000000 0.174533
    75 -1.500000 -0.000001 -0.250000 1.570796 0.000000 0.000000
    76 -1.000000 0.250000 0.500000 1.570796 0.000000 0.000000
    77 0.000000 0.000000 0.000000 2.094395 0.000000 -3.141593
    78 0.000000 0.000000 0.000000 2.094395 0.000000 -3.141593
    79 0.000000 -0.200001 -0.200000 1.745329 0.000000 -3.141593
    80 0.000000 -0.000001 -0.000002 1.570796 0.000000 3.141593
    81 0.000000 0.000000 0.000000 1.570796 0.000000 -3.141593
    82 0.000000 0.000000 -0.000002 1.570796 0.000000 -3.141593
    83 0.000000 0.000000 0.000000 1.570796 0.000000 3.141593
    84 -0.000002 0.000000 0.000000 1.570796 0.000000 3.141593
    85 0.000000 0.000000 0.000000 1.570796 0.000000 3.141593
    86 0.000000 0.000000 0.000000 1.570796 0.000000 3.141593
    87 0.000000 0.000000 0.000000 1.570796 0.000000 -3.141593
    88 0.000000 0.000000 0.000000 1.570796 0.000000 -3.141593
    89 0.000000 0.000000 0.000000 1.570796 0.000000 3.141593
    90 0.000000 0.000000 0.000000 1.570796 0.000000 -3.141593
    91 0.000000 0.000000 0.000000 1.570796 0.000000 -3.141593
  time 4
    0 0.000000 0.000000 0.000000 0.000000 0.000000 -0.000007
    1 0.000000 2.709942 -10.591393 0.000000 -1.570796 1.570796
    2 3.500857 9.013945 -0.640573 0.000000 -1.570796 0.000000
    3 -2.289403 -1.496114 0.973094 0.000000 0.000000 0.000000
    4 4.409996 0.000005 -0.000003 0.332782 -0.248744 1.295699
    5 10.079981 -0.000003 -0.000001 -0.000002 -0.000003 -1.980497
    6 0.000000 -0.000001 0.000000 -0.257433 0.000005 0.000001
    7 3.359990 0.000014 -0.000007 -0.514902 0.000000 0.000003
    8 6.719987 0.000030 -0.000015 -0.772353 -0.000002 0.000001
    9 3.500862 -5.725745 -0.640568 0.000000 -1.570795 3.141592
    10 -1.319516 3.179637 -0.996149 0.000000 0.000000 0.000000
    11 4.409998 -0.000001 0.000004 -0.387063 0.146969 0.273415
    12 10.079982 0.000014 0.000025 0.000004 0.000046 -0.954099
    13 0.000001 0.000004 0.000000 0.338652 -0.000001 0.000010
    14 3.359994 0.000032 0.000015 0.677292 -0.000007 0.000004
    15 6.719987 0.000057 0.000028 1.015952 0.000003 0.000003
    16 0.000000 0.000000 0.000000 1.558656 0.024341 -3.164674
    17 5.919864 -17.980121 -6.809517 2.555094 -0.094862 -1.950517
    18 -0.118055 -0.108981 0.513327 -0.000047 -0.086523 0.000009
    19 4.409994 -0.000012 0.000012 0.000000 0.000000 0.000000
    20 -3.422661 1.711283 0.470872 0.018364 -0.593174 -0.075895
    21 1.410028 0.000010 0.000007 0.000006 0.000009 -0.987481
    22 0.993011 -0.000001 0.000006 0.000001 -0.000006 -0.761963
    23 -1.022532 1.571291 -0.406268 0.562009 -1.088038 -0.422346
    24 1.337718 0.000005 0.000002 -3.141591 -1.497669 3.135755
    25 1.180473 -0.000093 -0.000003 2.322271 -1.447922 -2.264049
    26 -0.666712 0.565948 -0.425195 0.276535 -1.168921 -0.243380
    27 1.311736 0.000006 0.000004 -3.109347 -1.501840 3.110658
    28 1.132875 -0.000003 -0.000005 -2.277655 -1.482347 2.251198
    29 -0.835869 -0.375753 -0.250998 -0.232083 -1.169899 0.124274
    30 1.303124 0.000019 0.000004 2.990854 -1.546793 -2.976011
    31 1.094648 -0.000011 -0.000003 -0.062792 -1.544912 0.032862
    32 -1.144743 -1.304737 0.171518 -0.974001 -1.088390 0.663341
    33 1.052849 0.000000 -0.000004 3.124857 -1.425270 3.135795
    34 0.916342 -0.000031 0.000001 3.141553 -1.536954 -3.129942
    35 -11.529571 -9.095814 -6.422596 0.629963 0.000852 -1.407031
    36 -0.117880 -0.102734 -0.180849 0.000013 0.017066 0.000000
    37 4.409983 -0.000034 0.000004 0.000000 0.000000 0.000000
    38 -3.459356 1.711287 -0.541797 0.125169 -0.669906 3.034105
    39 -1.410028 -0.000005 -0.000014 0.000004 0.000001 -0.911659
    40 -0.993008 0.000010 -0.000011 0.000012 -0.000006 -0.908928
    41 -1.077398 1.571280 0.162236 0.351673 -1.124156 2.999846
    42 -1.337713 0.000003 -0.000002 3.078234 -1.322288 -3.107495
    43 -1.180471 0.000072 0.000002 0.222705 -1.503459 -0.194122
    44 -0.719599 0.565946 0.238754 -0.061928 -1.418387 -3.057514
    45 -1.311414 -0.000009 -0.000267 0.002810 -1.315827 0.001501
    46 -1.132872 0.000005 -0.000066 3.139362 -1.176202 -3.092139
    47 -1.239075 -1.304744 -0.314278 -1.430303 -0.982760 -2.003829
    48 -1.052850 0.000005 -0.000004 2.863323 -1.535755 3.140266
    49 -0.916342 0.000033 0.000003 3.130054 -1.386235 -3.118064
    50 -0.900585 -0.375762 0.090056 -0.779868 -1.244725 -2.521915
    51 -1.303123 -0.000014 0.000008 -0.004240 -1.451229 -0.001012
    52 -1.094650 0.000007 0.000003 -2.577326 -1.476285 2.574417
    53 0.000000 0.000000 0.000000 0.000000 0.000000 0.000000
    54 0.000000 0.000000 0.000000 0.000000 0.000000 -1.570796
    55 0.000000 0.000000 0.000000 0.000000 0.000000 -1.570796
    56 -2.000000 0.000000 0.000000 -1.570796 0.000000 0.174533
    57 -1.500000 0.000002 0.000000 -1.570796 0.000000 0.000000
    58 0.000000 0.500000 0.000000 -1.570796 0.261799 0.000000
    59 -0.000001 0.000000 0.000000 -3.141593 0.174533 0.000000
    60 0.000000 0.000000 -0.000001 -3.141593 0.174533 0.174533
    61 0.000000 0.000000 0.000000 -3.141593 0.349066 -0.174533
    62 0.000000 0.000000 0.000000 -1.570796 0.000000 0.000000
    63 0.000000 0.000000 0.000000 -1.570796 0.000000 0.000000
    64 0.000000 0.000000 0.000000 -1.570796 0.000000 0.000000
    65 0.000000 0.000000 0.000002 -1.570796 0.000000 0.000000
    66 0.000000 0.000000 0.000000 -1.570796 0.000000 0.000000
    67 0.000000 0.000001 0.000000 -1.570796 0.000000 0.000000
    68 0.000000 0.000000 0.000000 -1.570796 0.000000 0.000000
    69 0.000000 0.000000 0.000000 -1.570796 0.000000 0.000000
    70 0.000000 0.000000 0.000000 -1.570796 0.000000 0.000000
    71 0.000000 0.000000 0.000000 -1.570796 0.000000 0.000000
    72 0.000000 0.000000 0.000000 -1.570796 0.000000 0.000000
    73 0.000000 0.000000 0.000000 -1.570796 0.000000 0.000000
    74 -2.000000 0.000000 0.000000 1.570796 0.000000 0.174533
    75 -1.500000 -0.000001 -0.250000 1.570796 0.000000 0.000000
    76 -1.000000 0.250000 0.500000 1.570796 0.000000 0.000000
    77 0.000000 0.000000 0.000000 2.094395 0.000000 -3.141593
    78 0.000000 0.000000 0.000000 2.094395 0.000000 -3.141593
    79 0.000000 -0.200001 -0.200000 1.745329 0.000000 -3.141593
    80 0.000000 -0.000001 -0.000002 1.570796 0.000000 3.141593
    81 0.000000 0.000000 0.000000 1.570796 0.000000 -3.141593
    82 0.000000 0.000000 -0.000002 1.570796 0.000000 -3.141593
    83 0.000000 0.000000 0.000000 1.570796 0.000000 3.141593
    84 -0.000002 0.000000 0.000000 1.570796 0.000000 3.141593
    85 0.000000 0.000000 0.000000 1.570796 0.000000 3.141593
    86 0.000000 0.000000 0.000000 1.570796 0.000000 3.141593
    87 0.000000 0.000000 0.000000 1.570796 0.000000 -3.141593
    88 0.000000 0.000000 0.000000 1.570796 0.000000 -3.141593
    89 0.000000 0.000000 0.000000 1.570796 0.000000 3.141593
    90 0.000000 0.000000 0.000000 1.570796 0.000000 -3.141593
    91 0.000000 0.000000 0.000000 1.570796 0.000000 -3.141593
  time 5
    0 0.000000 0.000000 0.000000 0.000000 0.000000 -0.000007
    1 0.000000 2.709942 -10.591393 0.000000 -1.570796 1.570796
    2 3.500857 9.013945 -0.640573 0.000000 -1.570796 0.000000
    3 -2.289403 -1.496114 0.973094 0.000000 0.000000 0.000000
    4 4.409996 0.000005 -0.000003 0.418552 -0.321651 1.386495
    5 10.079981 -0.000003 -0.000001 -0.000002 -0.000003 -2.076050
    6 0.000000 -0.000001 0.000000 -0.262958 0.000005 0.000001
    7 3.359990 0.000014 -0.000007 -0.525925 0.000000 0.000003
    8 6.719987 0.000030 -0.000015 -0.788849 -0.000002 0.000001
    9 3.500862 -5.725745 -0.640568 0.000000 -1.570795 3.141592
    10 -0.952317 3.179637 -0.996149 0.000000 0.000000 0.000000
    11 4.409998 -0.000001 0.000004 -0.401391 0.126139 0.231391
    12 10.079982 0.000014 0.000025 0.000004 0.000046 -0.998931
    13 0.000001 0.000004 0.000000 0.367750 -0.000001 0.000010
    14 3.359994 0.000032 0.000015 0.735502 -0.000007 0.000004
    15 6.719987 0.000057 0.000028 1.103270 0.000003 0.000003
    16 0.000000 0.000000 0.000000 1.558656 0.020482 -3.165477
    17 4.814361 -17.823867 -6.168872 2.682074 -0.144846 -2.054249
    18 -0.118055 -0.108981 0.513327 -0.000047 -0.086523 0.000009
    19 4.409994 -0.000012 0.000012 0.000000 0.000000 0.000000
    20 -3.422661 1.711283 0.470872 0.018364 -0.593174 -0.075895
    21 1.410028 0.000010 0.000007 0.000006 0.000009 -0.987481
    22 0.993011 -0.000001 0.000006 0.000001 -0.000006 -0.761963
    23 -1.022532 1.571291 -0.406268 0.562009 -1.088038 -0.422346
    24 1.337718 0.000005 0.000002 -3.141591 -1.497669 3.135755
    25 1.180473 -0.000093 -0.000003 2.322271 -1.447922 -2.264049
    26 -0.666712 0.565948 -0.425195 0.276535 -1.168921 -0.243380
    27 1.311736 0.000006 0.000004 -3.109347 -1.501840 3.110658
    28 1.132875 -0.000003 -0.000005 -2.277655 -1.482347 2.251198
    29 -0.835869 -0.375753 -0.250998 -0.232083 -1.169899 0.124274
    30 1.303124 0.000019 0.000004 2.990854 -1.546793 -2.976011
    31 1.094648 -0.000011 -0.000003 -0.062816 -1.544912 0.032862
    32 -1.144743 -1.304737 0.171518 -0.974001 -1.088390 0.663341
    33 1.052849 0.000000 -0.000004 3.124857 -1.425270 3.135795
    34 0.916342 -0.000031 0.000001 3.141553 -1.536954 -3.129942
    35 -12.006148 -7.919997 -6.102274 0.595454 0.003736 -1.382046
    36 -0.117880 -0.102734 -0.180849 0.000013 0.017066 0.000000
    37 4.409983 -0.000034 0.000004 0.000000 0.000000 0.000000
    38 -3.459356 1.711287 -0.541797 0.125169 -0.669906 3.034105
    39 -1.410028 -0.000005 -0.000014 0.000004 0.000001 -0.911659
    40 -0.993008 0.000010 -0.000011 0.000012 -0.000006 -0.908928
    41 -1.077398 1.571280 0.162236 0.351673 -1.124156 2.999846
    42 -1.337713 0.000003 -0.000002 3.078234 -1.322288 -3.107495
    43 -1.180471 0.000072 0.000002 0.222693 -1.503459 -0.194122
    44 -0.719599 0.565946 0.238754 -0.061928 -1.418387 -3.057514
    45 -1.311414 -0.000009 -0.000267 0.002810 -1.315827 0.001501
    46 -1.132872 0.000005 -0.000066 3.139362 -1.176202 -3.092139
    47 -1.239075 -1.304744 -0.314278 -1.430303 -0.982760 -2.003829
    48 -1.052850 0.000005 -0.000004 2.863323 -1.535755 3.140266
    49 -0.916342 0.000033 0.000003 3.130054 -1.386235 -3.118064
    50 -0.900585 -0.375762 0.090056 -0.779868 -1.244725 -2.521915
    51 -1.303123 -0.000014 0.000008 -0.004240 -1.451229 -0.001012
    52 -1.094650 0.000007 0.000003 -2.577326 -1.476285 2.574417
    53 0.000000 0.000000 0.000000 0.000000 0.000000 0.000000
    54 0.000000 0.000000 0.000000 0.000000 0.000000 -1.570796
    55 0.000000 0.000000 0.000000 0.000000 0.000000 -1.570796
    56 -2.000000 0.000000 0.000000 -1.570796 0.000000 0.174533
    57 -1.500000 0.000002 0.000000 -1.570796 0.000000 0.000000
    58 0.000000 0.500000 0.000000 -1.570796 0.261799 0.000000
    59 -0.000001 0.000000 0.000000 -3.141593 0.174533 0.000000
    60 0.000000 0.000000 -0.000001 -3.141593 0.174533 0.174533
    61 0.000000 0.000000 0.000000 -3.141593 0.349066 -0.174533
    62 0.000000 0.000000 0.000000 -1.570796 0.000000 0.000000
    63 0.000000 0.000000 0.000000 -1.570796 0.000000 0.000000
    64 0.000000 0.000000 0.000000 -1.570796 0.000000 0.000000
    65 0.000000 0.000000 0.000002 -1.570796 0.000000 0.000000
    66 0.000000 0.000000 0.000000 -1.570796 0.000000 0.000000
    67 0.000000 0.000001 0.000000 -1.570796 0.000000 0.000000
    68 0.000000 0.000000 0.000000 -1.570796 0.000000 0.000000
    69 0.000000 0.000000 0.000000 -1.570796 0.000000 0.000000
    70 0.000000 0.000000 0.000000 -1.570796 0.000000 0.000000
    71 0.000000 0.000000 0.000000 -1.570796 0.000000 0.000000
    72 0.000000 0.000000 0.000000 -1.570796 0.000000 0.000000
    73 0.000000 0.000000 0.000000 -1.570796 0.000000 0.000000
    74 -2.000000 0.000000 0.000000 1.570796 0.000000 0.174533
    75 -1.500000 -0.000001 -0.250000 1.570796 0.000000 0.000000
    76 -1.000000 0.250000 0.500000 1.570796 0.000000 0.000000
    77 0.000000 0.000000 0.000000 2.094395 0.000000 -3.141593
    78 0.000000 0.000000 0.000000 2.094395 0.000000 -3.141593
    79 0.000000 -0.200001 -0.200000 1.745329 0.000000 -3.141593
    80 0.000000 -0.000001 -0.000002 1.570796 0.000000 3.141593
    81 0.000000 0.000000 0.000000 1.570796 0.000000 -3.141593
    82 0.000000 0.000000 -0.000002 1.570796 0.000000 -3.141593
    83 0.000000 0.000000 0.000000 1.570796 0.000000 3.141593
    84 -0.000002 0.000000 0.000000 1.570796 0.000000 3.141593
    85 0.000000 0.000000 0.000000 1.570796 0.000000 3.141593
    86 0.000000 0.000000 0.000000 1.570796 0.000000 3.141593
    87 0.000000 0.000000 0.000000 1.570796 0.000000 -3.141593
    88 0.000000 0.000000 0.000000 1.570796 0.000000 -3.141593
    89 0.000000 0.000000 0.000000 1.570796 0.000000 3.141593
    90 0.000000 0.000000 0.000000 1.570796 0.000000 -3.141593
    91 0.000000 0.000000 0.000000 1.570796 0.000000 -3.141593
  time 6
    0 0.000000 0.000000 0.000000 0.000000 0.000000 -0.000007
    1 0.000000 2.709942 -10.591393 0.000000 -1.570796 1.570796
    2 3.500857 9.013945 -0.640573 0.000000 -1.570796 0.000000
    3 -2.289403 -1.496114 0.973094 0.000000 0.000000 0.000000
    4 4.409996 0.000005 -0.000003 0.418552 -0.321651 1.386495
    5 10.079981 -0.000003 -0.000001 -0.000002 -0.000003 -2.076050
    6 0.000000 -0.000001 0.000000 -0.262958 0.000005 0.000001
    7 3.359990 0.000014 -0.000007 -0.525925 0.000000 0.000003
    8 6.719987 0.000030 -0.000015 -0.788849 -0.000002 0.000001
    9 3.500862 -5.725745 -0.640568 0.000000 -1.570795 3.141592
    10 -0.557774 3.179637 -0.996149 0.000000 0.000000 0.000000
    11 4.409998 -0.000001 0.000004 -0.411533 0.106652 0.191650
    12 10.079982 0.000014 0.000025 0.000004 0.000046 -1.033312
    13 0.000001 0.000004 0.000000 0.396010 -0.000001 0.000010
    14 3.359994 0.000032 0.000015 0.792022 -0.000007 0.000004
    15 6.719987 0.000057 0.000028 1.188080 0.000003 0.000003
    16 0.000000 0.000000 0.000000 1.559986 0.012164 -3.164159
    17 3.853395 -17.694957 -5.645419 2.810707 -0.195048 -2.159261
    18 -0.118055 -0.108981 0.513327 -0.000047 -0.086523 0.000009
    19 4.409994 -0.000012 0.000012 0.000000 0.000000 0.000000
    20 -3.422661 1.711283 0.470872 0.018364 -0.593174 -0.075895
    21 1.410028 0.000010 0.000007 0.000006 0.000009 -0.987481
    22 0.993011 -0.000001 0.000006 0.000001 -0.000006 -0.761963
    23 -1.022532 1.571291 -0.406268 0.562009 -1.088038 -0.422346
    24 1.337718 0.000005 0.000002 -3.141591 -1.497669 3.135755
    25 1.180473 -0.000093 -0.000003 2.322271 -1.447922 -2.264049
    26 -0.666712 0.565948 -0.425195 0.276535 -1.168921 -0.243380
    27 1.311736 0.000006 0.000004 -3.109347 -1.501840 3.110658
    28 1.132875 -0.000003 -0.000005 -2.277655 -1.482347 2.251198
    29 -0.835869 -0.375753 -0.250998 -0.232083 -1.169899 0.124274
    30 1.303124 0.000019 0.000004 2.990854 -1.546793 -2.976011
    31 1.094648 -0.000011 -0.000003 -0.062804 -1.544912 0.032862
    32 -1.144743 -1.304737 0.171518 -0.974001 -1.088390 0.663341
    33 1.052849 0.000000 -0.000004 3.124857 -1.425270 3.135795
    34 0.916342 -0.000031 0.000001 3.141553 -1.536954 -3.129942
    35 -12.006148 -7.919997 -6.102274 0.595454 0.003736 -1.382046
    36 -0.117880 -0.102734 -0.180849 0.000013 0.017066 0.000000
    37 4.409983 -0.000034 0.000004 0.000000 0.000000 0.000000
    38 -3.459356 1.711287 -0.541797 0.125169 -0.669906 3.034105
    39 -1.410028 -0.000005 -0.000014 0.000004 0.000001 -0.911659
    40 -0.993008 0.000010 -0.000011 0.000012 -0.000006 -0.908928
    41 -1.077398 1.571280 0.162236 0.351673 -1.124156 2.999846
    42 -1.337713 0.000003 -0.000002 3.078234 -1.322288 -3.107495
    43 -1.180471 0.000072 0.000002 0.222693 -1.503459 -0.194122
    44 -0.719599 0.565946 0.238754 -0.061928 -1.418387 -3.057514
    45 -1.311414 -0.000009 -0.000267 0.002810 -1.315827 0.001501
    46 -1.132872 0.000005 -0.000066 3.139362 -1.176202 -3.092139
    47 -1.239075 -1.304744 -0.314278 -1.430303 -0.982760 -2.003829
    48 -1.052850 0.000005 -0.000004 2.863323 -1.535755 3.140266
    49 -0.916342 0.000033 0.000003 3.130054 -1.386235 -3.118064
    50 -0.900585 -0.375762 0.090056 -0.779868 -1.244725 -2.521915
    51 -1.303123 -0.000014 0.000008 -0.004240 -1.451229 -0.001012
    52 -1.094650 0.000007 0.000003 -2.577326 -1.476285 2.574417
    53 0.000000 0.000000 0.000000 0.000000 0.000000 0.000000
    54 0.000000 0.000000 0.000000 0.000000 0.000000 -1.570796
    55 0.000000 0.000000 0.000000 0.000000 0.000000 -1.570796
    56 -2.000000 0.000000 0.000000 -1.570796 0.000000 0.174533
    57 -1.500000 0.000002 0.000000 -1.570796 0.000000 0.000000
    58 0.000000 0.500000 0.000000 -1.570796 0.261799 0.000000
    59 -0.000001 0.000000 0.000000 -3.141593 0.174533 0.000000
    60 0.000000 0.000000 -0.000001 -3.141593 0.174533 0.174533
    61 0.000000 0.000000 0.000000 -3.141593 0.349066 -0.174533
    62 0.000000 0.000000 0.000000 -1.570796 0.000000 0.000000
    63 0.000000 0.000000 0.000000 -1.570796 0.000000 0.000000
    64 0.000000 0.000000 0.000000 -1.570796 0.000000 0.000000
    65 0.000000 0.000000 0.000002 -1.570796 0.000000 0.000000
    66 0.000000 0.000000 0.000000 -1.570796 0.000000 0.000000
    67 0.000000 0.000001 0.000000 -1.570796 0.000000 0.000000
    68 0.000000 0.000000 0.000000 -1.570796 0.000000 0.000000
    69 0.000000 0.000000 0.000000 -1.570796 0.000000 0.000000
    70 0.000000 0.000000 0.000000 -1.570796 0.000000 0.000000
    71 0.000000 0.000000 0.000000 -1.570796 0.000000 0.000000
    72 0.000000 0.000000 0.000000 -1.570796 0.000000 0.000000
    73 0.000000 0.000000 0.000000 -1.570796 0.000000 0.000000
    74 -2.000000 0.000000 0.000000 1.570796 0.000000 0.174533
    75 -1.500000 -0.000001 -0.250000 1.570796 0.000000 0.000000
    76 -1.000000 0.250000 0.500000 1.570796 0.000000 0.000000
    77 0.000000 0.000000 0.000000 2.094395 0.000000 -3.141593
    78 0.000000 0.000000 0.000000 2.094395 0.000000 -3.141593
    79 0.000000 -0.200001 -0.200000 1.745329 0.000000 -3.141593
    80 0.000000 -0.000001 -0.000002 1.570796 0.000000 3.141593
    81 0.000000 0.000000 0.000000 1.570796 0.000000 -3.141593
    82 0.000000 0.000000 -0.000002 1.570796 0.000000 -3.141593
    83 0.000000 0.000000 0.000000 1.570796 0.000000 3.141593
    84 -0.000002 0.000000 0.000000 1.570796 0.000000 3.141593
    85 0.000000 0.000000 0.000000 1.570796 0.000000 3.141593
    86 0.000000 0.000000 0.000000 1.570796 0.000000 3.141593
    87 0.000000 0.000000 0.000000 1.570796 0.000000 -3.141593
    88 0.000000 0.000000 0.000000 1.570796 0.000000 -3.141593
    89 0.000000 0.000000 0.000000 1.570796 0.000000 3.141593
    90 0.000000 0.000000 0.000000 1.570796 0.000000 -3.141593
    91 0.000000 0.000000 0.000000 1.570796 0.000000 -3.141593
  time 7
    0 0.000000 0.000000 0.000000 0.000000 0.000000 -0.000007
    1 0.000000 2.709942 -10.591393 0.000000 -1.570796 1.570796
    2 3.500857 9.013945 -0.640573 0.000000 -1.570796 0.000000
    3 -2.289403 -1.496114 0.973094 0.000000 0.000000 0.000000
    4 4.409996 0.000005 -0.000003 0.418552 -0.321651 1.386495
    5 10.079981 -0.000003 -0.000001 -0.000002 -0.000003 -2.076050
    6 0.000000 -0.000001 0.000000 -0.262958 0.000005 0.000001
    7 3.359990 0.000014 -0.000007 -0.525925 0.000000 0.000003
    8 6.719987 0.000030 -0.000015 -0.788849 -0.000002 0.000001
    9 3.500862 -5.725745 -0.640568 0.000000 -1.570795 3.141592
    10 -0.147605 3.179637 -0.996149 0.000000 0.000000 0.000000
    11 4.409998 -0.000001 0.000004 -0.415854 0.095222 0.166601
    12 10.079982 0.000014 0.000025 0.000004 0.000046 -1.068733
    13 0.000001 0.000004 0.000000 0.421945 -0.000001 0.000010
    14 3.359994 0.000032 0.000015 0.843849 -0.000007 0.000004
    15 6.719987 0.000057 0.000028 1.265794 0.000003 0.000003
    16 0.000000 0.000000 0.000000 1.561784 0.002804 -3.161870
    17 3.165874 -17.605110 -5.305565 2.933042 -0.242042 -2.259432
    18 -0.118055 -0.108981 0.513327 -0.000047 -0.086523 0.000009
    19 4.409994 -0.000012 0.000012 0.000000 0.000000 0.000000
    20 -3.422661 1.711283 0.470872 0.018364 -0.593174 -0.075895
    21 1.410028 0.000010 0.000007 0.000006 0.000009 -0.987481
    22 0.993011 -0.000001 0.000006 0.000001 -0.000006 -0.761963
    23 -1.022532 1.571291 -0.406268 0.562009 -1.088038 -0.422346
    24 1.337718 0.000005 0.000002 -3.141591 -1.497669 3.135755
    25 1.180473 -0.000093 -0.000003 2.322271 -1.447922 -2.264049
    26 -0.666712 0.565948 -0.425195 0.276535 -1.168921 -0.243380
    27 1.311736 0.000006 0.000004 -3.109347 -1.501840 3.110658
    28 1.132875 -0.000003 -0.000005 -2.277655 -1.482347 2.251198
    29 -0.835869 -0.375753 -0.250998 -0.232083 -1.169899 0.124274
    30 1.303124 0.000019 0.000004 2.990854 -1.546793 -2.976011
    31 1.094648 -0.000011 -0.000003 -0.062792 -1.544912 0.032862
    32 -1.144743 -1.304737 0.171518 -0.974001 -1.088390 0.663341
    33 1.052849 0.000000 -0.000004 3.124857 -1.425270 3.135795
    34 0.916342 -0.000031 0.000001 3.141553 -1.536954 -3.129942
    35 -12.006148 -7.919997 -6.102274 0.595454 0.003736 -1.382046
    36 -0.117880 -0.102734 -0.180849 0.000013 0.017066 0.000000
    37 4.409983 -0.000034 0.000004 0.000000 0.000000 0.000000
    38 -3.459356 1.711287 -0.541797 0.125169 -0.669906 3.034105
    39 -1.410028 -0.000005 -0.000014 0.000004 0.000001 -0.911659
    40 -0.993008 0.000010 -0.000011 0.000012 -0.000006 -0.908928
    41 -1.077398 1.571280 0.162236 0.351673 -1.124156 2.999846
    42 -1.337713 0.000003 -0.000002 3.078234 -1.322288 -3.107495
    43 -1.180471 0.000072 0.000002 0.222693 -1.503459 -0.194122
    44 -0.719599 0.565946 0.238754 -0.061928 -1.418387 -3.057514
    45 -1.311414 -0.000009 -0.000267 0.002810 -1.315827 0.001501
    46 -1.132872 0.000005 -0.000066 3.139362 -1.176202 -3.092139
    47 -1.239075 -1.304744 -0.314278 -1.430303 -0.982760 -2.003829
    48 -1.052850 0.000005 -0.000004 2.863323 -1.535755 3.140266
    49 -0.916342 0.000033 0.000003 3.130054 -1.386235 -3.118064
    50 -0.900585 -0.375762 0.090056 -0.779868 -1.244725 -2.521915
    51 -1.303123 -0.000014 0.000008 -0.004240 -1.451229 -0.001012
    52 -1.094650 0.000007 0.000003 -2.577326 -1.476285 2.574417
    53 0.000000 0.000000 0.000000 0.000000 0.000000 0.000000
    54 0.000000 0.000000 0.000000 0.000000 0.000000 -1.570796
    55 0.000000 0.000000 0.000000 0.000000 0.000000 -1.570796
    56 -2.000000 0.000000 0.000000 -1.570796 0.000000 0.174533
    57 -1.500000 0.000002 0.000000 -1.570796 0.000000 0.000000
    58 0.000000 0.500000 0.000000 -1.570796 0.261799 0.000000
    59 -0.000001 0.000000 0.000000 -3.141593 0.174533 0.000000
    60 0.000000 0.000000 -0.000001 -3.141593 0.174533 0.174533
    61 0.000000 0.000000 0.000000 -3.141593 0.349066 -0.174533
    62 0.000000 0.000000 0.000000 -1.570796 0.000000 0.000000
    63 0.000000 0.000000 0.000000 -1.570796 0.000000 0.000000
    64 0.000000 0.000000 0.000000 -1.570796 0.000000 0.000000
    65 0.000000 0.000000 0.000002 -1.570796 0.000000 0.000000
    66 0.000000 0.000000 0.000000 -1.570796 0.000000 0.000000
    67 0.000000 0.000001 0.000000 -1.570796 0.000000 0.000000
    68 0.000000 0.000000 0.000000 -1.570796 0.000000 0.000000
    69 0.000000 0.000000 0.000000 -1.570796 0.000000 0.000000
    70 0.000000 0.000000 0.000000 -1.570796 0.000000 0.000000
    71 0.000000 0.000000 0.000000 -1.570796 0.000000 0.000000
    72 0.000000 0.000000 0.000000 -1.570796 0.000000 0.000000
    73 0.000000 0.000000 0.000000 -1.570796 0.000000 0.000000
    74 -2.000000 0.000000 0.000000 1.570796 0.000000 0.174533
    75 -1.500000 -0.000001 -0.250000 1.570796 0.000000 0.000000
    76 -1.000000 0.250000 0.500000 1.570796 0.000000 0.000000
    77 0.000000 0.000000 0.000000 2.094395 0.000000 -3.141593
    78 0.000000 0.000000 0.000000 2.094395 0.000000 -3.141593
    79 0.000000 -0.200001 -0.200000 1.745329 0.000000 -3.141593
    80 0.000000 -0.000001 -0.000002 1.570796 0.000000 3.141593
    81 0.000000 0.000000 0.000000 1.570796 0.000000 -3.141593
    82 0.000000 0.000000 -0.000002 1.570796 0.000000 -3.141593
    83 0.000000 0.000000 0.000000 1.570796 0.000000 3.141593
    84 -0.000002 0.000000 0.000000 1.570796 0.000000 3.141593
    85 0.000000 0.000000 0.000000 1.570796 0.000000 3.141593
    86 0.000000 0.000000 0.000000 1.570796 0.000000 3.141593
    87 0.000000 0.000000 0.000000 1.570796 0.000000 -3.141593
    88 0.000000 0.000000 0.000000 1.570796 0.000000 -3.141593
    89 0.000000 0.000000 0.000000 1.570796 0.000000 3.141593
    90 0.000000 0.000000 0.000000 1.570796 0.000000 -3.141593
    91 0.000000 0.000000 0.000000 1.570796 0.000000 -3.141593
  time 8
    0 0.000000 0.000000 0.000000 0.000000 0.000000 -0.000007
    1 0.000000 2.709942 -10.591393 0.000000 -1.570796 1.570796
    2 3.500857 9.013945 -0.640573 0.000000 -1.570796 0.000000
    3 -2.289403 -1.496114 0.973094 0.000000 0.000000 0.000000
    4 4.409996 0.000005 -0.000003 0.418552 -0.321651 1.386495
    5 10.079981 -0.000003 -0.000001 -0.000002 -0.000003 -2.076050
    6 0.000000 -0.000001 0.000000 -0.262958 0.000005 0.000001
    7 3.359990 0.000014 -0.000007 -0.525925 0.000000 0.000003
    8 6.719987 0.000030 -0.000015 -0.788849 -0.000002 0.000001
    9 3.500862 -5.725745 -0.640568 0.000000 -1.570795 3.141592
    10 0.254751 3.179637 -0.996149 0.000000 0.000000 0.000000
    11 4.409998 -0.000001 0.000004 -0.415272 0.092749 0.156987
    12 10.079982 0.000014 0.000025 0.000004 0.000046 -1.110964
    13 0.000001 0.000004 0.000000 0.444092 -0.000001 0.000010
    14 3.359994 0.000032 0.000015 0.888172 -0.000007 0.000004
    15 6.719987 0.000057 0.000028 1.332280 0.000003 0.000003
    16 0.000000 0.000000 0.000000 1.563198 -0.004231 -3.159869
    17 2.716641 -17.530889 -5.137591 3.041089 -0.282510 -2.348139
    18 -0.118055 -0.108981 0.513327 -0.000047 -0.086523 0.000009
    19 4.409994 -0.000012 0.000012 0.000000 0.000000 0.000000
    20 -3.422661 1.711283 0.470872 0.018364 -0.593174 -0.075895
    21 1.410028 0.000010 0.000007 0.000006 0.000009 -0.987481
    22 0.993011 -0.000001 0.000006 0.000001 -0.000006 -0.761963
    23 -1.022532 1.571291 -0.406268 0.562009 -1.088038 -0.422346
    24 1.337718 0.000005 0.000002 -3.141591 -1.497669 3.135755
    25 1.180473 -0.000093 -0.000003 2.322271 -1.447922 -2.264049
    26 -0.666712 0.565948 -0.425195 0.276535 -1.168921 -0.243380
    27 1.311736 0.000006 0.000004 -3.109347 -1.501840 3.110658
    28 1.132875 -0.000003 -0.000005 -2.277655 -1.482347 2.251198
    29 -0.835869 -0.375753 -0.250998 -0.232083 -1.169899 0.124274
    30 1.303124 0.000019 0.000004 2.990854 -1.546793 -2.976011
    31 1.094648 -0.000011 -0.000003 -0.062792 -1.544912 0.032862
    32 -1.144743 -1.304737 0.171518 -0.974001 -1.088390 0.663341
    33 1.052849 0.000000 -0.000004 3.124857 -1.425270 3.135795
    34 0.916342 -0.000031 0.000001 3.141553 -1.536954 -3.129942
    35 -12.006148 -7.919997 -6.102274 0.595454 0.003736 -1.382046
    36 -0.117880 -0.102734 -0.180849 0.000013 0.017066 0.000000
    37 4.409983 -0.000034 0.000004 0.000000 0.000000 0.000000
    38 -3.459356 1.711287 -0.541797 0.125169 -0.669906 3.034105
    39 -1.410028 -0.000005 -0.000014 0.000004 0.000001 -0.911659
    40 -0.993008 0.000010 -0.000011 0.000012 -0.000006 -0.908928
    41 -1.077398 1.571280 0.162236 0.351673 -1.124156 2.999846
    42 -1.337713 0.000003 -0.000002 3.078234 -1.322288 -3.107495
    43 -1.180471 0.000072 0.000002 0.222693 -1.503459 -0.194122
    44 -0.719599 0.565946 0.238754 -0.061928 -1.418387 -3.057514
    45 -1.311414 -0.000009 -0.000267 0.002810 -1.315827 0.001501
    46 -1.132872 0.000005 -0.000066 3.139362 -1.176202 -3.092139
    47 -1.239075 -1.304744 -0.314278 -1.430303 -0.982760 -2.003829
    48 -1.052850 0.000005 -0.000004 2.863323 -1.535755 3.140266
    49 -0.916342 0.000033 0.000003 3.130054 -1.386235 -3.118064
    50 -0.900585 -0.375762 0.090056 -0.779868 -1.244725 -2.521915
    51 -1.303123 -0.000014 0.000008 -0.004240 -1.451229 -0.001012
    52 -1.094650 0.000007 0.000003 -2.577326 -1.476285 2.574417
    53 0.000000 0.000000 0.000000 0.000000 0.000000 0.000000
    54 0.000000 0.000000 0.000000 0.000000 0.000000 -1.570796
    55 0.000000 0.000000 0.000000 0.000000 0.000000 -1.570796
    56 -2.000000 0.000000 0.000000 -1.570796 0.000000 0.174533
    57 -1.500000 0.000002 0.000000 -1.570796 0.000000 0.000000
    58 0.000000 0.500000 0.000000 -1.570796 0.261799 0.000000
    59 -0.000001 0.000000 0.000000 -3.141593 0.174533 0.000000
    60 0.000000 0.000000 -0.000001 -3.141593 0.174533 0.174533
    61 0.000000 0.000000 0.000000 -3.141593 0.349066 -0.174533
    62 0.000000 0.000000 0.000000 -1.570796 0.000000 0.000000
    63 0.000000 0.000000 0.000000 -1.570796 0.000000 0.000000
    64 0.000000 0.000000 0.000000 -1.570796 0.000000 0.000000
    65 0.000000 0.000000 0.000002 -1.570796 0.000000 0.000000
    66 0.000000 0.000000 0.000000 -1.570796 0.000000 0.000000
    67 0.000000 0.000001 0.000000 -1.570796 0.000000 0.000000
    68 0.000000 0.000000 0.000000 -1.570796 0.000000 0.000000
    69 0.000000 0.000000 0.000000 -1.570796 0.000000 0.000000
    70 0.000000 0.000000 0.000000 -1.570796 0.000000 0.000000
    71 0.000000 0.000000 0.000000 -1.570796 0.000000 0.000000
    72 0.000000 0.000000 0.000000 -1.570796 0.000000 0.000000
    73 0.000000 0.000000 0.000000 -1.570796 0.000000 0.000000
    74 -2.000000 0.000000 0.000000 1.570796 0.000000 0.174533
    75 -1.500000 -0.000001 -0.250000 1.570796 0.000000 0.000000
    76 -1.000000 0.250000 0.500000 1.570796 0.000000 0.000000
    77 0.000000 0.000000 0.000000 2.094395 0.000000 -3.141593
    78 0.000000 0.000000 0.000000 2.094395 0.000000 -3.141593
    79 0.000000 -0.200001 -0.200000 1.745329 0.000000 -3.141593
    80 0.000000 -0.000001 -0.000002 1.570796 0.000000 3.141593
    81 0.000000 0.000000 0.000000 1.570796 0.000000 -3.141593
    82 0.000000 0.000000 -0.000002 1.570796 0.000000 -3.141593
    83 0.000000 0.000000 0.000000 1.570796 0.000000 3.141593
    84 -0.000002 0.000000 0.000000 1.570796 0.000000 3.141593
    85 0.000000 0.000000 0.000000 1.570796 0.000000 3.141593
    86 0.000000 0.000000 0.000000 1.570796 0.000000 3.141593
    87 0.000000 0.000000 0.000000 1.570796 0.000000 -3.141593
    88 0.000000 0.000000 0.000000 1.570796 0.000000 -3.141593
    89 0.000000 0.000000 0.000000 1.570796 0.000000 3.141593
    90 0.000000 0.000000 0.000000 1.570796 0.000000 -3.141593
    91 0.000000 0.000000 0.000000 1.570796 0.000000 -3.141593
  time 9
    0 0.000000 0.000000 0.000000 0.000000 0.000000 -0.000007
    1 0.000000 2.709942 -10.591393 0.000000 -1.570796 1.570796
    2 3.500857 9.013945 -0.640573 0.000000 -1.570796 0.000000
    3 -2.289403 -1.496114 0.973094 0.000000 0.000000 0.000000
    4 4.409996 0.000005 -0.000003 0.418552 -0.321651 1.386495
    5 10.079981 -0.000003 -0.000001 -0.000002 -0.000003 -2.076050
    6 0.000000 -0.000001 0.000000 -0.262958 0.000005 0.000001
    7 3.359990 0.000014 -0.000007 -0.525925 0.000000 0.000003
    8 6.719987 0.000030 -0.000015 -0.788849 -0.000002 0.000001
    9 3.500862 -5.725745 -0.640568 0.000000 -1.570795 3.141592
    10 0.645388 3.179637 -0.996149 0.000000 0.000000 0.000000
    11 4.409998 -0.000001 0.000004 -0.412630 0.093912 0.152479
    12 10.079982 0.000014 0.000025 0.000004 0.000046 -1.154094
    13 0.000001 0.000004 0.000000 0.461230 -0.000001 0.000010
    14 3.359994 0.000032 0.000015 0.922445 -0.000007 0.000004
    15 6.719987 0.000057 0.000028 1.383690 0.000003 0.000003
    16 0.000000 0.000000 0.000000 1.563977 -0.007898 -3.158143
    17 2.376787 -17.468387 -5.063370 3.127054 -0.313170 -2.418981
    18 -0.118055 -0.108981 0.513327 -0.000047 -0.086523 0.000009
    19 4.409994 -0.000012 0.000012 0.000000 0.000000 0.000000
    20 -3.422661 1.711283 0.470872 0.018364 -0.593174 -0.075895
    21 1.410028 0.000010 0.000007 0.000006 0.000009 -0.987481
    22 0.993011 -0.000001 0.000006 0.000001 -0.000006 -0.761963
    23 -1.022532 1.571291 -0.406268 0.562009 -1.088038 -0.422346
    24 1.337718 0.000005 0.000002 -3.141591 -1.497669 3.135755
    25 1.180473 -0.000093 -0.000003 2.322271 -1.447922 -2.264049
    26 -0.666712 0.565948 -0.425195 0.276535 -1.168921 -0.243380
    27 1.311736 0.000006 0.000004 -3.109347 -1.501840 3.110658
    28 1.132875 -0.000003 -0.000005 -2.277655 -1.482347 2.251198
    29 -0.835869 -0.375753 -0.250998 -0.232083 -1.169899 0.124274
    30 1.303124 0.000019 0.000004 2.990854 -1.546793 -2.976011
    31 1.094648 -0.000011 -0.000003 -0.062804 -1.544912 0.032862
    32 -1.144743 -1.304737 0.171518 -0.974001 -1.088390 0.663341
    33 1.052849 0.000000 -0.000004 3.124857 -1.425270 3.135795
    34 0.916342 -0.000031 0.000001 3.141553 -1.536954 -3.129942
    35 -12.006148 -7.919997 -6.102274 0.595454 0.003736 -1.382046
    36 -0.117880 -0.102734 -0.180849 0.000013 0.017066 0.000000
    37 4.409983 -0.000034 0.000004 0.000000 0.000000 0.000000
    38 -3.459356 1.711287 -0.541797 0.125169 -0.669906 3.034105
    39 -1.410028 -0.000005 -0.000014 0.000004 0.000001 -0.911659
    40 -0.993008 0.000010 -0.000011 0.000012 -0.000006 -0.908928
    41 -1.077398 1.571280 0.162236 0.351673 -1.124156 2.999846
    42 -1.337713 0.000003 -0.000002 3.078234 -1.322288 -3.107495
    43 -1.180471 0.000072 0.000002 0.222693 -1.503459 -0.194122
    44 -0.719599 0.565946 0.238754 -0.061928 -1.418387 -3.057514
    45 -1.311414 -0.000009 -0.000267 0.002810 -1.315827 0.001501
    46 -1.132872 0.000005 -0.000066 3.139362 -1.176202 -3.092139
    47 -1.239075 -1.304744 -0.314278 -1.430303 -0.982760 -2.003829
    48 -1.052850 0.000005 -0.000004 2.863323 -1.535755 3.140266
    49 -0.916342 0.000033 0.000003 3.130054 -1.386235 -3.118064
    50 -0.900585 -0.375762 0.090056 -0.779868 -1.244725 -2.521915
    51 -1.303123 -0.000014 0.000008 -0.004240 -1.451229 -0.001012
    52 -1.094650 0.000007 0.000003 -2.577326 -1.476285 2.574417
    53 0.000000 0.000000 0.000000 0.000000 0.000000 0.000000
    54 0.000000 0.000000 0.000000 0.000000 0.000000 -1.570796
    55 0.000000 0.000000 0.000000 0.000000 0.000000 -1.570796
    56 -2.000000 0.000000 0.000000 -1.570796 0.000000 0.174533
    57 -1.500000 0.000002 0.000000 -1.570796 0.000000 0.000000
    58 0.000000 0.500000 0.000000 -1.570796 0.261799 0.000000
    59 -0.000001 0.000000 0.000000 -3.141593 0.174533 0.000000
    60 0.000000 0.000000 -0.000001 -3.141593 0.174533 0.174533
    61 0.000000 0.000000 0.000000 -3.141593 0.349066 -0.174533
    62 0.000000 0.000000 0.000000 -1.570796 0.000000 0.000000
    63 0.000000 0.000000 0.000000 -1.570796 0.000000 0.000000
    64 0.000000 0.000000 0.000000 -1.570796 0.000000 0.000000
    65 0.000000 0.000000 0.000002 -1.570796 0.000000 0.000000
    66 0.000000 0.000000 0.000000 -1.570796 0.000000 0.000000
    67 0.000000 0.000001 0.000000 -1.570796 0.000000 0.000000
    68 0.000000 0.000000 0.000000 -1.570796 0.000000 0.000000
    69 0.000000 0.000000 0.000000 -1.570796 0.000000 0.000000
    70 0.000000 0.000000 0.000000 -1.570796 0.000000 0.000000
    71 0.000000 0.000000 0.000000 -1.570796 0.000000 0.000000
    72 0.000000 0.000000 0.000000 -1.570796 0.000000 0.000000
    73 0.000000 0.000000 0.000000 -1.570796 0.000000 0.000000
    74 -2.000000 0.000000 0.000000 1.570796 0.000000 0.174533
    75 -1.500000 -0.000001 -0.250000 1.570796 0.000000 0.000000
    76 -1.000000 0.250000 0.500000 1.570796 0.000000 0.000000
    77 0.000000 0.000000 0.000000 2.094395 0.000000 -3.141593
    78 0.000000 0.000000 0.000000 2.094395 0.000000 -3.141593
    79 0.000000 -0.200001 -0.200000 1.745329 0.000000 -3.141593
    80 0.000000 -0.000001 -0.000002 1.570796 0.000000 3.141593
    81 0.000000 0.000000 0.000000 1.570796 0.000000 -3.141593
    82 0.000000 0.000000 -0.000002 1.570796 0.000000 -3.141593
    83 0.000000 0.000000 0.000000 1.570796 0.000000 3.141593
    84 -0.000002 0.000000 0.000000 1.570796 0.000000 3.141593
    85 0.000000 0.000000 0.000000 1.570796 0.000000 3.141593
    86 0.000000 0.000000 0.000000 1.570796 0.000000 3.141593
    87 0.000000 0.000000 0.000000 1.570796 0.000000 -3.141593
    88 0.000000 0.000000 0.000000 1.570796 0.000000 -3.141593
    89 0.000000 0.000000 0.000000 1.570796 0.000000 3.141593
    90 0.000000 0.000000 0.000000 1.570796 0.000000 -3.141593
    91 0.000000 0.000000 0.000000 1.570796 0.000000 -3.141593
  time 10
    0 0.000000 0.000000 0.000000 0.000000 0.000000 -0.000007
    1 0.000000 2.709942 -10.591393 0.000000 -1.570796 1.570796
    2 3.500857 9.013945 -0.640573 0.000000 -1.570796 0.000000
    3 -2.289403 -1.496114 0.973094 0.000000 0.000000 0.000000
    4 4.409996 0.000005 -0.000003 0.418552 -0.321651 1.386495
    5 10.079981 -0.000003 -0.000001 -0.000002 -0.000003 -2.076050
    6 0.000000 -0.000001 0.000000 -0.262958 0.000005 0.000001
    7 3.359990 0.000014 -0.000007 -0.525925 0.000000 0.000003
    8 6.719987 0.000030 -0.000015 -0.788849 -0.000002 0.000001
    9 3.500862 -5.725745 -0.640568 0.000000 -1.570795 3.141592
    10 1.004774 3.179637 -0.996149 0.000000 0.000000 0.000000
    11 4.409998 -0.000001 0.000004 -0.409406 0.096286 0.149655
    12 10.079982 0.000014 0.000025 0.000004 0.000046 -1.194386
    13 0.000001 0.000004 0.000000 0.472196 -0.000001 0.000010
    14 3.359994 0.000032 0.000015 0.944369 -0.000007 0.000004
    15 6.719987 0.000057 0.000028 1.416577 0.000003 0.000003
    16 0.000000 0.000000 0.000000 1.564480 -0.009552 -3.155974
    17 2.107248 -17.425417 -5.020400 3.182947 -0.330707 -2.465616
    18 -0.118055 -0.108981 0.513327 -0.000047 -0.086523 0.000009
    19 4.409994 -0.000012 0.000012 0.000000 0.000000 0.000000
    20 -3.422661 1.711283 0.470872 0.018364 -0.593174 -0.075895
    21 1.410028 0.000010 0.000007 0.000006 0.000009 -0.987481
    22 0.993011 -0.000001 0.000006 0.000001 -0.000006 -0.761963
    23 -1.022532 1.571291 -0.406268 0.562009 -1.088038 -0.422346
    24 1.337718 0.000005 0.000002 -3.141591 -1.497669 3.135755
    25 1.180473 -0.000093 -0.000003 2.322271 -1.447922 -2.264049
    26 -0.666712 0.565948 -0.425195 0.276535 -1.168921 -0.243380
    27 1.311736 0.000006 0.000004 -3.109347 -1.501840 3.110658
    28 1.132875 -0.000003 -0.000005 -2.277655 -1.482347 2.251198
    29 -0.835869 -0.375753 -0.250998 -0.232083 -1.169899 0.124274
    30 1.303124 0.000019 0.000004 2.990854 -1.546793 -2.976011
    31 1.094648 -0.000011 -0.000003 -0.062804 -1.544912 0.032862
    32 -1.144743 -1.304737 0.171518 -0.974001 -1.088390 0.663341
    33 1.052849 0.000000 -0.000004 3.124857 -1.425270 3.135795
    34 0.916342 -0.000031 0.000001 3.141553 -1.536954 -3.129942
    35 -12.006148 -7.919997 -6.102274 0.595454 0.003736 -1.382046
    36 -0.117880 -0.102734 -0.180849 0.000013 0.017066 0.000000
    37 4.409983 -0.000034 0.000004 0.000000 0.000000 0.000000
    38 -3.459356 1.711287 -0.541797 0.125169 -0.669906 3.034105
    39 -1.410028 -0.000005 -0.000014 0.000004 0.000001 -0.911659
    40 -0.993008 0.000010 -0.000011 0.000012 -0.000006 -0.908928
    41 -1.077398 1.571280 0.162236 0.351673 -1.124156 2.999846
    42 -1.337713 0.000003 -0.000002 3.078234 -1.322288 -3.107495
    43 -1.180471 0.000072 0.000002 0.222693 -1.503459 -0.194122
    44 -0.719599 0.565946 0.238754 -0.061928 -1.418387 -3.057514
    45 -1.311414 -0.000009 -0.000267 0.002810 -1.315827 0.001501
    46 -1.132872 0.000005 -0.000066 3.139362 -1.176202 -3.092139
    47 -1.239075 -1.304744 -0.314278 -1.430303 -0.982760 -2.003829
    48 -1.052850 0.000005 -0.000004 2.863323 -1.535755 3.140266
    49 -0.916342 0.000033 0.000003 3.130054 -1.386235 -3.118064
    50 -0.900585 -0.375762 0.090056 -0.779868 -1.244725 -2.521915
    51 -1.303123 -0.000014 0.000008 -0.004240 -1.451229 -0.001012
    52 -1.094650 0.000007 0.000003 -2.577326 -1.476285 2.574417
    53 0.000000 0.000000 0.000000 0.000000 0.000000 0.000000
    54 0.000000 0.000000 0.000000 0.000000 0.000000 -1.570796
    55 0.000000 0.000000 0.000000 0.000000 0.000000 -1.570796
    56 -2.000000 0.000000 0.000000 -1.570796 0.000000 0.174533
    57 -1.500000 0.000002 0.000000 -1.570796 0.000000 0.000000
    58 0.000000 0.500000 0.000000 -1.570796 0.261799 0.000000
    59 -0.000001 0.000000 0.000000 -3.141593 0.174533 0.000000
    60 0.000000 0.000000 -0.000001 -3.141593 0.174533 0.174533
    61 0.000000 0.000000 0.000000 -3.141593 0.349066 -0.174533
    62 0.000000 0.000000 0.000000 -1.570796 0.000000 0.000000
    63 0.000000 0.000000 0.000000 -1.570796 0.000000 0.000000
    64 0.000000 0.000000 0.000000 -1.570796 0.000000 0.000000
    65 0.000000 0.000000 0.000002 -1.570796 0.000000 0.000000
    66 0.000000 0.000000 0.000000 -1.570796 0.000000 0.000000
    67 0.000000 0.000001 0.000000 -1.570796 0.000000 0.000000
    68 0.000000 0.000000 0.000000 -1.570796 0.000000 0.000000
    69 0.000000 0.000000 0.000000 -1.570796 0.000000 0.000000
    70 0.000000 0.000000 0.000000 -1.570796 0.000000 0.000000
    71 0.000000 0.000000 0.000000 -1.570796 0.000000 0.000000
    72 0.000000 0.000000 0.000000 -1.570796 0.000000 0.000000
    73 0.000000 0.000000 0.000000 -1.570796 0.000000 0.000000
    74 -2.000000 0.000000 0.000000 1.570796 0.000000 0.174533
    75 -1.500000 -0.000001 -0.250000 1.570796 0.000000 0.000000
    76 -1.000000 0.250000 0.500000 1.570796 0.000000 0.000000
    77 0.000000 0.000000 0.000000 2.094395 0.000000 -3.141593
    78 0.000000 0.000000 0.000000 2.094395 0.000000 -3.141593
    79 0.000000 -0.200001 -0.200000 1.745329 0.000000 -3.141593
    80 0.000000 -0.000001 -0.000002 1.570796 0.000000 3.141593
    81 0.000000 0.000000 0.000000 1.570796 0.000000 -3.141593
    82 0.000000 0.000000 -0.000002 1.570796 0.000000 -3.141593
    83 0.000000 0.000000 0.000000 1.570796 0.000000 3.141593
    84 -0.000002 0.000000 0.000000 1.570796 0.000000 3.141593
    85 0.000000 0.000000 0.000000 1.570796 0.000000 3.141593
    86 0.000000 0.000000 0.000000 1.570796 0.000000 3.141593
    87 0.000000 0.000000 0.000000 1.570796 0.000000 -3.141593
    88 0.000000 0.000000 0.000000 1.570796 0.000000 -3.141593
    89 0.000000 0.000000 0.000000 1.570796 0.000000 3.141593
    90 0.000000 0.000000 0.000000 1.570796 0.000000 -3.141593
    91 0.000000 0.000000 0.000000 1.570796 0.000000 -3.141593
  time 11
    0 0.000000 0.000000 0.000000 0.000000 0.000000 -0.000007
    1 0.000000 2.709942 -10.591393 0.000000 -1.570796 1.570796
    2 3.500857 9.013945 -0.640573 0.000000 -1.570796 0.000000
    3 -2.289403 -1.496114 0.973094 0.000000 0.000000 0.000000
    4 4.409996 0.000005 -0.000003 0.418552 -0.321651 1.386495
    5 10.079981 -0.000003 -0.000001 -0.000002 -0.000003 -2.076050
    6 0.000000 -0.000001 0.000000 -0.262958 0.000005 0.000001
    7 3.359990 0.000014 -0.000007 -0.525925 0.000000 0.000003
    8 6.719987 0.000030 -0.000015 -0.788849 -0.000002 0.000001
    9 3.500862 -5.725745 -0.640568 0.000000 -1.570795 3.141592
    10 1.309471 3.179637 -0.996149 0.000000 0.000000 0.000000
    11 4.409998 -0.000001 0.000004 -0.405600 0.100151 0.149227
    12 10.079982 0.000014 0.000025 0.000004 0.000046 -1.229996
    13 0.000001 0.000004 0.000000 0.477889 -0.000001 0.000010
    14 3.359994 0.000032 0.000015 0.955749 -0.000007 0.000004
    15 6.719987 0.000057 0.000028 1.433647 0.000003 0.000003
    16 0.000000 0.000000 0.000000 1.564852 -0.009612 -3.153517
    17 1.911929 -17.405885 -5.032119 3.211878 -0.336139 -2.490659
    18 -0.118055 -0.108981 0.513327 -0.000047 -0.086523 0.000009
    19 4.409994 -0.000012 0.000012 0.000000 0.000000 0.000000
    20 -3.422661 1.711283 0.470872 0.018364 -0.593174 -0.075895
    21 1.410028 0.000010 0.000007 0.000006 0.000009 -0.987481
    22 0.993011 -0.000001 0.000006 0.000001 -0.000006 -0.761963
    23 -1.022532 1.571291 -0.406268 0.562009 -1.088038 -0.422346
    24 1.337718 0.000005 0.000002 -3.141591 -1.497669 3.135755
    25 1.180473 -0.000093 -0.000003 2.322271 -1.447922 -2.264049
    26 -0.666712 0.565948 -0.425195 0.276535 -1.168921 -0.243380
    27 1.311736 0.000006 0.000004 -3.109347 -1.501840 3.110658
    28 1.132875 -0.000003 -0.000005 -2.277655 -1.482347 2.251198
    29 -0.835869 -0.375753 -0.250998 -0.232083 -1.169899 0.124274
    30 1.303124 0.000019 0.000004 2.990854 -1.546793 -2.976011
    31 1.094648 -0.000011 -0.000003 -0.062804 -1.544912 0.032862
    32 -1.144743 -1.304737 0.171518 -0.974001 -1.088390 0.663341
    33 1.052849 0.000000 -0.000004 3.124857 -1.425270 3.135795
    34 0.916342 -0.000031 0.000001 3.141553 -1.536954 -3.129942
    35 -12.006148 -7.919997 -6.102274 0.595454 0.003736 -1.382046
    36 -0.117880 -0.102734 -0.180849 0.000013 0.017066 0.000000
    37 4.409983 -0.000034 0.000004 0.000000 0.000000 0.000000
    38 -3.459356 1.711287 -0.541797 0.125169 -0.669906 3.034105
    39 -1.410028 -0.000005 -0.000014 0.000004 0.000001 -0.911659
    40 -0.993008 0.000010 -0.000011 0.000012 -0.000006 -0.908928
    41 -1.077398 1.571280 0.162236 0.351673 -1.124156 2.999846
    42 -1.337713 0.000003 -0.000002 3.078234 -1.322288 -3.107495
    43 -1.180471 0.000072 0.000002 0.222693 -1.503459 -0.194122
    44 -0.719599 0.565946 0.238754 -0.061928 -1.418387 -3.057514
    45 -1.311414 -0.000009 -0.000267 0.002810 -1.315827 0.001501
    46 -1.132872 0.000005 -0.000066 3.139362 -1.176202 -3.092139
    47 -1.239075 -1.304744 -0.314278 -1.430303 -0.982760 -2.003829
    48 -1.052850 0.000005 -0.000004 2.863323 -1.535755 3.140266
    49 -0.916342 0.000033 0.000003 3.130054 -1.386235 -3.118064
    50 -0.900585 -0.375762 0.090056 -0.779868 -1.244725 -2.521915
    51 -1.303123 -0.000014 0.000008 -0.004240 -1.451229 -0.001012
    52 -1.094650 0.000007 0.000003 -2.577326 -1.476285 2.574417
    53 0.000000 0.000000 0.000000 0.000000 0.000000 0.000000
    54 0.000000 0.000000 0.000000 0.000000 0.000000 -1.570796
    55 0.000000 0.000000 0.000000 0.000000 0.000000 -1.570796
    56 -2.000000 0.000000 0.000000 -1.570796 0.000000 0.174533
    57 -1.500000 0.000002 0.000000 -1.570796 0.000000 0.000000
    58 0.000000 0.500000 0.000000 -1.570796 0.261799 0.000000
    59 -0.000001 0.000000 0.000000 -3.141593 0.174533 0.000000
    60 0.000000 0.000000 -0.000001 -3.141593 0.174533 0.174533
    61 0.000000 0.000000 0.000000 -3.141593 0.349066 -0.174533
    62 0.000000 0.000000 0.000000 -1.570796 0.000000 0.000000
    63 0.000000 0.000000 0.000000 -1.570796 0.000000 0.000000
    64 0.000000 0.000000 0.000000 -1.570796 0.000000 0.000000
    65 0.000000 0.000000 0.000002 -1.570796 0.000000 0.000000
    66 0.000000 0.000000 0.000000 -1.570796 0.000000 0.000000
    67 0.000000 0.000001 0.000000 -1.570796 0.000000 0.000000
    68 0.000000 0.000000 0.000000 -1.570796 0.000000 0.000000
    69 0.000000 0.000000 0.000000 -1.570796 0.000000 0.000000
    70 0.000000 0.000000 0.000000 -1.570796 0.000000 0.000000
    71 0.000000 0.000000 0.000000 -1.570796 0.000000 0.000000
    72 0.000000 0.000000 0.000000 -1.570796 0.000000 0.000000
    73 0.000000 0.000000 0.000000 -1.570796 0.000000 0.000000
    74 -2.000000 0.000000 0.000000 1.570796 0.000000 0.174533
    75 -1.500000 -0.000001 -0.250000 1.570796 0.000000 0.000000
    76 -1.000000 0.250000 0.500000 1.570796 0.000000 0.000000
    77 0.000000 0.000000 0.000000 2.094395 0.000000 -3.141593
    78 0.000000 0.000000 0.000000 2.094395 0.000000 -3.141593
    79 0.000000 -0.200001 -0.200000 1.745329 0.000000 -3.141593
    80 0.000000 -0.000001 -0.000002 1.570796 0.000000 3.141593
    81 0.000000 0.000000 0.000000 1.570796 0.000000 -3.141593
    82 0.000000 0.000000 -0.000002 1.570796 0.000000 -3.141593
    83 0.000000 0.000000 0.000000 1.570796 0.000000 3.141593
    84 -0.000002 0.000000 0.000000 1.570796 0.000000 3.141593
    85 0.000000 0.000000 0.000000 1.570796 0.000000 3.141593
    86 0.000000 0.000000 0.000000 1.570796 0.000000 3.141593
    87 0.000000 0.000000 0.000000 1.570796 0.000000 -3.141593
    88 0.000000 0.000000 0.000000 1.570796 0.000000 -3.141593
    89 0.000000 0.000000 0.000000 1.570796 0.000000 3.141593
    90 0.000000 0.000000 0.000000 1.570796 0.000000 -3.141593
    91 0.000000 0.000000 0.000000 1.570796 0.000000 -3.141593
  time 12
    0 0.000000 0.000000 0.000000 0.000000 0.000000 -0.000007
    1 0.000000 2.709942 -10.591393 0.000000 -1.570796 1.570796
    2 3.500857 9.013945 -0.640573 0.000000 -1.570796 0.000000
    3 -2.289403 -1.496114 0.973094 0.000000 0.000000 0.000000
    4 4.409996 0.000005 -0.000003 0.418552 -0.321651 1.386495
    5 10.079981 -0.000003 -0.000001 -0.000002 -0.000003 -2.076050
    6 0.000000 -0.000001 0.000000 -0.262958 0.000005 0.000001
    7 3.359990 0.000014 -0.000007 -0.525925 0.000000 0.000003
    8 6.719987 0.000030 -0.000015 -0.788849 -0.000002 0.000001
    9 3.500862 -5.725745 -0.640568 0.000000 -1.570795 3.141592
    10 1.555572 3.179637 -0.996149 0.000000 0.000000 0.000000
    11 4.409998 -0.000001 0.000004 -0.400809 0.105948 0.152052
    12 10.079982 0.000014 0.000025 0.000004 0.000058 -1.259648
    13 0.000001 0.000004 0.000000 0.480981 -0.000001 0.000010
    14 3.359994 0.000032 0.000015 0.961943 -0.000007 0.000004
    15 6.719987 0.000057 0.000028 1.442966 0.000003 0.000003
    16 0.000000 0.000000 0.000000 1.565067 -0.008485 -3.150916
    17 1.802551 -17.409792 -5.082902 3.226835 -0.335009 -2.504739
    18 -0.118055 -0.108981 0.513327 -0.000047 -0.086523 0.000009
    19 4.409994 -0.000012 0.000012 0.000000 0.000000 0.000000
    20 -3.422661 1.711283 0.470872 0.018364 -0.593174 -0.075895
    21 1.410028 0.000010 0.000007 0.000006 0.000009 -0.987481
    22 0.993011 -0.000001 0.000006 0.000001 -0.000006 -0.761963
    23 -1.022532 1.571291 -0.406268 0.562009 -1.088038 -0.422346
    24 1.337718 0.000005 0.000002 -3.141591 -1.497669 3.135755
    25 1.180473 -0.000093 -0.000003 2.322271 -1.447922 -2.264049
    26 -0.666712 0.565948 -0.425195 0.276535 -1.168921 -0.243380
    27 1.311736 0.000006 0.000004 -3.109347 -1.501840 3.110658
    28 1.132875 -0.000003 -0.000005 -2.277655 -1.482347 2.251198
    29 -0.835869 -0.375753 -0.250998 -0.232083 -1.169899 0.124274
    30 1.303124 0.000019 0.000004 2.990854 -1.546793 -2.976011
    31 1.094648 -0.000011 -0.000003 -0.062816 -1.544912 0.032862
    32 -1.144743 -1.304737 0.171518 -0.974001 -1.088390 0.663341
    33 1.052849 0.000000 -0.000004 3.124857 -1.425270 3.135795
    34 0.916342 -0.000031 0.000001 3.141553 -1.536954 -3.129942
    35 -12.006148 -7.919997 -6.102274 0.595454 0.003736 -1.382046
    36 -0.117880 -0.102734 -0.180849 0.000013 0.017066 0.000000
    37 4.409983 -0.000034 0.000004 0.000000 0.000000 0.000000
    38 -3.459356 1.711287 -0.541797 0.125169 -0.669906 3.034105
    39 -1.410028 -0.000005 -0.000014 0.000004 0.000001 -0.911659
    40 -0.993008 0.000010 -0.000011 0.000012 -0.000006 -0.908928
    41 -1.077398 1.571280 0.162236 0.351673 -1.124156 2.999846
    42 -1.337713 0.000003 -0.000002 3.078234 -1.322288 -3.107495
    43 -1.180471 0.000072 0.000002 0.222693 -1.503459 -0.194122
    44 -0.719599 0.565946 0.238754 -0.061928 -1.418387 -3.057514
    45 -1.311414 -0.000009 -0.000267 0.002810 -1.315827 0.001501
    46 -1.132872 0.000005 -0.000066 3.139362 -1.176202 -3.092139
    47 -1.239075 -1.304744 -0.314278 -1.430303 -0.982760 -2.003829
    48 -1.052850 0.000005 -0.000004 2.863323 -1.535755 3.140266
    49 -0.916342 0.000033 0.000003 3.130054 -1.386235 -3.118064
    50 -0.900585 -0.375762 0.090056 -0.779868 -1.244725 -2.521915
    51 -1.303123 -0.000014 0.000008 -0.004240 -1.451229 -0.001012
    52 -1.094650 0.000007 0.000003 -2.577326 -1.476285 2.574417
    53 0.000000 0.000000 0.000000 0.000000 0.000000 0.000000
    54 0.000000 0.000000 0.000000 0.000000 0.000000 -1.570796
    55 0.000000 0.000000 0.000000 0.000000 0.000000 -1.570796
    56 -2.000000 0.000000 0.000000 -1.570796 0.000000 0.174533
    57 -1.500000 0.000002 0.000000 -1.570796 0.000000 0.000000
    58 0.000000 0.500000 0.000000 -1.570796 0.261799 0.000000
    59 -0.000001 0.000000 0.000000 -3.141593 0.174533 0.000000
    60 0.000000 0.000000 -0.000001 -3.141593 0.174533 0.174533
    61 0.000000 0.000000 0.000000 -3.141593 0.349066 -0.174533
    62 0.000000 0.000000 0.000000 -1.570796 0.000000 0.000000
    63 0.000000 0.000000 0.000000 -1.570796 0.000000 0.000000
    64 0.000000 0.000000 0.000000 -1.570796 0.000000 0.000000
    65 0.000000 0.000000 0.000002 -1.570796 0.000000 0.000000
    66 0.000000 0.000000 0.000000 -1.570796 0.000000 0.000000
    67 0.000000 0.000001 0.000000 -1.570796 0.000000 0.000000
    68 0.000000 0.000000 0.000000 -1.570796 0.000000 0.000000
    69 0.000000 0.000000 0.000000 -1.570796 0.000000 0.000000
    70 0.000000 0.000000 0.000000 -1.570796 0.000000 0.000000
    71 0.000000 0.000000 0.000000 -1.570796 0.000000 0.000000
    72 0.000000 0.000000 0.000000 -1.570796 0.000000 0.000000
    73 0.000000 0.000000 0.000000 -1.570796 0.000000 0.000000
    74 -2.000000 0.000000 0.000000 1.570796 0.000000 0.174533
    75 -1.500000 -0.000001 -0.250000 1.570796 0.000000 0.000000
    76 -1.000000 0.250000 0.500000 1.570796 0.000000 0.000000
    77 0.000000 0.000000 0.000000 2.094395 0.000000 -3.141593
    78 0.000000 0.000000 0.000000 2.094395 0.000000 -3.141593
    79 0.000000 -0.200001 -0.200000 1.745329 0.000000 -3.141593
    80 0.000000 -0.000001 -0.000002 1.570796 0.000000 3.141593
    81 0.000000 0.000000 0.000000 1.570796 0.000000 -3.141593
    82 0.000000 0.000000 -0.000002 1.570796 0.000000 -3.141593
    83 0.000000 0.000000 0.000000 1.570796 0.000000 3.141593
    84 -0.000002 0.000000 0.000000 1.570796 0.000000 3.141593
    85 0.000000 0.000000 0.000000 1.570796 0.000000 3.141593
    86 0.000000 0.000000 0.000000 1.570796 0.000000 3.141593
    87 0.000000 0.000000 0.000000 1.570796 0.000000 -3.141593
    88 0.000000 0.000000 0.000000 1.570796 0.000000 -3.141593
    89 0.000000 0.000000 0.000000 1.570796 0.000000 3.141593
    90 0.000000 0.000000 0.000000 1.570796 0.000000 -3.141593
    91 0.000000 0.000000 0.000000 1.570796 0.000000 -3.141593
  time 13
    0 0.000000 0.000000 0.000000 0.000000 0.000000 -0.000007
    1 0.000000 2.709942 -10.591393 0.000000 -1.570796 1.570796
    2 3.500857 9.013945 -0.640573 0.000000 -1.570796 0.000000
    3 -2.289403 -1.496114 0.973094 0.000000 0.000000 0.000000
    4 4.409996 0.000005 -0.000003 0.418552 -0.321651 1.386495
    5 10.079981 -0.000003 -0.000001 -0.000002 -0.000003 -2.076050
    6 0.000000 -0.000001 0.000000 -0.262958 0.000005 0.000001
    7 3.359990 0.000014 -0.000007 -0.525925 0.000000 0.000003
    8 6.719987 0.000030 -0.000015 -0.788849 -0.000002 0.000001
    9 3.500862 -5.725745 -0.640568 0.000000 -1.570795 3.141592
    10 1.715733 3.179637 -0.996149 0.000000 0.000000 0.000000
    11 4.409998 -0.000001 0.000004 -0.395951 0.111532 0.154676
    12 10.079982 0.000014 0.000025 0.000004 0.000046 -1.279652
    13 0.000001 0.000004 0.000000 0.482766 -0.000001 0.000010
    14 3.359994 0.000032 0.000015 0.965514 -0.000007 0.000004
    15 6.719987 0.000057 0.000028 1.448295 0.000003 0.000003
    16 0.000000 0.000000 0.000000 1.565283 -0.006627 -3.148375
    17 1.732236 -17.417604 -5.161029 3.234983 -0.330816 -2.512919
    18 -0.118055 -0.108981 0.513327 -0.000047 -0.086523 0.000009
    19 4.409994 -0.000012 0.000012 0.000000 0.000000 0.000000
    20 -3.422661 1.711283 0.470872 0.018364 -0.593174 -0.075895
    21 1.410028 0.000010 0.000007 0.000006 0.000009 -0.987481
    22 0.993011 -0.000001 0.000006 0.000001 -0.000006 -0.761963
    23 -1.022532 1.571291 -0.406268 0.562009 -1.088038 -0.422346
    24 1.337718 0.000005 0.000002 -3.141591 -1.497669 3.135755
    25 1.180473 -0.000093 -0.000003 2.322271 -1.447922 -2.264049
    26 -0.666712 0.565948 -0.425195 0.276535 -1.168921 -0.243380
    27 1.311736 0.000006 0.000004 -3.109347 -1.501840 3.110658
    28 1.132875 -0.000003 -0.000005 -2.277655 -1.482347 2.251198
    29 -0.835869 -0.375753 -0.250998 -0.232083 -1.169899 0.124274
    30 1.303124 0.000019 0.000004 2.990854 -1.546793 -2.976011
    31 1.094648 -0.000011 -0.000003 -0.062804 -1.544912 0.032862
    32 -1.144743 -1.304737 0.171518 -0.974001 -1.088390 0.663341
    33 1.052849 0.000000 -0.000004 3.124857 -1.425270 3.135795
    34 0.916342 -0.000031 0.000001 3.141553 -1.536954 -3.129942
    35 -12.006148 -7.919997 -6.102274 0.595454 0.003736 -1.382046
    36 -0.117880 -0.102734 -0.180849 0.000013 0.017066 0.000000
    37 4.409983 -0.000034 0.000004 0.000000 0.000000 0.000000
    38 -3.459356 1.711287 -0.541797 0.125169 -0.669906 3.034105
    39 -1.410028 -0.000005 -0.000014 0.000004 0.000001 -0.911659
    40 -0.993008 0.000010 -0.000011 0.000012 -0.000006 -0.908928
    41 -1.077398 1.571280 0.162236 0.351673 -1.124156 2.999846
    42 -1.337713 0.000003 -0.000002 3.078234 -1.322288 -3.107495
    43 -1.180471 0.000072 0.000002 0.222693 -1.503459 -0.194122
    44 -0.719599 0.565946 0.238754 -0.061928 -1.418387 -3.057514
    45 -1.311414 -0.000009 -0.000267 0.002810 -1.315827 0.001501
    46 -1.132872 0.000005 -0.000066 3.139362 -1.176202 -3.092139
    47 -1.239075 -1.304744 -0.314278 -1.430303 -0.982760 -2.003829
    48 -1.052850 0.000005 -0.000004 2.863323 -1.535755 3.140266
    49 -0.916342 0.000033 0.000003 3.130054 -1.386235 -3.118064
    50 -0.900585 -0.375762 0.090056 -0.779868 -1.244725 -2.521915
    51 -1.303123 -0.000014 0.000008 -0.004240 -1.451229 -0.001012
    52 -1.094650 0.000007 0.000003 -2.577326 -1.476285 2.574417
    53 0.000000 0.000000 0.000000 0.000000 0.000000 0.000000
    54 0.000000 0.000000 0.000000 0.000000 0.000000 -1.570796
    55 0.000000 0.000000 0.000000 0.000000 0.000000 -1.570796
    56 -2.000000 0.000000 0.000000 -1.570796 0.000000 0.174533
    57 -1.500000 0.000002 0.000000 -1.570796 0.000000 0.000000
    58 0.000000 0.500000 0.000000 -1.570796 0.261799 0.000000
    59 -0.000001 0.000000 0.000000 -3.141593 0.174533 0.000000
    60 0.000000 0.000000 -0.000001 -3.141593 0.174533 0.174533
    61 0.000000 0.000000 0.000000 -3.141593 0.349066 -0.174533
    62 0.000000 0.000000 0.000000 -1.570796 0.000000 0.000000
    63 0.000000 0.000000 0.000000 -1.570796 0.000000 0.000000
    64 0.000000 0.000000 0.000000 -1.570796 0.000000 0.000000
    65 0.000000 0.000000 0.000002 -1.570796 0.000000 0.000000
    66 0.000000 0.000000 0.000000 -1.570796 0.000000 0.000000
    67 0.000000 0.000001 0.000000 -1.570796 0.000000 0.000000
    68 0.000000 0.000000 0.000000 -1.570796 0.000000 0.000000
    69 0.000000 0.000000 0.000000 -1.570796 0.000000 0.000000
    70 0.000000 0.000000 0.000000 -1.570796 0.000000 0.000000
    71 0.000000 0.000000 0.000000 -1.570796 0.000000 0.000000
    72 0.000000 0.000000 0.000000 -1.570796 0.000000 0.000000
    73 0.000000 0.000000 0.000000 -1.570796 0.000000 0.000000
    74 -2.000000 0.000000 0.000000 1.570796 0.000000 0.174533
    75 -1.500000 -0.000001 -0.250000 1.570796 0.000000 0.000000
    76 -1.000000 0.250000 0.500000 1.570796 0.000000 0.000000
    77 0.000000 0.000000 0.000000 2.094395 0.000000 -3.141593
    78 0.000000 0.000000 0.000000 2.094395 0.000000 -3.141593
    79 0.000000 -0.200001 -0.200000 1.745329 0.000000 -3.141593
    80 0.000000 -0.000001 -0.000002 1.570796 0.000000 3.141593
    81 0.000000 0.000000 0.000000 1.570796 0.000000 -3.141593
    82 0.000000 0.000000 -0.000002 1.570796 0.000000 -3.141593
    83 0.000000 0.000000 0.000000 1.570796 0.000000 3.141593
    84 -0.000002 0.000000 0.000000 1.570796 0.000000 3.141593
    85 0.000000 0.000000 0.000000 1.570796 0.000000 3.141593
    86 0.000000 0.000000 0.000000 1.570796 0.000000 3.141593
    87 0.000000 0.000000 0.000000 1.570796 0.000000 -3.141593
    88 0.000000 0.000000 0.000000 1.570796 0.000000 -3.141593
    89 0.000000 0.000000 0.000000 1.570796 0.000000 3.141593
    90 0.000000 0.000000 0.000000 1.570796 0.000000 -3.141593
    91 0.000000 0.000000 0.000000 1.570796 0.000000 -3.141593
  time 14
    0 0.000000 0.000000 0.000000 0.000000 0.000000 -0.000007
    1 0.000000 2.709942 -10.591393 0.000000 -1.570796 1.570796
    2 3.500857 9.013945 -0.640573 0.000000 -1.570796 0.000000
    3 -2.289403 -1.496114 0.973094 0.000000 0.000000 0.000000
    4 4.409996 0.000005 -0.000003 0.418552 -0.321651 1.386495
    5 10.079981 -0.000003 -0.000001 -0.000002 -0.000003 -2.076050
    6 0.000000 -0.000001 0.000000 -0.262958 0.000005 0.000001
    7 3.359990 0.000014 -0.000007 -0.525925 0.000000 0.000003
    8 6.719987 0.000030 -0.000015 -0.788849 -0.000002 0.000001
    9 3.500862 -5.725745 -0.640568 0.000000 -1.570795 3.141592
    10 1.786048 3.179637 -0.996149 0.000000 0.000000 0.000000
    11 4.409998 -0.000001 0.000004 -0.392257 0.114578 0.153449
    12 10.079982 0.000014 0.000025 0.000004 0.000046 -1.285894
    13 0.000001 0.000004 0.000000 0.484564 -0.000001 0.000010
    14 3.359994 0.000032 0.000015 0.969143 -0.000007 0.000004
    15 6.719987 0.000057 0.000028 1.453710 0.000003 0.000003
    16 0.000000 0.000000 0.000000 1.565571 -0.004422 -3.146002
    17 1.669734 -17.425417 -5.223531 3.243131 -0.326951 -2.520710
    18 -0.118055 -0.108981 0.513327 -0.000047 -0.086523 0.000009
    19 4.409994 -0.000012 0.000012 0.000000 0.000000 0.000000
    20 -3.422661 1.711283 0.470872 0.018364 -0.593174 -0.075895
    21 1.410028 0.000010 0.000007 0.000006 0.000009 -0.987481
    22 0.993011 -0.000001 0.000006 0.000001 -0.000006 -0.761963
    23 -1.022532 1.571291 -0.406268 0.562009 -1.088038 -0.422346
    24 1.337718 0.000005 0.000002 -3.141591 -1.497669 3.135755
    25 1.180473 -0.000093 -0.000003 2.322271 -1.447922 -2.264049
    26 -0.666712 0.565948 -0.425195 0.276535 -1.168921 -0.243380
    27 1.311736 0.000006 0.000004 -3.109347 -1.501840 3.110658
    28 1.132875 -0.000003 -0.000005 -2.277655 -1.482347 2.251198
    29 -0.835869 -0.375753 -0.250998 -0.232083 -1.169899 0.124274
    30 1.303124 0.000019 0.000004 2.990854 -1.546793 -2.976011
    31 1.094648 -0.000011 -0.000003 -0.062804 -1.544912 0.032862
    32 -1.144743 -1.304737 0.171518 -0.974001 -1.088390 0.663341
    33 1.052849 0.000000 -0.000004 3.124857 -1.425270 3.135795
    34 0.916342 -0.000031 0.000001 3.141553 -1.536954 -3.129942
    35 -12.006148 -7.919997 -6.102274 0.595454 0.003736 -1.382046
    36 -0.117880 -0.102734 -0.180849 0.000013 0.017066 0.000000
    37 4.409983 -0.000034 0.000004 0.000000 0.000000 0.000000
    38 -3.459356 1.711287 -0.541797 0.125169 -0.669906 3.034105
    39 -1.410028 -0.000005 -0.000014 0.000004 0.000001 -0.911659
    40 -0.993008 0.000010 -0.000011 0.000012 -0.000006 -0.908928
    41 -1.077398 1.571280 0.162236 0.351673 -1.124156 2.999846
    42 -1.337713 0.000003 -0.000002 3.078234 -1.322288 -3.107495
    43 -1.180471 0.000072 0.000002 0.222693 -1.503459 -0.194122
    44 -0.719599 0.565946 0.238754 -0.061928 -1.418387 -3.057514
    45 -1.311414 -0.000009 -0.000267 0.002810 -1.315827 0.001501
    46 -1.132872 0.000005 -0.000066 3.139362 -1.176202 -3.092139
    47 -1.239075 -1.304744 -0.314278 -1.430303 -0.982760 -2.003829
    48 -1.052850 0.000005 -0.000004 2.863323 -1.535755 3.140266
    49 -0.916342 0.000033 0.000003 3.130054 -1.386235 -3.118064
    50 -0.900585 -0.375762 0.090056 -0.779868 -1.244725 -2.521915
    51 -1.303123 -0.000014 0.000008 -0.004240 -1.451229 -0.001012
    52 -1.094650 0.000007 0.000003 -2.577326 -1.476285 2.574417
    53 0.000000 0.000000 0.000000 0.000000 0.000000 0.000000
    54 0.000000 0.000000 0.000000 0.000000 0.000000 -1.570796
    55 0.000000 0.000000 0.000000 0.000000 0.000000 -1.570796
    56 -2.000000 0.000000 0.000000 -1.570796 0.000000 0.174533
    57 -1.500000 0.000002 0.000000 -1.570796 0.000000 0.000000
    58 0.000000 0.500000 0.000000 -1.570796 0.261799 0.000000
    59 -0.000001 0.000000 0.000000 -3.141593 0.174533 0.000000
    60 0.000000 0.000000 -0.000001 -3.141593 0.174533 0.174533
    61 0.000000 0.000000 0.000000 -3.141593 0.349066 -0.174533
    62 0.000000 0.000000 0.000000 -1.570796 0.000000 0.000000
    63 0.000000 0.000000 0.000000 -1.570796 0.000000 0.000000
    64 0.000000 0.000000 0.000000 -1.570796 0.000000 0.000000
    65 0.000000 0.000000 0.000002 -1.570796 0.000000 0.000000
    66 0.000000 0.000000 0.000000 -1.570796 0.000000 0.000000
    67 0.000000 0.000001 0.000000 -1.570796 0.000000 0.000000
    68 0.000000 0.000000 0.000000 -1.570796 0.000000 0.000000
    69 0.000000 0.000000 0.000000 -1.570796 0.000000 0.000000
    70 0.000000 0.000000 0.000000 -1.570796 0.000000 0.000000
    71 0.000000 0.000000 0.000000 -1.570796 0.000000 0.000000
    72 0.000000 0.000000 0.000000 -1.570796 0.000000 0.000000
    73 0.000000 0.000000 0.000000 -1.570796 0.000000 0.000000
    74 -2.000000 0.000000 0.000000 1.570796 0.000000 0.174533
    75 -1.500000 -0.000001 -0.250000 1.570796 0.000000 0.000000
    76 -1.000000 0.250000 0.500000 1.570796 0.000000 0.000000
    77 0.000000 0.000000 0.000000 2.094395 0.000000 -3.141593
    78 0.000000 0.000000 0.000000 2.094395 0.000000 -3.141593
    79 0.000000 -0.200001 -0.200000 1.745329 0.000000 -3.141593
    80 0.000000 -0.000001 -0.000002 1.570796 0.000000 3.141593
    81 0.000000 0.000000 0.000000 1.570796 0.000000 -3.141593
    82 0.000000 0.000000 -0.000002 1.570796 0.000000 -3.141593
    83 0.000000 0.000000 0.000000 1.570796 0.000000 3.141593
    84 -0.000002 0.000000 0.000000 1.570796 0.000000 3.141593
    85 0.000000 0.000000 0.000000 1.570796 0.000000 3.141593
    86 0.000000 0.000000 0.000000 1.570796 0.000000 3.141593
    87 0.000000 0.000000 0.000000 1.570796 0.000000 -3.141593
    88 0.000000 0.000000 0.000000 1.570796 0.000000 -3.141593
    89 0.000000 0.000000 0.000000 1.570796 0.000000 3.141593
    90 0.000000 0.000000 0.000000 1.570796 0.000000 -3.141593
    91 0.000000 0.000000 0.000000 1.570796 0.000000 -3.141593
  time 15
    0 0.000000 0.000000 0.000000 0.000000 0.000000 -0.000007
    1 0.000000 2.709942 -10.591393 0.000000 -1.570796 1.570796
    2 3.500857 9.013945 -0.640573 0.000000 -1.570796 0.000000
    3 -2.289403 -1.496114 0.973094 0.000000 0.000000 0.000000
    4 4.409996 0.000005 -0.000003 0.418552 -0.321651 1.386495
    5 10.079981 -0.000003 -0.000001 -0.000002 -0.000003 -2.076050
    6 0.000000 -0.000001 0.000000 -0.262958 0.000005 0.000001
    7 3.359990 0.000014 -0.000007 -0.525925 0.000000 0.000003
    8 6.719987 0.000030 -0.000015 -0.788849 -0.000002 0.000001
    9 3.500862 -5.725745 -0.640568 0.000000 -1.570795 3.141592
    10 1.786048 3.179637 -0.996149 0.000000 0.000000 0.000000
    11 4.409998 -0.000001 0.000004 -0.389727 0.115495 0.149398
    12 10.079982 0.000014 0.000025 0.000004 0.000046 -1.282395
    13 0.000001 0.000004 0.000000 0.486506 -0.000001 0.000010
    14 3.359994 0.000032 0.000015 0.972981 -0.000007 0.000004
    15 6.719987 0.000057 0.000028 1.459495 0.000003 0.000003
    16 0.000000 0.000000 0.000000 1.565918 -0.002337 -3.144001
    17 1.611139 -17.425417 -5.266501 3.252105 -0.323050 -2.528056
    18 -0.118055 -0.108981 0.513327 -0.000047 -0.086523 0.000009
    19 4.409994 -0.000012 0.000012 0.000000 0.000000 0.000000
    20 -3.422661 1.711283 0.470872 0.018364 -0.593174 -0.075895
    21 1.410028 0.000010 0.000007 0.000006 0.000009 -0.987481
    22 0.993011 -0.000001 0.000006 0.000001 -0.000006 -0.761963
    23 -1.022532 1.571291 -0.406268 0.562009 -1.088038 -0.422346
    24 1.337718 0.000005 0.000002 -3.141591 -1.497669 3.135755
    25 1.180473 -0.000093 -0.000003 2.322271 -1.447922 -2.264049
    26 -0.666712 0.565948 -0.425195 0.276535 -1.168921 -0.243380
    27 1.311736 0.000006 0.000004 -3.109347 -1.501840 3.110658
    28 1.132875 -0.000003 -0.000005 -2.277655 -1.482347 2.251198
    29 -0.835869 -0.375753 -0.250998 -0.232083 -1.169899 0.124274
    30 1.303124 0.000019 0.000004 2.990854 -1.546793 -2.976011
    31 1.094648 -0.000011 -0.000003 -0.062804 -1.544912 0.032862
    32 -1.144743 -1.304737 0.171518 -0.974001 -1.088390 0.663341
    33 1.052849 0.000000 -0.000004 3.124857 -1.425270 3.135795
    34 0.916342 -0.000031 0.000001 3.141553 -1.536954 -3.129942
    35 -12.006148 -7.919997 -6.102274 0.595454 0.003736 -1.382046
    36 -0.117880 -0.102734 -0.180849 0.000013 0.017066 0.000000
    37 4.409983 -0.000034 0.000004 0.000000 0.000000 0.000000
    38 -3.459356 1.711287 -0.541797 0.125169 -0.669906 3.034105
    39 -1.410028 -0.000005 -0.000014 0.000004 0.000001 -0.911659
    40 -0.993008 0.000010 -0.000011 0.000012 -0.000006 -0.908928
    41 -1.077398 1.571280 0.162236 0.351673 -1.124156 2.999846
    42 -1.337713 0.000003 -0.000002 3.078234 -1.322288 -3.107495
    43 -1.180471 0.000072 0.000002 0.222693 -1.503459 -0.194122
    44 -0.719599 0.565946 0.238754 -0.061928 -1.418387 -3.057514
    45 -1.311414 -0.000009 -0.000267 0.002810 -1.315827 0.001501
    46 -1.132872 0.000005 -0.000066 3.139362 -1.176202 -3.092139
    47 -1.239075 -1.304744 -0.314278 -1.430303 -0.982760 -2.003829
    48 -1.052850 0.000005 -0.000004 2.863323 -1.535755 3.140266
    49 -0.916342 0.000033 0.000003 3.130054 -1.386235 -3.118064
    50 -0.900585 -0.375762 0.090056 -0.779868 -1.244725 -2.521915
    51 -1.303123 -0.000014 0.000008 -0.004240 -1.451229 -0.001012
    52 -1.094650 0.000007 0.000003 -2.577326 -1.476285 2.574417
    53 0.000000 0.000000 0.000000 0.000000 0.000000 0.000000
    54 0.000000 0.000000 0.000000 0.000000 0.000000 -1.570796
    55 0.000000 0.000000 0.000000 0.000000 0.000000 -1.570796
    56 -2.000000 0.000000 0.000000 -1.570796 0.000000 0.174533
    57 -1.500000 0.000002 0.000000 -1.570796 0.000000 0.000000
    58 0.000000 0.500000 0.000000 -1.570796 0.261799 0.000000
    59 -0.000001 0.000000 0.000000 -3.141593 0.174533 0.000000
    60 0.000000 0.000000 -0.000001 -3.141593 0.174533 0.174533
    61 0.000000 0.000000 0.000000 -3.141593 0.349066 -0.174533
    62 0.000000 0.000000 0.000000 -1.570796 0.000000 0.000000
    63 0.000000 0.000000 0.000000 -1.570796 0.000000 0.000000
    64 0.000000 0.000000 0.000000 -1.570796 0.000000 0.000000
    65 0.000000 0.000000 0.000002 -1.570796 0.000000 0.000000
    66 0.000000 0.000000 0.000000 -1.570796 0.000000 0.000000
    67 0.000000 0.000001 0.000000 -1.570796 0.000000 0.000000
    68 0.000000 0.000000 0.000000 -1.570796 0.000000 0.000000
    69 0.000000 0.000000 0.000000 -1.570796 0.000000 0.000000
    70 0.000000 0.000000 0.000000 -1.570796 0.000000 0.000000
    71 0.000000 0.000000 0.000000 -1.570796 0.000000 0.000000
    72 0.000000 0.000000 0.000000 -1.570796 0.000000 0.000000
    73 0.000000 0.000000 0.000000 -1.570796 0.000000 0.000000
    74 -2.000000 0.000000 0.000000 1.570796 0.000000 0.174533
    75 -1.500000 -0.000001 -0.250000 1.570796 0.000000 0.000000
    76 -1.000000 0.250000 0.500000 1.570796 0.000000 0.000000
    77 0.000000 0.000000 0.000000 2.094395 0.000000 -3.141593
    78 0.000000 0.000000 0.000000 2.094395 0.000000 -3.141593
    79 0.000000 -0.200001 -0.200000 1.745329 0.000000 -3.141593
    80 0.000000 -0.000001 -0.000002 1.570796 0.000000 3.141593
    81 0.000000 0.000000 0.000000 1.570796 0.000000 -3.141593
    82 0.000000 0.000000 -0.000002 1.570796 0.000000 -3.141593
    83 0.000000 0.000000 0.000000 1.570796 0.000000 3.141593
    84 -0.000002 0.000000 0.000000 1.570796 0.000000 3.141593
    85 0.000000 0.000000 0.000000 1.570796 0.000000 3.141593
    86 0.000000 0.000000 0.000000 1.570796 0.000000 3.141593
    87 0.000000 0.000000 0.000000 1.570796 0.000000 -3.141593
    88 0.000000 0.000000 0.000000 1.570796 0.000000 -3.141593
    89 0.000000 0.000000 0.000000 1.570796 0.000000 3.141593
    90 0.000000 0.000000 0.000000 1.570796 0.000000 -3.141593
    91 0.000000 0.000000 0.000000 1.570796 0.000000 -3.141593
  time 16
    0 0.000000 0.000000 0.000000 0.000000 0.000000 -0.000007
    1 0.000000 2.709942 -10.591393 0.000000 -1.570796 1.570796
    2 3.500857 9.013945 -0.640573 0.000000 -1.570796 0.000000
    3 -2.289403 -1.496114 0.973094 0.000000 0.000000 0.000000
    4 4.409996 0.000005 -0.000003 0.418552 -0.321651 1.386495
    5 10.079981 -0.000003 -0.000001 -0.000002 -0.000003 -2.076050
    6 0.000000 -0.000001 0.000000 -0.262958 0.000005 0.000001
    7 3.359990 0.000014 -0.000007 -0.525925 0.000000 0.000003
    8 6.719987 0.000030 -0.000015 -0.788849 -0.000002 0.000001
    9 3.500862 -5.725745 -0.640568 0.000000 -1.570795 3.141592
    10 1.786048 3.179637 -0.996149 0.000000 0.000000 0.000000
    11 4.409998 -0.000001 0.000004 -0.387421 0.116903 0.147458
    12 10.079982 0.000014 0.000025 0.000004 0.000058 -1.280834
    13 0.000001 0.000004 0.000000 0.487848 -0.000001 0.000010
    14 3.359994 0.000032 0.000015 0.975659 -0.000007 0.000004
    15 6.719987 0.000057 0.000028 1.463513 0.000003 0.000003
    16 0.000000 0.000000 0.000000 1.566506 -0.000683 -3.142455
    17 1.575981 -17.425417 -5.317284 3.258206 -0.317254 -2.532452
    18 -0.118055 -0.108981 0.513327 -0.000047 -0.086523 0.000009
    19 4.409994 -0.000012 0.000012 0.000000 0.000000 0.000000
    20 -3.422661 1.711283 0.470872 0.018364 -0.593174 -0.075895
    21 1.410028 0.000010 0.000007 0.000006 0.000009 -0.987481
    22 0.993011 -0.000001 0.000006 0.000001 -0.000006 -0.761963
    23 -1.022532 1.571291 -0.406268 0.562009 -1.088038 -0.422346
    24 1.337718 0.000005 0.000002 -3.141591 -1.497669 3.135755
    25 1.180473 -0.000093 -0.000003 2.322271 -1.447922 -2.264049
    26 -0.666712 0.565948 -0.425195 0.276535 -1.168921 -0.243380
    27 1.311736 0.000006 0.000004 -3.109347 -1.501840 3.110658
    28 1.132875 -0.000003 -0.000005 -2.277655 -1.482347 2.251198
    29 -0.835869 -0.375753 -0.250998 -0.232083 -1.169899 0.124274
    30 1.303124 0.000019 0.000004 2.990854 -1.546793 -2.976011
    31 1.094648 -0.000011 -0.000003 -0.062792 -1.544912 0.032862
    32 -1.144743 -1.304737 0.171518 -0.974001 -1.088390 0.663341
    33 1.052849 0.000000 -0.000004 3.124857 -1.425270 3.135795
    34 0.916342 -0.000031 0.000001 3.141553 -1.536954 -3.129942
    35 -12.006148 -7.919997 -6.102274 0.595454 0.003736 -1.382046
    36 -0.117880 -0.102734 -0.180849 0.000013 0.017066 0.000000
    37 4.409983 -0.000034 0.000004 0.000000 0.000000 0.000000
    38 -3.459356 1.711287 -0.541797 0.125169 -0.669906 3.034105
    39 -1.410028 -0.000005 -0.000014 0.000004 0.000001 -0.911659
    40 -0.993008 0.000010 -0.000011 0.000012 -0.000006 -0.908928
    41 -1.077398 1.571280 0.162236 0.351673 -1.124156 2.999846
    42 -1.337713 0.000003 -0.000002 3.078234 -1.322288 -3.107495
    43 -1.180471 0.000072 0.000002 0.222693 -1.503459 -0.194122
    44 -0.719599 0.565946 0.238754 -0.061928 -1.418387 -3.057514
    45 -1.311414 -0.000009 -0.000267 0.002810 -1.315827 0.001501
    46 -1.132872 0.000005 -0.000066 3.139362 -1.176202 -3.092139
    47 -1.239075 -1.304744 -0.314278 -1.430303 -0.982760 -2.003829
    48 -1.052850 0.000005 -0.000004 2.863323 -1.535755 3.140266
    49 -0.916342 0.000033 0.000003 3.130054 -1.386235 -3.118064
    50 -0.900585 -0.375762 0.090056 -0.779868 -1.244725 -2.521915
    51 -1.303123 -0.000014 0.000008 -0.004240 -1.451229 -0.001012
    52 -1.094650 0.000007 0.000003 -2.577326 -1.476285 2.574417
    53 0.000000 0.000000 0.000000 0.000000 0.000000 0.000000
    54 0.000000 0.000000 0.000000 0.000000 0.000000 -1.570796
    55 0.000000 0.000000 0.000000 0.000000 0.000000 -1.570796
    56 -2.000000 0.000000 0.000000 -1.570796 0.000000 0.174533
    57 -1.500000 0.000002 0.000000 -1.570796 0.000000 0.000000
    58 0.000000 0.500000 0.000000 -1.570796 0.261799 0.000000
    59 -0.000001 0.000000 0.000000 -3.141593 0.174533 0.000000
    60 0.000000 0.000000 -0.000001 -3.141593 0.174533 0.174533
    61 0.000000 0.000000 0.000000 -3.141593 0.349066 -0.174533
    62 0.000000 0.000000 0.000000 -1.570796 0.000000 0.000000
    63 0.000000 0.000000 0.000000 -1.570796 0.000000 0.000000
    64 0.000000 0.000000 0.000000 -1.570796 0.000000 0.000000
    65 0.000000 0.000000 0.000002 -1.570796 0.000000 0.000000
    66 0.000000 0.000000 0.000000 -1.570796 0.000000 0.000000
    67 0.000000 0.000001 0.000000 -1.570796 0.000000 0.000000
    68 0.000000 0.000000 0.000000 -1.570796 0.000000 0.000000
    69 0.000000 0.000000 0.000000 -1.570796 0.000000 0.000000
    70 0.000000 0.000000 0.000000 -1.570796 0.000000 0.000000
    71 0.000000 0.000000 0.000000 -1.570796 0.000000 0.000000
    72 0.000000 0.000000 0.000000 -1.570796 0.000000 0.000000
    73 0.000000 0.000000 0.000000 -1.570796 0.000000 0.000000
    74 -2.000000 0.000000 0.000000 1.570796 0.000000 0.174533
    75 -1.500000 -0.000001 -0.250000 1.570796 0.000000 0.000000
    76 -1.000000 0.250000 0.500000 1.570796 0.000000 0.000000
    77 0.000000 0.000000 0.000000 2.094395 0.000000 -3.141593
    78 0.000000 0.000000 0.000000 2.094395 0.000000 -3.141593
    79 0.000000 -0.200001 -0.200000 1.745329 0.000000 -3.141593
    80 0.000000 -0.000001 -0.000002 1.570796 0.000000 3.141593
    81 0.000000 0.000000 0.000000 1.570796 0.000000 -3.141593
    82 0.000000 0.000000 -0.000002 1.570796 0.000000 -3.141593
    83 0.000000 0.000000 0.000000 1.570796 0.000000 3.141593
    84 -0.000002 0.000000 0.000000 1.570796 0.000000 3.141593
    85 0.000000 0.000000 0.000000 1.570796 0.000000 3.141593
    86 0.000000 0.000000 0.000000 1.570796 0.000000 3.141593
    87 0.000000 0.000000 0.000000 1.570796 0.000000 -3.141593
    88 0.000000 0.000000 0.000000 1.570796 0.000000 -3.141593
    89 0.000000 0.000000 0.000000 1.570796 0.000000 3.141593
    90 0.000000 0.000000 0.000000 1.570796 0.000000 -3.141593
    91 0.000000 0.000000 0.000000 1.570796 0.000000 -3.141593
  time 17
    0 0.000000 0.000000 0.000000 0.000000 0.000000 -0.000007
    1 0.000000 2.709942 -10.591393 0.000000 -1.570796 1.570796
    2 3.500857 9.013945 -0.640573 0.000000 -1.570796 0.000000
    3 -2.289403 -1.496114 0.973094 0.000000 0.000000 0.000000
    4 4.409996 0.000005 -0.000003 0.418552 -0.321651 1.386495
    5 10.079981 -0.000003 -0.000001 -0.000002 -0.000003 -2.076050
    6 0.000000 -0.000001 0.000000 -0.262958 0.000005 0.000001
    7 3.359990 0.000014 -0.000007 -0.525925 0.000000 0.000003
    8 6.719987 0.000030 -0.000015 -0.788849 -0.000002 0.000001
    9 3.500862 -5.725745 -0.640568 0.000000 -1.570795 3.141592
    10 1.786048 3.179637 -0.996149 0.000000 0.000000 0.000000
    11 4.409998 -0.000001 0.000004 -0.385339 0.118508 0.147030
    12 10.079982 0.000014 0.000025 0.000004 0.000046 -1.280787
    13 0.000001 0.000004 0.000000 0.488735 -0.000001 0.000010
    14 3.359994 0.000032 0.000015 0.977426 -0.000007 0.000004
    15 6.719987 0.000057 0.000028 1.466192 0.000003 0.000003
    16 0.000000 0.000000 0.000000 1.567308 0.000000 -3.141592
    17 1.556450 -17.425417 -5.360254 3.262103 -0.310655 -2.534511
    18 -0.118055 -0.108981 0.513327 -0.000047 -0.086523 0.000009
    19 4.409994 -0.000012 0.000012 0.000000 0.000000 0.000000
    20 -3.422661 1.711283 0.470872 0.018364 -0.593174 -0.075895
    21 1.410028 0.000010 0.000007 0.000006 0.000009 -0.987481
    22 0.993011 -0.000001 0.000006 0.000001 -0.000006 -0.761963
    23 -1.022532 1.571291 -0.406268 0.562009 -1.088038 -0.422346
    24 1.337718 0.000005 0.000002 -3.141591 -1.497669 3.135755
    25 1.180473 -0.000093 -0.000003 2.322271 -1.447922 -2.264049
    26 -0.666712 0.565948 -0.425195 0.276535 -1.168921 -0.243380
    27 1.311736 0.000006 0.000004 -3.109347 -1.501840 3.110658
    28 1.132875 -0.000003 -0.000005 -2.277655 -1.482347 2.251198
    29 -0.835869 -0.375753 -0.250998 -0.232083 -1.169899 0.124274
    30 1.303124 0.000019 0.000004 2.990854 -1.546793 -2.976011
    31 1.094648 -0.000011 -0.000003 -0.062804 -1.544912 0.032862
    32 -1.144743 -1.304737 0.171518 -0.974001 -1.088390 0.663341
    33 1.052849 0.000000 -0.000004 3.124857 -1.425270 3.135795
    34 0.916342 -0.000031 0.000001 3.141553 -1.536954 -3.129942
    35 -12.006148 -7.919997 -6.102274 0.595454 0.003736 -1.382046
    36 -0.117880 -0.102734 -0.180849 0.000013 0.017066 0.000000
    37 4.409983 -0.000034 0.000004 0.000000 0.000000 0.000000
    38 -3.459356 1.711287 -0.541797 0.125169 -0.669906 3.034105
    39 -1.410028 -0.000005 -0.000014 0.000004 0.000001 -0.911659
    40 -0.993008 0.000010 -0.000011 0.000012 -0.000006 -0.908928
    41 -1.077398 1.571280 0.162236 0.351673 -1.124156 2.999846
    42 -1.337713 0.000003 -0.000002 3.078234 -1.322288 -3.107495
    43 -1.180471 0.000072 0.000002 0.222693 -1.503459 -0.194122
    44 -0.719599 0.565946 0.238754 -0.061928 -1.418387 -3.057514
    45 -1.311414 -0.000009 -0.000267 0.002810 -1.315827 0.001501
    46 -1.132872 0.000005 -0.000066 3.139362 -1.176202 -3.092139
    47 -1.239075 -1.304744 -0.314278 -1.430303 -0.982760 -2.003829
    48 -1.052850 0.000005 -0.000004 2.863323 -1.535755 3.140266
    49 -0.916342 0.000033 0.000003 3.130054 -1.386235 -3.118064
    50 -0.900585 -0.375762 0.090056 -0.779868 -1.244725 -2.521915
    51 -1.303123 -0.000014 0.000008 -0.004240 -1.451229 -0.001012
    52 -1.094650 0.000007 0.000003 -2.577326 -1.476285 2.574417
    53 0.000000 0.000000 0.000000 0.000000 0.000000 0.000000
    54 0.000000 0.000000 0.000000 0.000000 0.000000 -1.570796
    55 0.000000 0.000000 0.000000 0.000000 0.000000 -1.570796
    56 -2.000000 0.000000 0.000000 -1.570796 0.000000 0.174533
    57 -1.500000 0.000002 0.000000 -1.570796 0.000000 0.000000
    58 0.000000 0.500000 0.000000 -1.570796 0.261799 0.000000
    59 -0.000001 0.000000 0.000000 -3.141593 0.174533 0.000000
    60 0.000000 0.000000 -0.000001 -3.141593 0.174533 0.174533
    61 0.000000 0.000000 0.000000 -3.141593 0.349066 -0.174533
    62 0.000000 0.000000 0.000000 -1.570796 0.000000 0.000000
    63 0.000000 0.000000 0.000000 -1.570796 0.000000 0.000000
    64 0.000000 0.000000 0.000000 -1.570796 0.000000 0.000000
    65 0.000000 0.000000 0.000002 -1.570796 0.000000 0.000000
    66 0.000000 0.000000 0.000000 -1.570796 0.000000 0.000000
    67 0.000000 0.000001 0.000000 -1.570796 0.000000 0.000000
    68 0.000000 0.000000 0.000000 -1.570796 0.000000 0.000000
    69 0.000000 0.000000 0.000000 -1.570796 0.000000 0.000000
    70 0.000000 0.000000 0.000000 -1.570796 0.000000 0.000000
    71 0.000000 0.000000 0.000000 -1.570796 0.000000 0.000000
    72 0.000000 0.000000 0.000000 -1.570796 0.000000 0.000000
    73 0.000000 0.000000 0.000000 -1.570796 0.000000 0.000000
    74 -2.000000 0.000000 0.000000 1.570796 0.000000 0.174533
    75 -1.500000 -0.000001 -0.250000 1.570796 0.000000 0.000000
    76 -1.000000 0.250000 0.500000 1.570796 0.000000 0.000000
    77 0.000000 0.000000 0.000000 2.094395 0.000000 -3.141593
    78 0.000000 0.000000 0.000000 2.094395 0.000000 -3.141593
    79 0.000000 -0.200001 -0.200000 1.745329 0.000000 -3.141593
    80 0.000000 -0.000001 -0.000002 1.570796 0.000000 3.141593
    81 0.000000 0.000000 0.000000 1.570796 0.000000 -3.141593
    82 0.000000 0.000000 -0.000002 1.570796 0.000000 -3.141593
    83 0.000000 0.000000 0.000000 1.570796 0.000000 3.141593
    84 -0.000002 0.000000 0.000000 1.570796 0.000000 3.141593
    85 0.000000 0.000000 0.000000 1.570796 0.000000 3.141593
    86 0.000000 0.000000 0.000000 1.570796 0.000000 3.141593
    87 0.000000 0.000000 0.000000 1.570796 0.000000 -3.141593
    88 0.000000 0.000000 0.000000 1.570796 0.000000 -3.141593
    89 0.000000 0.000000 0.000000 1.570796 0.000000 3.141593
    90 0.000000 0.000000 0.000000 1.570796 0.000000 -3.141593
    91 0.000000 0.000000 0.000000 1.570796 0.000000 -3.141593
  time 18
    0 0.000000 0.000000 0.000000 0.000000 0.000000 -0.000007
    1 0.000000 2.709942 -10.591393 0.000000 -1.570796 1.570796
    2 3.500857 9.013945 -0.640573 0.000000 -1.570796 0.000000
    3 -2.289403 -1.496114 0.973094 0.000000 0.000000 0.000000
    4 4.409996 0.000005 -0.000003 0.418552 -0.321651 1.386495
    5 10.079981 -0.000003 -0.000001 -0.000002 -0.000003 -2.076050
    6 0.000000 -0.000001 0.000000 -0.262958 0.000005 0.000001
    7 3.359990 0.000014 -0.000007 -0.525925 0.000000 0.000003
    8 6.719987 0.000030 -0.000015 -0.788849 -0.000002 0.000001
    9 3.500862 -5.725745 -0.640568 0.000000 -1.570795 3.141592
    10 1.786048 3.179637 -0.996149 0.000000 0.000000 0.000000
    11 4.409998 -0.000001 0.000004 -0.383727 0.120031 0.147458
    12 10.079982 0.000014 0.000025 0.000004 0.000046 -1.281591
    13 0.000001 0.000004 0.000000 0.489238 -0.000001 0.000010
    14 3.359994 0.000032 0.000015 0.978490 -0.000007 0.000004
    15 6.719987 0.000057 0.000028 1.467788 0.000003 0.000003
    16 0.000000 0.000000 0.000000 1.568615 0.000048 -3.141376
    17 1.552543 -17.425417 -5.391505 3.264268 -0.304348 -2.535179
    18 -0.118055 -0.108981 0.513327 -0.000047 -0.086523 0.000009
    19 4.409994 -0.000012 0.000012 0.000000 0.000000 0.000000
    20 -3.422661 1.711283 0.470872 0.018364 -0.593174 -0.075895
    21 1.410028 0.000010 0.000007 0.000006 0.000009 -0.987481
    22 0.993011 -0.000001 0.000006 0.000001 -0.000006 -0.761963
    23 -1.022532 1.571291 -0.406268 0.562009 -1.088038 -0.422346
    24 1.337718 0.000005 0.000002 -3.141591 -1.497669 3.135755
    25 1.180473 -0.000093 -0.000003 2.322271 -1.447922 -2.264049
    26 -0.666712 0.565948 -0.425195 0.276535 -1.168921 -0.243380
    27 1.311736 0.000006 0.000004 -3.109347 -1.501840 3.110658
    28 1.132875 -0.000003 -0.000005 -2.277655 -1.482347 2.251198
    29 -0.835869 -0.375753 -0.250998 -0.232083 -1.169899 0.124274
    30 1.303124 0.000019 0.000004 2.990854 -1.546793 -2.976011
    31 1.094648 -0.000011 -0.000003 -0.062804 -1.544912 0.032862
    32 -1.144743 -1.304737 0.171518 -0.974001 -1.088390 0.663341
    33 1.052849 0.000000 -0.000004 3.124857 -1.425270 3.135795
    34 0.916342 -0.000031 0.000001 3.141553 -1.536954 -3.129942
    35 -12.006148 -7.919997 -6.102274 0.595454 0.003736 -1.382046
    36 -0.117880 -0.102734 -0.180849 0.000013 0.017066 0.000000
    37 4.409983 -0.000034 0.000004 0.000000 0.000000 0.000000
    38 -3.459356 1.711287 -0.541797 0.125169 -0.669906 3.034105
    39 -1.410028 -0.000005 -0.000014 0.000004 0.000001 -0.911659
    40 -0.993008 0.000010 -0.000011 0.000012 -0.000006 -0.908928
    41 -1.077398 1.571280 0.162236 0.351673 -1.124156 2.999846
    42 -1.337713 0.000003 -0.000002 3.078234 -1.322288 -3.107495
    43 -1.180471 0.000072 0.000002 0.222693 -1.503459 -0.194122
    44 -0.719599 0.565946 0.238754 -0.061928 -1.418387 -3.057514
    45 -1.311414 -0.000009 -0.000267 0.002810 -1.315827 0.001501
    46 -1.132872 0.000005 -0.000066 3.139362 -1.176202 -3.092139
    47 -1.239075 -1.304744 -0.314278 -1.430303 -0.982760 -2.003829
    48 -1.052850 0.000005 -0.000004 2.863323 -1.535755 3.140266
    49 -0.916342 0.000033 0.000003 3.130054 -1.386235 -3.118064
    50 -0.900585 -0.375762 0.090056 -0.779868 -1.244725 -2.521915
    51 -1.303123 -0.000014 0.000008 -0.004240 -1.451229 -0.001012
    52 -1.094650 0.000007 0.000003 -2.577326 -1.476285 2.574417
    53 0.000000 0.000000 0.000000 0.000000 0.000000 0.000000
    54 0.000000 0.000000 0.000000 0.000000 0.000000 -1.570796
    55 0.000000 0.000000 0.000000 0.000000 0.000000 -1.570796
    56 -2.000000 0.000000 0.000000 -1.570796 0.000000 0.174533
    57 -1.500000 0.000002 0.000000 -1.570796 0.000000 0.000000
    58 0.000000 0.500000 0.000000 -1.570796 0.261799 0.000000
    59 -0.000001 0.000000 0.000000 -3.141593 0.174533 0.000000
    60 0.000000 0.000000 -0.000001 -3.141593 0.174533 0.174533
    61 0.000000 0.000000 0.000000 -3.141593 0.349066 -0.174533
    62 0.000000 0.000000 0.000000 -1.570796 0.000000 0.000000
    63 0.000000 0.000000 0.000000 -1.570796 0.000000 0.000000
    64 0.000000 0.000000 0.000000 -1.570796 0.000000 0.000000
    65 0.000000 0.000000 0.000002 -1.570796 0.000000 0.000000
    66 0.000000 0.000000 0.000000 -1.570796 0.000000 0.000000
    67 0.000000 0.000001 0.000000 -1.570796 0.000000 0.000000
    68 0.000000 0.000000 0.000000 -1.570796 0.000000 0.000000
    69 0.000000 0.000000 0.000000 -1.570796 0.000000 0.000000
    70 0.000000 0.000000 0.000000 -1.570796 0.000000 0.000000
    71 0.000000 0.000000 0.000000 -1.570796 0.000000 0.000000
    72 0.000000 0.000000 0.000000 -1.570796 0.000000 0.000000
    73 0.000000 0.000000 0.000000 -1.570796 0.000000 0.000000
    74 -2.000000 0.000000 0.000000 1.570796 0.000000 0.174533
    75 -1.500000 -0.000001 -0.250000 1.570796 0.000000 0.000000
    76 -1.000000 0.250000 0.500000 1.570796 0.000000 0.000000
    77 0.000000 0.000000 0.000000 2.094395 0.000000 -3.141593
    78 0.000000 0.000000 0.000000 2.094395 0.000000 -3.141593
    79 0.000000 -0.200001 -0.200000 1.745329 0.000000 -3.141593
    80 0.000000 -0.000001 -0.000002 1.570796 0.000000 3.141593
    81 0.000000 0.000000 0.000000 1.570796 0.000000 -3.141593
    82 0.000000 0.000000 -0.000002 1.570796 0.000000 -3.141593
    83 0.000000 0.000000 0.000000 1.570796 0.000000 3.141593
    84 -0.000002 0.000000 0.000000 1.570796 0.000000 3.141593
    85 0.000000 0.000000 0.000000 1.570796 0.000000 3.141593
    86 0.000000 0.000000 0.000000 1.570796 0.000000 3.141593
    87 0.000000 0.000000 0.000000 1.570796 0.000000 -3.141593
    88 0.000000 0.000000 0.000000 1.570796 0.000000 -3.141593
    89 0.000000 0.000000 0.000000 1.570796 0.000000 3.141593
    90 0.000000 0.000000 0.000000 1.570796 0.000000 -3.141593
    91 0.000000 0.000000 0.000000 1.570796 0.000000 -3.141593
  time 19
    0 0.000000 0.000000 0.000000 0.000000 0.000000 -0.000007
    1 0.000000 2.709942 -10.591393 0.000000 -1.570796 1.570796
    2 3.500857 9.013945 -0.640573 0.000000 -1.570796 0.000000
    3 -2.289403 -1.496114 0.973094 0.000000 0.000000 0.000000
    4 4.409996 0.000005 -0.000003 0.418552 -0.321651 1.386495
    5 10.079981 -0.000003 -0.000001 -0.000002 -0.000003 -2.076050
    6 0.000000 -0.000001 0.000000 -0.262958 0.000005 0.000001
    7 3.359990 0.000014 -0.000007 -0.525925 0.000000 0.000003
    8 6.719987 0.000030 -0.000015 -0.788849 -0.000002 0.000001
    9 3.500862 -5.725745 -0.640568 0.000000 -1.570795 3.141592
    10 1.786048 3.179637 -0.996149 0.000000 0.000000 0.000000
    11 4.409998 -0.000001 0.000004 -0.382585 0.121210 0.148143
    12 10.079982 0.000014 0.000025 0.000004 0.000046 -1.282442
    13 0.000001 0.000004 0.000000 0.489538 -0.000001 0.000010
    14 3.359994 0.000032 0.000015 0.979060 -0.000007 0.000004
    15 6.719987 0.000057 0.000028 1.468614 0.000003 0.000003
    16 0.000000 0.000000 0.000000 1.569981 0.000024 -3.141484
    17 1.548637 -17.425417 -5.422756 3.265449 -0.299462 -2.535012
    18 -0.118055 -0.108981 0.513327 -0.000047 -0.086523 0.000009
    19 4.409994 -0.000012 0.000012 0.000000 0.000000 0.000000
    20 -3.422661 1.711283 0.470872 0.018364 -0.593174 -0.075895
    21 1.410028 0.000010 0.000007 0.000006 0.000009 -0.987481
    22 0.993011 -0.000001 0.000006 0.000001 -0.000006 -0.761963
    23 -1.022532 1.571291 -0.406268 0.562009 -1.088038 -0.422346
    24 1.337718 0.000005 0.000002 -3.141591 -1.497669 3.135755
    25 1.180473 -0.000093 -0.000003 2.322271 -1.447922 -2.264049
    26 -0.666712 0.565948 -0.425195 0.276535 -1.168921 -0.243380
    27 1.311736 0.000006 0.000004 -3.109347 -1.501840 3.110658
    28 1.132875 -0.000003 -0.000005 -2.277655 -1.482347 2.251198
    29 -0.835869 -0.375753 -0.250998 -0.232083 -1.169899 0.124274
    30 1.303124 0.000019 0.000004 2.990854 -1.546793 -2.976011
    31 1.094648 -0.000011 -0.000003 -0.062804 -1.544912 0.032862
    32 -1.144743 -1.304737 0.171518 -0.974001 -1.088390 0.663341
    33 1.052849 0.000000 -0.000004 3.124857 -1.425270 3.135795
    34 0.916342 -0.000031 0.000001 3.141553 -1.536954 -3.129942
    35 -12.006148 -7.919997 -6.102274 0.595454 0.003736 -1.382046
    36 -0.117880 -0.102734 -0.180849 0.000013 0.017066 0.000000
    37 4.409983 -0.000034 0.000004 0.000000 0.000000 0.000000
    38 -3.459356 1.711287 -0.541797 0.125169 -0.669906 3.034105
    39 -1.410028 -0.000005 -0.000014 0.000004 0.000001 -0.911659
    40 -0.993008 0.000010 -0.000011 0.000012 -0.000006 -0.908928
    41 -1.077398 1.571280 0.162236 0.351673 -1.124156 2.999846
    42 -1.337713 0.000003 -0.000002 3.078234 -1.322288 -3.107495
    43 -1.180471 0.000072 0.000002 0.222693 -1.503459 -0.194122
    44 -0.719599 0.565946 0.238754 -0.061928 -1.418387 -3.057514
    45 -1.311414 -0.000009 -0.000267 0.002810 -1.315827 0.001501
    46 -1.132872 0.000005 -0.000066 3.139362 -1.176202 -3.092139
    47 -1.239075 -1.304744 -0.314278 -1.430303 -0.982760 -2.003829
    48 -1.052850 0.000005 -0.000004 2.863323 -1.535755 3.140266
    49 -0.916342 0.000033 0.000003 3.130054 -1.386235 -3.118064
    50 -0.900585 -0.375762 0.090056 -0.779868 -1.244725 -2.521915
    51 -1.303123 -0.000014 0.000008 -0.004240 -1.451229 -0.001012
    52 -1.094650 0.000007 0.000003 -2.577326 -1.476285 2.574417
    53 0.000000 0.000000 0.000000 0.000000 0.000000 0.000000
    54 0.000000 0.000000 0.000000 0.000000 0.000000 -1.570796
    55 0.000000 0.000000 0.000000 0.000000 0.000000 -1.570796
    56 -2.000000 0.000000 0.000000 -1.570796 0.000000 0.174533
    57 -1.500000 0.000002 0.000000 -1.570796 0.000000 0.000000
    58 0.000000 0.500000 0.000000 -1.570796 0.261799 0.000000
    59 -0.000001 0.000000 0.000000 -3.141593 0.174533 0.000000
    60 0.000000 0.000000 -0.000001 -3.141593 0.174533 0.174533
    61 0.000000 0.000000 0.000000 -3.141593 0.349066 -0.174533
    62 0.000000 0.000000 0.000000 -1.570796 0.000000 0.000000
    63 0.000000 0.000000 0.000000 -1.570796 0.000000 0.000000
    64 0.000000 0.000000 0.000000 -1.570796 0.000000 0.000000
    65 0.000000 0.000000 0.000002 -1.570796 0.000000 0.000000
    66 0.000000 0.000000 0.000000 -1.570796 0.000000 0.000000
    67 0.000000 0.000001 0.000000 -1.570796 0.000000 0.000000
    68 0.000000 0.000000 0.000000 -1.570796 0.000000 0.000000
    69 0.000000 0.000000 0.000000 -1.570796 0.000000 0.000000
    70 0.000000 0.000000 0.000000 -1.570796 0.000000 0.000000
    71 0.000000 0.000000 0.000000 -1.570796 0.000000 0.000000
    72 0.000000 0.000000 0.000000 -1.570796 0.000000 0.000000
    73 0.000000 0.000000 0.000000 -1.570796 0.000000 0.000000
    74 -2.000000 0.000000 0.000000 1.570796 0.000000 0.174533
    75 -1.500000 -0.000001 -0.250000 1.570796 0.000000 0.000000
    76 -1.000000 0.250000 0.500000 1.570796 0.000000 0.000000
    77 0.000000 0.000000 0.000000 2.094395 0.000000 -3.141593
    78 0.000000 0.000000 0.000000 2.094395 0.000000 -3.141593
    79 0.000000 -0.200001 -0.200000 1.745329 0.000000 -3.141593
    80 0.000000 -0.000001 -0.000002 1.570796 0.000000 3.141593
    81 0.000000 0.000000 0.000000 1.570796 0.000000 -3.141593
    82 0.000000 0.000000 -0.000002 1.570796 0.000000 -3.141593
    83 0.000000 0.000000 0.000000 1.570796 0.000000 3.141593
    84 -0.000002 0.000000 0.000000 1.570796 0.000000 3.141593
    85 0.000000 0.000000 0.000000 1.570796 0.000000 3.141593
    86 0.000000 0.000000 0.000000 1.570796 0.000000 3.141593
    87 0.000000 0.000000 0.000000 1.570796 0.000000 -3.141593
    88 0.000000 0.000000 0.000000 1.570796 0.000000 -3.141593
    89 0.000000 0.000000 0.000000 1.570796 0.000000 3.141593
    90 0.000000 0.000000 0.000000 1.570796 0.000000 -3.141593
    91 0.000000 0.000000 0.000000 1.570796 0.000000 -3.141593
  time 20
    0 0.000000 0.000000 0.000000 0.000000 0.000000 -0.000007
    1 0.000000 2.709942 -10.591393 0.000000 -1.570796 1.570796
    2 3.500857 9.013945 -0.640573 0.000000 -1.570796 0.000000
    3 -2.289403 -1.496114 0.973094 0.000000 0.000000 0.000000
    4 4.409996 0.000005 -0.000003 0.418552 -0.321651 1.386495
    5 10.079981 -0.000003 -0.000001 -0.000002 -0.000003 -2.076050
    6 0.000000 -0.000001 0.000000 -0.262958 0.000005 0.000001
    7 3.359990 0.000014 -0.000007 -0.525925 0.000000 0.000003
    8 6.719987 0.000030 -0.000015 -0.788849 -0.000002 0.000001
    9 3.500862 -5.725745 -0.640568 0.000000 -1.570795 3.141592
    10 1.786048 3.179637 -0.996149 0.000000 0.000000 0.000000
    11 4.409998 -0.000001 0.000004 -0.382003 0.121783 0.148428
    12 10.079982 0.000014 0.000025 0.000004 0.000046 -1.282868
    13 0.000001 0.000004 0.000000 0.489682 -0.000001 0.000010
    14 3.359994 0.000032 0.000015 0.979326 -0.000007 0.000004
    15 6.719987 0.000057 0.000028 1.469013 0.000003 0.000003
    16 0.000000 0.000000 0.000000 1.570796 0.000000 -3.141592
    17 1.548637 -17.425417 -5.434475 3.266039 -0.297093 -2.535068
    18 -0.118055 -0.108981 0.513327 -0.000047 -0.086523 0.000009
    19 4.409994 -0.000012 0.000012 0.000000 0.000000 0.000000
    20 -3.422661 1.711283 0.470872 0.018364 -0.593174 -0.075895
    21 1.410028 0.000010 0.000007 0.000006 0.000009 -0.987481
    22 0.993011 -0.000001 0.000006 0.000001 -0.000006 -0.761963
    23 -1.022532 1.571291 -0.406268 0.562009 -1.088038 -0.422346
    24 1.337718 0.000005 0.000002 -3.141591 -1.497669 3.135755
    25 1.180473 -0.000093 -0.000003 2.322271 -1.447922 -2.264049
    26 -0.666712 0.565948 -0.425195 0.276535 -1.168921 -0.243380
    27 1.311736 0.000006 0.000004 -3.109347 -1.501840 3.110658
    28 1.132875 -0.000003 -0.000005 -2.277655 -1.482347 2.251198
    29 -0.835869 -0.375753 -0.250998 -0.232083 -1.169899 0.124274
    30 1.303124 0.000019 0.000004 2.990854 -1.546793 -2.976011
    31 1.094648 -0.000011 -0.000003 -0.062804 -1.544912 0.032862
    32 -1.144743 -1.304737 0.171518 -0.974001 -1.088390 0.663341
    33 1.052849 0.000000 -0.000004 3.124857 -1.425270 3.135795
    34 0.916342 -0.000031 0.000001 3.141553 -1.536954 -3.129942
    35 -12.006148 -7.919997 -6.102274 0.595454 0.003736 -1.382046
    36 -0.117880 -0.102734 -0.180849 0.000013 0.017066 0.000000
    37 4.409983 -0.000034 0.000004 0.000000 0.000000 0.000000
    38 -3.459356 1.711287 -0.541797 0.125169 -0.669906 3.034105
    39 -1.410028 -0.000005 -0.000014 0.000004 0.000001 -0.911659
    40 -0.993008 0.000010 -0.000011 0.000012 -0.000006 -0.908928
    41 -1.077398 1.571280 0.162236 0.351673 -1.124156 2.999846
    42 -1.337713 0.000003 -0.000002 3.078234 -1.322288 -3.107495
    43 -1.180471 0.000072 0.000002 0.222693 -1.503459 -0.194122
    44 -0.719599 0.565946 0.238754 -0.061928 -1.418387 -3.057514
    45 -1.311414 -0.000009 -0.000267 0.002810 -1.315827 0.001501
    46 -1.132872 0.000005 -0.000066 3.139362 -1.176202 -3.092139
    47 -1.239075 -1.304744 -0.314278 -1.430303 -0.982760 -2.003829
    48 -1.052850 0.000005 -0.000004 2.863323 -1.535755 3.140266
    49 -0.916342 0.000033 0.000003 3.130054 -1.386235 -3.118064
    50 -0.900585 -0.375762 0.090056 -0.779868 -1.244725 -2.521915
    51 -1.303123 -0.000014 0.000008 -0.004240 -1.451229 -0.001012
    52 -1.094650 0.000007 0.000003 -2.577326 -1.476285 2.574417
    53 0.000000 0.000000 0.000000 0.000000 0.000000 0.000000
    54 0.000000 0.000000 0.000000 0.000000 0.000000 -1.570796
    55 0.000000 0.000000 0.000000 0.000000 0.000000 -1.570796
    56 -2.000000 0.000000 0.000000 -1.570796 0.000000 0.174533
    57 -1.500000 0.000002 0.000000 -1.570796 0.000000 0.000000
    58 0.000000 0.500000 0.000000 -1.570796 0.261799 0.000000
    59 -0.000001 0.000000 0.000000 -3.141593 0.174533 0.000000
    60 0.000000 0.000000 -0.000001 -3.141593 0.174533 0.174533
    61 0.000000 0.000000 0.000000 -3.141593 0.349066 -0.174533
    62 0.000000 0.000000 0.000000 -1.570796 0.000000 0.000000
    63 0.000000 0.000000 0.000000 -1.570796 0.000000 0.000000
    64 0.000000 0.000000 0.000000 -1.570796 0.000000 0.000000
    65 0.000000 0.000000 0.000002 -1.570796 0.000000 0.000000
    66 0.000000 0.000000 0.000000 -1.570796 0.000000 0.000000
    67 0.000000 0.000001 0.000000 -1.570796 0.000000 0.000000
    68 0.000000 0.000000 0.000000 -1.570796 0.000000 0.000000
    69 0.000000 0.000000 0.000000 -1.570796 0.000000 0.000000
    70 0.000000 0.000000 0.000000 -1.570796 0.000000 0.000000
    71 0.000000 0.000000 0.000000 -1.570796 0.000000 0.000000
    72 0.000000 0.000000 0.000000 -1.570796 0.000000 0.000000
    73 0.000000 0.000000 0.000000 -1.570796 0.000000 0.000000
    74 -2.000000 0.000000 0.000000 1.570796 0.000000 0.174533
    75 -1.500000 -0.000001 -0.250000 1.570796 0.000000 0.000000
    76 -1.000000 0.250000 0.500000 1.570796 0.000000 0.000000
    77 0.000000 0.000000 0.000000 2.094395 0.000000 -3.141593
    78 0.000000 0.000000 0.000000 2.094395 0.000000 -3.141593
    79 0.000000 -0.200001 -0.200000 1.745329 0.000000 -3.141593
    80 0.000000 -0.000001 -0.000002 1.570796 0.000000 3.141593
    81 0.000000 0.000000 0.000000 1.570796 0.000000 -3.141593
    82 0.000000 0.000000 -0.000002 1.570796 0.000000 -3.141593
    83 0.000000 0.000000 0.000000 1.570796 0.000000 3.141593
    84 -0.000002 0.000000 0.000000 1.570796 0.000000 3.141593
    85 0.000000 0.000000 0.000000 1.570796 0.000000 3.141593
    86 0.000000 0.000000 0.000000 1.570796 0.000000 3.141593
    87 0.000000 0.000000 0.000000 1.570796 0.000000 -3.141593
    88 0.000000 0.000000 0.000000 1.570796 0.000000 -3.141593
    89 0.000000 0.000000 0.000000 1.570796 0.000000 3.141593
    90 0.000000 0.000000 0.000000 1.570796 0.000000 -3.141593
    91 0.000000 0.000000 0.000000 1.570796 0.000000 -3.141593
end
