// Created by Crowbar 0.74
version 1
nodes
  0 "NMRiH_FPS_Arms_Control_World" -1
  1 "NMRiH_FPS_Arms_Control_Root" 0
  2 "NMRiH_FPS_Arms_Control_RightCollar-Brk" 1
  3 "NMRiH_FPS_Arms_Control_RightCollar" 2
  4 "NMRiH_FPS_Arms_Control_RightShoulder" 3
  5 "NMRiH_FPS_Arms_Control_RightElbow" 4
  6 "NMRiH_FPS_Arms_Control_RightElbowTwist1" 5
  7 "NMRiH_FPS_Arms_Control_RightElbowTwist2" 5
  8 "NMRiH_FPS_Arms_Control_RightElbowTwist3" 5
  9 "NMRiH_FPS_Arms_Control_LeftCollar-Brk" 1
  10 "NMRiH_FPS_Arms_Control_LeftCollar" 9
  11 "NMRiH_FPS_Arms_Control_LeftShoulder" 10
  12 "NMRiH_FPS_Arms_Control_LeftElbow" 11
  13 "NMRiH_FPS_Arms_Control_LeftElbowTwist1" 12
  14 "NMRiH_FPS_Arms_Control_LeftElbowTwist2" 12
  15 "NMRiH_FPS_Arms_Control_LeftElbowTwist3" 12
  16 "camera_bone" 0
  17 "SphereGizmo01" -1
  18 "NMRiH_FPS_Arms_Control_LeftWrist" 17
  19 "NMRiH_FPS_Arms_Control_PSNULL47" 18
  20 "Thumb1" 19
  21 "Thumb2" 20
  22 "Thumb3" 21
  23 "Index1" 19
  24 "Index2" 23
  25 "Index3" 24
  26 "Middle1" 19
  27 "Middle2" 26
  28 "Middle3" 27
  29 "Ring1" 19
  30 "Ring2" 29
  31 "Ring3" 30
  32 "Pinky1" 19
  33 "Pinky2" 32
  34 "Pinky3" 33
  35 "SphereGizmo02" -1
  36 "NMRiH_FPS_Arms_Control_RightWrist" 35
  37 "NMRiH_FPS_Arms_Control_PSNULL20" 36
  38 "Thumb04" 37
  39 "Thumb05" 38
  40 "Thumb06" 39
  41 "Index06" 37
  42 "Index04" 41
  43 "Index05" 42
  44 "Middle06" 37
  45 "Middle04" 44
  46 "Middle05" 45
  47 "Pinky04" 37
  48 "Pinky05" 47
  49 "Pinky06" 48
  50 "Ring06" 37
  51 "Ring04" 50
  52 "Ring05" 51
  53 "ValveBiped.Bip01_Spine4" 1
  54 "ValveBiped.Bip01_L_Clavicle" -1
  55 "ValveBiped.Bip01_R_Clavicle" -1
  56 "ValveBiped.Bip01_L_UpperArm" 11
  57 "ValveBiped.Bip01_L_Forearm" 12
  58 "ValveBiped.Bip01_L_Hand" 18
  59 "ValveBiped.Bip01_L_Finger0" 20
  60 "ValveBiped.Bip01_L_Finger01" 21
  61 "ValveBiped.Bip01_L_Finger02" 22
  62 "ValveBiped.Bip01_L_Finger1" 23
  63 "ValveBiped.Bip01_L_Finger11" 24
  64 "ValveBiped.Bip01_L_Finger12" 25
  65 "ValveBiped.Bip01_L_Finger2" 26
  66 "ValveBiped.Bip01_L_Finger21" 27
  67 "ValveBiped.Bip01_L_Finger22" 28
  68 "ValveBiped.Bip01_L_Finger3" 29
  69 "ValveBiped.Bip01_L_Finger31" 30
  70 "ValveBiped.Bip01_L_Finger32" 31
  71 "ValveBiped.Bip01_L_Finger4" 32
  72 "ValveBiped.Bip01_L_Finger41" 33
  73 "ValveBiped.Bip01_L_Finger42" 34
  74 "ValveBiped.Bip01_R_UpperArm" 4
  75 "ValveBiped.Bip01_R_Forearm" 5
  76 "ValveBiped.Bip01_R_Hand" 36
  77 "ValveBiped.Bip01_R_Finger0" 38
  78 "ValveBiped.Bip01_R_Finger01" 39
  79 "ValveBiped.Bip01_R_Finger02" 40
  80 "ValveBiped.Bip01_R_Finger1" 41
  81 "ValveBiped.Bip01_R_Finger11" 42
  82 "ValveBiped.Bip01_R_Finger12" 43
  83 "ValveBiped.Bip01_R_Finger2" 44
  84 "ValveBiped.Bip01_R_Finger21" 45
  85 "ValveBiped.Bip01_R_Finger22" 46
  86 "ValveBiped.Bip01_R_Finger3" 50
  87 "ValveBiped.Bip01_R_Finger31" 51
  88 "ValveBiped.Bip01_R_Finger32" 52
  89 "ValveBiped.Bip01_R_Finger4" 47
  90 "ValveBiped.Bip01_R_Finger41" 48
  91 "ValveBiped.Bip01_R_Finger42" 49
end
skeleton
  time 0
    0 0.000000 0.000000 0.000000 0.000000 0.000000 -0.000007
    1 0.000000 2.709942 -10.591393 0.000000 -1.570796 1.570796
    2 3.500857 9.013945 -0.640573 0.000000 -1.570796 0.000000
    3 -2.289403 -1.496114 0.973094 0.000000 0.000000 0.000000
    4 4.409996 0.000005 -0.000003 0.418552 -0.321651 1.386495
    5 10.079981 -0.000003 -0.000001 -0.000002 -0.000003 -2.076050
    6 0.000000 -0.000001 0.000000 -0.262958 0.000005 0.000001
    7 3.359990 0.000014 -0.000007 -0.525925 0.000000 0.000003
    8 6.719987 0.000030 -0.000015 -0.788849 -0.000002 0.000001
    9 3.500862 -5.725745 -0.640568 0.000000 -1.570795 3.141592
    10 1.786048 3.179637 -0.996149 0.000000 0.000000 0.000000
    11 4.409998 -0.000001 0.000004 -0.382003 0.121783 0.148428
    12 10.079982 0.000014 0.000025 0.000004 0.000046 -1.282868
    13 0.000001 0.000004 0.000000 0.489682 -0.000001 0.000010
    14 3.359994 0.000032 0.000015 0.979326 -0.000007 0.000004
    15 6.719987 0.000057 0.000028 1.469013 0.000003 0.000003
    16 0.000000 0.000000 0.000000 1.570796 0.000000 -3.141592
    17 1.548637 -17.425417 -5.434475 3.266039 -0.297093 -2.535068
    18 -0.118055 -0.108981 0.513327 -0.000047 -0.086523 0.000009
    19 4.409994 -0.000012 0.000012 0.000000 0.000000 0.000000
    20 -3.422661 1.711283 0.470872 0.018364 -0.593174 -0.075895
    21 1.410028 0.000010 0.000007 0.000006 0.000009 -0.987481
    22 0.993011 -0.000001 0.000006 0.000001 -0.000006 -0.761963
    23 -1.022532 1.571291 -0.406268 0.562009 -1.088038 -0.422346
    24 1.337718 0.000005 0.000002 -3.141591 -1.497669 3.135755
    25 1.180473 -0.000093 -0.000003 2.322271 -1.447922 -2.264049
    26 -0.666712 0.565948 -0.425195 0.276535 -1.168921 -0.243380
    27 1.311736 0.000006 0.000004 -3.109347 -1.501840 3.110658
    28 1.132875 -0.000003 -0.000005 -2.277655 -1.482347 2.251198
    29 -0.835869 -0.375753 -0.250998 -0.232083 -1.169899 0.124274
    30 1.303124 0.000019 0.000004 2.990803 -1.546793 -2.975952
    31 1.094648 -0.000011 -0.000003 -0.062804 -1.544912 0.032862
    32 -1.144743 -1.304737 0.171518 -0.974001 -1.088390 0.663341
    33 1.052849 0.000000 -0.000004 3.124857 -1.425270 3.135795
    34 0.916342 -0.000031 0.000001 3.141553 -1.536954 -3.129942
    35 -12.006148 -7.919997 -6.102274 0.595454 0.003736 -1.382046
    36 -0.117880 -0.102734 -0.180849 0.000013 0.017066 0.000000
    37 4.409983 -0.000034 0.000004 0.000000 0.000000 0.000000
    38 -3.459356 1.711287 -0.541797 0.125169 -0.669906 3.034105
    39 -1.410028 -0.000005 -0.000014 0.000004 0.000001 -0.911659
    40 -0.993008 0.000010 -0.000011 0.000012 -0.000006 -0.908928
    41 -1.077398 1.571280 0.162236 0.351673 -1.124156 2.999846
    42 -1.337713 0.000003 -0.000002 3.078234 -1.322288 -3.107495
    43 -1.180471 0.000072 0.000002 0.222693 -1.503459 -0.194122
    44 -0.719599 0.565946 0.238754 -0.061928 -1.418387 -3.057514
    45 -1.311414 -0.000009 -0.000267 0.002810 -1.315827 0.001501
    46 -1.132872 0.000005 -0.000066 3.139369 -1.176202 -3.092146
    47 -1.239075 -1.304744 -0.314278 -1.430303 -0.982760 -2.003829
    48 -1.052850 0.000005 -0.000004 2.863323 -1.535755 3.140263
    49 -0.916342 0.000033 0.000003 3.130054 -1.386235 -3.118064
    50 -0.900585 -0.375762 0.090056 -0.779868 -1.244725 -2.521915
    51 -1.303123 -0.000014 0.000008 -0.004240 -1.451229 -0.001012
    52 -1.094650 0.000007 0.000003 -2.577326 -1.476285 2.574417
    53 0.000000 0.000000 0.000000 0.000000 0.000000 0.000000
    54 0.000000 0.000000 0.000000 0.000000 0.000000 -1.570796
    55 0.000000 0.000000 0.000000 0.000000 0.000000 -1.570796
    56 -2.000000 0.000000 0.000000 -1.570796 0.000000 0.174533
    57 -1.500000 0.000002 0.000000 -1.570796 0.000000 0.000000
    58 0.000000 0.500000 0.000000 -1.570796 0.261799 0.000000
    59 -0.000001 0.000000 0.000000 -3.141593 0.174533 0.000000
    60 0.000000 0.000000 -0.000001 -3.141593 0.174533 0.174533
    61 0.000000 0.000000 0.000000 -3.141593 0.349066 -0.174533
    62 0.000000 0.000000 0.000000 -1.570796 0.000000 0.000000
    63 0.000000 0.000000 0.000000 -1.570796 0.000000 0.000000
    64 0.000000 0.000000 0.000000 -1.570796 0.000000 0.000000
    65 0.000000 0.000000 0.000002 -1.570796 0.000000 0.000000
    66 0.000000 0.000000 0.000000 -1.570796 0.000000 0.000000
    67 0.000000 0.000001 0.000000 -1.570796 0.000000 0.000000
    68 0.000000 0.000000 0.000000 -1.570796 0.000000 0.000000
    69 0.000000 0.000000 0.000000 -1.570796 0.000000 0.000000
    70 0.000000 0.000000 0.000000 -1.570796 0.000000 0.000000
    71 0.000000 0.000000 0.000000 -1.570796 0.000000 0.000000
    72 0.000000 0.000000 0.000000 -1.570796 0.000000 0.000000
    73 0.000000 0.000000 0.000000 -1.570796 0.000000 0.000000
    74 -2.000000 0.000000 0.000000 1.570796 0.000000 0.174533
    75 -1.500000 -0.000001 -0.250000 1.570796 0.000000 0.000000
    76 -1.000000 0.250000 0.500000 1.570796 0.000000 0.000000
    77 0.000000 0.000000 0.000000 2.094395 0.000000 -3.141593
    78 0.000000 0.000000 0.000000 2.094395 0.000000 -3.141593
    79 0.000000 -0.200001 -0.200000 1.745329 0.000000 -3.141593
    80 0.000000 -0.000001 -0.000002 1.570796 0.000000 3.141593
    81 0.000000 0.000000 0.000000 1.570796 0.000000 -3.141593
    82 0.000000 0.000000 -0.000002 1.570796 0.000000 -3.141593
    83 0.000000 0.000000 0.000000 1.570796 0.000000 3.141593
    84 -0.000002 0.000000 0.000000 1.570796 0.000000 3.141593
    85 0.000000 0.000000 0.000000 1.570796 0.000000 3.141593
    86 0.000000 0.000000 0.000000 1.570796 0.000000 3.141593
    87 0.000000 0.000000 0.000000 1.570796 0.000000 -3.141593
    88 0.000000 0.000000 0.000000 1.570796 0.000000 -3.141593
    89 0.000000 0.000000 0.000000 1.570796 0.000000 3.141593
    90 0.000000 0.000000 0.000000 1.570796 0.000000 -3.141593
    91 0.000000 0.000000 0.000000 1.570796 0.000000 -3.141593
  time 1
    0 0.000000 0.000000 0.000000 0.000000 0.000000 -0.000007
    1 0.000000 2.709942 -10.591393 0.000000 -1.570796 1.570796
    2 3.500857 9.013945 -0.640573 0.000000 -1.570796 0.000000
    3 -1.410470 -1.882844 0.930123 0.000000 0.000000 0.000000
    4 4.409996 0.000005 -0.000003 0.469691 -0.544553 1.690313
    5 10.079981 -0.000003 -0.000001 -0.000002 -0.000003 -2.171075
    6 0.000000 -0.000001 0.000000 -0.295512 0.000005 0.000001
    7 3.359990 0.000014 -0.000007 -0.590982 0.000000 0.000003
    8 6.719987 0.000030 -0.000015 -0.886550 -0.000002 0.000001
    9 3.500862 -5.725745 -0.640568 0.000000 -1.570795 3.141592
    10 1.618074 3.179637 -0.996149 0.000000 0.000000 0.000000
    11 4.409998 -0.000001 0.000004 -0.306152 0.176756 0.117931
    12 10.079982 0.000014 0.000025 0.000004 0.000046 -1.439449
    13 0.000001 0.000004 0.000000 0.547196 -0.000001 0.000010
    14 3.359994 0.000032 0.000015 1.094361 -0.000007 0.000004
    15 6.719987 0.000057 0.000028 1.641597 0.000003 0.000003
    16 0.000000 0.000000 0.000000 1.563677 -0.013339 -3.150137
    17 0.243909 -15.448794 -6.579041 3.511103 -0.195814 -2.679703
    18 -0.118055 -0.108981 0.513327 -0.000047 -0.086523 0.000009
    19 4.409994 -0.000012 0.000012 0.000000 0.000000 0.000000
    20 -3.422661 1.711283 0.470872 0.018364 -0.593174 -0.075895
    21 1.410028 0.000010 0.000007 0.000006 0.000009 -0.987481
    22 0.993011 -0.000001 0.000006 0.000001 -0.000006 -0.761963
    23 -1.022532 1.571291 -0.406268 0.562009 -1.088038 -0.422346
    24 1.337718 0.000005 0.000002 -3.141591 -1.497669 3.135755
    25 1.180473 -0.000093 -0.000003 2.322271 -1.447922 -2.264049
    26 -0.666712 0.565948 -0.425195 0.276535 -1.168921 -0.243380
    27 1.311736 0.000006 0.000004 -3.109347 -1.501840 3.110658
    28 1.132875 -0.000003 -0.000005 -2.277655 -1.482347 2.251198
    29 -0.835869 -0.375753 -0.250998 -0.232083 -1.169899 0.124274
    30 1.303124 0.000019 0.000004 2.990803 -1.546793 -2.975952
    31 1.094648 -0.000011 -0.000003 -0.062792 -1.544912 0.032862
    32 -1.144743 -1.304737 0.171518 -0.974001 -1.088390 0.663341
    33 1.052849 0.000000 -0.000004 3.124857 -1.425270 3.135795
    34 0.916342 -0.000031 0.000001 3.141553 -1.536954 -3.129942
    35 -13.689793 -6.439483 -6.852297 0.622164 -0.088365 -1.467588
    36 -0.117880 -0.102734 -0.180849 0.000013 0.017066 0.000000
    37 4.409983 -0.000034 0.000004 0.000000 0.000000 0.000000
    38 -3.459356 1.711287 -0.541797 0.125169 -0.669906 3.034105
    39 -1.410028 -0.000005 -0.000014 0.000004 0.000001 -0.911659
    40 -0.993008 0.000010 -0.000011 0.000012 -0.000006 -0.908928
    41 -1.077398 1.571280 0.162236 0.351673 -1.124156 2.999846
    42 -1.337713 0.000003 -0.000002 3.078234 -1.322288 -3.107495
    43 -1.180471 0.000072 0.000002 0.222705 -1.503459 -0.194122
    44 -0.719599 0.565946 0.238754 -0.061928 -1.418387 -3.057514
    45 -1.311414 -0.000009 -0.000267 0.002810 -1.315827 0.001501
    46 -1.132872 0.000005 -0.000066 3.139369 -1.176202 -3.092146
    47 -1.239075 -1.304744 -0.314278 -1.430303 -0.982760 -2.003829
    48 -1.052850 0.000005 -0.000004 2.863323 -1.535755 3.140263
    49 -0.916342 0.000033 0.000003 3.130054 -1.386235 -3.118064
    50 -0.900585 -0.375762 0.090056 -0.779868 -1.244725 -2.521915
    51 -1.303123 -0.000014 0.000008 -0.004240 -1.451229 -0.001012
    52 -1.094650 0.000007 0.000003 -2.577326 -1.476285 2.574417
    53 0.000000 0.000000 0.000000 0.000000 0.000000 0.000000
    54 0.000000 0.000000 0.000000 0.000000 0.000000 -1.570796
    55 0.000000 0.000000 0.000000 0.000000 0.000000 -1.570796
    56 -2.000000 0.000000 0.000000 -1.570796 0.000000 0.174533
    57 -1.500000 0.000002 0.000000 -1.570796 0.000000 0.000000
    58 0.000000 0.500000 0.000000 -1.570796 0.261799 0.000000
    59 -0.000001 0.000000 0.000000 -3.141593 0.174533 0.000000
    60 0.000000 0.000000 -0.000001 -3.141593 0.174533 0.174533
    61 0.000000 0.000000 0.000000 -3.141593 0.349066 -0.174533
    62 0.000000 0.000000 0.000000 -1.570796 0.000000 0.000000
    63 0.000000 0.000000 0.000000 -1.570796 0.000000 0.000000
    64 0.000000 0.000000 0.000000 -1.570796 0.000000 0.000000
    65 0.000000 0.000000 0.000002 -1.570796 0.000000 0.000000
    66 0.000000 0.000000 0.000000 -1.570796 0.000000 0.000000
    67 0.000000 0.000001 0.000000 -1.570796 0.000000 0.000000
    68 0.000000 0.000000 0.000000 -1.570796 0.000000 0.000000
    69 0.000000 0.000000 0.000000 -1.570796 0.000000 0.000000
    70 0.000000 0.000000 0.000000 -1.570796 0.000000 0.000000
    71 0.000000 0.000000 0.000000 -1.570796 0.000000 0.000000
    72 0.000000 0.000000 0.000000 -1.570796 0.000000 0.000000
    73 0.000000 0.000000 0.000000 -1.570796 0.000000 0.000000
    74 -2.000000 0.000000 0.000000 1.570796 0.000000 0.174533
    75 -1.500000 -0.000001 -0.250000 1.570796 0.000000 0.000000
    76 -1.000000 0.250000 0.500000 1.570796 0.000000 0.000000
    77 0.000000 0.000000 0.000000 2.094395 0.000000 -3.141593
    78 0.000000 0.000000 0.000000 2.094395 0.000000 -3.141593
    79 0.000000 -0.200001 -0.200000 1.745329 0.000000 -3.141593
    80 0.000000 -0.000001 -0.000002 1.570796 0.000000 3.141593
    81 0.000000 0.000000 0.000000 1.570796 0.000000 -3.141593
    82 0.000000 0.000000 -0.000002 1.570796 0.000000 -3.141593
    83 0.000000 0.000000 0.000000 1.570796 0.000000 3.141593
    84 -0.000002 0.000000 0.000000 1.570796 0.000000 3.141593
    85 0.000000 0.000000 0.000000 1.570796 0.000000 3.141593
    86 0.000000 0.000000 0.000000 1.570796 0.000000 3.141593
    87 0.000000 0.000000 0.000000 1.570796 0.000000 -3.141593
    88 0.000000 0.000000 0.000000 1.570796 0.000000 -3.141593
    89 0.000000 0.000000 0.000000 1.570796 0.000000 3.141593
    90 0.000000 0.000000 0.000000 1.570796 0.000000 -3.141593
    91 0.000000 0.000000 0.000000 1.570796 0.000000 -3.141593
  time 2
    0 0.000000 0.000000 0.000000 0.000000 0.000000 -0.000007
    1 0.000000 2.709942 -10.591393 0.000000 -1.570796 1.570796
    2 3.500857 9.013945 -0.640573 0.000000 -1.570796 0.000000
    3 0.488026 -2.699275 0.848090 0.000000 0.000000 0.000000
    4 4.409996 0.000005 -0.000003 2.535065 -0.789984 0.475127
    5 10.079981 -0.000003 -0.000001 -0.000002 -0.000003 -2.079327
    6 0.000000 -0.000001 0.000000 -0.385151 0.000005 0.000001
    7 3.359990 0.000014 -0.000007 -0.770313 0.000000 0.000003
    8 6.719987 0.000030 -0.000015 -1.155431 -0.000002 0.000001
    9 3.500862 -5.725745 -0.640568 0.000000 -1.570795 3.141592
    10 1.246969 3.179637 -0.996149 0.000000 0.000000 0.000000
    11 4.409998 -0.000001 0.000004 -0.311346 0.131854 -0.092958
    12 10.079982 0.000014 0.000025 0.000004 0.000046 -1.243663
    13 0.000001 0.000004 0.000000 0.484924 -0.000001 0.000010
    14 3.359994 0.000032 0.000015 0.969846 -0.000007 0.000004
    15 6.719987 0.000057 0.000028 1.454764 0.000003 0.000003
    16 0.000000 0.000000 0.000000 1.550338 -0.037859 -3.166184
    17 -2.002253 -15.116753 -6.426693 3.282768 -0.033687 -2.650041
    18 -0.118055 -0.108981 0.513327 -0.000047 -0.086523 0.000009
    19 4.409994 -0.000012 0.000012 0.000000 0.000000 0.000000
    20 -3.422661 1.711283 0.470872 0.018364 -0.593174 -0.075895
    21 1.410028 0.000010 0.000007 0.000006 0.000009 -0.987481
    22 0.993011 -0.000001 0.000006 0.000001 -0.000006 -0.761963
    23 -1.022532 1.571291 -0.406268 0.562009 -1.088038 -0.422346
    24 1.337718 0.000005 0.000002 -3.141591 -1.497669 3.135755
    25 1.180473 -0.000093 -0.000003 2.322271 -1.447922 -2.264049
    26 -0.666712 0.565948 -0.425195 0.276535 -1.168921 -0.243380
    27 1.311736 0.000006 0.000004 -3.109347 -1.501840 3.110658
    28 1.132875 -0.000003 -0.000005 -2.277655 -1.482347 2.251198
    29 -0.835869 -0.375753 -0.250998 -0.232083 -1.169899 0.124274
    30 1.303124 0.000019 0.000004 2.990803 -1.546793 -2.975952
    31 1.094648 -0.000011 -0.000003 -0.062804 -1.544912 0.032862
    32 -1.144743 -1.304737 0.171518 -0.974001 -1.088390 0.663341
    33 1.052849 0.000000 -0.000004 3.124857 -1.425270 3.135795
    34 0.916342 -0.000031 0.000001 3.141553 -1.536954 -3.129942
    35 -16.068772 -4.712867 -7.848421 0.656389 -0.239882 -1.595563
    36 -0.117880 -0.102734 -0.180849 0.000013 0.017066 0.000000
    37 4.409983 -0.000034 0.000004 0.000000 0.000000 0.000000
    38 -3.459356 1.711287 -0.541797 0.125169 -0.669906 3.034105
    39 -1.410028 -0.000005 -0.000014 0.000004 0.000001 -0.911659
    40 -0.993008 0.000010 -0.000011 0.000012 -0.000006 -0.908928
    41 -1.077398 1.571280 0.162236 0.351673 -1.124156 2.999846
    42 -1.337713 0.000003 -0.000002 3.078234 -1.322288 -3.107495
    43 -1.180471 0.000072 0.000002 0.222693 -1.503459 -0.194122
    44 -0.719599 0.565946 0.238754 -0.061928 -1.418387 -3.057514
    45 -1.311414 -0.000009 -0.000267 0.002810 -1.315827 0.001501
    46 -1.132872 0.000005 -0.000066 3.139369 -1.176202 -3.092146
    47 -1.239075 -1.304744 -0.314278 -1.430303 -0.982760 -2.003829
    48 -1.052850 0.000005 -0.000004 2.863323 -1.535755 3.140263
    49 -0.916342 0.000033 0.000003 3.130054 -1.386235 -3.118064
    50 -0.900585 -0.375762 0.090056 -0.779868 -1.244725 -2.521915
    51 -1.303123 -0.000014 0.000008 -0.004240 -1.451229 -0.001012
    52 -1.094650 0.000007 0.000003 -2.577326 -1.476285 2.574417
    53 0.000000 0.000000 0.000000 0.000000 0.000000 0.000000
    54 0.000000 0.000000 0.000000 0.000000 0.000000 -1.570796
    55 0.000000 0.000000 0.000000 0.000000 0.000000 -1.570796
    56 -2.000000 0.000000 0.000000 -1.570796 0.000000 0.174533
    57 -1.500000 0.000002 0.000000 -1.570796 0.000000 0.000000
    58 0.000000 0.500000 0.000000 -1.570796 0.261799 0.000000
    59 -0.000001 0.000000 0.000000 -3.141593 0.174533 0.000000
    60 0.000000 0.000000 -0.000001 -3.141593 0.174533 0.174533
    61 0.000000 0.000000 0.000000 -3.141593 0.349066 -0.174533
    62 0.000000 0.000000 0.000000 -1.570796 0.000000 0.000000
    63 0.000000 0.000000 0.000000 -1.570796 0.000000 0.000000
    64 0.000000 0.000000 0.000000 -1.570796 0.000000 0.000000
    65 0.000000 0.000000 0.000002 -1.570796 0.000000 0.000000
    66 0.000000 0.000000 0.000000 -1.570796 0.000000 0.000000
    67 0.000000 0.000001 0.000000 -1.570796 0.000000 0.000000
    68 0.000000 0.000000 0.000000 -1.570796 0.000000 0.000000
    69 0.000000 0.000000 0.000000 -1.570796 0.000000 0.000000
    70 0.000000 0.000000 0.000000 -1.570796 0.000000 0.000000
    71 0.000000 0.000000 0.000000 -1.570796 0.000000 0.000000
    72 0.000000 0.000000 0.000000 -1.570796 0.000000 0.000000
    73 0.000000 0.000000 0.000000 -1.570796 0.000000 0.000000
    74 -2.000000 0.000000 0.000000 1.570796 0.000000 0.174533
    75 -1.500000 -0.000001 -0.250000 1.570796 0.000000 0.000000
    76 -1.000000 0.250000 0.500000 1.570796 0.000000 0.000000
    77 0.000000 0.000000 0.000000 2.094395 0.000000 -3.141593
    78 0.000000 0.000000 0.000000 2.094395 0.000000 -3.141593
    79 0.000000 -0.200001 -0.200000 1.745329 0.000000 -3.141593
    80 0.000000 -0.000001 -0.000002 1.570796 0.000000 3.141593
    81 0.000000 0.000000 0.000000 1.570796 0.000000 -3.141593
    82 0.000000 0.000000 -0.000002 1.570796 0.000000 -3.141593
    83 0.000000 0.000000 0.000000 1.570796 0.000000 3.141593
    84 -0.000002 0.000000 0.000000 1.570796 0.000000 3.141593
    85 0.000000 0.000000 0.000000 1.570796 0.000000 3.141593
    86 0.000000 0.000000 0.000000 1.570796 0.000000 3.141593
    87 0.000000 0.000000 0.000000 1.570796 0.000000 -3.141593
    88 0.000000 0.000000 0.000000 1.570796 0.000000 -3.141593
    89 0.000000 0.000000 0.000000 1.570796 0.000000 3.141593
    90 0.000000 0.000000 0.000000 1.570796 0.000000 -3.141593
    91 0.000000 0.000000 0.000000 1.570796 0.000000 -3.141593
  time 3
    0 0.000000 0.000000 0.000000 0.000000 0.000000 -0.000007
    1 0.000000 2.709942 -10.591393 0.000000 -1.570796 1.570796
    2 3.500857 9.013945 -0.640573 0.000000 -1.570796 0.000000
    3 2.656060 -3.738370 0.660584 0.000000 0.000000 0.000000
    4 4.409996 0.000005 -0.000003 2.392213 -0.799620 0.673988
    5 10.079981 -0.000003 -0.000001 -0.000002 -0.000003 -1.959621
    6 0.000000 -0.000001 0.000000 -0.411536 0.000005 0.000001
    7 3.359990 0.000014 -0.000007 -0.823059 0.000000 0.000003
    8 6.719987 0.000030 -0.000015 -1.234627 -0.000002 0.000001
    9 3.500862 -5.725745 -0.640568 0.000000 -1.570795 3.141592
    10 0.727422 3.179637 -0.996149 0.000000 0.000000 0.000000
    11 4.409998 -0.000001 0.000004 -0.324331 0.089425 -0.181770
    12 10.079982 0.000014 0.000025 0.000004 0.000046 -1.073793
    13 0.000001 0.000004 0.000000 0.399653 -0.000001 0.000010
    14 3.359994 0.000032 0.000015 0.799298 -0.000007 0.000004
    15 6.719987 0.000057 0.000028 1.198966 0.000003 0.000003
    16 0.000000 0.000000 0.000000 1.536244 -0.060738 -3.183526
    17 -2.603834 -15.448794 -6.114183 2.956816 0.046484 -2.544139
    18 -0.118055 -0.108981 0.513327 -0.000047 -0.086523 0.000009
    19 4.409994 -0.000012 0.000012 0.000000 0.000000 0.000000
    20 -3.422661 1.711283 0.470872 0.018364 -0.593174 -0.075895
    21 1.410028 0.000010 0.000007 0.000006 0.000009 -0.987481
    22 0.993011 -0.000001 0.000006 0.000001 -0.000006 -0.761963
    23 -1.022532 1.571291 -0.406268 0.562009 -1.088038 -0.422346
    24 1.337718 0.000005 0.000002 -3.141591 -1.497669 3.135755
    25 1.180473 -0.000093 -0.000003 2.322271 -1.447922 -2.264049
    26 -0.666712 0.565948 -0.425195 0.276535 -1.168921 -0.243380
    27 1.311736 0.000006 0.000004 -3.109347 -1.501840 3.110658
    28 1.132875 -0.000003 -0.000005 -2.277655 -1.482347 2.251198
    29 -0.835869 -0.375753 -0.250998 -0.232083 -1.169899 0.124274
    30 1.303124 0.000019 0.000004 2.990803 -1.546793 -2.975952
    31 1.094648 -0.000011 -0.000003 -0.062816 -1.544912 0.032850
    32 -1.144743 -1.304737 0.171518 -0.974001 -1.088390 0.663341
    33 1.052849 0.000000 -0.000004 3.124857 -1.425270 3.135795
    34 0.916342 -0.000031 0.000001 3.141553 -1.536954 -3.129942
    35 -16.213308 -6.462921 -7.571069 0.640381 -0.352022 -1.636132
    36 -0.117880 -0.102734 -0.180849 0.000013 0.017066 0.000000
    37 4.409983 -0.000034 0.000004 0.000000 0.000000 0.000000
    38 -3.459356 1.711287 -0.541797 0.125169 -0.669906 3.034105
    39 -1.410028 -0.000005 -0.000014 0.000004 0.000001 -0.911659
    40 -0.993008 0.000010 -0.000011 0.000012 -0.000006 -0.908928
    41 -1.077398 1.571280 0.162236 0.351673 -1.124156 2.999846
    42 -1.337713 0.000003 -0.000002 3.078234 -1.322288 -3.107495
    43 -1.180471 0.000072 0.000002 0.222693 -1.503459 -0.194122
    44 -0.719599 0.565946 0.238754 -0.061928 -1.418387 -3.057514
    45 -1.311414 -0.000009 -0.000267 0.002810 -1.315827 0.001501
    46 -1.132872 0.000005 -0.000066 3.139369 -1.176202 -3.092146
    47 -1.239075 -1.304744 -0.314278 -1.430303 -0.982760 -2.003829
    48 -1.052850 0.000005 -0.000004 2.863323 -1.535755 3.140263
    49 -0.916342 0.000033 0.000003 3.130054 -1.386235 -3.118064
    50 -0.900585 -0.375762 0.090056 -0.779868 -1.244725 -2.521915
    51 -1.303123 -0.000014 0.000008 -0.004240 -1.451229 -0.001012
    52 -1.094650 0.000007 0.000003 -2.577326 -1.476285 2.574417
    53 0.000000 0.000000 0.000000 0.000000 0.000000 0.000000
    54 0.000000 0.000000 0.000000 0.000000 0.000000 -1.570796
    55 0.000000 0.000000 0.000000 0.000000 0.000000 -1.570796
    56 -2.000000 0.000000 0.000000 -1.570796 0.000000 0.174533
    57 -1.500000 0.000002 0.000000 -1.570796 0.000000 0.000000
    58 0.000000 0.500000 0.000000 -1.570796 0.261799 0.000000
    59 -0.000001 0.000000 0.000000 -3.141593 0.174533 0.000000
    60 0.000000 0.000000 -0.000001 -3.141593 0.174533 0.174533
    61 0.000000 0.000000 0.000000 -3.141593 0.349066 -0.174533
    62 0.000000 0.000000 0.000000 -1.570796 0.000000 0.000000
    63 0.000000 0.000000 0.000000 -1.570796 0.000000 0.000000
    64 0.000000 0.000000 0.000000 -1.570796 0.000000 0.000000
    65 0.000000 0.000000 0.000002 -1.570796 0.000000 0.000000
    66 0.000000 0.000000 0.000000 -1.570796 0.000000 0.000000
    67 0.000000 0.000001 0.000000 -1.570796 0.000000 0.000000
    68 0.000000 0.000000 0.000000 -1.570796 0.000000 0.000000
    69 0.000000 0.000000 0.000000 -1.570796 0.000000 0.000000
    70 0.000000 0.000000 0.000000 -1.570796 0.000000 0.000000
    71 0.000000 0.000000 0.000000 -1.570796 0.000000 0.000000
    72 0.000000 0.000000 0.000000 -1.570796 0.000000 0.000000
    73 0.000000 0.000000 0.000000 -1.570796 0.000000 0.000000
    74 -2.000000 0.000000 0.000000 1.570796 0.000000 0.174533
    75 -1.500000 -0.000001 -0.250000 1.570796 0.000000 0.000000
    76 -1.000000 0.250000 0.500000 1.570796 0.000000 0.000000
    77 0.000000 0.000000 0.000000 2.094395 0.000000 -3.141593
    78 0.000000 0.000000 0.000000 2.094395 0.000000 -3.141593
    79 0.000000 -0.200001 -0.200000 1.745329 0.000000 -3.141593
    80 0.000000 -0.000001 -0.000002 1.570796 0.000000 3.141593
    81 0.000000 0.000000 0.000000 1.570796 0.000000 -3.141593
    82 0.000000 0.000000 -0.000002 1.570796 0.000000 -3.141593
    83 0.000000 0.000000 0.000000 1.570796 0.000000 3.141593
    84 -0.000002 0.000000 0.000000 1.570796 0.000000 3.141593
    85 0.000000 0.000000 0.000000 1.570796 0.000000 3.141593
    86 0.000000 0.000000 0.000000 1.570796 0.000000 3.141593
    87 0.000000 0.000000 0.000000 1.570796 0.000000 -3.141593
    88 0.000000 0.000000 0.000000 1.570796 0.000000 -3.141593
    89 0.000000 0.000000 0.000000 1.570796 0.000000 3.141593
    90 0.000000 0.000000 0.000000 1.570796 0.000000 -3.141593
    91 0.000000 0.000000 0.000000 1.570796 0.000000 -3.141593
  time 4
    0 0.000000 0.000000 0.000000 0.000000 0.000000 -0.000007
    1 0.000000 2.709942 -10.591393 0.000000 -1.570796 1.570796
    2 3.500857 9.013945 -0.640573 0.000000 -1.570796 0.000000
    3 4.355331 -4.773558 0.285573 0.000000 0.000000 0.000000
    4 4.409996 0.000005 -0.000003 0.383261 -0.161135 1.504361
    5 10.079981 -0.000003 -0.000001 -0.000002 -0.000003 -1.708952
    6 0.000000 -0.000001 0.000000 -0.293451 0.000005 0.000001
    7 3.359990 0.000014 -0.000007 -0.586938 0.000000 0.000003
    8 6.719987 0.000030 -0.000015 -0.880368 -0.000002 0.000001
    9 3.500862 -5.725745 -0.640568 0.000000 -1.570795 3.141592
    10 0.118028 3.179637 -0.996149 0.000000 0.000000 0.000000
    11 4.409998 -0.000001 0.000004 -0.291980 0.193607 0.247282
    12 10.079982 0.000014 0.000025 0.000004 0.000046 -1.414952
    13 0.000001 0.000004 0.000000 0.413723 -0.000001 0.000010
    14 3.359994 0.000032 0.000015 0.827473 -0.000007 0.000004
    15 6.719987 0.000057 0.000028 1.241200 0.000003 0.000003
    16 0.000000 0.000000 0.000000 1.526872 -0.068983 -3.195870
    17 2.189281 -15.448794 -6.903270 2.952526 -0.157679 -2.456601
    18 -0.118055 -0.108981 0.513327 -0.000047 -0.086523 0.000009
    19 4.409994 -0.000012 0.000012 0.000000 0.000000 0.000000
    20 -3.422661 1.711283 0.470872 0.018364 -0.593174 -0.075895
    21 1.410028 0.000010 0.000007 0.000006 0.000009 -0.987481
    22 0.993011 -0.000001 0.000006 0.000001 -0.000006 -0.761963
    23 -1.022532 1.571291 -0.406268 0.562009 -1.088038 -0.422346
    24 1.337718 0.000005 0.000002 -3.141591 -1.497669 3.135755
    25 1.180473 -0.000093 -0.000003 2.322271 -1.447922 -2.264049
    26 -0.666712 0.565948 -0.425195 0.276535 -1.168921 -0.243380
    27 1.311736 0.000006 0.000004 -3.109347 -1.501840 3.110658
    28 1.132875 -0.000003 -0.000005 -2.277655 -1.482347 2.251198
    29 -0.835869 -0.375753 -0.250998 -0.232083 -1.169899 0.124274
    30 1.303124 0.000019 0.000004 2.990803 -1.546793 -2.975952
    31 1.094648 -0.000011 -0.000003 -0.062804 -1.544912 0.032862
    32 -1.144743 -1.304737 0.171518 -0.974001 -1.088390 0.663341
    33 1.052849 0.000000 -0.000004 3.124857 -1.425270 3.135795
    34 0.916342 -0.000031 0.000001 3.141553 -1.536954 -3.129942
    35 -12.795235 -15.295222 -4.844423 0.569817 -0.395687 -1.577861
    36 -0.117880 -0.102734 -0.180849 0.000013 0.017066 0.000000
    37 4.409983 -0.000034 0.000004 0.000000 0.000000 0.000000
    38 -3.459356 1.711287 -0.541797 0.125169 -0.669906 3.034105
    39 -1.410028 -0.000005 -0.000014 0.000004 0.000001 -0.911659
    40 -0.993008 0.000010 -0.000011 0.000012 -0.000006 -0.908928
    41 -1.077398 1.571280 0.162236 0.351673 -1.124156 2.999846
    42 -1.337713 0.000003 -0.000002 3.078234 -1.322288 -3.107495
    43 -1.180471 0.000072 0.000002 0.222705 -1.503459 -0.194122
    44 -0.719599 0.565946 0.238754 -0.061928 -1.418387 -3.057514
    45 -1.311414 -0.000009 -0.000267 0.002810 -1.315827 0.001501
    46 -1.132872 0.000005 -0.000066 3.139369 -1.176202 -3.092146
    47 -1.239075 -1.304744 -0.314278 -1.430303 -0.982760 -2.003829
    48 -1.052850 0.000005 -0.000004 2.863323 -1.535755 3.140263
    49 -0.916342 0.000033 0.000003 3.130054 -1.386235 -3.118064
    50 -0.900585 -0.375762 0.090056 -0.779868 -1.244725 -2.521915
    51 -1.303123 -0.000014 0.000008 -0.004240 -1.451229 -0.001012
    52 -1.094650 0.000007 0.000003 -2.577326 -1.476285 2.574417
    53 0.000000 0.000000 0.000000 0.000000 0.000000 0.000000
    54 0.000000 0.000000 0.000000 0.000000 0.000000 -1.570796
    55 0.000000 0.000000 0.000000 0.000000 0.000000 -1.570796
    56 -2.000000 0.000000 0.000000 -1.570796 0.000000 0.174533
    57 -1.500000 0.000002 0.000000 -1.570796 0.000000 0.000000
    58 0.000000 0.500000 0.000000 -1.570796 0.261799 0.000000
    59 -0.000001 0.000000 0.000000 -3.141593 0.174533 0.000000
    60 0.000000 0.000000 -0.000001 -3.141593 0.174533 0.174533
    61 0.000000 0.000000 0.000000 -3.141593 0.349066 -0.174533
    62 0.000000 0.000000 0.000000 -1.570796 0.000000 0.000000
    63 0.000000 0.000000 0.000000 -1.570796 0.000000 0.000000
    64 0.000000 0.000000 0.000000 -1.570796 0.000000 0.000000
    65 0.000000 0.000000 0.000002 -1.570796 0.000000 0.000000
    66 0.000000 0.000000 0.000000 -1.570796 0.000000 0.000000
    67 0.000000 0.000001 0.000000 -1.570796 0.000000 0.000000
    68 0.000000 0.000000 0.000000 -1.570796 0.000000 0.000000
    69 0.000000 0.000000 0.000000 -1.570796 0.000000 0.000000
    70 0.000000 0.000000 0.000000 -1.570796 0.000000 0.000000
    71 0.000000 0.000000 0.000000 -1.570796 0.000000 0.000000
    72 0.000000 0.000000 0.000000 -1.570796 0.000000 0.000000
    73 0.000000 0.000000 0.000000 -1.570796 0.000000 0.000000
    74 -2.000000 0.000000 0.000000 1.570796 0.000000 0.174533
    75 -1.500000 -0.000001 -0.250000 1.570796 0.000000 0.000000
    76 -1.000000 0.250000 0.500000 1.570796 0.000000 0.000000
    77 0.000000 0.000000 0.000000 2.094395 0.000000 -3.141593
    78 0.000000 0.000000 0.000000 2.094395 0.000000 -3.141593
    79 0.000000 -0.200001 -0.200000 1.745329 0.000000 -3.141593
    80 0.000000 -0.000001 -0.000002 1.570796 0.000000 3.141593
    81 0.000000 0.000000 0.000000 1.570796 0.000000 -3.141593
    82 0.000000 0.000000 -0.000002 1.570796 0.000000 -3.141593
    83 0.000000 0.000000 0.000000 1.570796 0.000000 3.141593
    84 -0.000002 0.000000 0.000000 1.570796 0.000000 3.141593
    85 0.000000 0.000000 0.000000 1.570796 0.000000 3.141593
    86 0.000000 0.000000 0.000000 1.570796 0.000000 3.141593
    87 0.000000 0.000000 0.000000 1.570796 0.000000 -3.141593
    88 0.000000 0.000000 0.000000 1.570796 0.000000 -3.141593
    89 0.000000 0.000000 0.000000 1.570796 0.000000 3.141593
    90 0.000000 0.000000 0.000000 1.570796 0.000000 -3.141593
    91 0.000000 0.000000 0.000000 1.570796 0.000000 -3.141593
  time 5
    0 0.000000 0.000000 0.000000 0.000000 0.000000 -0.000007
    1 0.000000 2.709942 -10.591393 0.000000 -1.570796 1.570796
    2 3.500857 9.013945 -0.640573 0.000000 -1.570796 0.000000
    3 4.839721 -5.597801 -0.335540 0.000000 0.000000 0.000000
    4 4.409996 0.000005 -0.000003 0.282817 0.130752 0.713838
    5 10.079981 -0.000003 -0.000001 -0.000002 -0.000003 -0.931736
    6 0.000000 -0.000001 0.000000 -0.305904 0.000005 0.000001
    7 3.359990 0.000014 -0.000007 -0.611766 0.000000 0.000003
    8 6.719987 0.000030 -0.000015 -0.917726 -0.000002 0.000001
    9 3.500862 -5.725745 -0.640568 0.000000 -1.570795 3.141592
    10 -0.518710 3.179637 -0.996149 0.000000 0.000000 0.000000
    11 4.409998 -0.000001 0.000004 -0.259898 0.292958 0.682839
    12 10.079982 0.000014 0.000025 0.000004 0.000046 -1.504096
    13 0.000001 0.000004 0.000000 0.435379 -0.000001 0.000010
    14 3.359994 0.000032 0.000015 0.870770 -0.000007 0.000004
    15 6.719987 0.000057 0.000028 1.306147 0.000003 0.000003
    16 0.000000 0.000000 0.000000 1.523097 -0.060510 -3.202222
    17 8.060554 -15.448794 -7.997053 3.013890 -0.417877 -2.366614
    18 -0.118055 -0.108981 0.513327 -0.000047 -0.086523 0.000009
    19 4.409994 -0.000012 0.000012 0.000000 0.000000 0.000000
    20 -3.422661 1.711283 0.470872 0.018364 -0.593174 -0.075895
    21 1.410028 0.000010 0.000007 0.000006 0.000009 -0.987481
    22 0.993011 -0.000001 0.000006 0.000001 -0.000006 -0.761963
    23 -1.022532 1.571291 -0.406268 0.562009 -1.088038 -0.422346
    24 1.337718 0.000005 0.000002 -3.141591 -1.497669 3.135755
    25 1.180473 -0.000093 -0.000003 2.322271 -1.447922 -2.264049
    26 -0.666712 0.565948 -0.425195 0.276535 -1.168921 -0.243380
    27 1.311736 0.000006 0.000004 -3.109347 -1.501840 3.110658
    28 1.132875 -0.000003 -0.000005 -2.277655 -1.482347 2.251198
    29 -0.835869 -0.375753 -0.250998 -0.232083 -1.169899 0.124274
    30 1.303124 0.000019 0.000004 2.990803 -1.546793 -2.975952
    31 1.094648 -0.000011 -0.000003 -0.062804 -1.544912 0.032862
    32 -1.144743 -1.304737 0.171518 -0.974001 -1.088390 0.663341
    33 1.052849 0.000000 -0.000004 3.124857 -1.425270 3.135795
    34 0.916342 -0.000031 0.000001 3.141553 -1.536954 -3.129942
    35 -7.779457 -22.850140 -2.176373 0.419249 -0.392544 -1.368749
    36 -0.117880 -0.102734 -0.180849 0.000013 0.017066 0.000000
    37 4.409983 -0.000034 0.000004 0.000000 0.000000 0.000000
    38 -3.459356 1.711287 -0.541797 0.125169 -0.669906 3.034105
    39 -1.410028 -0.000005 -0.000014 0.000004 0.000001 -0.911659
    40 -0.993008 0.000010 -0.000011 0.000012 -0.000006 -0.908928
    41 -1.077398 1.571280 0.162236 0.351673 -1.124156 2.999846
    42 -1.337713 0.000003 -0.000002 3.078234 -1.322288 -3.107495
    43 -1.180471 0.000072 0.000002 0.222705 -1.503459 -0.194122
    44 -0.719599 0.565946 0.238754 -0.061928 -1.418387 -3.057514
    45 -1.311414 -0.000009 -0.000267 0.002810 -1.315827 0.001501
    46 -1.132872 0.000005 -0.000066 3.139369 -1.176202 -3.092146
    47 -1.239075 -1.304744 -0.314278 -1.430303 -0.982760 -2.003829
    48 -1.052850 0.000005 -0.000004 2.863323 -1.535755 3.140263
    49 -0.916342 0.000033 0.000003 3.130054 -1.386235 -3.118064
    50 -0.900585 -0.375762 0.090056 -0.779868 -1.244725 -2.521915
    51 -1.303123 -0.000014 0.000008 -0.004240 -1.451229 -0.001012
    52 -1.094650 0.000007 0.000003 -2.577326 -1.476285 2.574417
    53 0.000000 0.000000 0.000000 0.000000 0.000000 0.000000
    54 0.000000 0.000000 0.000000 0.000000 0.000000 -1.570796
    55 0.000000 0.000000 0.000000 0.000000 0.000000 -1.570796
    56 -2.000000 0.000000 0.000000 -1.570796 0.000000 0.174533
    57 -1.500000 0.000002 0.000000 -1.570796 0.000000 0.000000
    58 0.000000 0.500000 0.000000 -1.570796 0.261799 0.000000
    59 -0.000001 0.000000 0.000000 -3.141593 0.174533 0.000000
    60 0.000000 0.000000 -0.000001 -3.141593 0.174533 0.174533
    61 0.000000 0.000000 0.000000 -3.141593 0.349066 -0.174533
    62 0.000000 0.000000 0.000000 -1.570796 0.000000 0.000000
    63 0.000000 0.000000 0.000000 -1.570796 0.000000 0.000000
    64 0.000000 0.000000 0.000000 -1.570796 0.000000 0.000000
    65 0.000000 0.000000 0.000002 -1.570796 0.000000 0.000000
    66 0.000000 0.000000 0.000000 -1.570796 0.000000 0.000000
    67 0.000000 0.000001 0.000000 -1.570796 0.000000 0.000000
    68 0.000000 0.000000 0.000000 -1.570796 0.000000 0.000000
    69 0.000000 0.000000 0.000000 -1.570796 0.000000 0.000000
    70 0.000000 0.000000 0.000000 -1.570796 0.000000 0.000000
    71 0.000000 0.000000 0.000000 -1.570796 0.000000 0.000000
    72 0.000000 0.000000 0.000000 -1.570796 0.000000 0.000000
    73 0.000000 0.000000 0.000000 -1.570796 0.000000 0.000000
    74 -2.000000 0.000000 0.000000 1.570796 0.000000 0.174533
    75 -1.500000 -0.000001 -0.250000 1.570796 0.000000 0.000000
    76 -1.000000 0.250000 0.500000 1.570796 0.000000 0.000000
    77 0.000000 0.000000 0.000000 2.094395 0.000000 -3.141593
    78 0.000000 0.000000 0.000000 2.094395 0.000000 -3.141593
    79 0.000000 -0.200001 -0.200000 1.745329 0.000000 -3.141593
    80 0.000000 -0.000001 -0.000002 1.570796 0.000000 3.141593
    81 0.000000 0.000000 0.000000 1.570796 0.000000 -3.141593
    82 0.000000 0.000000 -0.000002 1.570796 0.000000 -3.141593
    83 0.000000 0.000000 0.000000 1.570796 0.000000 3.141593
    84 -0.000002 0.000000 0.000000 1.570796 0.000000 3.141593
    85 0.000000 0.000000 0.000000 1.570796 0.000000 3.141593
    86 0.000000 0.000000 0.000000 1.570796 0.000000 3.141593
    87 0.000000 0.000000 0.000000 1.570796 0.000000 -3.141593
    88 0.000000 0.000000 0.000000 1.570796 0.000000 -3.141593
    89 0.000000 0.000000 0.000000 1.570796 0.000000 3.141593
    90 0.000000 0.000000 0.000000 1.570796 0.000000 -3.141593
    91 0.000000 0.000000 0.000000 1.570796 0.000000 -3.141593
  time 6
    0 0.000000 0.000000 0.000000 0.000000 0.000000 -0.000007
    1 0.000000 2.709942 -10.591393 0.000000 -1.570796 1.570796
    2 3.500857 9.013945 -0.640573 0.000000 -1.570796 0.000000
    3 3.374832 -5.980626 -1.288694 0.000000 0.000000 0.000000
    4 4.409996 0.000005 -0.000003 0.207759 0.148041 0.415028
    5 10.079981 -0.000003 -0.000001 -0.000002 -0.000003 -0.921324
    6 0.000000 -0.000001 0.000000 -0.348811 0.000005 0.000001
    7 3.359990 0.000014 -0.000007 -0.697607 0.000000 0.000003
    8 6.719987 0.000030 -0.000015 -1.046449 -0.000002 0.000001
    9 3.500862 -5.725745 -0.640568 0.000000 -1.570795 3.141592
    10 -1.135916 3.179637 -0.996149 0.000000 0.000000 0.000000
    11 4.409998 -0.000001 0.000004 -0.229383 0.325300 0.823089
    12 10.079982 0.000014 0.000025 0.000004 0.000058 -1.368607
    13 0.000001 0.000004 0.000000 0.420914 -0.000001 0.000010
    14 3.359994 0.000032 0.000015 0.841817 -0.000007 0.000004
    15 6.719987 0.000057 0.000028 1.262773 0.000003 0.000003
    16 0.000000 0.000000 0.000000 1.565163 0.036721 -3.084641
    17 11.111429 -15.440982 -9.071305 2.994288 -0.522401 -2.280523
    18 -0.118055 -0.108981 0.513327 -0.000047 -0.086523 0.000009
    19 4.409994 -0.000012 0.000012 0.000000 0.000000 0.000000
    20 -3.422661 1.711283 0.470872 0.018364 -0.593174 -0.075895
    21 1.410028 0.000010 0.000007 0.000006 0.000009 -0.987481
    22 0.993011 -0.000001 0.000006 0.000001 -0.000006 -0.761963
    23 -1.022532 1.571291 -0.406268 0.562009 -1.088038 -0.422346
    24 1.337718 0.000005 0.000002 -3.141591 -1.497669 3.135755
    25 1.180473 -0.000093 -0.000003 2.322271 -1.447922 -2.264049
    26 -0.666712 0.565948 -0.425195 0.276535 -1.168921 -0.243380
    27 1.311736 0.000006 0.000004 -3.109347 -1.501840 3.110658
    28 1.132875 -0.000003 -0.000005 -2.277655 -1.482347 2.251198
    29 -0.835869 -0.375753 -0.250998 -0.232083 -1.169899 0.124274
    30 1.303124 0.000019 0.000004 2.990803 -1.546793 -2.975952
    31 1.094648 -0.000011 -0.000003 -0.062804 -1.544912 0.032862
    32 -1.144743 -1.304737 0.171518 -0.974001 -1.088390 0.663341
    33 1.052849 0.000000 -0.000004 3.124857 -1.425270 3.135795
    34 0.916342 -0.000031 0.000001 3.141553 -1.536954 -3.129942
    35 -2.103502 -22.014177 -1.555260 0.144192 -0.331390 -0.913766
    36 -0.117880 -0.102734 -0.180849 0.000013 0.017066 0.000000
    37 4.409983 -0.000034 0.000004 0.000000 0.000000 0.000000
    38 -3.459356 1.711287 -0.541797 0.125169 -0.669906 3.034105
    39 -1.410028 -0.000005 -0.000014 0.000004 0.000001 -0.911659
    40 -0.993008 0.000010 -0.000011 0.000012 -0.000006 -0.908928
    41 -1.077398 1.571280 0.162236 0.351673 -1.124156 2.999846
    42 -1.337713 0.000003 -0.000002 3.078234 -1.322288 -3.107495
    43 -1.180471 0.000072 0.000002 0.222705 -1.503459 -0.194122
    44 -0.719599 0.565946 0.238754 -0.061928 -1.418387 -3.057514
    45 -1.311414 -0.000009 -0.000267 0.002810 -1.315827 0.001501
    46 -1.132872 0.000005 -0.000066 3.139369 -1.176202 -3.092146
    47 -1.239075 -1.304744 -0.314278 -1.430303 -0.982760 -2.003829
    48 -1.052850 0.000005 -0.000004 2.863323 -1.535755 3.140263
    49 -0.916342 0.000033 0.000003 3.130054 -1.386235 -3.118064
    50 -0.900585 -0.375762 0.090056 -0.779868 -1.244725 -2.521915
    51 -1.303123 -0.000014 0.000008 -0.004240 -1.451229 -0.001012
    52 -1.094650 0.000007 0.000003 -2.577326 -1.476285 2.574417
    53 0.000000 0.000000 0.000000 0.000000 0.000000 0.000000
    54 0.000000 0.000000 0.000000 0.000000 0.000000 -1.570796
    55 0.000000 0.000000 0.000000 0.000000 0.000000 -1.570796
    56 -2.000000 0.000000 0.000000 -1.570796 0.000000 0.174533
    57 -1.500000 0.000002 0.000000 -1.570796 0.000000 0.000000
    58 0.000000 0.500000 0.000000 -1.570796 0.261799 0.000000
    59 -0.000001 0.000000 0.000000 -3.141593 0.174533 0.000000
    60 0.000000 0.000000 -0.000001 -3.141593 0.174533 0.174533
    61 0.000000 0.000000 0.000000 -3.141593 0.349066 -0.174533
    62 0.000000 0.000000 0.000000 -1.570796 0.000000 0.000000
    63 0.000000 0.000000 0.000000 -1.570796 0.000000 0.000000
    64 0.000000 0.000000 0.000000 -1.570796 0.000000 0.000000
    65 0.000000 0.000000 0.000002 -1.570796 0.000000 0.000000
    66 0.000000 0.000000 0.000000 -1.570796 0.000000 0.000000
    67 0.000000 0.000001 0.000000 -1.570796 0.000000 0.000000
    68 0.000000 0.000000 0.000000 -1.570796 0.000000 0.000000
    69 0.000000 0.000000 0.000000 -1.570796 0.000000 0.000000
    70 0.000000 0.000000 0.000000 -1.570796 0.000000 0.000000
    71 0.000000 0.000000 0.000000 -1.570796 0.000000 0.000000
    72 0.000000 0.000000 0.000000 -1.570796 0.000000 0.000000
    73 0.000000 0.000000 0.000000 -1.570796 0.000000 0.000000
    74 -2.000000 0.000000 0.000000 1.570796 0.000000 0.174533
    75 -1.500000 -0.000001 -0.250000 1.570796 0.000000 0.000000
    76 -1.000000 0.250000 0.500000 1.570796 0.000000 0.000000
    77 0.000000 0.000000 0.000000 2.094395 0.000000 -3.141593
    78 0.000000 0.000000 0.000000 2.094395 0.000000 -3.141593
    79 0.000000 -0.200001 -0.200000 1.745329 0.000000 -3.141593
    80 0.000000 -0.000001 -0.000002 1.570796 0.000000 3.141593
    81 0.000000 0.000000 0.000000 1.570796 0.000000 -3.141593
    82 0.000000 0.000000 -0.000002 1.570796 0.000000 -3.141593
    83 0.000000 0.000000 0.000000 1.570796 0.000000 3.141593
    84 -0.000002 0.000000 0.000000 1.570796 0.000000 3.141593
    85 0.000000 0.000000 0.000000 1.570796 0.000000 3.141593
    86 0.000000 0.000000 0.000000 1.570796 0.000000 3.141593
    87 0.000000 0.000000 0.000000 1.570796 0.000000 -3.141593
    88 0.000000 0.000000 0.000000 1.570796 0.000000 -3.141593
    89 0.000000 0.000000 0.000000 1.570796 0.000000 3.141593
    90 0.000000 0.000000 0.000000 1.570796 0.000000 -3.141593
    91 0.000000 0.000000 0.000000 1.570796 0.000000 -3.141593
  time 7
    0 0.000000 0.000000 0.000000 0.000000 0.000000 -0.000007
    1 0.000000 2.709942 -10.591393 0.000000 -1.570796 1.570796
    2 3.500857 9.013945 -0.640573 0.000000 -1.570796 0.000000
    3 0.077857 -5.988438 -2.546545 0.000000 0.000000 0.000000
    4 4.409996 0.000005 -0.000003 0.152511 0.044803 0.224802
    5 10.079981 -0.000003 -0.000001 -0.000002 -0.000003 -0.950498
    6 0.000000 -0.000001 0.000000 -0.383077 0.000005 0.000001
    7 3.359990 0.000014 -0.000007 -0.766192 0.000000 0.000003
    8 6.719987 0.000030 -0.000015 -1.149288 -0.000002 0.000001
    9 3.500862 -5.725745 -0.640568 0.000000 -1.570795 3.141592
    10 -1.655463 3.179637 -0.996149 0.000000 0.000000 0.000000
    11 4.409998 -0.000001 0.000004 -0.124831 0.307958 0.843316
    12 10.079982 0.000014 0.000025 0.000004 0.000046 -1.222382
    13 0.000001 0.000004 0.000000 0.389035 -0.000001 0.000010
    14 3.359994 0.000032 0.000015 0.778039 -0.000007 0.000004
    15 6.719987 0.000057 0.000028 1.167077 0.000003 0.000003
    16 0.000000 0.000000 0.000000 1.587802 0.090783 -3.027535
    17 12.396624 -15.440982 -10.305717 2.934105 -0.525536 -2.193208
    18 -0.118055 -0.108981 0.513327 -0.000047 -0.086523 0.000009
    19 4.409994 -0.000012 0.000012 0.000000 0.000000 0.000000
    20 -3.422661 1.711283 0.470872 0.018364 -0.593174 -0.075895
    21 1.410028 0.000010 0.000007 0.000006 0.000009 -0.987481
    22 0.993011 -0.000001 0.000006 0.000001 -0.000006 -0.761963
    23 -1.022532 1.571291 -0.406268 0.562009 -1.088038 -0.422346
    24 1.337718 0.000005 0.000002 -3.141591 -1.497669 3.135755
    25 1.180473 -0.000093 -0.000003 2.322271 -1.447922 -2.264049
    26 -0.666712 0.565948 -0.425195 0.276535 -1.168921 -0.243380
    27 1.311736 0.000006 0.000004 -3.109347 -1.501840 3.110658
    28 1.132875 -0.000003 -0.000005 -2.277655 -1.482347 2.251198
    29 -0.835869 -0.375753 -0.250998 -0.232083 -1.169899 0.124274
    30 1.303124 0.000019 0.000004 2.990803 -1.546793 -2.975952
    31 1.094648 -0.000011 -0.000003 -0.062804 -1.544912 0.032862
    32 -1.144743 -1.304737 0.171518 -0.974001 -1.088390 0.663341
    33 1.052849 0.000000 -0.000004 3.124857 -1.425270 3.135795
    34 0.916342 -0.000031 0.000001 3.141553 -1.536954 -3.129942
    35 1.439574 -18.361721 -2.371691 0.016703 -0.295046 -0.536619
    36 -0.117880 -0.102734 -0.180849 0.000013 0.017066 0.000000
    37 4.409983 -0.000034 0.000004 0.000000 0.000000 0.000000
    38 -3.459356 1.711287 -0.541797 0.125169 -0.669906 3.034105
    39 -1.410028 -0.000005 -0.000014 0.000004 0.000001 -0.911659
    40 -0.993008 0.000010 -0.000011 0.000012 -0.000006 -0.908928
    41 -1.077398 1.571280 0.162236 0.351673 -1.124156 2.999846
    42 -1.337713 0.000003 -0.000002 3.078234 -1.322288 -3.107495
    43 -1.180471 0.000072 0.000002 0.222693 -1.503459 -0.194122
    44 -0.719599 0.565946 0.238754 -0.061928 -1.418387 -3.057514
    45 -1.311414 -0.000009 -0.000267 0.002810 -1.315827 0.001501
    46 -1.132872 0.000005 -0.000066 3.139369 -1.176202 -3.092146
    47 -1.239075 -1.304744 -0.314278 -1.430303 -0.982760 -2.003829
    48 -1.052850 0.000005 -0.000004 2.863323 -1.535755 3.140263
    49 -0.916342 0.000033 0.000003 3.130054 -1.386235 -3.118064
    50 -0.900585 -0.375762 0.090056 -0.779868 -1.244725 -2.521915
    51 -1.303123 -0.000014 0.000008 -0.004240 -1.451229 -0.001012
    52 -1.094650 0.000007 0.000003 -2.577326 -1.476285 2.574417
    53 0.000000 0.000000 0.000000 0.000000 0.000000 0.000000
    54 0.000000 0.000000 0.000000 0.000000 0.000000 -1.570796
    55 0.000000 0.000000 0.000000 0.000000 0.000000 -1.570796
    56 -2.000000 0.000000 0.000000 -1.570796 0.000000 0.174533
    57 -1.500000 0.000002 0.000000 -1.570796 0.000000 0.000000
    58 0.000000 0.500000 0.000000 -1.570796 0.261799 0.000000
    59 -0.000001 0.000000 0.000000 -3.141593 0.174533 0.000000
    60 0.000000 0.000000 -0.000001 -3.141593 0.174533 0.174533
    61 0.000000 0.000000 0.000000 -3.141593 0.349066 -0.174533
    62 0.000000 0.000000 0.000000 -1.570796 0.000000 0.000000
    63 0.000000 0.000000 0.000000 -1.570796 0.000000 0.000000
    64 0.000000 0.000000 0.000000 -1.570796 0.000000 0.000000
    65 0.000000 0.000000 0.000002 -1.570796 0.000000 0.000000
    66 0.000000 0.000000 0.000000 -1.570796 0.000000 0.000000
    67 0.000000 0.000001 0.000000 -1.570796 0.000000 0.000000
    68 0.000000 0.000000 0.000000 -1.570796 0.000000 0.000000
    69 0.000000 0.000000 0.000000 -1.570796 0.000000 0.000000
    70 0.000000 0.000000 0.000000 -1.570796 0.000000 0.000000
    71 0.000000 0.000000 0.000000 -1.570796 0.000000 0.000000
    72 0.000000 0.000000 0.000000 -1.570796 0.000000 0.000000
    73 0.000000 0.000000 0.000000 -1.570796 0.000000 0.000000
    74 -2.000000 0.000000 0.000000 1.570796 0.000000 0.174533
    75 -1.500000 -0.000001 -0.250000 1.570796 0.000000 0.000000
    76 -1.000000 0.250000 0.500000 1.570796 0.000000 0.000000
    77 0.000000 0.000000 0.000000 2.094395 0.000000 -3.141593
    78 0.000000 0.000000 0.000000 2.094395 0.000000 -3.141593
    79 0.000000 -0.200001 -0.200000 1.745329 0.000000 -3.141593
    80 0.000000 -0.000001 -0.000002 1.570796 0.000000 3.141593
    81 0.000000 0.000000 0.000000 1.570796 0.000000 -3.141593
    82 0.000000 0.000000 -0.000002 1.570796 0.000000 -3.141593
    83 0.000000 0.000000 0.000000 1.570796 0.000000 3.141593
    84 -0.000002 0.000000 0.000000 1.570796 0.000000 3.141593
    85 0.000000 0.000000 0.000000 1.570796 0.000000 3.141593
    86 0.000000 0.000000 0.000000 1.570796 0.000000 3.141593
    87 0.000000 0.000000 0.000000 1.570796 0.000000 -3.141593
    88 0.000000 0.000000 0.000000 1.570796 0.000000 -3.141593
    89 0.000000 0.000000 0.000000 1.570796 0.000000 3.141593
    90 0.000000 0.000000 0.000000 1.570796 0.000000 -3.141593
    91 0.000000 0.000000 0.000000 1.570796 0.000000 -3.141593
  time 8
    0 0.000000 0.000000 0.000000 0.000000 0.000000 -0.000007
    1 0.000000 2.709942 -10.591393 0.000000 -1.570796 1.570796
    2 3.500857 9.013945 -0.640573 0.000000 -1.570796 0.000000
    3 -1.203432 -5.988438 -3.109062 0.000000 0.000000 0.000000
    4 4.409996 0.000005 -0.000003 0.108782 -0.072706 -0.065935
    5 10.079981 -0.000003 -0.000001 -0.000002 -0.000003 -0.713940
    6 0.000000 -0.000001 0.000000 -0.428946 0.000005 0.000001
    7 3.359990 0.000014 -0.000007 -0.857931 0.000000 0.000003
    8 6.719987 0.000030 -0.000015 -1.286858 -0.000002 0.000001
    9 3.500862 -5.725745 -0.640568 0.000000 -1.570795 3.141592
    10 -2.030475 3.179637 -0.996149 0.000000 0.000000 0.000000
    11 4.409998 -0.000001 0.000004 0.040124 0.269492 0.804973
    12 10.079982 0.000014 0.000025 0.000004 0.000046 -1.122976
    13 0.000001 0.000004 0.000000 0.350229 -0.000001 0.000010
    14 3.359994 0.000032 0.000015 0.700431 -0.000007 0.000004
    15 6.719987 0.000057 0.000028 1.050634 0.000003 0.000003
    16 0.000000 0.000000 0.000000 1.592704 0.105105 -3.025629
    17 12.459126 -15.440982 -11.547943 2.852312 -0.463850 -2.111569
    18 -0.118055 -0.108981 0.513327 -0.000047 -0.086523 0.000009
    19 4.409994 -0.000012 0.000012 0.000000 0.000000 0.000000
    20 -3.422661 1.711283 0.470872 0.018364 -0.593174 -0.075895
    21 1.410028 0.000010 0.000007 0.000006 0.000009 -0.987481
    22 0.993011 -0.000001 0.000006 0.000001 -0.000006 -0.761963
    23 -1.022532 1.571291 -0.406268 0.562009 -1.088038 -0.422346
    24 1.337718 0.000005 0.000002 -3.141591 -1.497669 3.135755
    25 1.180473 -0.000093 -0.000003 2.322271 -1.447922 -2.264049
    26 -0.666712 0.565948 -0.425195 0.276535 -1.168921 -0.243380
    27 1.311736 0.000006 0.000004 -3.109347 -1.501840 3.110658
    28 1.132875 -0.000003 -0.000005 -2.277655 -1.482347 2.251198
    29 -0.835869 -0.375753 -0.250998 -0.232083 -1.169899 0.124274
    30 1.303124 0.000019 0.000004 2.990803 -1.546793 -2.975952
    31 1.094648 -0.000011 -0.000003 -0.062804 -1.544912 0.032862
    32 -1.144743 -1.304737 0.171518 -0.974001 -1.088390 0.663341
    33 1.052849 0.000000 -0.000004 3.124857 -1.425270 3.135795
    34 0.916342 -0.000031 0.000001 3.141553 -1.536954 -3.129942
    35 4.791239 -17.010118 -4.348314 -0.105008 -0.311018 -0.440490
    36 -0.117880 -0.102734 -0.180849 0.000013 0.017066 0.000000
    37 4.409983 -0.000034 0.000004 0.000000 0.000000 0.000000
    38 -3.459356 1.711287 -0.541797 0.125169 -0.669906 3.034105
    39 -1.410028 -0.000005 -0.000014 0.000004 0.000001 -0.911659
    40 -0.993008 0.000010 -0.000011 0.000012 -0.000006 -0.908928
    41 -1.077398 1.571280 0.162236 0.351673 -1.124156 2.999846
    42 -1.337713 0.000003 -0.000002 3.078234 -1.322288 -3.107495
    43 -1.180471 0.000072 0.000002 0.222693 -1.503459 -0.194122
    44 -0.719599 0.565946 0.238754 -0.061928 -1.418387 -3.057514
    45 -1.311414 -0.000009 -0.000267 0.002810 -1.315827 0.001501
    46 -1.132872 0.000005 -0.000066 3.139369 -1.176202 -3.092146
    47 -1.239075 -1.304744 -0.314278 -1.430303 -0.982760 -2.003829
    48 -1.052850 0.000005 -0.000004 2.863323 -1.535755 3.140263
    49 -0.916342 0.000033 0.000003 3.130054 -1.386235 -3.118064
    50 -0.900585 -0.375762 0.090056 -0.779868 -1.244725 -2.521915
    51 -1.303123 -0.000014 0.000008 -0.004240 -1.451229 -0.001012
    52 -1.094650 0.000007 0.000003 -2.577326 -1.476285 2.574417
    53 0.000000 0.000000 0.000000 0.000000 0.000000 0.000000
    54 0.000000 0.000000 0.000000 0.000000 0.000000 -1.570796
    55 0.000000 0.000000 0.000000 0.000000 0.000000 -1.570796
    56 -2.000000 0.000000 0.000000 -1.570796 0.000000 0.174533
    57 -1.500000 0.000002 0.000000 -1.570796 0.000000 0.000000
    58 0.000000 0.500000 0.000000 -1.570796 0.261799 0.000000
    59 -0.000001 0.000000 0.000000 -3.141593 0.174533 0.000000
    60 0.000000 0.000000 -0.000001 -3.141593 0.174533 0.174533
    61 0.000000 0.000000 0.000000 -3.141593 0.349066 -0.174533
    62 0.000000 0.000000 0.000000 -1.570796 0.000000 0.000000
    63 0.000000 0.000000 0.000000 -1.570796 0.000000 0.000000
    64 0.000000 0.000000 0.000000 -1.570796 0.000000 0.000000
    65 0.000000 0.000000 0.000002 -1.570796 0.000000 0.000000
    66 0.000000 0.000000 0.000000 -1.570796 0.000000 0.000000
    67 0.000000 0.000001 0.000000 -1.570796 0.000000 0.000000
    68 0.000000 0.000000 0.000000 -1.570796 0.000000 0.000000
    69 0.000000 0.000000 0.000000 -1.570796 0.000000 0.000000
    70 0.000000 0.000000 0.000000 -1.570796 0.000000 0.000000
    71 0.000000 0.000000 0.000000 -1.570796 0.000000 0.000000
    72 0.000000 0.000000 0.000000 -1.570796 0.000000 0.000000
    73 0.000000 0.000000 0.000000 -1.570796 0.000000 0.000000
    74 -2.000000 0.000000 0.000000 1.570796 0.000000 0.174533
    75 -1.500000 -0.000001 -0.250000 1.570796 0.000000 0.000000
    76 -1.000000 0.250000 0.500000 1.570796 0.000000 0.000000
    77 0.000000 0.000000 0.000000 2.094395 0.000000 -3.141593
    78 0.000000 0.000000 0.000000 2.094395 0.000000 -3.141593
    79 0.000000 -0.200001 -0.200000 1.745329 0.000000 -3.141593
    80 0.000000 -0.000001 -0.000002 1.570796 0.000000 3.141593
    81 0.000000 0.000000 0.000000 1.570796 0.000000 -3.141593
    82 0.000000 0.000000 -0.000002 1.570796 0.000000 -3.141593
    83 0.000000 0.000000 0.000000 1.570796 0.000000 3.141593
    84 -0.000002 0.000000 0.000000 1.570796 0.000000 3.141593
    85 0.000000 0.000000 0.000000 1.570796 0.000000 3.141593
    86 0.000000 0.000000 0.000000 1.570796 0.000000 3.141593
    87 0.000000 0.000000 0.000000 1.570796 0.000000 -3.141593
    88 0.000000 0.000000 0.000000 1.570796 0.000000 -3.141593
    89 0.000000 0.000000 0.000000 1.570796 0.000000 3.141593
    90 0.000000 0.000000 0.000000 1.570796 0.000000 -3.141593
    91 0.000000 0.000000 0.000000 1.570796 0.000000 -3.141593
  time 9
    0 0.000000 0.000000 0.000000 0.000000 0.000000 -0.000007
    1 0.000000 2.709942 -10.591393 0.000000 -1.570796 1.570796
    2 3.500857 9.013945 -0.640573 0.000000 -1.570796 0.000000
    3 -0.660447 -5.988438 -3.046560 0.000000 0.000000 0.000000
    4 4.409996 0.000005 -0.000003 0.033871 -0.285607 -0.037137
    5 10.079981 -0.000003 -0.000001 -0.000002 -0.000003 -0.929516
    6 0.000000 -0.000001 0.000000 -0.483546 0.000005 0.000001
    7 3.359990 0.000014 -0.000007 -0.967106 0.000000 0.000003
    8 6.719987 0.000030 -0.000015 -1.450659 -0.000002 0.000001
    9 3.500862 -5.725745 -0.640568 0.000000 -1.570795 3.141592
    10 -2.186730 3.179637 -0.996149 0.000000 0.000000 0.000000
    11 4.409998 -0.000001 0.000004 0.187236 0.249235 0.742123
    12 10.079982 0.000014 0.000025 0.000004 0.000046 -1.076347
    13 0.000001 0.000004 0.000000 0.320471 -0.000001 0.000010
    14 3.359994 0.000032 0.000015 0.640948 -0.000007 0.000004
    15 6.719987 0.000057 0.000028 0.961407 0.000003 0.000003
    16 0.000000 0.000000 0.000000 1.589408 0.099904 -3.047621
    17 11.849732 -15.440982 -12.653445 2.768039 -0.373508 -2.042062
    18 -0.118055 -0.108981 0.513327 -0.000047 -0.086523 0.000009
    19 4.409994 -0.000012 0.000012 0.000000 0.000000 0.000000
    20 -3.422661 1.711283 0.470872 0.018364 -0.593174 -0.075895
    21 1.410028 0.000010 0.000007 0.000006 0.000009 -0.987481
    22 0.993011 -0.000001 0.000006 0.000001 -0.000006 -0.761963
    23 -1.022532 1.571291 -0.406268 0.562009 -1.088038 -0.422346
    24 1.337718 0.000005 0.000002 -3.141591 -1.497669 3.135755
    25 1.180473 -0.000093 -0.000003 2.322271 -1.447922 -2.264049
    26 -0.666712 0.565948 -0.425195 0.276535 -1.168921 -0.243380
    27 1.311736 0.000006 0.000004 -3.109347 -1.501840 3.110658
    28 1.132875 -0.000003 -0.000005 -2.277655 -1.482347 2.251198
    29 -0.835869 -0.375753 -0.250998 -0.232083 -1.169899 0.124274
    30 1.303124 0.000019 0.000004 2.990803 -1.546793 -2.975952
    31 1.094648 -0.000011 -0.000003 -0.062804 -1.544912 0.032862
    32 -1.144743 -1.304737 0.171518 -0.974001 -1.088390 0.663341
    33 1.052849 0.000000 -0.000004 3.124857 -1.425270 3.135795
    34 0.916342 -0.000031 0.000001 3.141553 -1.536954 -3.129942
    35 5.748300 -15.545229 -8.129680 -0.134496 -0.159539 -0.403478
    36 -0.117880 -0.102734 -0.180849 0.000013 0.017066 0.000000
    37 4.409983 -0.000034 0.000004 0.000000 0.000000 0.000000
    38 -3.459356 1.711287 -0.541797 0.125169 -0.669906 3.034105
    39 -1.410028 -0.000005 -0.000014 0.000004 0.000001 -0.911659
    40 -0.993008 0.000010 -0.000011 0.000012 -0.000006 -0.908928
    41 -1.077398 1.571280 0.162236 0.351673 -1.124156 2.999846
    42 -1.337713 0.000003 -0.000002 3.078234 -1.322288 -3.107495
    43 -1.180471 0.000072 0.000002 0.222693 -1.503459 -0.194122
    44 -0.719599 0.565946 0.238754 -0.061928 -1.418387 -3.057514
    45 -1.311414 -0.000009 -0.000267 0.002810 -1.315827 0.001501
    46 -1.132872 0.000005 -0.000066 3.139369 -1.176202 -3.092146
    47 -1.239075 -1.304744 -0.314278 -1.430303 -0.982760 -2.003829
    48 -1.052850 0.000005 -0.000004 2.863323 -1.535755 3.140263
    49 -0.916342 0.000033 0.000003 3.130054 -1.386235 -3.118064
    50 -0.900585 -0.375762 0.090056 -0.779868 -1.244725 -2.521915
    51 -1.303123 -0.000014 0.000008 -0.004240 -1.451229 -0.001012
    52 -1.094650 0.000007 0.000003 -2.577326 -1.476285 2.574417
    53 0.000000 0.000000 0.000000 0.000000 0.000000 0.000000
    54 0.000000 0.000000 0.000000 0.000000 0.000000 -1.570796
    55 0.000000 0.000000 0.000000 0.000000 0.000000 -1.570796
    56 -2.000000 0.000000 0.000000 -1.570796 0.000000 0.174533
    57 -1.500000 0.000002 0.000000 -1.570796 0.000000 0.000000
    58 0.000000 0.500000 0.000000 -1.570796 0.261799 0.000000
    59 -0.000001 0.000000 0.000000 -3.141593 0.174533 0.000000
    60 0.000000 0.000000 -0.000001 -3.141593 0.174533 0.174533
    61 0.000000 0.000000 0.000000 -3.141593 0.349066 -0.174533
    62 0.000000 0.000000 0.000000 -1.570796 0.000000 0.000000
    63 0.000000 0.000000 0.000000 -1.570796 0.000000 0.000000
    64 0.000000 0.000000 0.000000 -1.570796 0.000000 0.000000
    65 0.000000 0.000000 0.000002 -1.570796 0.000000 0.000000
    66 0.000000 0.000000 0.000000 -1.570796 0.000000 0.000000
    67 0.000000 0.000001 0.000000 -1.570796 0.000000 0.000000
    68 0.000000 0.000000 0.000000 -1.570796 0.000000 0.000000
    69 0.000000 0.000000 0.000000 -1.570796 0.000000 0.000000
    70 0.000000 0.000000 0.000000 -1.570796 0.000000 0.000000
    71 0.000000 0.000000 0.000000 -1.570796 0.000000 0.000000
    72 0.000000 0.000000 0.000000 -1.570796 0.000000 0.000000
    73 0.000000 0.000000 0.000000 -1.570796 0.000000 0.000000
    74 -2.000000 0.000000 0.000000 1.570796 0.000000 0.174533
    75 -1.500000 -0.000001 -0.250000 1.570796 0.000000 0.000000
    76 -1.000000 0.250000 0.500000 1.570796 0.000000 0.000000
    77 0.000000 0.000000 0.000000 2.094395 0.000000 -3.141593
    78 0.000000 0.000000 0.000000 2.094395 0.000000 -3.141593
    79 0.000000 -0.200001 -0.200000 1.745329 0.000000 -3.141593
    80 0.000000 -0.000001 -0.000002 1.570796 0.000000 3.141593
    81 0.000000 0.000000 0.000000 1.570796 0.000000 -3.141593
    82 0.000000 0.000000 -0.000002 1.570796 0.000000 -3.141593
    83 0.000000 0.000000 0.000000 1.570796 0.000000 3.141593
    84 -0.000002 0.000000 0.000000 1.570796 0.000000 3.141593
    85 0.000000 0.000000 0.000000 1.570796 0.000000 3.141593
    86 0.000000 0.000000 0.000000 1.570796 0.000000 3.141593
    87 0.000000 0.000000 0.000000 1.570796 0.000000 -3.141593
    88 0.000000 0.000000 0.000000 1.570796 0.000000 -3.141593
    89 0.000000 0.000000 0.000000 1.570796 0.000000 3.141593
    90 0.000000 0.000000 0.000000 1.570796 0.000000 -3.141593
    91 0.000000 0.000000 0.000000 1.570796 0.000000 -3.141593
  time 10
    0 0.000000 0.000000 0.000000 0.000000 0.000000 -0.000007
    1 0.000000 2.709942 -10.591393 0.000000 -1.570796 1.570796
    2 3.500857 9.013945 -0.640573 0.000000 -1.570796 0.000000
    3 0.534902 -5.988438 -2.737957 0.000000 0.000000 0.000000
    4 4.409996 0.000005 -0.000003 -0.070168 -0.468133 0.048521
    5 10.079981 -0.000003 -0.000001 -0.000002 -0.000003 -1.126700
    6 0.000000 -0.000001 0.000000 -0.523092 0.000005 0.000001
    7 3.359990 0.000014 -0.000007 -1.046225 0.000000 0.000003
    8 6.719987 0.000030 -0.000015 -1.569299 -0.000002 0.000001
    9 3.500862 -5.725745 -0.640568 0.000000 -1.570795 3.141592
    10 -2.186730 3.179637 -0.996149 0.000000 0.000000 0.000000
    11 4.409998 -0.000001 0.000004 0.275042 0.251986 0.686491
    12 10.079982 0.000014 0.000025 0.000004 0.000046 -1.062207
    13 0.000001 0.000004 0.000000 0.302698 -0.000001 0.000010
    14 3.359994 0.000032 0.000015 0.605383 -0.000007 0.000004
    15 6.719987 0.000057 0.000028 0.908087 0.000003 0.000003
    16 0.000000 0.000000 0.000000 1.587622 0.095529 -3.062014
    17 11.111429 -15.440982 -13.469877 2.700180 -0.291114 -1.991698
    18 -0.118055 -0.108981 0.513327 -0.000047 -0.086523 0.000009
    19 4.409994 -0.000012 0.000012 0.000000 0.000000 0.000000
    20 -3.422661 1.711283 0.470872 0.018364 -0.593174 -0.075895
    21 1.410028 0.000010 0.000007 0.000006 0.000009 -0.987481
    22 0.993011 -0.000001 0.000006 0.000001 -0.000006 -0.761963
    23 -1.022532 1.571291 -0.406268 0.562009 -1.088038 -0.422346
    24 1.337718 0.000005 0.000002 -3.141591 -1.497669 3.135755
    25 1.180473 -0.000093 -0.000003 2.322271 -1.447922 -2.264049
    26 -0.666712 0.565948 -0.425195 0.276535 -1.168921 -0.243380
    27 1.311736 0.000006 0.000004 -3.109347 -1.501840 3.110658
    28 1.132875 -0.000003 -0.000005 -2.277655 -1.482347 2.251198
    29 -0.835869 -0.375753 -0.250998 -0.232083 -1.169899 0.124274
    30 1.303124 0.000019 0.000004 2.990803 -1.546793 -2.975952
    31 1.094648 -0.000011 -0.000003 -0.062804 -1.544912 0.032862
    32 -1.144743 -1.304737 0.171518 -0.974001 -1.088390 0.663341
    33 1.052849 0.000000 -0.000004 3.124857 -1.425270 3.135795
    34 0.916342 -0.000031 0.000001 3.141553 -1.536954 -3.129942
    35 5.588139 -14.529573 -11.250869 -0.123383 -0.002846 -0.398566
    36 -0.117880 -0.102734 -0.180849 0.000013 0.017066 0.000000
    37 4.409983 -0.000034 0.000004 0.000000 0.000000 0.000000
    38 -3.459356 1.711287 -0.541797 0.125169 -0.669906 3.034105
    39 -1.410028 -0.000005 -0.000014 0.000004 0.000001 -0.911659
    40 -0.993008 0.000010 -0.000011 0.000012 -0.000006 -0.908928
    41 -1.077398 1.571280 0.162236 0.351673 -1.124156 2.999846
    42 -1.337713 0.000003 -0.000002 3.078234 -1.322288 -3.107495
    43 -1.180471 0.000072 0.000002 0.222693 -1.503459 -0.194122
    44 -0.719599 0.565946 0.238754 -0.061928 -1.418387 -3.057514
    45 -1.311414 -0.000009 -0.000267 0.002810 -1.315827 0.001501
    46 -1.132872 0.000005 -0.000066 3.139369 -1.176202 -3.092146
    47 -1.239075 -1.304744 -0.314278 -1.430303 -0.982760 -2.003829
    48 -1.052850 0.000005 -0.000004 2.863323 -1.535755 3.140263
    49 -0.916342 0.000033 0.000003 3.130054 -1.386235 -3.118064
    50 -0.900585 -0.375762 0.090056 -0.779868 -1.244725 -2.521915
    51 -1.303123 -0.000014 0.000008 -0.004240 -1.451229 -0.001012
    52 -1.094650 0.000007 0.000003 -2.577326 -1.476285 2.574417
    53 0.000000 0.000000 0.000000 0.000000 0.000000 0.000000
    54 0.000000 0.000000 0.000000 0.000000 0.000000 -1.570796
    55 0.000000 0.000000 0.000000 0.000000 0.000000 -1.570796
    56 -2.000000 0.000000 0.000000 -1.570796 0.000000 0.174533
    57 -1.500000 0.000002 0.000000 -1.570796 0.000000 0.000000
    58 0.000000 0.500000 0.000000 -1.570796 0.261799 0.000000
    59 -0.000001 0.000000 0.000000 -3.141593 0.174533 0.000000
    60 0.000000 0.000000 -0.000001 -3.141593 0.174533 0.174533
    61 0.000000 0.000000 0.000000 -3.141593 0.349066 -0.174533
    62 0.000000 0.000000 0.000000 -1.570796 0.000000 0.000000
    63 0.000000 0.000000 0.000000 -1.570796 0.000000 0.000000
    64 0.000000 0.000000 0.000000 -1.570796 0.000000 0.000000
    65 0.000000 0.000000 0.000002 -1.570796 0.000000 0.000000
    66 0.000000 0.000000 0.000000 -1.570796 0.000000 0.000000
    67 0.000000 0.000001 0.000000 -1.570796 0.000000 0.000000
    68 0.000000 0.000000 0.000000 -1.570796 0.000000 0.000000
    69 0.000000 0.000000 0.000000 -1.570796 0.000000 0.000000
    70 0.000000 0.000000 0.000000 -1.570796 0.000000 0.000000
    71 0.000000 0.000000 0.000000 -1.570796 0.000000 0.000000
    72 0.000000 0.000000 0.000000 -1.570796 0.000000 0.000000
    73 0.000000 0.000000 0.000000 -1.570796 0.000000 0.000000
    74 -2.000000 0.000000 0.000000 1.570796 0.000000 0.174533
    75 -1.500000 -0.000001 -0.250000 1.570796 0.000000 0.000000
    76 -1.000000 0.250000 0.500000 1.570796 0.000000 0.000000
    77 0.000000 0.000000 0.000000 2.094395 0.000000 -3.141593
    78 0.000000 0.000000 0.000000 2.094395 0.000000 -3.141593
    79 0.000000 -0.200001 -0.200000 1.745329 0.000000 -3.141593
    80 0.000000 -0.000001 -0.000002 1.570796 0.000000 3.141593
    81 0.000000 0.000000 0.000000 1.570796 0.000000 -3.141593
    82 0.000000 0.000000 -0.000002 1.570796 0.000000 -3.141593
    83 0.000000 0.000000 0.000000 1.570796 0.000000 3.141593
    84 -0.000002 0.000000 0.000000 1.570796 0.000000 3.141593
    85 0.000000 0.000000 0.000000 1.570796 0.000000 3.141593
    86 0.000000 0.000000 0.000000 1.570796 0.000000 3.141593
    87 0.000000 0.000000 0.000000 1.570796 0.000000 -3.141593
    88 0.000000 0.000000 0.000000 1.570796 0.000000 -3.141593
    89 0.000000 0.000000 0.000000 1.570796 0.000000 3.141593
    90 0.000000 0.000000 0.000000 1.570796 0.000000 -3.141593
    91 0.000000 0.000000 0.000000 1.570796 0.000000 -3.141593
  time 11
    0 0.000000 0.000000 0.000000 0.000000 0.000000 -0.000007
    1 0.000000 2.709942 -10.591393 0.000000 -1.570796 1.570796
    2 3.500857 9.013945 -0.640573 0.000000 -1.570796 0.000000
    3 1.234142 -5.988438 -2.546545 0.000000 0.000000 0.000000
    4 4.409996 0.000005 -0.000003 -0.084989 -0.477833 0.085694
    5 10.079981 -0.000003 -0.000001 -0.000002 -0.000003 -1.234674
    6 0.000000 -0.000001 0.000000 -0.529480 0.000005 0.000001
    7 3.359990 0.000014 -0.000007 -1.058948 0.000000 0.000003
    8 6.719987 0.000030 -0.000015 -1.588422 -0.000002 0.000001
    9 3.500862 -5.725745 -0.640568 0.000000 -1.570795 3.141592
    10 -2.186730 3.179637 -0.996149 0.000000 0.000000 0.000000
    11 4.409998 -0.000001 0.000004 0.310348 0.257898 0.657933
    12 10.079982 0.000014 0.000025 0.000004 0.000046 -1.049249
    13 0.000001 0.000004 0.000000 0.293614 -0.000001 0.000010
    14 3.359994 0.000032 0.000015 0.587221 -0.000007 0.000004
    15 6.719987 0.000057 0.000028 0.880843 0.000003 0.000003
    16 0.000000 0.000000 0.000000 1.588174 0.092173 -3.065190
    17 10.787200 -15.448794 -13.876139 2.667904 -0.252870 -1.967045
    18 -0.118055 -0.108981 0.513327 -0.000047 -0.086523 0.000009
    19 4.409994 -0.000012 0.000012 0.000000 0.000000 0.000000
    20 -3.422661 1.711283 0.470872 0.018364 -0.593174 -0.075895
    21 1.410028 0.000010 0.000007 0.000006 0.000009 -0.987481
    22 0.993011 -0.000001 0.000006 0.000001 -0.000006 -0.761963
    23 -1.022532 1.571291 -0.406268 0.562009 -1.088038 -0.422346
    24 1.337718 0.000005 0.000002 -3.141591 -1.497669 3.135755
    25 1.180473 -0.000093 -0.000003 2.322271 -1.447922 -2.264049
    26 -0.666712 0.565948 -0.425195 0.276535 -1.168921 -0.243380
    27 1.311736 0.000006 0.000004 -3.109347 -1.501840 3.110658
    28 1.132875 -0.000003 -0.000005 -2.277655 -1.482347 2.251198
    29 -0.835869 -0.375753 -0.250998 -0.232083 -1.169899 0.124274
    30 1.303124 0.000019 0.000004 2.990803 -1.546793 -2.975952
    31 1.094648 -0.000011 -0.000003 -0.062804 -1.544912 0.032862
    32 -1.144743 -1.304737 0.171518 -0.974001 -1.088390 0.663341
    33 1.052849 0.000000 -0.000004 3.124857 -1.425270 3.135795
    34 0.916342 -0.000031 0.000001 3.141553 -1.536954 -3.129942
    35 5.588139 -14.529573 -11.250869 -0.123383 -0.002846 -0.398566
    36 -0.117880 -0.102734 -0.180849 0.000013 0.017066 0.000000
    37 4.409983 -0.000034 0.000004 0.000000 0.000000 0.000000
    38 -3.459356 1.711287 -0.541797 0.125169 -0.669906 3.034105
    39 -1.410028 -0.000005 -0.000014 0.000004 0.000001 -0.911659
    40 -0.993008 0.000010 -0.000011 0.000012 -0.000006 -0.908928
    41 -1.077398 1.571280 0.162236 0.351673 -1.124156 2.999846
    42 -1.337713 0.000003 -0.000002 3.078234 -1.322288 -3.107495
    43 -1.180471 0.000072 0.000002 0.222693 -1.503459 -0.194122
    44 -0.719599 0.565946 0.238754 -0.061928 -1.418387 -3.057514
    45 -1.311414 -0.000009 -0.000267 0.002810 -1.315827 0.001501
    46 -1.132872 0.000005 -0.000066 3.139369 -1.176202 -3.092146
    47 -1.239075 -1.304744 -0.314278 -1.430303 -0.982760 -2.003829
    48 -1.052850 0.000005 -0.000004 2.863323 -1.535755 3.140263
    49 -0.916342 0.000033 0.000003 3.130054 -1.386235 -3.118064
    50 -0.900585 -0.375762 0.090056 -0.779868 -1.244725 -2.521915
    51 -1.303123 -0.000014 0.000008 -0.004240 -1.451229 -0.001012
    52 -1.094650 0.000007 0.000003 -2.577326 -1.476285 2.574417
    53 0.000000 0.000000 0.000000 0.000000 0.000000 0.000000
    54 0.000000 0.000000 0.000000 0.000000 0.000000 -1.570796
    55 0.000000 0.000000 0.000000 0.000000 0.000000 -1.570796
    56 -2.000000 0.000000 0.000000 -1.570796 0.000000 0.174533
    57 -1.500000 0.000002 0.000000 -1.570796 0.000000 0.000000
    58 0.000000 0.500000 0.000000 -1.570796 0.261799 0.000000
    59 -0.000001 0.000000 0.000000 -3.141593 0.174533 0.000000
    60 0.000000 0.000000 -0.000001 -3.141593 0.174533 0.174533
    61 0.000000 0.000000 0.000000 -3.141593 0.349066 -0.174533
    62 0.000000 0.000000 0.000000 -1.570796 0.000000 0.000000
    63 0.000000 0.000000 0.000000 -1.570796 0.000000 0.000000
    64 0.000000 0.000000 0.000000 -1.570796 0.000000 0.000000
    65 0.000000 0.000000 0.000002 -1.570796 0.000000 0.000000
    66 0.000000 0.000000 0.000000 -1.570796 0.000000 0.000000
    67 0.000000 0.000001 0.000000 -1.570796 0.000000 0.000000
    68 0.000000 0.000000 0.000000 -1.570796 0.000000 0.000000
    69 0.000000 0.000000 0.000000 -1.570796 0.000000 0.000000
    70 0.000000 0.000000 0.000000 -1.570796 0.000000 0.000000
    71 0.000000 0.000000 0.000000 -1.570796 0.000000 0.000000
    72 0.000000 0.000000 0.000000 -1.570796 0.000000 0.000000
    73 0.000000 0.000000 0.000000 -1.570796 0.000000 0.000000
    74 -2.000000 0.000000 0.000000 1.570796 0.000000 0.174533
    75 -1.500000 -0.000001 -0.250000 1.570796 0.000000 0.000000
    76 -1.000000 0.250000 0.500000 1.570796 0.000000 0.000000
    77 0.000000 0.000000 0.000000 2.094395 0.000000 -3.141593
    78 0.000000 0.000000 0.000000 2.094395 0.000000 -3.141593
    79 0.000000 -0.200001 -0.200000 1.745329 0.000000 -3.141593
    80 0.000000 -0.000001 -0.000002 1.570796 0.000000 3.141593
    81 0.000000 0.000000 0.000000 1.570796 0.000000 -3.141593
    82 0.000000 0.000000 -0.000002 1.570796 0.000000 -3.141593
    83 0.000000 0.000000 0.000000 1.570796 0.000000 3.141593
    84 -0.000002 0.000000 0.000000 1.570796 0.000000 3.141593
    85 0.000000 0.000000 0.000000 1.570796 0.000000 3.141593
    86 0.000000 0.000000 0.000000 1.570796 0.000000 3.141593
    87 0.000000 0.000000 0.000000 1.570796 0.000000 -3.141593
    88 0.000000 0.000000 0.000000 1.570796 0.000000 -3.141593
    89 0.000000 0.000000 0.000000 1.570796 0.000000 3.141593
    90 0.000000 0.000000 0.000000 1.570796 0.000000 -3.141593
    91 0.000000 0.000000 0.000000 1.570796 0.000000 -3.141593
  time 12
    0 0.000000 0.000000 0.000000 0.000000 0.000000 -0.000007
    1 0.000000 2.709942 -10.591393 0.000000 -1.570796 1.570796
    2 3.500857 9.013945 -0.640573 0.000000 -1.570796 0.000000
    3 1.234142 -5.988438 -2.546545 0.000000 0.000000 0.000000
    4 4.409996 0.000005 -0.000003 -0.081981 -0.480119 0.085910
    5 10.079981 -0.000003 -0.000001 -0.000002 -0.000003 -1.234674
    6 0.000000 -0.000001 0.000000 -0.530252 0.000005 0.000001
    7 3.359990 0.000014 -0.000007 -1.060519 0.000000 0.000003
    8 6.719987 0.000030 -0.000015 -1.590817 -0.000002 0.000001
    9 3.500862 -5.725745 -0.640568 0.000000 -1.570795 3.141592
    10 -2.186730 3.179637 -0.996149 0.000000 0.000000 0.000000
    11 4.409998 -0.000001 0.000004 0.310348 0.257898 0.657933
    12 10.079982 0.000014 0.000025 0.000004 0.000046 -1.049249
    13 0.000001 0.000004 0.000000 0.293614 -0.000001 0.000010
    14 3.359994 0.000032 0.000015 0.587202 -0.000007 0.000004
    15 6.719987 0.000057 0.000028 0.880786 0.000003 0.000003
    16 0.000000 0.000000 0.000000 1.586016 0.079002 -3.073148
    17 10.787200 -15.448794 -13.876139 2.667904 -0.252870 -1.967045
    18 -0.118055 -0.108981 0.513327 -0.000047 -0.086523 0.000009
    19 4.409994 -0.000012 0.000012 0.000000 0.000000 0.000000
    20 -3.422661 1.711283 0.470872 0.018364 -0.593174 -0.075895
    21 1.410028 0.000010 0.000007 0.000006 0.000009 -0.987481
    22 0.993011 -0.000001 0.000006 0.000001 -0.000006 -0.761963
    23 -1.022532 1.571291 -0.406268 0.562009 -1.088038 -0.422346
    24 1.337718 0.000005 0.000002 -3.141591 -1.497669 3.135755
    25 1.180473 -0.000093 -0.000003 2.322271 -1.447922 -2.264049
    26 -0.666712 0.565948 -0.425195 0.276535 -1.168921 -0.243380
    27 1.311736 0.000006 0.000004 -3.109347 -1.501840 3.110658
    28 1.132875 -0.000003 -0.000005 -2.277655 -1.482347 2.251198
    29 -0.835869 -0.375753 -0.250998 -0.232083 -1.169899 0.124274
    30 1.303124 0.000019 0.000004 2.990803 -1.546793 -2.975952
    31 1.094648 -0.000011 -0.000003 -0.062804 -1.544912 0.032862
    32 -1.144743 -1.304737 0.171518 -0.974001 -1.088390 0.663341
    33 1.052849 0.000000 -0.000004 3.124857 -1.425270 3.135795
    34 0.916342 -0.000031 0.000001 3.141553 -1.536954 -3.129942
    35 5.588139 -14.529573 -11.250869 -0.123383 -0.002846 -0.398566
    36 -0.117880 -0.102734 -0.180849 0.000013 0.017066 0.000000
    37 4.409983 -0.000034 0.000004 0.000000 0.000000 0.000000
    38 -3.459356 1.711287 -0.541797 0.125169 -0.669906 3.034105
    39 -1.410028 -0.000005 -0.000014 0.000004 0.000001 -0.911659
    40 -0.993008 0.000010 -0.000011 0.000012 -0.000006 -0.908928
    41 -1.077398 1.571280 0.162236 0.351673 -1.124156 2.999846
    42 -1.337713 0.000003 -0.000002 3.078234 -1.322288 -3.107495
    43 -1.180471 0.000072 0.000002 0.222693 -1.503459 -0.194122
    44 -0.719599 0.565946 0.238754 -0.061928 -1.418387 -3.057514
    45 -1.311414 -0.000009 -0.000267 0.002810 -1.315827 0.001501
    46 -1.132872 0.000005 -0.000066 3.139369 -1.176202 -3.092146
    47 -1.239075 -1.304744 -0.314278 -1.430303 -0.982760 -2.003829
    48 -1.052850 0.000005 -0.000004 2.863323 -1.535755 3.140263
    49 -0.916342 0.000033 0.000003 3.130054 -1.386235 -3.118064
    50 -0.900585 -0.375762 0.090056 -0.779868 -1.244725 -2.521915
    51 -1.303123 -0.000014 0.000008 -0.004240 -1.451229 -0.001012
    52 -1.094650 0.000007 0.000003 -2.577326 -1.476285 2.574417
    53 0.000000 0.000000 0.000000 0.000000 0.000000 0.000000
    54 0.000000 0.000000 0.000000 0.000000 0.000000 -1.570796
    55 0.000000 0.000000 0.000000 0.000000 0.000000 -1.570796
    56 -2.000000 0.000000 0.000000 -1.570796 0.000000 0.174533
    57 -1.500000 0.000002 0.000000 -1.570796 0.000000 0.000000
    58 0.000000 0.500000 0.000000 -1.570796 0.261799 0.000000
    59 -0.000001 0.000000 0.000000 -3.141593 0.174533 0.000000
    60 0.000000 0.000000 -0.000001 -3.141593 0.174533 0.174533
    61 0.000000 0.000000 0.000000 -3.141593 0.349066 -0.174533
    62 0.000000 0.000000 0.000000 -1.570796 0.000000 0.000000
    63 0.000000 0.000000 0.000000 -1.570796 0.000000 0.000000
    64 0.000000 0.000000 0.000000 -1.570796 0.000000 0.000000
    65 0.000000 0.000000 0.000002 -1.570796 0.000000 0.000000
    66 0.000000 0.000000 0.000000 -1.570796 0.000000 0.000000
    67 0.000000 0.000001 0.000000 -1.570796 0.000000 0.000000
    68 0.000000 0.000000 0.000000 -1.570796 0.000000 0.000000
    69 0.000000 0.000000 0.000000 -1.570796 0.000000 0.000000
    70 0.000000 0.000000 0.000000 -1.570796 0.000000 0.000000
    71 0.000000 0.000000 0.000000 -1.570796 0.000000 0.000000
    72 0.000000 0.000000 0.000000 -1.570796 0.000000 0.000000
    73 0.000000 0.000000 0.000000 -1.570796 0.000000 0.000000
    74 -2.000000 0.000000 0.000000 1.570796 0.000000 0.174533
    75 -1.500000 -0.000001 -0.250000 1.570796 0.000000 0.000000
    76 -1.000000 0.250000 0.500000 1.570796 0.000000 0.000000
    77 0.000000 0.000000 0.000000 2.094395 0.000000 -3.141593
    78 0.000000 0.000000 0.000000 2.094395 0.000000 -3.141593
    79 0.000000 -0.200001 -0.200000 1.745329 0.000000 -3.141593
    80 0.000000 -0.000001 -0.000002 1.570796 0.000000 3.141593
    81 0.000000 0.000000 0.000000 1.570796 0.000000 -3.141593
    82 0.000000 0.000000 -0.000002 1.570796 0.000000 -3.141593
    83 0.000000 0.000000 0.000000 1.570796 0.000000 3.141593
    84 -0.000002 0.000000 0.000000 1.570796 0.000000 3.141593
    85 0.000000 0.000000 0.000000 1.570796 0.000000 3.141593
    86 0.000000 0.000000 0.000000 1.570796 0.000000 3.141593
    87 0.000000 0.000000 0.000000 1.570796 0.000000 -3.141593
    88 0.000000 0.000000 0.000000 1.570796 0.000000 -3.141593
    89 0.000000 0.000000 0.000000 1.570796 0.000000 3.141593
    90 0.000000 0.000000 0.000000 1.570796 0.000000 -3.141593
    91 0.000000 0.000000 0.000000 1.570796 0.000000 -3.141593
  time 13
    0 0.000000 0.000000 0.000000 0.000000 0.000000 -0.000007
    1 0.000000 2.709942 -10.591393 0.000000 -1.570796 1.570796
    2 3.500857 9.013945 -0.640573 0.000000 -1.570796 0.000000
    3 1.179453 -5.914217 -2.491856 0.000000 0.000000 0.000000
    4 4.409996 0.000005 -0.000003 -0.073323 -0.478028 0.077059
    5 10.079981 -0.000003 -0.000001 -0.000002 -0.000003 -1.225002
    6 0.000000 -0.000001 0.000000 -0.529917 0.000005 0.000001
    7 3.359990 0.000014 -0.000007 -1.059875 0.000000 0.000003
    8 6.719987 0.000030 -0.000015 -1.589774 -0.000002 0.000001
    9 3.500862 -5.725745 -0.640568 0.000000 -1.570795 3.141592
    10 -2.186730 3.179637 -0.996149 0.000000 0.000000 0.000000
    11 4.409998 -0.000001 0.000004 0.310348 0.257898 0.657933
    12 10.079982 0.000014 0.000025 0.000004 0.000046 -1.049249
    13 0.000001 0.000004 0.000000 0.293614 -0.000001 0.000010
    14 3.359994 0.000032 0.000015 0.587221 -0.000007 0.000004
    15 6.719987 0.000057 0.000028 0.880843 0.000003 0.000003
    16 0.000000 0.000000 0.000000 1.582145 0.059923 -3.084018
    17 10.787200 -15.448794 -13.876139 2.667904 -0.252870 -1.967045
    18 -0.118055 -0.108981 0.513327 -0.000047 -0.086523 0.000009
    19 4.409994 -0.000012 0.000012 0.000000 0.000000 0.000000
    20 -3.422661 1.711283 0.470872 0.018364 -0.593174 -0.075895
    21 1.410028 0.000010 0.000007 0.000006 0.000009 -0.987481
    22 0.993011 -0.000001 0.000006 0.000001 -0.000006 -0.761963
    23 -1.022532 1.571291 -0.406268 0.562009 -1.088038 -0.422346
    24 1.337718 0.000005 0.000002 -3.141591 -1.497669 3.135755
    25 1.180473 -0.000093 -0.000003 2.322271 -1.447922 -2.264049
    26 -0.666712 0.565948 -0.425195 0.276535 -1.168921 -0.243380
    27 1.311736 0.000006 0.000004 -3.109347 -1.501840 3.110658
    28 1.132875 -0.000003 -0.000005 -2.277655 -1.482347 2.251198
    29 -0.835869 -0.375753 -0.250998 -0.232083 -1.169899 0.124274
    30 1.303124 0.000019 0.000004 2.990803 -1.546793 -2.975952
    31 1.094648 -0.000011 -0.000003 -0.062804 -1.544912 0.032862
    32 -1.144743 -1.304737 0.171518 -0.974001 -1.088390 0.663341
    33 1.052849 0.000000 -0.000004 3.124857 -1.425270 3.135795
    34 0.916342 -0.000031 0.000001 3.141553 -1.536954 -3.129942
    35 5.588139 -14.529573 -11.250869 -0.123383 -0.002846 -0.398566
    36 -0.117880 -0.102734 -0.180849 0.000013 0.017066 0.000000
    37 4.409983 -0.000034 0.000004 0.000000 0.000000 0.000000
    38 -3.459356 1.711287 -0.541797 0.125169 -0.669906 3.034105
    39 -1.410028 -0.000005 -0.000014 0.000004 0.000001 -0.911659
    40 -0.993008 0.000010 -0.000011 0.000012 -0.000006 -0.908928
    41 -1.077398 1.571280 0.162236 0.351673 -1.124156 2.999846
    42 -1.337713 0.000003 -0.000002 3.078234 -1.322288 -3.107495
    43 -1.180471 0.000072 0.000002 0.222693 -1.503459 -0.194122
    44 -0.719599 0.565946 0.238754 -0.061928 -1.418387 -3.057514
    45 -1.311414 -0.000009 -0.000267 0.002810 -1.315827 0.001501
    46 -1.132872 0.000005 -0.000066 3.139369 -1.176202 -3.092146
    47 -1.239075 -1.304744 -0.314278 -1.430303 -0.982760 -2.003829
    48 -1.052850 0.000005 -0.000004 2.863323 -1.535755 3.140263
    49 -0.916342 0.000033 0.000003 3.130054 -1.386235 -3.118064
    50 -0.900585 -0.375762 0.090056 -0.779868 -1.244725 -2.521915
    51 -1.303123 -0.000014 0.000008 -0.004240 -1.451229 -0.001012
    52 -1.094650 0.000007 0.000003 -2.577326 -1.476285 2.574417
    53 0.000000 0.000000 0.000000 0.000000 0.000000 0.000000
    54 0.000000 0.000000 0.000000 0.000000 0.000000 -1.570796
    55 0.000000 0.000000 0.000000 0.000000 0.000000 -1.570796
    56 -2.000000 0.000000 0.000000 -1.570796 0.000000 0.174533
    57 -1.500000 0.000002 0.000000 -1.570796 0.000000 0.000000
    58 0.000000 0.500000 0.000000 -1.570796 0.261799 0.000000
    59 -0.000001 0.000000 0.000000 -3.141593 0.174533 0.000000
    60 0.000000 0.000000 -0.000001 -3.141593 0.174533 0.174533
    61 0.000000 0.000000 0.000000 -3.141593 0.349066 -0.174533
    62 0.000000 0.000000 0.000000 -1.570796 0.000000 0.000000
    63 0.000000 0.000000 0.000000 -1.570796 0.000000 0.000000
    64 0.000000 0.000000 0.000000 -1.570796 0.000000 0.000000
    65 0.000000 0.000000 0.000002 -1.570796 0.000000 0.000000
    66 0.000000 0.000000 0.000000 -1.570796 0.000000 0.000000
    67 0.000000 0.000001 0.000000 -1.570796 0.000000 0.000000
    68 0.000000 0.000000 0.000000 -1.570796 0.000000 0.000000
    69 0.000000 0.000000 0.000000 -1.570796 0.000000 0.000000
    70 0.000000 0.000000 0.000000 -1.570796 0.000000 0.000000
    71 0.000000 0.000000 0.000000 -1.570796 0.000000 0.000000
    72 0.000000 0.000000 0.000000 -1.570796 0.000000 0.000000
    73 0.000000 0.000000 0.000000 -1.570796 0.000000 0.000000
    74 -2.000000 0.000000 0.000000 1.570796 0.000000 0.174533
    75 -1.500000 -0.000001 -0.250000 1.570796 0.000000 0.000000
    76 -1.000000 0.250000 0.500000 1.570796 0.000000 0.000000
    77 0.000000 0.000000 0.000000 2.094395 0.000000 -3.141593
    78 0.000000 0.000000 0.000000 2.094395 0.000000 -3.141593
    79 0.000000 -0.200001 -0.200000 1.745329 0.000000 -3.141593
    80 0.000000 -0.000001 -0.000002 1.570796 0.000000 3.141593
    81 0.000000 0.000000 0.000000 1.570796 0.000000 -3.141593
    82 0.000000 0.000000 -0.000002 1.570796 0.000000 -3.141593
    83 0.000000 0.000000 0.000000 1.570796 0.000000 3.141593
    84 -0.000002 0.000000 0.000000 1.570796 0.000000 3.141593
    85 0.000000 0.000000 0.000000 1.570796 0.000000 3.141593
    86 0.000000 0.000000 0.000000 1.570796 0.000000 3.141593
    87 0.000000 0.000000 0.000000 1.570796 0.000000 -3.141593
    88 0.000000 0.000000 0.000000 1.570796 0.000000 -3.141593
    89 0.000000 0.000000 0.000000 1.570796 0.000000 3.141593
    90 0.000000 0.000000 0.000000 1.570796 0.000000 -3.141593
    91 0.000000 0.000000 0.000000 1.570796 0.000000 -3.141593
  time 14
    0 0.000000 0.000000 0.000000 0.000000 0.000000 -0.000007
    1 0.000000 2.709942 -10.591393 0.000000 -1.570796 1.570796
    2 3.500857 9.013945 -0.640573 0.000000 -1.570796 0.000000
    3 1.042730 -5.742337 -2.355133 0.000000 0.000000 0.000000
    4 4.409996 0.000005 -0.000003 -0.058062 -0.469405 0.055774
    5 10.079981 -0.000003 -0.000001 -0.000002 -0.000003 -1.201589
    6 0.000000 -0.000001 0.000000 -0.527909 0.000005 0.000001
    7 3.359990 0.000014 -0.000007 -1.055831 0.000000 0.000003
    8 6.719987 0.000030 -0.000015 -1.583786 -0.000002 0.000001
    9 3.500862 -5.725745 -0.640568 0.000000 -1.570795 3.141592
    10 -2.186730 3.179637 -0.996149 0.000000 0.000000 0.000000
    11 4.409998 -0.000001 0.000004 0.310348 0.257898 0.657933
    12 10.079982 0.000014 0.000025 0.000004 0.000046 -1.049249
    13 0.000001 0.000004 0.000000 0.293614 -0.000001 0.000010
    14 3.359994 0.000032 0.000015 0.587202 -0.000007 0.000004
    15 6.719987 0.000057 0.000028 0.880786 0.000003 0.000003
    16 0.000000 0.000000 0.000000 1.577507 0.038734 -3.095955
    17 10.787200 -15.448794 -13.876139 2.667904 -0.252870 -1.967045
    18 -0.118055 -0.108981 0.513327 -0.000047 -0.086523 0.000009
    19 4.409994 -0.000012 0.000012 0.000000 0.000000 0.000000
    20 -3.422661 1.711283 0.470872 0.018364 -0.593174 -0.075895
    21 1.410028 0.000010 0.000007 0.000006 0.000009 -0.987481
    22 0.993011 -0.000001 0.000006 0.000001 -0.000006 -0.761963
    23 -1.022532 1.571291 -0.406268 0.562009 -1.088038 -0.422346
    24 1.337718 0.000005 0.000002 -3.141591 -1.497669 3.135755
    25 1.180473 -0.000093 -0.000003 2.322271 -1.447922 -2.264049
    26 -0.666712 0.565948 -0.425195 0.276535 -1.168921 -0.243380
    27 1.311736 0.000006 0.000004 -3.109347 -1.501840 3.110658
    28 1.132875 -0.000003 -0.000005 -2.277655 -1.482347 2.251198
    29 -0.835869 -0.375753 -0.250998 -0.232083 -1.169899 0.124274
    30 1.303124 0.000019 0.000004 2.990803 -1.546793 -2.975952
    31 1.094648 -0.000011 -0.000003 -0.062804 -1.544912 0.032862
    32 -1.144743 -1.304737 0.171518 -0.974001 -1.088390 0.663341
    33 1.052849 0.000000 -0.000004 3.124857 -1.425270 3.135795
    34 0.916342 -0.000031 0.000001 3.141553 -1.536954 -3.129942
    35 5.588139 -14.529573 -11.250869 -0.123383 -0.002846 -0.398566
    36 -0.117880 -0.102734 -0.180849 0.000013 0.017066 0.000000
    37 4.409983 -0.000034 0.000004 0.000000 0.000000 0.000000
    38 -3.459356 1.711287 -0.541797 0.125169 -0.669906 3.034105
    39 -1.410028 -0.000005 -0.000014 0.000004 0.000001 -0.911659
    40 -0.993008 0.000010 -0.000011 0.000012 -0.000006 -0.908928
    41 -1.077398 1.571280 0.162236 0.351673 -1.124156 2.999846
    42 -1.337713 0.000003 -0.000002 3.078234 -1.322288 -3.107495
    43 -1.180471 0.000072 0.000002 0.222693 -1.503459 -0.194122
    44 -0.719599 0.565946 0.238754 -0.061928 -1.418387 -3.057514
    45 -1.311414 -0.000009 -0.000267 0.002810 -1.315827 0.001501
    46 -1.132872 0.000005 -0.000066 3.139369 -1.176202 -3.092146
    47 -1.239075 -1.304744 -0.314278 -1.430303 -0.982760 -2.003829
    48 -1.052850 0.000005 -0.000004 2.863323 -1.535755 3.140263
    49 -0.916342 0.000033 0.000003 3.130054 -1.386235 -3.118064
    50 -0.900585 -0.375762 0.090056 -0.779868 -1.244725 -2.521915
    51 -1.303123 -0.000014 0.000008 -0.004240 -1.451229 -0.001012
    52 -1.094650 0.000007 0.000003 -2.577326 -1.476285 2.574417
    53 0.000000 0.000000 0.000000 0.000000 0.000000 0.000000
    54 0.000000 0.000000 0.000000 0.000000 0.000000 -1.570796
    55 0.000000 0.000000 0.000000 0.000000 0.000000 -1.570796
    56 -2.000000 0.000000 0.000000 -1.570796 0.000000 0.174533
    57 -1.500000 0.000002 0.000000 -1.570796 0.000000 0.000000
    58 0.000000 0.500000 0.000000 -1.570796 0.261799 0.000000
    59 -0.000001 0.000000 0.000000 -3.141593 0.174533 0.000000
    60 0.000000 0.000000 -0.000001 -3.141593 0.174533 0.174533
    61 0.000000 0.000000 0.000000 -3.141593 0.349066 -0.174533
    62 0.000000 0.000000 0.000000 -1.570796 0.000000 0.000000
    63 0.000000 0.000000 0.000000 -1.570796 0.000000 0.000000
    64 0.000000 0.000000 0.000000 -1.570796 0.000000 0.000000
    65 0.000000 0.000000 0.000002 -1.570796 0.000000 0.000000
    66 0.000000 0.000000 0.000000 -1.570796 0.000000 0.000000
    67 0.000000 0.000001 0.000000 -1.570796 0.000000 0.000000
    68 0.000000 0.000000 0.000000 -1.570796 0.000000 0.000000
    69 0.000000 0.000000 0.000000 -1.570796 0.000000 0.000000
    70 0.000000 0.000000 0.000000 -1.570796 0.000000 0.000000
    71 0.000000 0.000000 0.000000 -1.570796 0.000000 0.000000
    72 0.000000 0.000000 0.000000 -1.570796 0.000000 0.000000
    73 0.000000 0.000000 0.000000 -1.570796 0.000000 0.000000
    74 -2.000000 0.000000 0.000000 1.570796 0.000000 0.174533
    75 -1.500000 -0.000001 -0.250000 1.570796 0.000000 0.000000
    76 -1.000000 0.250000 0.500000 1.570796 0.000000 0.000000
    77 0.000000 0.000000 0.000000 2.094395 0.000000 -3.141593
    78 0.000000 0.000000 0.000000 2.094395 0.000000 -3.141593
    79 0.000000 -0.200001 -0.200000 1.745329 0.000000 -3.141593
    80 0.000000 -0.000001 -0.000002 1.570796 0.000000 3.141593
    81 0.000000 0.000000 0.000000 1.570796 0.000000 -3.141593
    82 0.000000 0.000000 -0.000002 1.570796 0.000000 -3.141593
    83 0.000000 0.000000 0.000000 1.570796 0.000000 3.141593
    84 -0.000002 0.000000 0.000000 1.570796 0.000000 3.141593
    85 0.000000 0.000000 0.000000 1.570796 0.000000 3.141593
    86 0.000000 0.000000 0.000000 1.570796 0.000000 3.141593
    87 0.000000 0.000000 0.000000 1.570796 0.000000 -3.141593
    88 0.000000 0.000000 0.000000 1.570796 0.000000 -3.141593
    89 0.000000 0.000000 0.000000 1.570796 0.000000 3.141593
    90 0.000000 0.000000 0.000000 1.570796 0.000000 -3.141593
    91 0.000000 0.000000 0.000000 1.570796 0.000000 -3.141593
  time 15
    0 0.000000 0.000000 0.000000 0.000000 0.000000 -0.000007
    1 0.000000 2.709942 -10.591393 0.000000 -1.570796 1.570796
    2 3.500857 9.013945 -0.640573 0.000000 -1.570796 0.000000
    3 0.847412 -5.492329 -2.155908 0.000000 0.000000 0.000000
    4 4.409996 0.000005 -0.000003 -0.037885 -0.455134 0.023998
    5 10.079981 -0.000003 -0.000001 -0.000002 -0.000003 -1.165334
    6 0.000000 -0.000001 0.000000 -0.524561 0.000005 0.000001
    7 3.359990 0.000014 -0.000007 -1.049161 0.000000 0.000003
    8 6.719987 0.000030 -0.000015 -1.573703 -0.000002 0.000001
    9 3.500862 -5.725745 -0.640568 0.000000 -1.570795 3.141592
    10 -2.186730 3.179637 -0.996149 0.000000 0.000000 0.000000
    11 4.409998 -0.000001 0.000004 0.310348 0.257898 0.657933
    12 10.079982 0.000014 0.000025 0.000004 0.000046 -1.049249
    13 0.000001 0.000004 0.000000 0.293614 -0.000001 0.000010
    14 3.359994 0.000032 0.000015 0.587202 -0.000007 0.000004
    15 6.719987 0.000057 0.000028 0.880786 0.000003 0.000003
    16 0.000000 0.000000 0.000000 1.573037 0.019367 -3.107064
    17 10.787200 -15.448794 -13.876139 2.667904 -0.252870 -1.967045
    18 -0.118055 -0.108981 0.513327 -0.000047 -0.086523 0.000009
    19 4.409994 -0.000012 0.000012 0.000000 0.000000 0.000000
    20 -3.422661 1.711283 0.470872 0.018364 -0.593174 -0.075895
    21 1.410028 0.000010 0.000007 0.000006 0.000009 -0.987481
    22 0.993011 -0.000001 0.000006 0.000001 -0.000006 -0.761963
    23 -1.022532 1.571291 -0.406268 0.562009 -1.088038 -0.422346
    24 1.337718 0.000005 0.000002 -3.141591 -1.497669 3.135755
    25 1.180473 -0.000093 -0.000003 2.322271 -1.447922 -2.264049
    26 -0.666712 0.565948 -0.425195 0.276535 -1.168921 -0.243380
    27 1.311736 0.000006 0.000004 -3.109347 -1.501840 3.110658
    28 1.132875 -0.000003 -0.000005 -2.277655 -1.482347 2.251198
    29 -0.835869 -0.375753 -0.250998 -0.232083 -1.169899 0.124274
    30 1.303124 0.000019 0.000004 2.990803 -1.546793 -2.975952
    31 1.094648 -0.000011 -0.000003 -0.062804 -1.544912 0.032862
    32 -1.144743 -1.304737 0.171518 -0.974001 -1.088390 0.663341
    33 1.052849 0.000000 -0.000004 3.124857 -1.425270 3.135795
    34 0.916342 -0.000031 0.000001 3.141553 -1.536954 -3.129942
    35 5.588139 -14.529573 -11.250869 -0.123383 -0.002846 -0.398566
    36 -0.117880 -0.102734 -0.180849 0.000013 0.017066 0.000000
    37 4.409983 -0.000034 0.000004 0.000000 0.000000 0.000000
    38 -3.459356 1.711287 -0.541797 0.125169 -0.669906 3.034105
    39 -1.410028 -0.000005 -0.000014 0.000004 0.000001 -0.911659
    40 -0.993008 0.000010 -0.000011 0.000012 -0.000006 -0.908928
    41 -1.077398 1.571280 0.162236 0.351673 -1.124156 2.999846
    42 -1.337713 0.000003 -0.000002 3.078234 -1.322288 -3.107495
    43 -1.180471 0.000072 0.000002 0.222693 -1.503459 -0.194122
    44 -0.719599 0.565946 0.238754 -0.061928 -1.418387 -3.057514
    45 -1.311414 -0.000009 -0.000267 0.002810 -1.315827 0.001501
    46 -1.132872 0.000005 -0.000066 3.139369 -1.176202 -3.092146
    47 -1.239075 -1.304744 -0.314278 -1.430303 -0.982760 -2.003829
    48 -1.052850 0.000005 -0.000004 2.863323 -1.535755 3.140263
    49 -0.916342 0.000033 0.000003 3.130054 -1.386235 -3.118064
    50 -0.900585 -0.375762 0.090056 -0.779868 -1.244725 -2.521915
    51 -1.303123 -0.000014 0.000008 -0.004240 -1.451229 -0.001012
    52 -1.094650 0.000007 0.000003 -2.577326 -1.476285 2.574417
    53 0.000000 0.000000 0.000000 0.000000 0.000000 0.000000
    54 0.000000 0.000000 0.000000 0.000000 0.000000 -1.570796
    55 0.000000 0.000000 0.000000 0.000000 0.000000 -1.570796
    56 -2.000000 0.000000 0.000000 -1.570796 0.000000 0.174533
    57 -1.500000 0.000002 0.000000 -1.570796 0.000000 0.000000
    58 0.000000 0.500000 0.000000 -1.570796 0.261799 0.000000
    59 -0.000001 0.000000 0.000000 -3.141593 0.174533 0.000000
    60 0.000000 0.000000 -0.000001 -3.141593 0.174533 0.174533
    61 0.000000 0.000000 0.000000 -3.141593 0.349066 -0.174533
    62 0.000000 0.000000 0.000000 -1.570796 0.000000 0.000000
    63 0.000000 0.000000 0.000000 -1.570796 0.000000 0.000000
    64 0.000000 0.000000 0.000000 -1.570796 0.000000 0.000000
    65 0.000000 0.000000 0.000002 -1.570796 0.000000 0.000000
    66 0.000000 0.000000 0.000000 -1.570796 0.000000 0.000000
    67 0.000000 0.000001 0.000000 -1.570796 0.000000 0.000000
    68 0.000000 0.000000 0.000000 -1.570796 0.000000 0.000000
    69 0.000000 0.000000 0.000000 -1.570796 0.000000 0.000000
    70 0.000000 0.000000 0.000000 -1.570796 0.000000 0.000000
    71 0.000000 0.000000 0.000000 -1.570796 0.000000 0.000000
    72 0.000000 0.000000 0.000000 -1.570796 0.000000 0.000000
    73 0.000000 0.000000 0.000000 -1.570796 0.000000 0.000000
    74 -2.000000 0.000000 0.000000 1.570796 0.000000 0.174533
    75 -1.500000 -0.000001 -0.250000 1.570796 0.000000 0.000000
    76 -1.000000 0.250000 0.500000 1.570796 0.000000 0.000000
    77 0.000000 0.000000 0.000000 2.094395 0.000000 -3.141593
    78 0.000000 0.000000 0.000000 2.094395 0.000000 -3.141593
    79 0.000000 -0.200001 -0.200000 1.745329 0.000000 -3.141593
    80 0.000000 -0.000001 -0.000002 1.570796 0.000000 3.141593
    81 0.000000 0.000000 0.000000 1.570796 0.000000 -3.141593
    82 0.000000 0.000000 -0.000002 1.570796 0.000000 -3.141593
    83 0.000000 0.000000 0.000000 1.570796 0.000000 3.141593
    84 -0.000002 0.000000 0.000000 1.570796 0.000000 3.141593
    85 0.000000 0.000000 0.000000 1.570796 0.000000 3.141593
    86 0.000000 0.000000 0.000000 1.570796 0.000000 3.141593
    87 0.000000 0.000000 0.000000 1.570796 0.000000 -3.141593
    88 0.000000 0.000000 0.000000 1.570796 0.000000 -3.141593
    89 0.000000 0.000000 0.000000 1.570796 0.000000 3.141593
    90 0.000000 0.000000 0.000000 1.570796 0.000000 -3.141593
    91 0.000000 0.000000 0.000000 1.570796 0.000000 -3.141593
  time 16
    0 0.000000 0.000000 0.000000 0.000000 0.000000 -0.000007
    1 0.000000 2.709942 -10.591393 0.000000 -1.570796 1.570796
    2 3.500857 9.013945 -0.640573 0.000000 -1.570796 0.000000
    3 0.597404 -5.172007 -1.905901 0.000000 0.000000 0.000000
    4 4.409996 0.000005 -0.000003 -0.014260 -0.436034 -0.016759
    5 10.079981 -0.000003 -0.000001 -0.000002 -0.000003 -1.116130
    6 0.000000 -0.000001 0.000000 -0.520221 0.000005 0.000001
    7 3.359990 0.000014 -0.000007 -1.040456 0.000000 0.000003
    8 6.719987 0.000030 -0.000015 -1.560684 -0.000002 0.000001
    9 3.500862 -5.725745 -0.640568 0.000000 -1.570795 3.141592
    10 -2.186730 3.179637 -0.996149 0.000000 0.000000 0.000000
    11 4.409998 -0.000001 0.000004 0.310348 0.257898 0.657933
    12 10.079982 0.000014 0.000025 0.000004 0.000046 -1.049249
    13 0.000001 0.000004 0.000000 0.293614 -0.000001 0.000010
    14 3.359994 0.000032 0.000015 0.587221 -0.000007 0.000004
    15 6.719987 0.000057 0.000028 0.880843 0.000003 0.000003
    16 0.000000 0.000000 0.000000 1.569681 0.005693 -3.115561
    17 10.787200 -15.448794 -13.876139 2.667904 -0.252870 -1.967045
    18 -0.118055 -0.108981 0.513327 -0.000047 -0.086523 0.000009
    19 4.409994 -0.000012 0.000012 0.000000 0.000000 0.000000
    20 -3.422661 1.711283 0.470872 0.018364 -0.593174 -0.075895
    21 1.410028 0.000010 0.000007 0.000006 0.000009 -0.987481
    22 0.993011 -0.000001 0.000006 0.000001 -0.000006 -0.761963
    23 -1.022532 1.571291 -0.406268 0.562009 -1.088038 -0.422346
    24 1.337718 0.000005 0.000002 -3.141591 -1.497669 3.135755
    25 1.180473 -0.000093 -0.000003 2.322271 -1.447922 -2.264049
    26 -0.666712 0.565948 -0.425195 0.276535 -1.168921 -0.243380
    27 1.311736 0.000006 0.000004 -3.109347 -1.501840 3.110658
    28 1.132875 -0.000003 -0.000005 -2.277655 -1.482347 2.251198
    29 -0.835869 -0.375753 -0.250998 -0.232083 -1.169899 0.124274
    30 1.303124 0.000019 0.000004 2.990803 -1.546793 -2.975952
    31 1.094648 -0.000011 -0.000003 -0.062804 -1.544912 0.032862
    32 -1.144743 -1.304737 0.171518 -0.974001 -1.088390 0.663341
    33 1.052849 0.000000 -0.000004 3.124857 -1.425270 3.135795
    34 0.916342 -0.000031 0.000001 3.141553 -1.536954 -3.129942
    35 5.588139 -14.529573 -11.250869 -0.123383 -0.002846 -0.398566
    36 -0.117880 -0.102734 -0.180849 0.000013 0.017066 0.000000
    37 4.409983 -0.000034 0.000004 0.000000 0.000000 0.000000
    38 -3.459356 1.711287 -0.541797 0.125169 -0.669906 3.034105
    39 -1.410028 -0.000005 -0.000014 0.000004 0.000001 -0.911659
    40 -0.993008 0.000010 -0.000011 0.000012 -0.000006 -0.908928
    41 -1.077398 1.571280 0.162236 0.351673 -1.124156 2.999846
    42 -1.337713 0.000003 -0.000002 3.078234 -1.322288 -3.107495
    43 -1.180471 0.000072 0.000002 0.222693 -1.503459 -0.194122
    44 -0.719599 0.565946 0.238754 -0.061928 -1.418387 -3.057514
    45 -1.311414 -0.000009 -0.000267 0.002810 -1.315827 0.001501
    46 -1.132872 0.000005 -0.000066 3.139369 -1.176202 -3.092146
    47 -1.239075 -1.304744 -0.314278 -1.430303 -0.982760 -2.003829
    48 -1.052850 0.000005 -0.000004 2.863323 -1.535755 3.140263
    49 -0.916342 0.000033 0.000003 3.130054 -1.386235 -3.118064
    50 -0.900585 -0.375762 0.090056 -0.779868 -1.244725 -2.521915
    51 -1.303123 -0.000014 0.000008 -0.004240 -1.451229 -0.001012
    52 -1.094650 0.000007 0.000003 -2.577326 -1.476285 2.574417
    53 0.000000 0.000000 0.000000 0.000000 0.000000 0.000000
    54 0.000000 0.000000 0.000000 0.000000 0.000000 -1.570796
    55 0.000000 0.000000 0.000000 0.000000 0.000000 -1.570796
    56 -2.000000 0.000000 0.000000 -1.570796 0.000000 0.174533
    57 -1.500000 0.000002 0.000000 -1.570796 0.000000 0.000000
    58 0.000000 0.500000 0.000000 -1.570796 0.261799 0.000000
    59 -0.000001 0.000000 0.000000 -3.141593 0.174533 0.000000
    60 0.000000 0.000000 -0.000001 -3.141593 0.174533 0.174533
    61 0.000000 0.000000 0.000000 -3.141593 0.349066 -0.174533
    62 0.000000 0.000000 0.000000 -1.570796 0.000000 0.000000
    63 0.000000 0.000000 0.000000 -1.570796 0.000000 0.000000
    64 0.000000 0.000000 0.000000 -1.570796 0.000000 0.000000
    65 0.000000 0.000000 0.000002 -1.570796 0.000000 0.000000
    66 0.000000 0.000000 0.000000 -1.570796 0.000000 0.000000
    67 0.000000 0.000001 0.000000 -1.570796 0.000000 0.000000
    68 0.000000 0.000000 0.000000 -1.570796 0.000000 0.000000
    69 0.000000 0.000000 0.000000 -1.570796 0.000000 0.000000
    70 0.000000 0.000000 0.000000 -1.570796 0.000000 0.000000
    71 0.000000 0.000000 0.000000 -1.570796 0.000000 0.000000
    72 0.000000 0.000000 0.000000 -1.570796 0.000000 0.000000
    73 0.000000 0.000000 0.000000 -1.570796 0.000000 0.000000
    74 -2.000000 0.000000 0.000000 1.570796 0.000000 0.174533
    75 -1.500000 -0.000001 -0.250000 1.570796 0.000000 0.000000
    76 -1.000000 0.250000 0.500000 1.570796 0.000000 0.000000
    77 0.000000 0.000000 0.000000 2.094395 0.000000 -3.141593
    78 0.000000 0.000000 0.000000 2.094395 0.000000 -3.141593
    79 0.000000 -0.200001 -0.200000 1.745329 0.000000 -3.141593
    80 0.000000 -0.000001 -0.000002 1.570796 0.000000 3.141593
    81 0.000000 0.000000 0.000000 1.570796 0.000000 -3.141593
    82 0.000000 0.000000 -0.000002 1.570796 0.000000 -3.141593
    83 0.000000 0.000000 0.000000 1.570796 0.000000 3.141593
    84 -0.000002 0.000000 0.000000 1.570796 0.000000 3.141593
    85 0.000000 0.000000 0.000000 1.570796 0.000000 3.141593
    86 0.000000 0.000000 0.000000 1.570796 0.000000 3.141593
    87 0.000000 0.000000 0.000000 1.570796 0.000000 -3.141593
    88 0.000000 0.000000 0.000000 1.570796 0.000000 -3.141593
    89 0.000000 0.000000 0.000000 1.570796 0.000000 3.141593
    90 0.000000 0.000000 0.000000 1.570796 0.000000 -3.141593
    91 0.000000 0.000000 0.000000 1.570796 0.000000 -3.141593
  time 17
    0 0.000000 0.000000 0.000000 0.000000 0.000000 -0.000007
    1 0.000000 2.709942 -10.591393 0.000000 -1.570796 1.570796
    2 3.500857 9.013945 -0.640573 0.000000 -1.570796 0.000000
    3 0.304426 -4.796996 -1.616829 0.000000 0.000000 0.000000
    4 4.409996 0.000005 -0.000003 -0.008317 -0.404927 -0.007606
    5 10.079981 -0.000003 -0.000001 -0.000002 -0.000003 -1.104186
    6 0.000000 -0.000001 0.000000 -0.507305 0.000005 0.000001
    7 3.359990 0.000014 -0.000007 -1.014598 0.000000 0.000003
    8 6.719987 0.000030 -0.000015 -1.521897 -0.000002 0.000001
    9 3.500862 -5.725745 -0.640568 0.000000 -1.570795 3.141592
    10 -2.186730 3.179637 -0.996149 0.000000 0.000000 0.000000
    11 4.409998 -0.000001 0.000004 0.277348 0.257849 0.663439
    12 10.079982 0.000014 0.000025 0.000004 0.000046 -1.054640
    13 0.000001 0.000004 0.000000 0.294740 -0.000001 0.000010
    14 3.359994 0.000032 0.000015 0.589501 -0.000007 0.000004
    15 6.719987 0.000057 0.000028 0.884262 0.000003 0.000003
    16 0.000000 0.000000 0.000000 1.567165 -0.002157 -3.121518
    17 10.810638 -15.530828 -13.610506 2.655269 -0.246271 -1.958308
    18 -0.118055 -0.108981 0.513327 -0.000047 -0.086523 0.000009
    19 4.409994 -0.000012 0.000012 0.000000 0.000000 0.000000
    20 -3.422661 1.711283 0.470872 0.018364 -0.593174 -0.075895
    21 1.410028 0.000010 0.000007 0.000006 0.000009 -0.987481
    22 0.993011 -0.000001 0.000006 0.000001 -0.000006 -0.761963
    23 -1.022532 1.571291 -0.406268 0.562009 -1.088038 -0.422346
    24 1.337718 0.000005 0.000002 -3.141591 -1.497669 3.135755
    25 1.180473 -0.000093 -0.000003 2.322271 -1.447922 -2.264049
    26 -0.666712 0.565948 -0.425195 0.276535 -1.168921 -0.243380
    27 1.311736 0.000006 0.000004 -3.109347 -1.501840 3.110658
    28 1.132875 -0.000003 -0.000005 -2.277655 -1.482347 2.251198
    29 -0.835869 -0.375753 -0.250998 -0.232083 -1.169899 0.124274
    30 1.303124 0.000019 0.000004 2.990803 -1.546793 -2.975952
    31 1.094648 -0.000011 -0.000003 -0.062804 -1.544912 0.032862
    32 -1.144743 -1.304737 0.171518 -0.974001 -1.088390 0.663341
    33 1.052849 0.000000 -0.000004 3.124857 -1.425270 3.135795
    34 0.916342 -0.000031 0.000001 3.141553 -1.536954 -3.129942
    35 5.045153 -14.638952 -11.114146 -0.099609 -0.003252 -0.426515
    36 -0.117880 -0.102734 -0.180849 0.000013 0.017066 0.000000
    37 4.409983 -0.000034 0.000004 0.000000 0.000000 0.000000
    38 -3.459356 1.711287 -0.541797 0.125169 -0.669906 3.034105
    39 -1.410028 -0.000005 -0.000014 0.000004 0.000001 -0.911659
    40 -0.993008 0.000010 -0.000011 0.000012 -0.000006 -0.908928
    41 -1.077398 1.571280 0.162236 0.351673 -1.124156 2.999846
    42 -1.337713 0.000003 -0.000002 3.078234 -1.322288 -3.107495
    43 -1.180471 0.000072 0.000002 0.222693 -1.503459 -0.194122
    44 -0.719599 0.565946 0.238754 -0.061928 -1.418387 -3.057514
    45 -1.311414 -0.000009 -0.000267 0.002810 -1.315827 0.001501
    46 -1.132872 0.000005 -0.000066 3.139369 -1.176202 -3.092146
    47 -1.239075 -1.304744 -0.314278 -1.430303 -0.982760 -2.003829
    48 -1.052850 0.000005 -0.000004 2.863323 -1.535755 3.140263
    49 -0.916342 0.000033 0.000003 3.130054 -1.386235 -3.118064
    50 -0.900585 -0.375762 0.090056 -0.779868 -1.244725 -2.521915
    51 -1.303123 -0.000014 0.000008 -0.004240 -1.451229 -0.001012
    52 -1.094650 0.000007 0.000003 -2.577326 -1.476285 2.574417
    53 0.000000 0.000000 0.000000 0.000000 0.000000 0.000000
    54 0.000000 0.000000 0.000000 0.000000 0.000000 -1.570796
    55 0.000000 0.000000 0.000000 0.000000 0.000000 -1.570796
    56 -2.000000 0.000000 0.000000 -1.570796 0.000000 0.174533
    57 -1.500000 0.000002 0.000000 -1.570796 0.000000 0.000000
    58 0.000000 0.500000 0.000000 -1.570796 0.261799 0.000000
    59 -0.000001 0.000000 0.000000 -3.141593 0.174533 0.000000
    60 0.000000 0.000000 -0.000001 -3.141593 0.174533 0.174533
    61 0.000000 0.000000 0.000000 -3.141593 0.349066 -0.174533
    62 0.000000 0.000000 0.000000 -1.570796 0.000000 0.000000
    63 0.000000 0.000000 0.000000 -1.570796 0.000000 0.000000
    64 0.000000 0.000000 0.000000 -1.570796 0.000000 0.000000
    65 0.000000 0.000000 0.000002 -1.570796 0.000000 0.000000
    66 0.000000 0.000000 0.000000 -1.570796 0.000000 0.000000
    67 0.000000 0.000001 0.000000 -1.570796 0.000000 0.000000
    68 0.000000 0.000000 0.000000 -1.570796 0.000000 0.000000
    69 0.000000 0.000000 0.000000 -1.570796 0.000000 0.000000
    70 0.000000 0.000000 0.000000 -1.570796 0.000000 0.000000
    71 0.000000 0.000000 0.000000 -1.570796 0.000000 0.000000
    72 0.000000 0.000000 0.000000 -1.570796 0.000000 0.000000
    73 0.000000 0.000000 0.000000 -1.570796 0.000000 0.000000
    74 -2.000000 0.000000 0.000000 1.570796 0.000000 0.174533
    75 -1.500000 -0.000001 -0.250000 1.570796 0.000000 0.000000
    76 -1.000000 0.250000 0.500000 1.570796 0.000000 0.000000
    77 0.000000 0.000000 0.000000 2.094395 0.000000 -3.141593
    78 0.000000 0.000000 0.000000 2.094395 0.000000 -3.141593
    79 0.000000 -0.200001 -0.200000 1.745329 0.000000 -3.141593
    80 0.000000 -0.000001 -0.000002 1.570796 0.000000 3.141593
    81 0.000000 0.000000 0.000000 1.570796 0.000000 -3.141593
    82 0.000000 0.000000 -0.000002 1.570796 0.000000 -3.141593
    83 0.000000 0.000000 0.000000 1.570796 0.000000 3.141593
    84 -0.000002 0.000000 0.000000 1.570796 0.000000 3.141593
    85 0.000000 0.000000 0.000000 1.570796 0.000000 3.141593
    86 0.000000 0.000000 0.000000 1.570796 0.000000 3.141593
    87 0.000000 0.000000 0.000000 1.570796 0.000000 -3.141593
    88 0.000000 0.000000 0.000000 1.570796 0.000000 -3.141593
    89 0.000000 0.000000 0.000000 1.570796 0.000000 3.141593
    90 0.000000 0.000000 0.000000 1.570796 0.000000 -3.141593
    91 0.000000 0.000000 0.000000 1.570796 0.000000 -3.141593
  time 18
    0 0.000000 0.000000 0.000000 0.000000 0.000000 -0.000007
    1 0.000000 2.709942 -10.591393 0.000000 -1.570796 1.570796
    2 3.500857 9.013945 -0.640573 0.000000 -1.570796 0.000000
    3 -0.015896 -4.390733 -1.296507 0.000000 0.000000 0.000000
    4 4.409996 0.000005 -0.000003 -0.016975 -0.362308 0.058192
    5 10.079981 -0.000003 -0.000001 -0.000002 -0.000003 -1.133412
    6 0.000000 -0.000001 0.000000 -0.484255 0.000005 0.000001
    7 3.359990 0.000014 -0.000007 -0.968496 0.000000 0.000003
    8 6.719987 0.000030 -0.000015 -1.452745 -0.000002 0.000001
    9 3.500862 -5.725745 -0.640568 0.000000 -1.570795 3.141592
    10 -2.186730 3.179637 -0.996149 0.000000 0.000000 0.000000
    11 4.409998 -0.000001 0.000004 0.203445 0.259568 0.672654
    12 10.079982 0.000014 0.000025 0.000004 0.000046 -1.063815
    13 0.000001 0.000004 0.000000 0.297724 -0.000001 0.000010
    14 3.359994 0.000032 0.000015 0.595447 -0.000007 0.000004
    15 6.719987 0.000057 0.000028 0.893211 0.000003 0.000003
    16 0.000000 0.000000 0.000000 1.564588 -0.007059 -3.126312
    17 10.865327 -15.706615 -13.024550 2.628070 -0.232162 -1.939665
    18 -0.118055 -0.108981 0.513327 -0.000047 -0.086523 0.000009
    19 4.409994 -0.000012 0.000012 0.000000 0.000000 0.000000
    20 -3.422661 1.711283 0.470872 0.018364 -0.593174 -0.075895
    21 1.410028 0.000010 0.000007 0.000006 0.000009 -0.987481
    22 0.993011 -0.000001 0.000006 0.000001 -0.000006 -0.761963
    23 -1.022532 1.571291 -0.406268 0.562009 -1.088038 -0.422346
    24 1.337718 0.000005 0.000002 -3.141591 -1.497669 3.135755
    25 1.180473 -0.000093 -0.000003 2.322271 -1.447922 -2.264049
    26 -0.666712 0.565948 -0.425195 0.276535 -1.168921 -0.243380
    27 1.311736 0.000006 0.000004 -3.109347 -1.501840 3.110658
    28 1.132875 -0.000003 -0.000005 -2.277655 -1.482347 2.251198
    29 -0.835869 -0.375753 -0.250998 -0.232083 -1.169899 0.124274
    30 1.303124 0.000019 0.000004 2.990803 -1.546793 -2.975952
    31 1.094648 -0.000011 -0.000003 -0.062792 -1.544912 0.032862
    32 -1.144743 -1.304737 0.171518 -0.974001 -1.088390 0.663341
    33 1.052849 0.000000 -0.000004 3.124857 -1.425270 3.135795
    34 0.916342 -0.000031 0.000001 3.141553 -1.536954 -3.129942
    35 3.869336 -14.873334 -10.840700 -0.045368 -0.004288 -0.490460
    36 -0.117880 -0.102734 -0.180849 0.000013 0.017066 0.000000
    37 4.409983 -0.000034 0.000004 0.000000 0.000000 0.000000
    38 -3.459356 1.711287 -0.541797 0.125169 -0.669906 3.034105
    39 -1.410028 -0.000005 -0.000014 0.000004 0.000001 -0.911659
    40 -0.993008 0.000010 -0.000011 0.000012 -0.000006 -0.908928
    41 -1.077398 1.571280 0.162236 0.351673 -1.124156 2.999846
    42 -1.337713 0.000003 -0.000002 3.078234 -1.322288 -3.107495
    43 -1.180471 0.000072 0.000002 0.222693 -1.503459 -0.194122
    44 -0.719599 0.565946 0.238754 -0.061928 -1.418387 -3.057514
    45 -1.311414 -0.000009 -0.000267 0.002810 -1.315827 0.001501
    46 -1.132872 0.000005 -0.000066 3.139369 -1.176202 -3.092146
    47 -1.239075 -1.304744 -0.314278 -1.430303 -0.982760 -2.003829
    48 -1.052850 0.000005 -0.000004 2.863323 -1.535755 3.140263
    49 -0.916342 0.000033 0.000003 3.130054 -1.386235 -3.118064
    50 -0.900585 -0.375762 0.090056 -0.779868 -1.244725 -2.521915
    51 -1.303123 -0.000014 0.000008 -0.004240 -1.451229 -0.001012
    52 -1.094650 0.000007 0.000003 -2.577326 -1.476285 2.574417
    53 0.000000 0.000000 0.000000 0.000000 0.000000 0.000000
    54 0.000000 0.000000 0.000000 0.000000 0.000000 -1.570796
    55 0.000000 0.000000 0.000000 0.000000 0.000000 -1.570796
    56 -2.000000 0.000000 0.000000 -1.570796 0.000000 0.174533
    57 -1.500000 0.000002 0.000000 -1.570796 0.000000 0.000000
    58 0.000000 0.500000 0.000000 -1.570796 0.261799 0.000000
    59 -0.000001 0.000000 0.000000 -3.141593 0.174533 0.000000
    60 0.000000 0.000000 -0.000001 -3.141593 0.174533 0.174533
    61 0.000000 0.000000 0.000000 -3.141593 0.349066 -0.174533
    62 0.000000 0.000000 0.000000 -1.570796 0.000000 0.000000
    63 0.000000 0.000000 0.000000 -1.570796 0.000000 0.000000
    64 0.000000 0.000000 0.000000 -1.570796 0.000000 0.000000
    65 0.000000 0.000000 0.000002 -1.570796 0.000000 0.000000
    66 0.000000 0.000000 0.000000 -1.570796 0.000000 0.000000
    67 0.000000 0.000001 0.000000 -1.570796 0.000000 0.000000
    68 0.000000 0.000000 0.000000 -1.570796 0.000000 0.000000
    69 0.000000 0.000000 0.000000 -1.570796 0.000000 0.000000
    70 0.000000 0.000000 0.000000 -1.570796 0.000000 0.000000
    71 0.000000 0.000000 0.000000 -1.570796 0.000000 0.000000
    72 0.000000 0.000000 0.000000 -1.570796 0.000000 0.000000
    73 0.000000 0.000000 0.000000 -1.570796 0.000000 0.000000
    74 -2.000000 0.000000 0.000000 1.570796 0.000000 0.174533
    75 -1.500000 -0.000001 -0.250000 1.570796 0.000000 0.000000
    76 -1.000000 0.250000 0.500000 1.570796 0.000000 0.000000
    77 0.000000 0.000000 0.000000 2.094395 0.000000 -3.141593
    78 0.000000 0.000000 0.000000 2.094395 0.000000 -3.141593
    79 0.000000 -0.200001 -0.200000 1.745329 0.000000 -3.141593
    80 0.000000 -0.000001 -0.000002 1.570796 0.000000 3.141593
    81 0.000000 0.000000 0.000000 1.570796 0.000000 -3.141593
    82 0.000000 0.000000 -0.000002 1.570796 0.000000 -3.141593
    83 0.000000 0.000000 0.000000 1.570796 0.000000 3.141593
    84 -0.000002 0.000000 0.000000 1.570796 0.000000 3.141593
    85 0.000000 0.000000 0.000000 1.570796 0.000000 3.141593
    86 0.000000 0.000000 0.000000 1.570796 0.000000 3.141593
    87 0.000000 0.000000 0.000000 1.570796 0.000000 -3.141593
    88 0.000000 0.000000 0.000000 1.570796 0.000000 -3.141593
    89 0.000000 0.000000 0.000000 1.570796 0.000000 3.141593
    90 0.000000 0.000000 0.000000 1.570796 0.000000 -3.141593
    91 0.000000 0.000000 0.000000 1.570796 0.000000 -3.141593
  time 19
    0 0.000000 0.000000 0.000000 0.000000 0.000000 -0.000007
    1 0.000000 2.709942 -10.591393 0.000000 -1.570796 1.570796
    2 3.500857 9.013945 -0.640573 0.000000 -1.570796 0.000000
    3 -0.355750 -3.957126 -0.952747 0.000000 0.000000 0.000000
    4 4.409996 0.000005 -0.000003 -0.024018 -0.312575 0.153780
    5 10.079981 -0.000003 -0.000001 -0.000002 -0.000003 -1.172152
    6 0.000000 -0.000001 0.000000 -0.453606 0.000005 0.000001
    7 3.359990 0.000014 -0.000007 -0.907226 0.000000 0.000003
    8 6.719987 0.000030 -0.000015 -1.360839 -0.000002 0.000001
    9 3.500862 -5.725745 -0.640568 0.000000 -1.570795 3.141592
    10 -2.186730 3.179637 -0.996149 0.000000 0.000000 0.000000
    11 4.409998 -0.000001 0.000004 0.098087 0.264890 0.676648
    12 10.079982 0.000014 0.000025 0.000004 0.000046 -1.068544
    13 0.000001 0.000004 0.000000 0.302338 -0.000001 0.000010
    14 3.359994 0.000032 0.000015 0.604661 -0.000007 0.000004
    15 6.719987 0.000057 0.000028 0.907004 0.000003 0.000003
    16 0.000000 0.000000 0.000000 1.562071 -0.009432 -3.130123
    17 10.935642 -15.944903 -12.223745 2.590126 -0.212256 -1.913565
    18 -0.118055 -0.108981 0.513327 -0.000047 -0.086523 0.000009
    19 4.409994 -0.000012 0.000012 0.000000 0.000000 0.000000
    20 -3.422661 1.711283 0.470872 0.018364 -0.593174 -0.075895
    21 1.410028 0.000010 0.000007 0.000006 0.000009 -0.987481
    22 0.993011 -0.000001 0.000006 0.000001 -0.000006 -0.761963
    23 -1.022532 1.571291 -0.406268 0.562009 -1.088038 -0.422346
    24 1.337718 0.000005 0.000002 -3.141591 -1.497669 3.135755
    25 1.180473 -0.000093 -0.000003 2.322271 -1.447922 -2.264049
    26 -0.666712 0.565948 -0.425195 0.276535 -1.168921 -0.243380
    27 1.311736 0.000006 0.000004 -3.109347 -1.501840 3.110658
    28 1.132875 -0.000003 -0.000005 -2.277655 -1.482347 2.251198
    29 -0.835869 -0.375753 -0.250998 -0.232083 -1.169899 0.124274
    30 1.303124 0.000019 0.000004 2.990803 -1.546793 -2.975952
    31 1.094648 -0.000011 -0.000003 -0.062804 -1.544912 0.032862
    32 -1.144743 -1.304737 0.171518 -0.974001 -1.088390 0.663341
    33 1.052849 0.000000 -0.000004 3.124857 -1.425270 3.135795
    34 0.916342 -0.000031 0.000001 3.141553 -1.536954 -3.129942
    35 2.244287 -15.201469 -10.457876 0.033531 -0.005767 -0.583286
    36 -0.117880 -0.102734 -0.180849 0.000013 0.017066 0.000000
    37 4.409983 -0.000034 0.000004 0.000000 0.000000 0.000000
    38 -3.459356 1.711287 -0.541797 0.125169 -0.669906 3.034105
    39 -1.410028 -0.000005 -0.000014 0.000004 0.000001 -0.911659
    40 -0.993008 0.000010 -0.000011 0.000012 -0.000006 -0.908928
    41 -1.077398 1.571280 0.162236 0.351673 -1.124156 2.999846
    42 -1.337713 0.000003 -0.000002 3.078234 -1.322288 -3.107495
    43 -1.180471 0.000072 0.000002 0.222693 -1.503459 -0.194122
    44 -0.719599 0.565946 0.238754 -0.061928 -1.418387 -3.057514
    45 -1.311414 -0.000009 -0.000267 0.002810 -1.315827 0.001501
    46 -1.132872 0.000005 -0.000066 3.139369 -1.176202 -3.092146
    47 -1.239075 -1.304744 -0.314278 -1.430303 -0.982760 -2.003829
    48 -1.052850 0.000005 -0.000004 2.863323 -1.535755 3.140263
    49 -0.916342 0.000033 0.000003 3.130054 -1.386235 -3.118064
    50 -0.900585 -0.375762 0.090056 -0.779868 -1.244725 -2.521915
    51 -1.303123 -0.000014 0.000008 -0.004240 -1.451229 -0.001012
    52 -1.094650 0.000007 0.000003 -2.577326 -1.476285 2.574417
    53 0.000000 0.000000 0.000000 0.000000 0.000000 0.000000
    54 0.000000 0.000000 0.000000 0.000000 0.000000 -1.570796
    55 0.000000 0.000000 0.000000 0.000000 0.000000 -1.570796
    56 -2.000000 0.000000 0.000000 -1.570796 0.000000 0.174533
    57 -1.500000 0.000002 0.000000 -1.570796 0.000000 0.000000
    58 0.000000 0.500000 0.000000 -1.570796 0.261799 0.000000
    59 -0.000001 0.000000 0.000000 -3.141593 0.174533 0.000000
    60 0.000000 0.000000 -0.000001 -3.141593 0.174533 0.174533
    61 0.000000 0.000000 0.000000 -3.141593 0.349066 -0.174533
    62 0.000000 0.000000 0.000000 -1.570796 0.000000 0.000000
    63 0.000000 0.000000 0.000000 -1.570796 0.000000 0.000000
    64 0.000000 0.000000 0.000000 -1.570796 0.000000 0.000000
    65 0.000000 0.000000 0.000002 -1.570796 0.000000 0.000000
    66 0.000000 0.000000 0.000000 -1.570796 0.000000 0.000000
    67 0.000000 0.000001 0.000000 -1.570796 0.000000 0.000000
    68 0.000000 0.000000 0.000000 -1.570796 0.000000 0.000000
    69 0.000000 0.000000 0.000000 -1.570796 0.000000 0.000000
    70 0.000000 0.000000 0.000000 -1.570796 0.000000 0.000000
    71 0.000000 0.000000 0.000000 -1.570796 0.000000 0.000000
    72 0.000000 0.000000 0.000000 -1.570796 0.000000 0.000000
    73 0.000000 0.000000 0.000000 -1.570796 0.000000 0.000000
    74 -2.000000 0.000000 0.000000 1.570796 0.000000 0.174533
    75 -1.500000 -0.000001 -0.250000 1.570796 0.000000 0.000000
    76 -1.000000 0.250000 0.500000 1.570796 0.000000 0.000000
    77 0.000000 0.000000 0.000000 2.094395 0.000000 -3.141593
    78 0.000000 0.000000 0.000000 2.094395 0.000000 -3.141593
    79 0.000000 -0.200001 -0.200000 1.745329 0.000000 -3.141593
    80 0.000000 -0.000001 -0.000002 1.570796 0.000000 3.141593
    81 0.000000 0.000000 0.000000 1.570796 0.000000 -3.141593
    82 0.000000 0.000000 -0.000002 1.570796 0.000000 -3.141593
    83 0.000000 0.000000 0.000000 1.570796 0.000000 3.141593
    84 -0.000002 0.000000 0.000000 1.570796 0.000000 3.141593
    85 0.000000 0.000000 0.000000 1.570796 0.000000 3.141593
    86 0.000000 0.000000 0.000000 1.570796 0.000000 3.141593
    87 0.000000 0.000000 0.000000 1.570796 0.000000 -3.141593
    88 0.000000 0.000000 0.000000 1.570796 0.000000 -3.141593
    89 0.000000 0.000000 0.000000 1.570796 0.000000 3.141593
    90 0.000000 0.000000 0.000000 1.570796 0.000000 -3.141593
    91 0.000000 0.000000 0.000000 1.570796 0.000000 -3.141593
  time 20
    0 0.000000 0.000000 0.000000 0.000000 0.000000 -0.000007
    1 0.000000 2.709942 -10.591393 0.000000 -1.570796 1.570796
    2 3.500857 9.013945 -0.640573 0.000000 -1.570796 0.000000
    3 -0.703417 -3.519613 -0.608986 0.000000 0.000000 0.000000
    4 4.409996 0.000005 -0.000003 -0.019176 -0.261398 0.255067
    5 10.079981 -0.000003 -0.000001 -0.000002 -0.000003 -1.193080
    6 0.000000 -0.000001 0.000000 -0.418207 0.000005 0.000001
    7 3.359990 0.000014 -0.000007 -0.836400 0.000000 0.000003
    8 6.719987 0.000030 -0.000015 -1.254600 -0.000002 0.000001
    9 3.500862 -5.725745 -0.640568 0.000000 -1.570795 3.141592
    10 -2.186730 3.179637 -0.996149 0.000000 0.000000 0.000000
    11 4.409998 -0.000001 0.000004 -0.025652 0.271555 0.667519
    12 10.079982 0.000014 0.000025 0.000004 0.000046 -1.062254
    13 0.000001 0.000004 0.000000 0.307612 -0.000001 0.000010
    14 3.359994 0.000032 0.000015 0.615186 -0.000007 0.000004
    15 6.719987 0.000057 0.000028 0.922792 0.000003 0.000003
    16 0.000000 0.000000 0.000000 1.559698 -0.009815 -3.133071
    17 11.005957 -16.241787 -11.301842 2.544978 -0.187939 -1.882846
    18 -0.118055 -0.108981 0.513327 -0.000047 -0.086523 0.000009
    19 4.409994 -0.000012 0.000012 0.000000 0.000000 0.000000
    20 -3.422661 1.711283 0.470872 0.018364 -0.593174 -0.075895
    21 1.410028 0.000010 0.000007 0.000006 0.000009 -0.987481
    22 0.993011 -0.000001 0.000006 0.000001 -0.000006 -0.761963
    23 -1.022532 1.571291 -0.406268 0.562009 -1.088038 -0.422346
    24 1.337718 0.000005 0.000002 -3.141591 -1.497669 3.135755
    25 1.180473 -0.000093 -0.000003 2.322271 -1.447922 -2.264049
    26 -0.666712 0.565948 -0.425195 0.276535 -1.168921 -0.243380
    27 1.311736 0.000006 0.000004 -3.109347 -1.501840 3.110658
    28 1.132875 -0.000003 -0.000005 -2.277655 -1.482347 2.251198
    29 -0.835869 -0.375753 -0.250998 -0.232083 -1.169899 0.124274
    30 1.303124 0.000019 0.000004 2.990803 -1.546793 -2.975952
    31 1.094648 -0.000011 -0.000003 -0.062804 -1.544912 0.032862
    32 -1.144743 -1.304737 0.171518 -0.974001 -1.088390 0.663341
    33 1.052849 0.000000 -0.000004 3.124857 -1.425270 3.135795
    34 0.916342 -0.000031 0.000001 3.141553 -1.536954 -3.129942
    35 0.357510 -15.592106 -10.012550 0.131405 -0.007541 -0.698471
    36 -0.117880 -0.102734 -0.180849 0.000013 0.017066 0.000000
    37 4.409983 -0.000034 0.000004 0.000000 0.000000 0.000000
    38 -3.459356 1.711287 -0.541797 0.125169 -0.669906 3.034105
    39 -1.410028 -0.000005 -0.000014 0.000004 0.000001 -0.911659
    40 -0.993008 0.000010 -0.000011 0.000012 -0.000006 -0.908928
    41 -1.077398 1.571280 0.162236 0.351673 -1.124156 2.999846
    42 -1.337713 0.000003 -0.000002 3.078234 -1.322288 -3.107495
    43 -1.180471 0.000072 0.000002 0.222693 -1.503459 -0.194122
    44 -0.719599 0.565946 0.238754 -0.061928 -1.418387 -3.057514
    45 -1.311414 -0.000009 -0.000267 0.002810 -1.315827 0.001501
    46 -1.132872 0.000005 -0.000066 3.139369 -1.176202 -3.092146
    47 -1.239075 -1.304744 -0.314278 -1.430303 -0.982760 -2.003829
    48 -1.052850 0.000005 -0.000004 2.863323 -1.535755 3.140263
    49 -0.916342 0.000033 0.000003 3.130054 -1.386235 -3.118064
    50 -0.900585 -0.375762 0.090056 -0.779868 -1.244725 -2.521915
    51 -1.303123 -0.000014 0.000008 -0.004240 -1.451229 -0.001012
    52 -1.094650 0.000007 0.000003 -2.577326 -1.476285 2.574417
    53 0.000000 0.000000 0.000000 0.000000 0.000000 0.000000
    54 0.000000 0.000000 0.000000 0.000000 0.000000 -1.570796
    55 0.000000 0.000000 0.000000 0.000000 0.000000 -1.570796
    56 -2.000000 0.000000 0.000000 -1.570796 0.000000 0.174533
    57 -1.500000 0.000002 0.000000 -1.570796 0.000000 0.000000
    58 0.000000 0.500000 0.000000 -1.570796 0.261799 0.000000
    59 -0.000001 0.000000 0.000000 -3.141593 0.174533 0.000000
    60 0.000000 0.000000 -0.000001 -3.141593 0.174533 0.174533
    61 0.000000 0.000000 0.000000 -3.141593 0.349066 -0.174533
    62 0.000000 0.000000 0.000000 -1.570796 0.000000 0.000000
    63 0.000000 0.000000 0.000000 -1.570796 0.000000 0.000000
    64 0.000000 0.000000 0.000000 -1.570796 0.000000 0.000000
    65 0.000000 0.000000 0.000002 -1.570796 0.000000 0.000000
    66 0.000000 0.000000 0.000000 -1.570796 0.000000 0.000000
    67 0.000000 0.000001 0.000000 -1.570796 0.000000 0.000000
    68 0.000000 0.000000 0.000000 -1.570796 0.000000 0.000000
    69 0.000000 0.000000 0.000000 -1.570796 0.000000 0.000000
    70 0.000000 0.000000 0.000000 -1.570796 0.000000 0.000000
    71 0.000000 0.000000 0.000000 -1.570796 0.000000 0.000000
    72 0.000000 0.000000 0.000000 -1.570796 0.000000 0.000000
    73 0.000000 0.000000 0.000000 -1.570796 0.000000 0.000000
    74 -2.000000 0.000000 0.000000 1.570796 0.000000 0.174533
    75 -1.500000 -0.000001 -0.250000 1.570796 0.000000 0.000000
    76 -1.000000 0.250000 0.500000 1.570796 0.000000 0.000000
    77 0.000000 0.000000 0.000000 2.094395 0.000000 -3.141593
    78 0.000000 0.000000 0.000000 2.094395 0.000000 -3.141593
    79 0.000000 -0.200001 -0.200000 1.745329 0.000000 -3.141593
    80 0.000000 -0.000001 -0.000002 1.570796 0.000000 3.141593
    81 0.000000 0.000000 0.000000 1.570796 0.000000 -3.141593
    82 0.000000 0.000000 -0.000002 1.570796 0.000000 -3.141593
    83 0.000000 0.000000 0.000000 1.570796 0.000000 3.141593
    84 -0.000002 0.000000 0.000000 1.570796 0.000000 3.141593
    85 0.000000 0.000000 0.000000 1.570796 0.000000 3.141593
    86 0.000000 0.000000 0.000000 1.570796 0.000000 3.141593
    87 0.000000 0.000000 0.000000 1.570796 0.000000 -3.141593
    88 0.000000 0.000000 0.000000 1.570796 0.000000 -3.141593
    89 0.000000 0.000000 0.000000 1.570796 0.000000 3.141593
    90 0.000000 0.000000 0.000000 1.570796 0.000000 -3.141593
    91 0.000000 0.000000 0.000000 1.570796 0.000000 -3.141593
  time 21
    0 0.000000 0.000000 0.000000 0.000000 0.000000 -0.000007
    1 0.000000 2.709942 -10.591393 0.000000 -1.570796 1.570796
    2 3.500857 9.013945 -0.640573 0.000000 -1.570796 0.000000
    3 -1.039365 -3.086006 -0.273038 0.000000 0.000000 0.000000
    4 4.409996 0.000005 -0.000003 0.000634 -0.214791 0.342452
    5 10.079981 -0.000003 -0.000001 -0.000002 -0.000003 -1.179498
    6 0.000000 -0.000001 0.000000 -0.381056 0.000005 0.000001
    7 3.359990 0.000014 -0.000007 -0.762123 0.000000 0.000003
    8 6.719987 0.000030 -0.000015 -1.143145 -0.000002 0.000001
    9 3.500862 -5.725745 -0.640568 0.000000 -1.570795 3.141592
    10 -2.186730 3.179637 -0.996149 0.000000 0.000000 0.000000
    11 4.409998 -0.000001 0.000004 -0.151137 0.273684 0.642641
    12 10.079982 0.000014 0.000025 0.000004 0.000046 -1.041777
    13 0.000001 0.000004 0.000000 0.311782 -0.000001 0.000010
    14 3.359994 0.000032 0.000015 0.623545 -0.000007 0.000004
    15 6.719987 0.000057 0.000028 0.935331 0.000003 0.000003
    16 0.000000 0.000000 0.000000 1.557541 -0.008797 -3.135324
    17 11.052833 -16.554297 -10.360407 2.496367 -0.160851 -1.849901
    18 -0.118055 -0.108981 0.513327 -0.000047 -0.086523 0.000009
    19 4.409994 -0.000012 0.000012 0.000000 0.000000 0.000000
    20 -3.422661 1.711283 0.470872 0.018364 -0.593174 -0.075895
    21 1.410028 0.000010 0.000007 0.000006 0.000009 -0.987481
    22 0.993011 -0.000001 0.000006 0.000001 -0.000006 -0.761963
    23 -1.022532 1.571291 -0.406268 0.562009 -1.088038 -0.422346
    24 1.337718 0.000005 0.000002 -3.141591 -1.497669 3.135755
    25 1.180473 -0.000093 -0.000003 2.322271 -1.447922 -2.264049
    26 -0.666712 0.565948 -0.425195 0.276535 -1.168921 -0.243380
    27 1.311736 0.000006 0.000004 -3.109347 -1.501840 3.110658
    28 1.132875 -0.000003 -0.000005 -2.277655 -1.482347 2.251198
    29 -0.835869 -0.375753 -0.250998 -0.232083 -1.169899 0.124274
    30 1.303124 0.000019 0.000004 2.990803 -1.546793 -2.975952
    31 1.094648 -0.000011 -0.000003 -0.062792 -1.544912 0.032862
    32 -1.144743 -1.304737 0.171518 -0.974001 -1.088390 0.663341
    33 1.052849 0.000000 -0.000004 3.124857 -1.425270 3.135795
    34 0.916342 -0.000031 0.000001 3.141553 -1.536954 -3.129942
    35 -1.599581 -16.013994 -9.567224 0.242350 -0.009649 -0.828902
    36 -0.117880 -0.102734 -0.180849 0.000013 0.017066 0.000000
    37 4.409983 -0.000034 0.000004 0.000000 0.000000 0.000000
    38 -3.459356 1.711287 -0.541797 0.125169 -0.669906 3.034105
    39 -1.410028 -0.000005 -0.000014 0.000004 0.000001 -0.911659
    40 -0.993008 0.000010 -0.000011 0.000012 -0.000006 -0.908928
    41 -1.077398 1.571280 0.162236 0.351673 -1.124156 2.999846
    42 -1.337713 0.000003 -0.000002 3.078234 -1.322288 -3.107495
    43 -1.180471 0.000072 0.000002 0.222693 -1.503459 -0.194122
    44 -0.719599 0.565946 0.238754 -0.061928 -1.418387 -3.057514
    45 -1.311414 -0.000009 -0.000267 0.002810 -1.315827 0.001501
    46 -1.132872 0.000005 -0.000066 3.139369 -1.176202 -3.092146
    47 -1.239075 -1.304744 -0.314278 -1.430303 -0.982760 -2.003829
    48 -1.052850 0.000005 -0.000004 2.863323 -1.535755 3.140263
    49 -0.916342 0.000033 0.000003 3.130054 -1.386235 -3.118064
    50 -0.900585 -0.375762 0.090056 -0.779868 -1.244725 -2.521915
    51 -1.303123 -0.000014 0.000008 -0.004240 -1.451229 -0.001012
    52 -1.094650 0.000007 0.000003 -2.577326 -1.476285 2.574417
    53 0.000000 0.000000 0.000000 0.000000 0.000000 0.000000
    54 0.000000 0.000000 0.000000 0.000000 0.000000 -1.570796
    55 0.000000 0.000000 0.000000 0.000000 0.000000 -1.570796
    56 -2.000000 0.000000 0.000000 -1.570796 0.000000 0.174533
    57 -1.500000 0.000002 0.000000 -1.570796 0.000000 0.000000
    58 0.000000 0.500000 0.000000 -1.570796 0.261799 0.000000
    59 -0.000001 0.000000 0.000000 -3.141593 0.174533 0.000000
    60 0.000000 0.000000 -0.000001 -3.141593 0.174533 0.174533
    61 0.000000 0.000000 0.000000 -3.141593 0.349066 -0.174533
    62 0.000000 0.000000 0.000000 -1.570796 0.000000 0.000000
    63 0.000000 0.000000 0.000000 -1.570796 0.000000 0.000000
    64 0.000000 0.000000 0.000000 -1.570796 0.000000 0.000000
    65 0.000000 0.000000 0.000002 -1.570796 0.000000 0.000000
    66 0.000000 0.000000 0.000000 -1.570796 0.000000 0.000000
    67 0.000000 0.000001 0.000000 -1.570796 0.000000 0.000000
    68 0.000000 0.000000 0.000000 -1.570796 0.000000 0.000000
    69 0.000000 0.000000 0.000000 -1.570796 0.000000 0.000000
    70 0.000000 0.000000 0.000000 -1.570796 0.000000 0.000000
    71 0.000000 0.000000 0.000000 -1.570796 0.000000 0.000000
    72 0.000000 0.000000 0.000000 -1.570796 0.000000 0.000000
    73 0.000000 0.000000 0.000000 -1.570796 0.000000 0.000000
    74 -2.000000 0.000000 0.000000 1.570796 0.000000 0.174533
    75 -1.500000 -0.000001 -0.250000 1.570796 0.000000 0.000000
    76 -1.000000 0.250000 0.500000 1.570796 0.000000 0.000000
    77 0.000000 0.000000 0.000000 2.094395 0.000000 -3.141593
    78 0.000000 0.000000 0.000000 2.094395 0.000000 -3.141593
    79 0.000000 -0.200001 -0.200000 1.745329 0.000000 -3.141593
    80 0.000000 -0.000001 -0.000002 1.570796 0.000000 3.141593
    81 0.000000 0.000000 0.000000 1.570796 0.000000 -3.141593
    82 0.000000 0.000000 -0.000002 1.570796 0.000000 -3.141593
    83 0.000000 0.000000 0.000000 1.570796 0.000000 3.141593
    84 -0.000002 0.000000 0.000000 1.570796 0.000000 3.141593
    85 0.000000 0.000000 0.000000 1.570796 0.000000 3.141593
    86 0.000000 0.000000 0.000000 1.570796 0.000000 3.141593
    87 0.000000 0.000000 0.000000 1.570796 0.000000 -3.141593
    88 0.000000 0.000000 0.000000 1.570796 0.000000 -3.141593
    89 0.000000 0.000000 0.000000 1.570796 0.000000 3.141593
    90 0.000000 0.000000 0.000000 1.570796 0.000000 -3.141593
    91 0.000000 0.000000 0.000000 1.570796 0.000000 -3.141593
  time 22
    0 0.000000 0.000000 0.000000 0.000000 0.000000 -0.000007
    1 0.000000 2.709942 -10.591393 0.000000 -1.570796 1.570796
    2 3.500857 9.013945 -0.640573 0.000000 -1.570796 0.000000
    3 -1.363593 -2.675837 0.051190 0.000000 0.000000 0.000000
    4 4.409996 0.000005 -0.000003 0.031890 -0.176333 0.402205
    5 10.079981 -0.000003 -0.000001 -0.000002 -0.000003 -1.126912
    6 0.000000 -0.000001 0.000000 -0.344948 0.000005 0.000001
    7 3.359990 0.000014 -0.000007 -0.689906 0.000000 0.000003
    8 6.719987 0.000030 -0.000015 -1.034820 -0.000002 0.000001
    9 3.500862 -5.725745 -0.640568 0.000000 -1.570795 3.141592
    10 -2.186730 3.179637 -0.996149 0.000000 0.000000 0.000000
    11 4.409998 -0.000001 0.000004 -0.261219 0.266921 0.605924
    12 10.079982 0.000014 0.000025 0.000004 0.000046 -1.008058
    13 0.000001 0.000004 0.000000 0.313316 -0.000001 0.000010
    14 3.359994 0.000032 0.000015 0.626623 -0.000007 0.000004
    15 6.719987 0.000057 0.000028 0.939948 0.000003 0.000003
    16 0.000000 0.000000 0.000000 1.555683 -0.006783 -3.137086
    17 11.064552 -16.866806 -9.493193 2.447992 -0.132633 -1.817624
    18 -0.118055 -0.108981 0.513327 -0.000047 -0.086523 0.000009
    19 4.409994 -0.000012 0.000012 0.000000 0.000000 0.000000
    20 -3.422661 1.711283 0.470872 0.018364 -0.593174 -0.075895
    21 1.410028 0.000010 0.000007 0.000006 0.000009 -0.987481
    22 0.993011 -0.000001 0.000006 0.000001 -0.000006 -0.761963
    23 -1.022532 1.571291 -0.406268 0.562009 -1.088038 -0.422346
    24 1.337718 0.000005 0.000002 -3.141591 -1.497669 3.135755
    25 1.180473 -0.000093 -0.000003 2.322271 -1.447922 -2.264049
    26 -0.666712 0.565948 -0.425195 0.276535 -1.168921 -0.243380
    27 1.311736 0.000006 0.000004 -3.109347 -1.501840 3.110658
    28 1.132875 -0.000003 -0.000005 -2.277655 -1.482347 2.251198
    29 -0.835869 -0.375753 -0.250998 -0.232083 -1.169899 0.124274
    30 1.303124 0.000019 0.000004 2.990803 -1.546793 -2.975952
    31 1.094648 -0.000011 -0.000003 -0.062804 -1.544912 0.032862
    32 -1.144743 -1.304737 0.171518 -0.974001 -1.088390 0.663341
    33 1.052849 0.000000 -0.000004 3.124857 -1.425270 3.135795
    34 0.916342 -0.000031 0.000001 3.141553 -1.536954 -3.129942
    35 -3.447293 -16.439788 -9.164868 0.360588 -0.011830 -0.968225
    36 -0.117880 -0.102734 -0.180849 0.000013 0.017066 0.000000
    37 4.409983 -0.000034 0.000004 0.000000 0.000000 0.000000
    38 -3.459356 1.711287 -0.541797 0.125169 -0.669906 3.034105
    39 -1.410028 -0.000005 -0.000014 0.000004 0.000001 -0.911659
    40 -0.993008 0.000010 -0.000011 0.000012 -0.000006 -0.908928
    41 -1.077398 1.571280 0.162236 0.351673 -1.124156 2.999846
    42 -1.337713 0.000003 -0.000002 3.078234 -1.322288 -3.107495
    43 -1.180471 0.000072 0.000002 0.222693 -1.503459 -0.194122
    44 -0.719599 0.565946 0.238754 -0.061928 -1.418387 -3.057514
    45 -1.311414 -0.000009 -0.000267 0.002810 -1.315827 0.001501
    46 -1.132872 0.000005 -0.000066 3.139369 -1.176202 -3.092146
    47 -1.239075 -1.304744 -0.314278 -1.430303 -0.982760 -2.003829
    48 -1.052850 0.000005 -0.000004 2.863323 -1.535755 3.140263
    49 -0.916342 0.000033 0.000003 3.130054 -1.386235 -3.118064
    50 -0.900585 -0.375762 0.090056 -0.779868 -1.244725 -2.521915
    51 -1.303123 -0.000014 0.000008 -0.004240 -1.451229 -0.001012
    52 -1.094650 0.000007 0.000003 -2.577326 -1.476285 2.574417
    53 0.000000 0.000000 0.000000 0.000000 0.000000 0.000000
    54 0.000000 0.000000 0.000000 0.000000 0.000000 -1.570796
    55 0.000000 0.000000 0.000000 0.000000 0.000000 -1.570796
    56 -2.000000 0.000000 0.000000 -1.570796 0.000000 0.174533
    57 -1.500000 0.000002 0.000000 -1.570796 0.000000 0.000000
    58 0.000000 0.500000 0.000000 -1.570796 0.261799 0.000000
    59 -0.000001 0.000000 0.000000 -3.141593 0.174533 0.000000
    60 0.000000 0.000000 -0.000001 -3.141593 0.174533 0.174533
    61 0.000000 0.000000 0.000000 -3.141593 0.349066 -0.174533
    62 0.000000 0.000000 0.000000 -1.570796 0.000000 0.000000
    63 0.000000 0.000000 0.000000 -1.570796 0.000000 0.000000
    64 0.000000 0.000000 0.000000 -1.570796 0.000000 0.000000
    65 0.000000 0.000000 0.000002 -1.570796 0.000000 0.000000
    66 0.000000 0.000000 0.000000 -1.570796 0.000000 0.000000
    67 0.000000 0.000001 0.000000 -1.570796 0.000000 0.000000
    68 0.000000 0.000000 0.000000 -1.570796 0.000000 0.000000
    69 0.000000 0.000000 0.000000 -1.570796 0.000000 0.000000
    70 0.000000 0.000000 0.000000 -1.570796 0.000000 0.000000
    71 0.000000 0.000000 0.000000 -1.570796 0.000000 0.000000
    72 0.000000 0.000000 0.000000 -1.570796 0.000000 0.000000
    73 0.000000 0.000000 0.000000 -1.570796 0.000000 0.000000
    74 -2.000000 0.000000 0.000000 1.570796 0.000000 0.174533
    75 -1.500000 -0.000001 -0.250000 1.570796 0.000000 0.000000
    76 -1.000000 0.250000 0.500000 1.570796 0.000000 0.000000
    77 0.000000 0.000000 0.000000 2.094395 0.000000 -3.141593
    78 0.000000 0.000000 0.000000 2.094395 0.000000 -3.141593
    79 0.000000 -0.200001 -0.200000 1.745329 0.000000 -3.141593
    80 0.000000 -0.000001 -0.000002 1.570796 0.000000 3.141593
    81 0.000000 0.000000 0.000000 1.570796 0.000000 -3.141593
    82 0.000000 0.000000 -0.000002 1.570796 0.000000 -3.141593
    83 0.000000 0.000000 0.000000 1.570796 0.000000 3.141593
    84 -0.000002 0.000000 0.000000 1.570796 0.000000 3.141593
    85 0.000000 0.000000 0.000000 1.570796 0.000000 3.141593
    86 0.000000 0.000000 0.000000 1.570796 0.000000 3.141593
    87 0.000000 0.000000 0.000000 1.570796 0.000000 -3.141593
    88 0.000000 0.000000 0.000000 1.570796 0.000000 -3.141593
    89 0.000000 0.000000 0.000000 1.570796 0.000000 3.141593
    90 0.000000 0.000000 0.000000 1.570796 0.000000 -3.141593
    91 0.000000 0.000000 0.000000 1.570796 0.000000 -3.141593
  time 23
    0 0.000000 0.000000 0.000000 0.000000 0.000000 -0.000007
    1 0.000000 2.709942 -10.591393 0.000000 -1.570796 1.570796
    2 3.500857 9.013945 -0.640573 0.000000 -1.570796 0.000000
    3 -1.656571 -2.304732 0.340262 0.000000 0.000000 0.000000
    4 4.409996 0.000005 -0.000003 0.066741 -0.146562 0.426858
    5 10.079981 -0.000003 -0.000001 -0.000002 -0.000003 -1.042298
    6 0.000000 -0.000001 0.000000 -0.311802 0.000005 0.000001
    7 3.359990 0.000014 -0.000007 -0.623639 0.000000 0.000003
    8 6.719987 0.000030 -0.000015 -0.935420 -0.000002 0.000001
    9 3.500862 -5.725745 -0.640568 0.000000 -1.570795 3.141592
    10 -2.186730 3.179637 -0.996149 0.000000 0.000000 0.000000
    11 4.409998 -0.000001 0.000004 -0.342421 0.252232 0.565327
    12 10.079982 0.000014 0.000025 0.000004 0.000046 -0.966442
    13 0.000001 0.000004 0.000000 0.311567 -0.000001 0.000010
    14 3.359994 0.000032 0.000015 0.623109 -0.000007 0.000004
    15 6.719987 0.000057 0.000028 0.934704 0.000003 0.000003
    16 0.000000 0.000000 0.000000 1.554209 -0.004398 -3.138416
    17 11.021582 -17.163690 -8.833016 2.403435 -0.104670 -1.788686
    18 -0.118055 -0.108981 0.513327 -0.000047 -0.086523 0.000009
    19 4.409994 -0.000012 0.000012 0.000000 0.000000 0.000000
    20 -3.422661 1.711283 0.470872 0.018364 -0.593174 -0.075895
    21 1.410028 0.000010 0.000007 0.000006 0.000009 -0.987481
    22 0.993011 -0.000001 0.000006 0.000001 -0.000006 -0.761963
    23 -1.022532 1.571291 -0.406268 0.562009 -1.088038 -0.422346
    24 1.337718 0.000005 0.000002 -3.141591 -1.497669 3.135755
    25 1.180473 -0.000093 -0.000003 2.322271 -1.447922 -2.264049
    26 -0.666712 0.565948 -0.425195 0.276535 -1.168921 -0.243380
    27 1.311736 0.000006 0.000004 -3.109347 -1.501840 3.110658
    28 1.132875 -0.000003 -0.000005 -2.277655 -1.482347 2.251198
    29 -0.835869 -0.375753 -0.250998 -0.232083 -1.169899 0.124274
    30 1.303124 0.000019 0.000004 2.990803 -1.546793 -2.975952
    31 1.094648 -0.000011 -0.000003 -0.062804 -1.544912 0.032862
    32 -1.144743 -1.304737 0.171518 -0.974001 -1.088390 0.663341
    33 1.052849 0.000000 -0.000004 3.124857 -1.425270 3.135795
    34 0.916342 -0.000031 0.000001 3.141553 -1.536954 -3.129942
    35 -4.990309 -16.834331 -8.856264 0.480436 -0.014086 -1.109243
    36 -0.117880 -0.102734 -0.180849 0.000013 0.017066 0.000000
    37 4.409983 -0.000034 0.000004 0.000000 0.000000 0.000000
    38 -3.459356 1.711287 -0.541797 0.125169 -0.669906 3.034105
    39 -1.410028 -0.000005 -0.000014 0.000004 0.000001 -0.911659
    40 -0.993008 0.000010 -0.000011 0.000012 -0.000006 -0.908928
    41 -1.077398 1.571280 0.162236 0.351673 -1.124156 2.999846
    42 -1.337713 0.000003 -0.000002 3.078234 -1.322288 -3.107495
    43 -1.180471 0.000072 0.000002 0.222705 -1.503459 -0.194122
    44 -0.719599 0.565946 0.238754 -0.061928 -1.418387 -3.057514
    45 -1.311414 -0.000009 -0.000267 0.002810 -1.315827 0.001501
    46 -1.132872 0.000005 -0.000066 3.139369 -1.176202 -3.092146
    47 -1.239075 -1.304744 -0.314278 -1.430303 -0.982760 -2.003829
    48 -1.052850 0.000005 -0.000004 2.863323 -1.535755 3.140263
    49 -0.916342 0.000033 0.000003 3.130054 -1.386235 -3.118064
    50 -0.900585 -0.375762 0.090056 -0.779868 -1.244725 -2.521915
    51 -1.303123 -0.000014 0.000008 -0.004240 -1.451229 -0.001012
    52 -1.094650 0.000007 0.000003 -2.577326 -1.476285 2.574417
    53 0.000000 0.000000 0.000000 0.000000 0.000000 0.000000
    54 0.000000 0.000000 0.000000 0.000000 0.000000 -1.570796
    55 0.000000 0.000000 0.000000 0.000000 0.000000 -1.570796
    56 -2.000000 0.000000 0.000000 -1.570796 0.000000 0.174533
    57 -1.500000 0.000002 0.000000 -1.570796 0.000000 0.000000
    58 0.000000 0.500000 0.000000 -1.570796 0.261799 0.000000
    59 -0.000001 0.000000 0.000000 -3.141593 0.174533 0.000000
    60 0.000000 0.000000 -0.000001 -3.141593 0.174533 0.174533
    61 0.000000 0.000000 0.000000 -3.141593 0.349066 -0.174533
    62 0.000000 0.000000 0.000000 -1.570796 0.000000 0.000000
    63 0.000000 0.000000 0.000000 -1.570796 0.000000 0.000000
    64 0.000000 0.000000 0.000000 -1.570796 0.000000 0.000000
    65 0.000000 0.000000 0.000002 -1.570796 0.000000 0.000000
    66 0.000000 0.000000 0.000000 -1.570796 0.000000 0.000000
    67 0.000000 0.000001 0.000000 -1.570796 0.000000 0.000000
    68 0.000000 0.000000 0.000000 -1.570796 0.000000 0.000000
    69 0.000000 0.000000 0.000000 -1.570796 0.000000 0.000000
    70 0.000000 0.000000 0.000000 -1.570796 0.000000 0.000000
    71 0.000000 0.000000 0.000000 -1.570796 0.000000 0.000000
    72 0.000000 0.000000 0.000000 -1.570796 0.000000 0.000000
    73 0.000000 0.000000 0.000000 -1.570796 0.000000 0.000000
    74 -2.000000 0.000000 0.000000 1.570796 0.000000 0.174533
    75 -1.500000 -0.000001 -0.250000 1.570796 0.000000 0.000000
    76 -1.000000 0.250000 0.500000 1.570796 0.000000 0.000000
    77 0.000000 0.000000 0.000000 2.094395 0.000000 -3.141593
    78 0.000000 0.000000 0.000000 2.094395 0.000000 -3.141593
    79 0.000000 -0.200001 -0.200000 1.745329 0.000000 -3.141593
    80 0.000000 -0.000001 -0.000002 1.570796 0.000000 3.141593
    81 0.000000 0.000000 0.000000 1.570796 0.000000 -3.141593
    82 0.000000 0.000000 -0.000002 1.570796 0.000000 -3.141593
    83 0.000000 0.000000 0.000000 1.570796 0.000000 3.141593
    84 -0.000002 0.000000 0.000000 1.570796 0.000000 3.141593
    85 0.000000 0.000000 0.000000 1.570796 0.000000 3.141593
    86 0.000000 0.000000 0.000000 1.570796 0.000000 3.141593
    87 0.000000 0.000000 0.000000 1.570796 0.000000 -3.141593
    88 0.000000 0.000000 0.000000 1.570796 0.000000 -3.141593
    89 0.000000 0.000000 0.000000 1.570796 0.000000 3.141593
    90 0.000000 0.000000 0.000000 1.570796 0.000000 -3.141593
    91 0.000000 0.000000 0.000000 1.570796 0.000000 -3.141593
  time 24
    0 0.000000 0.000000 0.000000 0.000000 0.000000 -0.000007
    1 0.000000 2.709942 -10.591393 0.000000 -1.570796 1.570796
    2 3.500857 9.013945 -0.640573 0.000000 -1.570796 0.000000
    3 -1.906579 -1.980504 0.594176 0.000000 0.000000 0.000000
    4 4.409996 0.000005 -0.000003 0.096163 -0.124746 0.415978
    5 10.079981 -0.000003 -0.000001 -0.000002 -0.000003 -0.941566
    6 0.000000 -0.000001 0.000000 -0.282364 0.000005 0.000001
    7 3.359990 0.000014 -0.000007 -0.564712 0.000000 0.000003
    8 6.719987 0.000030 -0.000015 -0.847067 -0.000002 0.000001
    9 3.500862 -5.725745 -0.640568 0.000000 -1.570795 3.141592
    10 -2.186730 3.179637 -0.996149 0.000000 0.000000 0.000000
    11 4.409998 -0.000001 0.000004 -0.385988 0.235889 0.528610
    12 10.079982 0.000014 0.000025 0.000004 0.000046 -0.925346
    13 0.000001 0.000004 0.000000 0.306629 -0.000001 0.000010
    14 3.359994 0.000032 0.000015 0.613248 -0.000007 0.000004
    15 6.719987 0.000057 0.000028 0.919913 0.000003 0.000003
    16 0.000000 0.000000 0.000000 1.553227 -0.002121 -3.139531
    17 10.904391 -17.405885 -8.430660 2.366435 -0.078566 -1.765480
    18 -0.118055 -0.108981 0.513327 -0.000047 -0.086523 0.000009
    19 4.409994 -0.000012 0.000012 0.000000 0.000000 0.000000
    20 -3.422661 1.711283 0.470872 0.018364 -0.593174 -0.075895
    21 1.410028 0.000010 0.000007 0.000006 0.000009 -0.987481
    22 0.993011 -0.000001 0.000006 0.000001 -0.000006 -0.761963
    23 -1.022532 1.571291 -0.406268 0.562009 -1.088038 -0.422346
    24 1.337718 0.000005 0.000002 -3.141591 -1.497669 3.135755
    25 1.180473 -0.000093 -0.000003 2.322271 -1.447922 -2.264049
    26 -0.666712 0.565948 -0.425195 0.276535 -1.168921 -0.243380
    27 1.311736 0.000006 0.000004 -3.109347 -1.501840 3.110658
    28 1.132875 -0.000003 -0.000005 -2.277655 -1.482347 2.251198
    29 -0.835869 -0.375753 -0.250998 -0.232083 -1.169899 0.124274
    30 1.303124 0.000019 0.000004 2.990803 -1.546793 -2.975952
    31 1.094648 -0.000011 -0.000003 -0.062792 -1.544912 0.032862
    32 -1.144743 -1.304737 0.171518 -0.974001 -1.088390 0.663341
    33 1.052849 0.000000 -0.000004 3.124857 -1.425270 3.135795
    34 0.916342 -0.000031 0.000001 3.141553 -1.536954 -3.129942
    35 -6.048935 -17.170279 -8.688290 0.596022 -0.016193 -1.245263
    36 -0.117880 -0.102734 -0.180849 0.000013 0.017066 0.000000
    37 4.409983 -0.000034 0.000004 0.000000 0.000000 0.000000
    38 -3.459356 1.711287 -0.541797 0.125169 -0.669906 3.034105
    39 -1.410028 -0.000005 -0.000014 0.000004 0.000001 -0.911659
    40 -0.993008 0.000010 -0.000011 0.000012 -0.000006 -0.908928
    41 -1.077398 1.571280 0.162236 0.351673 -1.124156 2.999846
    42 -1.337713 0.000003 -0.000002 3.078234 -1.322288 -3.107495
    43 -1.180471 0.000072 0.000002 0.222693 -1.503459 -0.194122
    44 -0.719599 0.565946 0.238754 -0.061928 -1.418387 -3.057514
    45 -1.311414 -0.000009 -0.000267 0.002810 -1.315827 0.001501
    46 -1.132872 0.000005 -0.000066 3.139369 -1.176202 -3.092146
    47 -1.239075 -1.304744 -0.314278 -1.430303 -0.982760 -2.003829
    48 -1.052850 0.000005 -0.000004 2.863323 -1.535755 3.140263
    49 -0.916342 0.000033 0.000003 3.130054 -1.386235 -3.118064
    50 -0.900585 -0.375762 0.090056 -0.779868 -1.244725 -2.521915
    51 -1.303123 -0.000014 0.000008 -0.004240 -1.451229 -0.001012
    52 -1.094650 0.000007 0.000003 -2.577326 -1.476285 2.574417
    53 0.000000 0.000000 0.000000 0.000000 0.000000 0.000000
    54 0.000000 0.000000 0.000000 0.000000 0.000000 -1.570796
    55 0.000000 0.000000 0.000000 0.000000 0.000000 -1.570796
    56 -2.000000 0.000000 0.000000 -1.570796 0.000000 0.174533
    57 -1.500000 0.000002 0.000000 -1.570796 0.000000 0.000000
    58 0.000000 0.500000 0.000000 -1.570796 0.261799 0.000000
    59 -0.000001 0.000000 0.000000 -3.141593 0.174533 0.000000
    60 0.000000 0.000000 -0.000001 -3.141593 0.174533 0.174533
    61 0.000000 0.000000 0.000000 -3.141593 0.349066 -0.174533
    62 0.000000 0.000000 0.000000 -1.570796 0.000000 0.000000
    63 0.000000 0.000000 0.000000 -1.570796 0.000000 0.000000
    64 0.000000 0.000000 0.000000 -1.570796 0.000000 0.000000
    65 0.000000 0.000000 0.000002 -1.570796 0.000000 0.000000
    66 0.000000 0.000000 0.000000 -1.570796 0.000000 0.000000
    67 0.000000 0.000001 0.000000 -1.570796 0.000000 0.000000
    68 0.000000 0.000000 0.000000 -1.570796 0.000000 0.000000
    69 0.000000 0.000000 0.000000 -1.570796 0.000000 0.000000
    70 0.000000 0.000000 0.000000 -1.570796 0.000000 0.000000
    71 0.000000 0.000000 0.000000 -1.570796 0.000000 0.000000
    72 0.000000 0.000000 0.000000 -1.570796 0.000000 0.000000
    73 0.000000 0.000000 0.000000 -1.570796 0.000000 0.000000
    74 -2.000000 0.000000 0.000000 1.570796 0.000000 0.174533
    75 -1.500000 -0.000001 -0.250000 1.570796 0.000000 0.000000
    76 -1.000000 0.250000 0.500000 1.570796 0.000000 0.000000
    77 0.000000 0.000000 0.000000 2.094395 0.000000 -3.141593
    78 0.000000 0.000000 0.000000 2.094395 0.000000 -3.141593
    79 0.000000 -0.200001 -0.200000 1.745329 0.000000 -3.141593
    80 0.000000 -0.000001 -0.000002 1.570796 0.000000 3.141593
    81 0.000000 0.000000 0.000000 1.570796 0.000000 -3.141593
    82 0.000000 0.000000 -0.000002 1.570796 0.000000 -3.141593
    83 0.000000 0.000000 0.000000 1.570796 0.000000 3.141593
    84 -0.000002 0.000000 0.000000 1.570796 0.000000 3.141593
    85 0.000000 0.000000 0.000000 1.570796 0.000000 3.141593
    86 0.000000 0.000000 0.000000 1.570796 0.000000 3.141593
    87 0.000000 0.000000 0.000000 1.570796 0.000000 -3.141593
    88 0.000000 0.000000 0.000000 1.570796 0.000000 -3.141593
    89 0.000000 0.000000 0.000000 1.570796 0.000000 3.141593
    90 0.000000 0.000000 0.000000 1.570796 0.000000 -3.141593
    91 0.000000 0.000000 0.000000 1.570796 0.000000 -3.141593
  time 25
    0 0.000000 0.000000 0.000000 0.000000 0.000000 -0.000007
    1 0.000000 2.709942 -10.591393 0.000000 -1.570796 1.570796
    2 3.500857 9.013945 -0.640573 0.000000 -1.570796 0.000000
    3 -2.109710 -1.734402 0.793401 0.000000 0.000000 0.000000
    4 4.409996 0.000005 -0.000003 0.116119 -0.109225 0.379884
    5 10.079981 -0.000003 -0.000001 -0.000002 -0.000003 -0.831954
    6 0.000000 -0.000001 0.000000 -0.256687 0.000005 0.000001
    7 3.359990 0.000014 -0.000007 -0.513331 0.000000 0.000003
    8 6.719987 0.000030 -0.000015 -0.770035 -0.000002 0.000001
    9 3.500862 -5.725745 -0.640568 0.000000 -1.570795 3.141592
    10 -2.186730 3.179637 -0.996149 0.000000 0.000000 0.000000
    11 4.409998 -0.000001 0.000004 -0.396421 0.221675 0.493918
    12 10.079982 0.000014 0.000025 0.000004 0.000046 -0.885101
    13 0.000001 0.000004 0.000000 0.298060 -0.000001 0.000010
    14 3.359994 0.000032 0.000015 0.596112 -0.000007 0.000004
    15 6.719987 0.000057 0.000028 0.894180 0.000003 0.000003
    16 0.000000 0.000000 0.000000 1.552735 -0.000467 -3.140525
    17 10.685634 -17.624642 -8.309563 2.333214 -0.050567 -1.746336
    18 -0.118055 -0.108981 0.513327 -0.000047 -0.086523 0.000009
    19 4.409994 -0.000012 0.000012 0.000000 0.000000 0.000000
    20 -3.422661 1.711283 0.470872 0.018364 -0.593174 -0.075895
    21 1.410028 0.000010 0.000007 0.000006 0.000009 -0.987481
    22 0.993011 -0.000001 0.000006 0.000001 -0.000006 -0.761963
    23 -1.022532 1.571291 -0.406268 0.562009 -1.088038 -0.422346
    24 1.337718 0.000005 0.000002 -3.141591 -1.497669 3.135755
    25 1.180473 -0.000093 -0.000003 2.322271 -1.447922 -2.264049
    26 -0.666712 0.565948 -0.425195 0.276535 -1.168921 -0.243380
    27 1.311736 0.000006 0.000004 -3.109347 -1.501840 3.110658
    28 1.132875 -0.000003 -0.000005 -2.277655 -1.482347 2.251198
    29 -0.835869 -0.375753 -0.250998 -0.232083 -1.169899 0.124274
    30 1.303124 0.000019 0.000004 2.990803 -1.546793 -2.975952
    31 1.094648 -0.000011 -0.000003 -0.062816 -1.544912 0.032862
    32 -1.144743 -1.304737 0.171518 -0.974001 -1.088390 0.663341
    33 1.052849 0.000000 -0.000004 3.124857 -1.425270 3.135795
    34 0.916342 -0.000031 0.000001 3.141553 -1.536954 -3.129942
    35 -6.673954 -17.482788 -8.657040 0.701568 -0.018227 -1.369511
    36 -0.117880 -0.102734 -0.180849 0.000013 0.017066 0.000000
    37 4.409983 -0.000034 0.000004 0.000000 0.000000 0.000000
    38 -3.459356 1.711287 -0.541797 0.125169 -0.669906 3.034105
    39 -1.410028 -0.000005 -0.000014 0.000004 0.000001 -0.911659
    40 -0.993008 0.000010 -0.000011 0.000012 -0.000006 -0.908928
    41 -1.077398 1.571280 0.162236 0.351673 -1.124156 2.999846
    42 -1.337713 0.000003 -0.000002 3.078234 -1.322288 -3.107495
    43 -1.180471 0.000072 0.000002 0.222705 -1.503459 -0.194122
    44 -0.719599 0.565946 0.238754 -0.061928 -1.418387 -3.057514
    45 -1.311414 -0.000009 -0.000267 0.002810 -1.315827 0.001501
    46 -1.132872 0.000005 -0.000066 3.139369 -1.176202 -3.092146
    47 -1.239075 -1.304744 -0.314278 -1.430303 -0.982760 -2.003829
    48 -1.052850 0.000005 -0.000004 2.863323 -1.535755 3.140263
    49 -0.916342 0.000033 0.000003 3.130054 -1.386235 -3.118064
    50 -0.900585 -0.375762 0.090056 -0.779868 -1.244725 -2.521915
    51 -1.303123 -0.000014 0.000008 -0.004240 -1.451229 -0.001012
    52 -1.094650 0.000007 0.000003 -2.577326 -1.476285 2.574417
    53 0.000000 0.000000 0.000000 0.000000 0.000000 0.000000
    54 0.000000 0.000000 0.000000 0.000000 0.000000 -1.570796
    55 0.000000 0.000000 0.000000 0.000000 0.000000 -1.570796
    56 -2.000000 0.000000 0.000000 -1.570796 0.000000 0.174533
    57 -1.500000 0.000002 0.000000 -1.570796 0.000000 0.000000
    58 0.000000 0.500000 0.000000 -1.570796 0.261799 0.000000
    59 -0.000001 0.000000 0.000000 -3.141593 0.174533 0.000000
    60 0.000000 0.000000 -0.000001 -3.141593 0.174533 0.174533
    61 0.000000 0.000000 0.000000 -3.141593 0.349066 -0.174533
    62 0.000000 0.000000 0.000000 -1.570796 0.000000 0.000000
    63 0.000000 0.000000 0.000000 -1.570796 0.000000 0.000000
    64 0.000000 0.000000 0.000000 -1.570796 0.000000 0.000000
    65 0.000000 0.000000 0.000002 -1.570796 0.000000 0.000000
    66 0.000000 0.000000 0.000000 -1.570796 0.000000 0.000000
    67 0.000000 0.000001 0.000000 -1.570796 0.000000 0.000000
    68 0.000000 0.000000 0.000000 -1.570796 0.000000 0.000000
    69 0.000000 0.000000 0.000000 -1.570796 0.000000 0.000000
    70 0.000000 0.000000 0.000000 -1.570796 0.000000 0.000000
    71 0.000000 0.000000 0.000000 -1.570796 0.000000 0.000000
    72 0.000000 0.000000 0.000000 -1.570796 0.000000 0.000000
    73 0.000000 0.000000 0.000000 -1.570796 0.000000 0.000000
    74 -2.000000 0.000000 0.000000 1.570796 0.000000 0.174533
    75 -1.500000 -0.000001 -0.250000 1.570796 0.000000 0.000000
    76 -1.000000 0.250000 0.500000 1.570796 0.000000 0.000000
    77 0.000000 0.000000 0.000000 2.094395 0.000000 -3.141593
    78 0.000000 0.000000 0.000000 2.094395 0.000000 -3.141593
    79 0.000000 -0.200001 -0.200000 1.745329 0.000000 -3.141593
    80 0.000000 -0.000001 -0.000002 1.570796 0.000000 3.141593
    81 0.000000 0.000000 0.000000 1.570796 0.000000 -3.141593
    82 0.000000 0.000000 -0.000002 1.570796 0.000000 -3.141593
    83 0.000000 0.000000 0.000000 1.570796 0.000000 3.141593
    84 -0.000002 0.000000 0.000000 1.570796 0.000000 3.141593
    85 0.000000 0.000000 0.000000 1.570796 0.000000 3.141593
    86 0.000000 0.000000 0.000000 1.570796 0.000000 3.141593
    87 0.000000 0.000000 0.000000 1.570796 0.000000 -3.141593
    88 0.000000 0.000000 0.000000 1.570796 0.000000 -3.141593
    89 0.000000 0.000000 0.000000 1.570796 0.000000 3.141593
    90 0.000000 0.000000 0.000000 1.570796 0.000000 -3.141593
    91 0.000000 0.000000 0.000000 1.570796 0.000000 -3.141593
  time 26
    0 0.000000 0.000000 0.000000 0.000000 0.000000 -0.000007
    1 0.000000 2.709942 -10.591393 0.000000 -1.570796 1.570796
    2 3.500857 9.013945 -0.640573 0.000000 -1.570796 0.000000
    3 -2.238620 -1.562522 0.922311 0.000000 0.000000 0.000000
    4 4.409996 0.000005 -0.000003 0.128445 -0.097778 0.334767
    5 10.079981 -0.000003 -0.000001 -0.000002 -0.000003 -0.716688
    6 0.000000 -0.000001 0.000000 -0.235246 0.000005 0.000001
    7 3.359990 0.000014 -0.000007 -0.470449 0.000000 0.000003
    8 6.719987 0.000030 -0.000015 -0.705712 -0.000002 0.000001
    9 3.500862 -5.725745 -0.640568 0.000000 -1.570795 3.141592
    10 -2.186730 3.179637 -0.996149 0.000000 0.000000 0.000000
    11 4.409998 -0.000001 0.000004 -0.389503 0.209000 0.456659
    12 10.079982 0.000014 0.000025 0.000004 0.000046 -0.841073
    13 0.000001 0.000004 0.000000 0.286627 -0.000001 0.000010
    14 3.359994 0.000032 0.000015 0.573219 -0.000007 0.000004
    15 6.719987 0.000057 0.000028 0.859840 0.000003 0.000003
    16 0.000000 0.000000 0.000000 1.552915 0.000000 -3.141592
    17 10.388750 -17.851211 -8.356439 2.299521 -0.018885 -1.727916
    18 -0.118055 -0.108981 0.513327 -0.000047 -0.086523 0.000009
    19 4.409994 -0.000012 0.000012 0.000000 0.000000 0.000000
    20 -3.422661 1.711283 0.470872 0.018364 -0.593174 -0.075895
    21 1.410028 0.000010 0.000007 0.000006 0.000009 -0.987481
    22 0.993011 -0.000001 0.000006 0.000001 -0.000006 -0.761963
    23 -1.022532 1.571291 -0.406268 0.562009 -1.088038 -0.422346
    24 1.337718 0.000005 0.000002 -3.141591 -1.497669 3.135755
    25 1.180473 -0.000093 -0.000003 2.322271 -1.447922 -2.264049
    26 -0.666712 0.565948 -0.425195 0.276535 -1.168921 -0.243380
    27 1.311736 0.000006 0.000004 -3.109347 -1.501840 3.110658
    28 1.132875 -0.000003 -0.000005 -2.277655 -1.482347 2.251198
    29 -0.835869 -0.375753 -0.250998 -0.232083 -1.169899 0.124274
    30 1.303124 0.000019 0.000004 2.990803 -1.546793 -2.975952
    31 1.094648 -0.000011 -0.000003 -0.062816 -1.544912 0.032862
    32 -1.144743 -1.304737 0.171518 -0.974001 -1.088390 0.663341
    33 1.052849 0.000000 -0.000004 3.124857 -1.425270 3.135795
    34 0.916342 -0.000031 0.000001 3.141553 -1.536954 -3.129942
    35 -7.103655 -17.799204 -8.688290 0.791265 -0.019853 -1.475041
    36 -0.117880 -0.102734 -0.180849 0.000013 0.017066 0.000000
    37 4.409983 -0.000034 0.000004 0.000000 0.000000 0.000000
    38 -3.459356 1.711287 -0.541797 0.125169 -0.669906 3.034105
    39 -1.410028 -0.000005 -0.000014 0.000004 0.000001 -0.911659
    40 -0.993008 0.000010 -0.000011 0.000012 -0.000006 -0.908928
    41 -1.077398 1.571280 0.162236 0.351673 -1.124156 2.999846
    42 -1.337713 0.000003 -0.000002 3.078234 -1.322288 -3.107495
    43 -1.180471 0.000072 0.000002 0.222693 -1.503459 -0.194134
    44 -0.719599 0.565946 0.238754 -0.061928 -1.418387 -3.057514
    45 -1.311414 -0.000009 -0.000267 0.002810 -1.315827 0.001501
    46 -1.132872 0.000005 -0.000066 3.139369 -1.176202 -3.092146
    47 -1.239075 -1.304744 -0.314278 -1.430303 -0.982760 -2.003829
    48 -1.052850 0.000005 -0.000004 2.863323 -1.535755 3.140263
    49 -0.916342 0.000033 0.000003 3.130054 -1.386235 -3.118064
    50 -0.900585 -0.375762 0.090056 -0.779868 -1.244725 -2.521915
    51 -1.303123 -0.000014 0.000008 -0.004240 -1.451229 -0.001012
    52 -1.094650 0.000007 0.000003 -2.577326 -1.476285 2.574417
    53 0.000000 0.000000 0.000000 0.000000 0.000000 0.000000
    54 0.000000 0.000000 0.000000 0.000000 0.000000 -1.570796
    55 0.000000 0.000000 0.000000 0.000000 0.000000 -1.570796
    56 -2.000000 0.000000 0.000000 -1.570796 0.000000 0.174533
    57 -1.500000 0.000002 0.000000 -1.570796 0.000000 0.000000
    58 0.000000 0.500000 0.000000 -1.570796 0.261799 0.000000
    59 -0.000001 0.000000 0.000000 -3.141593 0.174533 0.000000
    60 0.000000 0.000000 -0.000001 -3.141593 0.174533 0.174533
    61 0.000000 0.000000 0.000000 -3.141593 0.349066 -0.174533
    62 0.000000 0.000000 0.000000 -1.570796 0.000000 0.000000
    63 0.000000 0.000000 0.000000 -1.570796 0.000000 0.000000
    64 0.000000 0.000000 0.000000 -1.570796 0.000000 0.000000
    65 0.000000 0.000000 0.000002 -1.570796 0.000000 0.000000
    66 0.000000 0.000000 0.000000 -1.570796 0.000000 0.000000
    67 0.000000 0.000001 0.000000 -1.570796 0.000000 0.000000
    68 0.000000 0.000000 0.000000 -1.570796 0.000000 0.000000
    69 0.000000 0.000000 0.000000 -1.570796 0.000000 0.000000
    70 0.000000 0.000000 0.000000 -1.570796 0.000000 0.000000
    71 0.000000 0.000000 0.000000 -1.570796 0.000000 0.000000
    72 0.000000 0.000000 0.000000 -1.570796 0.000000 0.000000
    73 0.000000 0.000000 0.000000 -1.570796 0.000000 0.000000
    74 -2.000000 0.000000 0.000000 1.570796 0.000000 0.174533
    75 -1.500000 -0.000001 -0.250000 1.570796 0.000000 0.000000
    76 -1.000000 0.250000 0.500000 1.570796 0.000000 0.000000
    77 0.000000 0.000000 0.000000 2.094395 0.000000 -3.141593
    78 0.000000 0.000000 0.000000 2.094395 0.000000 -3.141593
    79 0.000000 -0.200001 -0.200000 1.745329 0.000000 -3.141593
    80 0.000000 -0.000001 -0.000002 1.570796 0.000000 3.141593
    81 0.000000 0.000000 0.000000 1.570796 0.000000 -3.141593
    82 0.000000 0.000000 -0.000002 1.570796 0.000000 -3.141593
    83 0.000000 0.000000 0.000000 1.570796 0.000000 3.141593
    84 -0.000002 0.000000 0.000000 1.570796 0.000000 3.141593
    85 0.000000 0.000000 0.000000 1.570796 0.000000 3.141593
    86 0.000000 0.000000 0.000000 1.570796 0.000000 3.141593
    87 0.000000 0.000000 0.000000 1.570796 0.000000 -3.141593
    88 0.000000 0.000000 0.000000 1.570796 0.000000 -3.141593
    89 0.000000 0.000000 0.000000 1.570796 0.000000 3.141593
    90 0.000000 0.000000 0.000000 1.570796 0.000000 -3.141593
    91 0.000000 0.000000 0.000000 1.570796 0.000000 -3.141593
  time 27
    0 0.000000 0.000000 0.000000 0.000000 0.000000 -0.000007
    1 0.000000 2.709942 -10.591393 0.000000 -1.570796 1.570796
    2 3.500857 9.013945 -0.640573 0.000000 -1.570796 0.000000
    3 -2.289403 -1.496114 0.973094 0.000000 0.000000 0.000000
    4 4.409996 0.000005 -0.000003 0.134242 -0.090879 0.294399
    5 10.079981 -0.000003 -0.000001 -0.000002 -0.000003 -0.613683
    6 0.000000 -0.000001 0.000000 -0.218840 0.000005 0.000001
    7 3.359990 0.000014 -0.000007 -0.437689 0.000000 0.000003
    8 6.719987 0.000030 -0.000015 -0.656571 -0.000002 0.000001
    9 3.500862 -5.725745 -0.640568 0.000000 -1.570795 3.141592
    10 -2.186730 3.179637 -0.996149 0.000000 0.000000 0.000000
    11 4.409998 -0.000001 0.000004 -0.374772 0.198749 0.419029
    12 10.079982 0.000014 0.000025 0.000004 0.000046 -0.795721
    13 0.000001 0.000004 0.000000 0.274510 -0.000001 0.000010
    14 3.359994 0.000032 0.000015 0.549015 -0.000007 0.000004
    15 6.719987 0.000057 0.000028 0.823562 0.000003 0.000003
    16 0.000000 0.000000 0.000000 1.553610 -0.000216 -3.142599
    17 10.064522 -18.058249 -8.485349 2.268150 0.012031 -1.711332
    18 -0.118055 -0.108981 0.513327 -0.000047 -0.086523 0.000009
    19 4.409994 -0.000012 0.000012 0.000000 0.000000 0.000000
    20 -3.422661 1.711283 0.470872 0.018364 -0.593174 -0.075895
    21 1.410028 0.000010 0.000007 0.000006 0.000009 -0.987481
    22 0.993011 -0.000001 0.000006 0.000001 -0.000006 -0.761963
    23 -1.022532 1.571291 -0.406268 0.562009 -1.088038 -0.422346
    24 1.337718 0.000005 0.000002 -3.141591 -1.497669 3.135755
    25 1.180473 -0.000093 -0.000003 2.322271 -1.447922 -2.264049
    26 -0.666712 0.565948 -0.425195 0.276535 -1.168921 -0.243380
    27 1.311736 0.000006 0.000004 -3.109347 -1.501840 3.110658
    28 1.132875 -0.000003 -0.000005 -2.277655 -1.482347 2.251198
    29 -0.835869 -0.375753 -0.250998 -0.232083 -1.169899 0.124274
    30 1.303124 0.000019 0.000004 2.990803 -1.546793 -2.975952
    31 1.094648 -0.000011 -0.000003 -0.062804 -1.544912 0.032862
    32 -1.144743 -1.304737 0.171518 -0.974001 -1.088390 0.663341
    33 1.052849 0.000000 -0.000004 3.124857 -1.425270 3.135795
    34 0.916342 -0.000031 0.000001 3.141553 -1.536954 -3.129942
    35 -7.400539 -18.080463 -8.754699 0.859430 -0.021148 -1.555163
    36 -0.117880 -0.102734 -0.180849 0.000013 0.017066 0.000000
    37 4.409983 -0.000034 0.000004 0.000000 0.000000 0.000000
    38 -3.459356 1.711287 -0.541797 0.125169 -0.669906 3.034105
    39 -1.410028 -0.000005 -0.000014 0.000004 0.000001 -0.911659
    40 -0.993008 0.000010 -0.000011 0.000012 -0.000006 -0.908928
    41 -1.077398 1.571280 0.162236 0.351673 -1.124156 2.999846
    42 -1.337713 0.000003 -0.000002 3.078234 -1.322288 -3.107495
    43 -1.180471 0.000072 0.000002 0.222705 -1.503459 -0.194122
    44 -0.719599 0.565946 0.238754 -0.061928 -1.418387 -3.057514
    45 -1.311414 -0.000009 -0.000267 0.002810 -1.315827 0.001501
    46 -1.132872 0.000005 -0.000066 3.139369 -1.176202 -3.092146
    47 -1.239075 -1.304744 -0.314278 -1.430303 -0.982760 -2.003829
    48 -1.052850 0.000005 -0.000004 2.863323 -1.535755 3.140263
    49 -0.916342 0.000033 0.000003 3.130054 -1.386235 -3.118064
    50 -0.900585 -0.375762 0.090056 -0.779868 -1.244725 -2.521915
    51 -1.303123 -0.000014 0.000008 -0.004240 -1.451229 -0.001012
    52 -1.094650 0.000007 0.000003 -2.577326 -1.476285 2.574417
    53 0.000000 0.000000 0.000000 0.000000 0.000000 0.000000
    54 0.000000 0.000000 0.000000 0.000000 0.000000 -1.570796
    55 0.000000 0.000000 0.000000 0.000000 0.000000 -1.570796
    56 -2.000000 0.000000 0.000000 -1.570796 0.000000 0.174533
    57 -1.500000 0.000002 0.000000 -1.570796 0.000000 0.000000
    58 0.000000 0.500000 0.000000 -1.570796 0.261799 0.000000
    59 -0.000001 0.000000 0.000000 -3.141593 0.174533 0.000000
    60 0.000000 0.000000 -0.000001 -3.141593 0.174533 0.174533
    61 0.000000 0.000000 0.000000 -3.141593 0.349066 -0.174533
    62 0.000000 0.000000 0.000000 -1.570796 0.000000 0.000000
    63 0.000000 0.000000 0.000000 -1.570796 0.000000 0.000000
    64 0.000000 0.000000 0.000000 -1.570796 0.000000 0.000000
    65 0.000000 0.000000 0.000002 -1.570796 0.000000 0.000000
    66 0.000000 0.000000 0.000000 -1.570796 0.000000 0.000000
    67 0.000000 0.000001 0.000000 -1.570796 0.000000 0.000000
    68 0.000000 0.000000 0.000000 -1.570796 0.000000 0.000000
    69 0.000000 0.000000 0.000000 -1.570796 0.000000 0.000000
    70 0.000000 0.000000 0.000000 -1.570796 0.000000 0.000000
    71 0.000000 0.000000 0.000000 -1.570796 0.000000 0.000000
    72 0.000000 0.000000 0.000000 -1.570796 0.000000 0.000000
    73 0.000000 0.000000 0.000000 -1.570796 0.000000 0.000000
    74 -2.000000 0.000000 0.000000 1.570796 0.000000 0.174533
    75 -1.500000 -0.000001 -0.250000 1.570796 0.000000 0.000000
    76 -1.000000 0.250000 0.500000 1.570796 0.000000 0.000000
    77 0.000000 0.000000 0.000000 2.094395 0.000000 -3.141593
    78 0.000000 0.000000 0.000000 2.094395 0.000000 -3.141593
    79 0.000000 -0.200001 -0.200000 1.745329 0.000000 -3.141593
    80 0.000000 -0.000001 -0.000002 1.570796 0.000000 3.141593
    81 0.000000 0.000000 0.000000 1.570796 0.000000 -3.141593
    82 0.000000 0.000000 -0.000002 1.570796 0.000000 -3.141593
    83 0.000000 0.000000 0.000000 1.570796 0.000000 3.141593
    84 -0.000002 0.000000 0.000000 1.570796 0.000000 3.141593
    85 0.000000 0.000000 0.000000 1.570796 0.000000 3.141593
    86 0.000000 0.000000 0.000000 1.570796 0.000000 3.141593
    87 0.000000 0.000000 0.000000 1.570796 0.000000 -3.141593
    88 0.000000 0.000000 0.000000 1.570796 0.000000 -3.141593
    89 0.000000 0.000000 0.000000 1.570796 0.000000 3.141593
    90 0.000000 0.000000 0.000000 1.570796 0.000000 -3.141593
    91 0.000000 0.000000 0.000000 1.570796 0.000000 -3.141593
  time 28
    0 0.000000 0.000000 0.000000 0.000000 0.000000 -0.000007
    1 0.000000 2.709942 -10.591393 0.000000 -1.570796 1.570796
    2 3.500857 9.013945 -0.640573 0.000000 -1.570796 0.000000
    3 -2.289403 -1.496114 0.973094 0.000000 0.000000 0.000000
    4 4.409996 0.000005 -0.000003 0.136223 -0.087667 0.269746
    5 10.079981 -0.000003 -0.000001 -0.000002 -0.000003 -0.540168
    6 0.000000 -0.000001 0.000000 -0.208796 0.000005 0.000001
    7 3.359990 0.000014 -0.000007 -0.417600 0.000000 0.000003
    8 6.719987 0.000030 -0.000015 -0.626400 -0.000002 0.000001
    9 3.500862 -5.725745 -0.640568 0.000000 -1.570795 3.141592
    10 -2.186730 3.179637 -0.996149 0.000000 0.000000 0.000000
    11 4.409998 -0.000001 0.000004 -0.359906 0.191020 0.384651
    12 10.079982 0.000014 0.000025 0.000004 0.000046 -0.753111
    13 0.000001 0.000004 0.000000 0.263844 -0.000001 0.000010
    14 3.359994 0.000032 0.000015 0.527680 -0.000007 0.000004
    15 6.719987 0.000057 0.000028 0.791558 0.000003 0.000003
    16 0.000000 0.000000 0.000000 1.554785 -0.000372 -3.143306
    17 9.775450 -18.237942 -8.645511 2.242014 0.037588 -1.697475
    18 -0.118055 -0.108981 0.513327 -0.000047 -0.086523 0.000009
    19 4.409994 -0.000012 0.000012 0.000000 0.000000 0.000000
    20 -3.422661 1.711283 0.470872 0.018364 -0.593174 -0.075895
    21 1.410028 0.000010 0.000007 0.000006 0.000009 -0.987481
    22 0.993011 -0.000001 0.000006 0.000001 -0.000006 -0.761963
    23 -1.022532 1.571291 -0.406268 0.562009 -1.088038 -0.422346
    24 1.337718 0.000005 0.000002 -3.141591 -1.497669 3.135755
    25 1.180473 -0.000093 -0.000003 2.322271 -1.447922 -2.264049
    26 -0.666712 0.565948 -0.425195 0.276535 -1.168921 -0.243380
    27 1.311736 0.000006 0.000004 -3.109347 -1.501840 3.110658
    28 1.132875 -0.000003 -0.000005 -2.277655 -1.482347 2.251198
    29 -0.835869 -0.375753 -0.250998 -0.232083 -1.169899 0.124274
    30 1.303124 0.000019 0.000004 2.990803 -1.546793 -2.975952
    31 1.094648 -0.000011 -0.000003 -0.062804 -1.544912 0.032862
    32 -1.144743 -1.304737 0.171518 -0.974001 -1.088390 0.663341
    33 1.052849 0.000000 -0.000004 3.124857 -1.425270 3.135795
    34 0.916342 -0.000031 0.000001 3.141553 -1.536954 -3.129942
    35 -7.642734 -18.287500 -8.813294 0.900063 -0.021850 -1.603185
    36 -0.117880 -0.102734 -0.180849 0.000013 0.017066 0.000000
    37 4.409983 -0.000034 0.000004 0.000000 0.000000 0.000000
    38 -3.459356 1.711287 -0.541797 0.125169 -0.669906 3.034105
    39 -1.410028 -0.000005 -0.000014 0.000004 0.000001 -0.911659
    40 -0.993008 0.000010 -0.000011 0.000000 -0.000006 -0.908928
    41 -1.077398 1.571280 0.162236 0.351673 -1.124156 2.999846
    42 -1.337713 0.000003 -0.000002 3.078234 -1.322288 -3.107495
    43 -1.180471 0.000072 0.000002 0.222693 -1.503459 -0.194122
    44 -0.719599 0.565946 0.238754 -0.061928 -1.418387 -3.057538
    45 -1.311414 -0.000009 -0.000267 0.002810 -1.315827 0.001501
    46 -1.132872 0.000005 -0.000066 3.139369 -1.176202 -3.092146
    47 -1.239075 -1.304744 -0.314278 -1.430303 -0.982760 -2.003829
    48 -1.052850 0.000005 -0.000004 2.863323 -1.535755 3.140263
    49 -0.916342 0.000033 0.000003 3.130054 -1.386235 -3.118064
    50 -0.900585 -0.375762 0.090056 -0.779868 -1.244725 -2.521915
    51 -1.303123 -0.000014 0.000008 -0.004240 -1.451229 -0.001012
    52 -1.094650 0.000007 0.000003 -2.577326 -1.476285 2.574417
    53 0.000000 0.000000 0.000000 0.000000 0.000000 0.000000
    54 0.000000 0.000000 0.000000 0.000000 0.000000 -1.570796
    55 0.000000 0.000000 0.000000 0.000000 0.000000 -1.570796
    56 -2.000000 0.000000 0.000000 -1.570796 0.000000 0.174533
    57 -1.500000 0.000002 0.000000 -1.570796 0.000000 0.000000
    58 0.000000 0.500000 0.000000 -1.570796 0.261799 0.000000
    59 -0.000001 0.000000 0.000000 -3.141593 0.174533 0.000000
    60 0.000000 0.000000 -0.000001 -3.141593 0.174533 0.174533
    61 0.000000 0.000000 0.000000 -3.141593 0.349066 -0.174533
    62 0.000000 0.000000 0.000000 -1.570796 0.000000 0.000000
    63 0.000000 0.000000 0.000000 -1.570796 0.000000 0.000000
    64 0.000000 0.000000 0.000000 -1.570796 0.000000 0.000000
    65 0.000000 0.000000 0.000002 -1.570796 0.000000 0.000000
    66 0.000000 0.000000 0.000000 -1.570796 0.000000 0.000000
    67 0.000000 0.000001 0.000000 -1.570796 0.000000 0.000000
    68 0.000000 0.000000 0.000000 -1.570796 0.000000 0.000000
    69 0.000000 0.000000 0.000000 -1.570796 0.000000 0.000000
    70 0.000000 0.000000 0.000000 -1.570796 0.000000 0.000000
    71 0.000000 0.000000 0.000000 -1.570796 0.000000 0.000000
    72 0.000000 0.000000 0.000000 -1.570796 0.000000 0.000000
    73 0.000000 0.000000 0.000000 -1.570796 0.000000 0.000000
    74 -2.000000 0.000000 0.000000 1.570796 0.000000 0.174533
    75 -1.500000 -0.000001 -0.250000 1.570796 0.000000 0.000000
    76 -1.000000 0.250000 0.500000 1.570796 0.000000 0.000000
    77 0.000000 0.000000 0.000000 2.094395 0.000000 -3.141593
    78 0.000000 0.000000 0.000000 2.094395 0.000000 -3.141593
    79 0.000000 -0.200001 -0.200000 1.745329 0.000000 -3.141593
    80 0.000000 -0.000001 -0.000002 1.570796 0.000000 3.141593
    81 0.000000 0.000000 0.000000 1.570796 0.000000 -3.141593
    82 0.000000 0.000000 -0.000002 1.570796 0.000000 -3.141593
    83 0.000000 0.000000 0.000000 1.570796 0.000000 3.141593
    84 -0.000002 0.000000 0.000000 1.570796 0.000000 3.141593
    85 0.000000 0.000000 0.000000 1.570796 0.000000 3.141593
    86 0.000000 0.000000 0.000000 1.570796 0.000000 3.141593
    87 0.000000 0.000000 0.000000 1.570796 0.000000 -3.141593
    88 0.000000 0.000000 0.000000 1.570796 0.000000 -3.141593
    89 0.000000 0.000000 0.000000 1.570796 0.000000 3.141593
    90 0.000000 0.000000 0.000000 1.570796 0.000000 -3.141593
    91 0.000000 0.000000 0.000000 1.570796 0.000000 -3.141593
  time 29
    0 0.000000 0.000000 0.000000 0.000000 0.000000 -0.000007
    1 0.000000 2.709942 -10.591393 0.000000 -1.570796 1.570796
    2 3.500857 9.013945 -0.640573 0.000000 -1.570796 0.000000
    3 -2.289403 -1.496114 0.973094 0.000000 0.000000 0.000000
    4 4.409996 0.000005 -0.000003 0.137250 -0.086115 0.258089
    5 10.079981 -0.000003 -0.000001 -0.000002 -0.000003 -0.500424
    6 0.000000 -0.000001 0.000000 -0.204752 0.000005 0.000001
    7 3.359990 0.000014 -0.000007 -0.409461 0.000000 0.000003
    8 6.719987 0.000030 -0.000015 -0.614269 -0.000002 0.000001
    9 3.500862 -5.725745 -0.640568 0.000000 -1.570795 3.141592
    10 -2.186730 3.179637 -0.996149 0.000000 0.000000 0.000000
    11 4.409998 -0.000001 0.000004 -0.351085 0.185321 0.358604
    12 10.079982 0.000014 0.000025 0.000004 0.000046 -0.719960
    13 0.000001 0.000004 0.000000 0.256653 -0.000001 0.000010
    14 3.359994 0.000032 0.000015 0.513318 -0.000007 0.000004
    15 6.719987 0.000057 0.000028 0.769985 0.000003 0.000003
    16 0.000000 0.000000 0.000000 1.556367 -0.000443 -3.143737
    17 9.568413 -18.362946 -8.739263 2.224026 0.053447 -1.687124
    18 -0.118055 -0.108981 0.513327 -0.000047 -0.086523 0.000009
    19 4.409994 -0.000012 0.000012 0.000000 0.000000 0.000000
    20 -3.422661 1.711283 0.470872 0.018364 -0.593174 -0.075895
    21 1.410028 0.000010 0.000007 0.000006 0.000009 -0.987481
    22 0.993011 -0.000001 0.000006 0.000001 -0.000006 -0.761963
    23 -1.022532 1.571291 -0.406268 0.562009 -1.088038 -0.422346
    24 1.337718 0.000005 0.000002 -3.141591 -1.497669 3.135755
    25 1.180473 -0.000093 -0.000003 2.322271 -1.447922 -2.264049
    26 -0.666712 0.565948 -0.425195 0.276535 -1.168921 -0.243380
    27 1.311736 0.000006 0.000004 -3.109347 -1.501840 3.110658
    28 1.132875 -0.000003 -0.000005 -2.277655 -1.482347 2.251198
    29 -0.835869 -0.375753 -0.250998 -0.232083 -1.169899 0.124274
    30 1.303124 0.000019 0.000004 2.990803 -1.546793 -2.975952
    31 1.094648 -0.000011 -0.000003 -0.062792 -1.544912 0.032874
    32 -1.144743 -1.304737 0.171518 -0.974001 -1.088390 0.663341
    33 1.052849 0.000000 -0.000004 3.124857 -1.425270 3.135795
    34 0.916342 -0.000031 0.000001 3.141553 -1.536954 -3.129942
    35 -7.802895 -18.385160 -8.848452 0.916102 -0.022109 -1.622072
    36 -0.117880 -0.102734 -0.180849 0.000013 0.017066 0.000000
    37 4.409983 -0.000034 0.000004 0.000000 0.000000 0.000000
    38 -3.459356 1.711287 -0.541797 0.125169 -0.669906 3.034105
    39 -1.410028 -0.000005 -0.000014 0.000004 0.000001 -0.911659
    40 -0.993008 0.000010 -0.000011 0.000012 -0.000006 -0.908928
    41 -1.077398 1.571280 0.162236 0.351673 -1.124156 2.999846
    42 -1.337713 0.000003 -0.000002 3.078234 -1.322288 -3.107495
    43 -1.180471 0.000072 0.000002 0.222693 -1.503459 -0.194122
    44 -0.719599 0.565946 0.238754 -0.061928 -1.418387 -3.057514
    45 -1.311414 -0.000009 -0.000267 0.002810 -1.315827 0.001501
    46 -1.132872 0.000005 -0.000066 3.139369 -1.176202 -3.092146
    47 -1.239075 -1.304744 -0.314278 -1.430303 -0.982760 -2.003829
    48 -1.052850 0.000005 -0.000004 2.863323 -1.535755 3.140263
    49 -0.916342 0.000033 0.000003 3.130054 -1.386235 -3.118064
    50 -0.900585 -0.375762 0.090056 -0.779868 -1.244725 -2.521915
    51 -1.303123 -0.000014 0.000008 -0.004240 -1.451229 -0.001012
    52 -1.094650 0.000007 0.000003 -2.577326 -1.476285 2.574417
    53 0.000000 0.000000 0.000000 0.000000 0.000000 0.000000
    54 0.000000 0.000000 0.000000 0.000000 0.000000 -1.570796
    55 0.000000 0.000000 0.000000 0.000000 0.000000 -1.570796
    56 -2.000000 0.000000 0.000000 -1.570796 0.000000 0.174533
    57 -1.500000 0.000002 0.000000 -1.570796 0.000000 0.000000
    58 0.000000 0.500000 0.000000 -1.570796 0.261799 0.000000
    59 -0.000001 0.000000 0.000000 -3.141593 0.174533 0.000000
    60 0.000000 0.000000 -0.000001 -3.141593 0.174533 0.174533
    61 0.000000 0.000000 0.000000 -3.141593 0.349066 -0.174533
    62 0.000000 0.000000 0.000000 -1.570796 0.000000 0.000000
    63 0.000000 0.000000 0.000000 -1.570796 0.000000 0.000000
    64 0.000000 0.000000 0.000000 -1.570796 0.000000 0.000000
    65 0.000000 0.000000 0.000002 -1.570796 0.000000 0.000000
    66 0.000000 0.000000 0.000000 -1.570796 0.000000 0.000000
    67 0.000000 0.000001 0.000000 -1.570796 0.000000 0.000000
    68 0.000000 0.000000 0.000000 -1.570796 0.000000 0.000000
    69 0.000000 0.000000 0.000000 -1.570796 0.000000 0.000000
    70 0.000000 0.000000 0.000000 -1.570796 0.000000 0.000000
    71 0.000000 0.000000 0.000000 -1.570796 0.000000 0.000000
    72 0.000000 0.000000 0.000000 -1.570796 0.000000 0.000000
    73 0.000000 0.000000 0.000000 -1.570796 0.000000 0.000000
    74 -2.000000 0.000000 0.000000 1.570796 0.000000 0.174533
    75 -1.500000 -0.000001 -0.250000 1.570796 0.000000 0.000000
    76 -1.000000 0.250000 0.500000 1.570796 0.000000 0.000000
    77 0.000000 0.000000 0.000000 2.094395 0.000000 -3.141593
    78 0.000000 0.000000 0.000000 2.094395 0.000000 -3.141593
    79 0.000000 -0.200001 -0.200000 1.745329 0.000000 -3.141593
    80 0.000000 -0.000001 -0.000002 1.570796 0.000000 3.141593
    81 0.000000 0.000000 0.000000 1.570796 0.000000 -3.141593
    82 0.000000 0.000000 -0.000002 1.570796 0.000000 -3.141593
    83 0.000000 0.000000 0.000000 1.570796 0.000000 3.141593
    84 -0.000002 0.000000 0.000000 1.570796 0.000000 3.141593
    85 0.000000 0.000000 0.000000 1.570796 0.000000 3.141593
    86 0.000000 0.000000 0.000000 1.570796 0.000000 3.141593
    87 0.000000 0.000000 0.000000 1.570796 0.000000 -3.141593
    88 0.000000 0.000000 0.000000 1.570796 0.000000 -3.141593
    89 0.000000 0.000000 0.000000 1.570796 0.000000 3.141593
    90 0.000000 0.000000 0.000000 1.570796 0.000000 -3.141593
    91 0.000000 0.000000 0.000000 1.570796 0.000000 -3.141593
  time 30
    0 0.000000 0.000000 0.000000 0.000000 0.000000 -0.000007
    1 0.000000 2.709942 -10.591393 0.000000 -1.570796 1.570796
    2 3.500857 9.013945 -0.640573 0.000000 -1.570796 0.000000
    3 -2.289403 -1.496114 0.973094 0.000000 0.000000 0.000000
    4 4.409996 0.000005 -0.000003 0.136223 -0.087171 0.257787
    5 10.079981 -0.000003 -0.000001 -0.000002 -0.000003 -0.494452
    6 0.000000 -0.000001 0.000000 -0.204096 0.000005 0.000001
    7 3.359990 0.000014 -0.000007 -0.408173 0.000000 0.000003
    8 6.719987 0.000030 -0.000015 -0.612260 -0.000002 0.000001
    9 3.500862 -5.725745 -0.640568 0.000000 -1.570795 3.141592
    10 -2.186730 3.179637 -0.996149 0.000000 0.000000 0.000000
    11 4.409998 -0.000001 0.000004 -0.346809 0.182373 0.344596
    12 10.079982 0.000014 0.000025 0.000004 0.000046 -0.701753
    13 0.000001 0.000004 0.000000 0.253681 -0.000001 0.000010
    14 3.359994 0.000032 0.000015 0.507352 -0.000007 0.000004
    15 6.719987 0.000057 0.000028 0.761066 0.000003 0.000003
    16 0.000000 0.000000 0.000000 1.558368 -0.000479 -3.143881
    17 9.462941 -18.425448 -8.778327 2.216350 0.056473 -1.681225
    18 -0.118055 -0.108981 0.513327 -0.000047 -0.086523 0.000009
    19 4.409994 -0.000012 0.000012 0.000000 0.000000 0.000000
    20 -3.422661 1.711283 0.470872 0.018364 -0.593174 -0.075895
    21 1.410028 0.000010 0.000007 0.000006 0.000009 -0.987481
    22 0.993011 -0.000001 0.000006 0.000001 -0.000006 -0.761963
    23 -1.022532 1.571291 -0.406268 0.562009 -1.088038 -0.422346
    24 1.337718 0.000005 0.000002 -3.141591 -1.497669 3.135755
    25 1.180473 -0.000093 -0.000003 2.322271 -1.447922 -2.264049
    26 -0.666712 0.565948 -0.425195 0.276535 -1.168921 -0.243380
    27 1.311736 0.000006 0.000004 -3.109347 -1.501840 3.110658
    28 1.132875 -0.000003 -0.000005 -2.277655 -1.482347 2.251198
    29 -0.835869 -0.375753 -0.250998 -0.232083 -1.169899 0.124274
    30 1.303124 0.000019 0.000004 2.990803 -1.546793 -2.975952
    31 1.094648 -0.000011 -0.000003 -0.062804 -1.544912 0.032862
    32 -1.144743 -1.304737 0.171518 -0.974001 -1.088390 0.663341
    33 1.052849 0.000000 -0.000004 3.124857 -1.425270 3.135795
    34 0.916342 -0.000031 0.000001 3.141553 -1.536954 -3.129942
    35 -7.853678 -18.396879 -8.879703 0.918091 -0.022146 -1.624359
    36 -0.117880 -0.102734 -0.180849 0.000013 0.017066 0.000000
    37 4.409983 -0.000034 0.000004 0.000000 0.000000 0.000000
    38 -3.459356 1.711287 -0.541797 0.125169 -0.669906 3.034105
    39 -1.410028 -0.000005 -0.000014 0.000004 0.000001 -0.911659
    40 -0.993008 0.000010 -0.000011 0.000012 -0.000006 -0.908928
    41 -1.077398 1.571280 0.162236 0.351673 -1.124156 2.999846
    42 -1.337713 0.000003 -0.000002 3.078234 -1.322288 -3.107495
    43 -1.180471 0.000072 0.000002 0.222693 -1.503459 -0.194134
    44 -0.719599 0.565946 0.238754 -0.061928 -1.418387 -3.057526
    45 -1.311414 -0.000009 -0.000267 0.002810 -1.315827 0.001501
    46 -1.132872 0.000005 -0.000066 3.139369 -1.176202 -3.092146
    47 -1.239075 -1.304744 -0.314278 -1.430303 -0.982760 -2.003829
    48 -1.052850 0.000005 -0.000004 2.863323 -1.535755 3.140263
    49 -0.916342 0.000033 0.000003 3.130054 -1.386235 -3.118064
    50 -0.900585 -0.375762 0.090056 -0.779868 -1.244725 -2.521915
    51 -1.303123 -0.000014 0.000008 -0.004240 -1.451229 -0.001012
    52 -1.094650 0.000007 0.000003 -2.577326 -1.476285 2.574417
    53 0.000000 0.000000 0.000000 0.000000 0.000000 0.000000
    54 0.000000 0.000000 0.000000 0.000000 0.000000 -1.570796
    55 0.000000 0.000000 0.000000 0.000000 0.000000 -1.570796
    56 -2.000000 0.000000 0.000000 -1.570796 0.000000 0.174533
    57 -1.500000 0.000002 0.000000 -1.570796 0.000000 0.000000
    58 0.000000 0.500000 0.000000 -1.570796 0.261799 0.000000
    59 -0.000001 0.000000 0.000000 -3.141593 0.174533 0.000000
    60 0.000000 0.000000 -0.000001 -3.141593 0.174533 0.174533
    61 0.000000 0.000000 0.000000 -3.141593 0.349066 -0.174533
    62 0.000000 0.000000 0.000000 -1.570796 0.000000 0.000000
    63 0.000000 0.000000 0.000000 -1.570796 0.000000 0.000000
    64 0.000000 0.000000 0.000000 -1.570796 0.000000 0.000000
    65 0.000000 0.000000 0.000002 -1.570796 0.000000 0.000000
    66 0.000000 0.000000 0.000000 -1.570796 0.000000 0.000000
    67 0.000000 0.000001 0.000000 -1.570796 0.000000 0.000000
    68 0.000000 0.000000 0.000000 -1.570796 0.000000 0.000000
    69 0.000000 0.000000 0.000000 -1.570796 0.000000 0.000000
    70 0.000000 0.000000 0.000000 -1.570796 0.000000 0.000000
    71 0.000000 0.000000 0.000000 -1.570796 0.000000 0.000000
    72 0.000000 0.000000 0.000000 -1.570796 0.000000 0.000000
    73 0.000000 0.000000 0.000000 -1.570796 0.000000 0.000000
    74 -2.000000 0.000000 0.000000 1.570796 0.000000 0.174533
    75 -1.500000 -0.000001 -0.250000 1.570796 0.000000 0.000000
    76 -1.000000 0.250000 0.500000 1.570796 0.000000 0.000000
    77 0.000000 0.000000 0.000000 2.094395 0.000000 -3.141593
    78 0.000000 0.000000 0.000000 2.094395 0.000000 -3.141593
    79 0.000000 -0.200001 -0.200000 1.745329 0.000000 -3.141593
    80 0.000000 -0.000001 -0.000002 1.570796 0.000000 3.141593
    81 0.000000 0.000000 0.000000 1.570796 0.000000 -3.141593
    82 0.000000 0.000000 -0.000002 1.570796 0.000000 -3.141593
    83 0.000000 0.000000 0.000000 1.570796 0.000000 3.141593
    84 -0.000002 0.000000 0.000000 1.570796 0.000000 3.141593
    85 0.000000 0.000000 0.000000 1.570796 0.000000 3.141593
    86 0.000000 0.000000 0.000000 1.570796 0.000000 3.141593
    87 0.000000 0.000000 0.000000 1.570796 0.000000 -3.141593
    88 0.000000 0.000000 0.000000 1.570796 0.000000 -3.141593
    89 0.000000 0.000000 0.000000 1.570796 0.000000 3.141593
    90 0.000000 0.000000 0.000000 1.570796 0.000000 -3.141593
    91 0.000000 0.000000 0.000000 1.570796 0.000000 -3.141593
  time 31
    0 0.000000 0.000000 0.000000 0.000000 0.000000 -0.000007
    1 0.000000 2.709942 -10.591393 0.000000 -1.570796 1.570796
    2 3.500857 9.013945 -0.640573 0.000000 -1.570796 0.000000
    3 -2.289403 -1.496114 0.973094 0.000000 0.000000 0.000000
    4 4.409996 0.000005 -0.000003 0.134095 -0.089607 0.264263
    5 10.079981 -0.000003 -0.000001 -0.000002 -0.000003 -0.508933
    6 0.000000 -0.000001 0.000000 -0.205461 0.000005 0.000001
    7 3.359990 0.000014 -0.000007 -0.410903 0.000000 0.000003
    8 6.719987 0.000030 -0.000015 -0.616355 -0.000002 0.000001
    9 3.500862 -5.725745 -0.640568 0.000000 -1.570795 3.141592
    10 -2.186730 3.179637 -0.996149 0.000000 0.000000 0.000000
    11 4.409998 -0.000001 0.000004 -0.342488 0.182193 0.339603
    12 10.079982 0.000014 0.000025 0.000004 0.000046 -0.695841
    13 0.000001 0.000004 0.000000 0.253286 -0.000001 0.000010
    14 3.359994 0.000032 0.000015 0.506535 -0.000007 0.000004
    15 6.719987 0.000057 0.000028 0.759840 0.000003 0.000003
    16 0.000000 0.000000 0.000000 1.560849 -0.000443 -3.143725
    17 9.412158 -18.437167 -8.821297 2.216350 0.050640 -1.678832
    18 -0.118055 -0.108981 0.513327 -0.000047 -0.086523 0.000009
    19 4.409994 -0.000012 0.000012 0.000000 0.000000 0.000000
    20 -3.422661 1.711283 0.470872 0.018364 -0.593174 -0.075895
    21 1.410028 0.000010 0.000007 0.000006 0.000009 -0.987481
    22 0.993011 -0.000001 0.000006 0.000001 -0.000006 -0.761963
    23 -1.022532 1.571291 -0.406268 0.562009 -1.088038 -0.422346
    24 1.337718 0.000005 0.000002 -3.141591 -1.497669 3.135755
    25 1.180473 -0.000093 -0.000003 2.322271 -1.447922 -2.264049
    26 -0.666712 0.565948 -0.425195 0.276535 -1.168921 -0.243380
    27 1.311736 0.000006 0.000004 -3.109347 -1.501840 3.110658
    28 1.132875 -0.000003 -0.000005 -2.277655 -1.482347 2.251198
    29 -0.835869 -0.375753 -0.250998 -0.232083 -1.169899 0.124274
    30 1.303124 0.000019 0.000004 2.990803 -1.546793 -2.975952
    31 1.094648 -0.000011 -0.000003 -0.062816 -1.544912 0.032862
    32 -1.144743 -1.304737 0.171518 -0.974001 -1.088390 0.663341
    33 1.052849 0.000000 -0.000004 3.124857 -1.425270 3.135795
    34 0.916342 -0.000031 0.000001 3.141553 -1.536954 -3.129942
    35 -7.838052 -18.361721 -8.914860 0.912060 -0.022035 -1.617329
    36 -0.117880 -0.102734 -0.180849 0.000013 0.017066 0.000000
    37 4.409983 -0.000034 0.000004 0.000000 0.000000 0.000000
    38 -3.459356 1.711287 -0.541797 0.125169 -0.669906 3.034105
    39 -1.410028 -0.000005 -0.000014 0.000004 0.000001 -0.911659
    40 -0.993008 0.000010 -0.000011 0.000012 -0.000006 -0.908928
    41 -1.077398 1.571280 0.162236 0.351673 -1.124156 2.999846
    42 -1.337713 0.000003 -0.000002 3.078234 -1.322288 -3.107495
    43 -1.180471 0.000072 0.000002 0.222693 -1.503459 -0.194122
    44 -0.719599 0.565946 0.238754 -0.061928 -1.418387 -3.057526
    45 -1.311414 -0.000009 -0.000267 0.002810 -1.315827 0.001501
    46 -1.132872 0.000005 -0.000066 3.139369 -1.176202 -3.092146
    47 -1.239075 -1.304744 -0.314278 -1.430303 -0.982760 -2.003829
    48 -1.052850 0.000005 -0.000004 2.863323 -1.535755 3.140263
    49 -0.916342 0.000033 0.000003 3.130054 -1.386235 -3.118064
    50 -0.900585 -0.375762 0.090056 -0.779868 -1.244725 -2.521915
    51 -1.303123 -0.000014 0.000008 -0.004240 -1.451229 -0.001012
    52 -1.094650 0.000007 0.000003 -2.577326 -1.476285 2.574417
    53 0.000000 0.000000 0.000000 0.000000 0.000000 0.000000
    54 0.000000 0.000000 0.000000 0.000000 0.000000 -1.570796
    55 0.000000 0.000000 0.000000 0.000000 0.000000 -1.570796
    56 -2.000000 0.000000 0.000000 -1.570796 0.000000 0.174533
    57 -1.500000 0.000002 0.000000 -1.570796 0.000000 0.000000
    58 0.000000 0.500000 0.000000 -1.570796 0.261799 0.000000
    59 -0.000001 0.000000 0.000000 -3.141593 0.174533 0.000000
    60 0.000000 0.000000 -0.000001 -3.141593 0.174533 0.174533
    61 0.000000 0.000000 0.000000 -3.141593 0.349066 -0.174533
    62 0.000000 0.000000 0.000000 -1.570796 0.000000 0.000000
    63 0.000000 0.000000 0.000000 -1.570796 0.000000 0.000000
    64 0.000000 0.000000 0.000000 -1.570796 0.000000 0.000000
    65 0.000000 0.000000 0.000002 -1.570796 0.000000 0.000000
    66 0.000000 0.000000 0.000000 -1.570796 0.000000 0.000000
    67 0.000000 0.000001 0.000000 -1.570796 0.000000 0.000000
    68 0.000000 0.000000 0.000000 -1.570796 0.000000 0.000000
    69 0.000000 0.000000 0.000000 -1.570796 0.000000 0.000000
    70 0.000000 0.000000 0.000000 -1.570796 0.000000 0.000000
    71 0.000000 0.000000 0.000000 -1.570796 0.000000 0.000000
    72 0.000000 0.000000 0.000000 -1.570796 0.000000 0.000000
    73 0.000000 0.000000 0.000000 -1.570796 0.000000 0.000000
    74 -2.000000 0.000000 0.000000 1.570796 0.000000 0.174533
    75 -1.500000 -0.000001 -0.250000 1.570796 0.000000 0.000000
    76 -1.000000 0.250000 0.500000 1.570796 0.000000 0.000000
    77 0.000000 0.000000 0.000000 2.094395 0.000000 -3.141593
    78 0.000000 0.000000 0.000000 2.094395 0.000000 -3.141593
    79 0.000000 -0.200001 -0.200000 1.745329 0.000000 -3.141593
    80 0.000000 -0.000001 -0.000002 1.570796 0.000000 3.141593
    81 0.000000 0.000000 0.000000 1.570796 0.000000 -3.141593
    82 0.000000 0.000000 -0.000002 1.570796 0.000000 -3.141593
    83 0.000000 0.000000 0.000000 1.570796 0.000000 3.141593
    84 -0.000002 0.000000 0.000000 1.570796 0.000000 3.141593
    85 0.000000 0.000000 0.000000 1.570796 0.000000 3.141593
    86 0.000000 0.000000 0.000000 1.570796 0.000000 3.141593
    87 0.000000 0.000000 0.000000 1.570796 0.000000 -3.141593
    88 0.000000 0.000000 0.000000 1.570796 0.000000 -3.141593
    89 0.000000 0.000000 0.000000 1.570796 0.000000 3.141593
    90 0.000000 0.000000 0.000000 1.570796 0.000000 -3.141593
    91 0.000000 0.000000 0.000000 1.570796 0.000000 -3.141593
  time 32
    0 0.000000 0.000000 0.000000 0.000000 0.000000 -0.000007
    1 0.000000 2.709942 -10.591393 0.000000 -1.570796 1.570796
    2 3.500857 9.013945 -0.640573 0.000000 -1.570796 0.000000
    3 -2.289403 -1.496114 0.973094 0.000000 0.000000 0.000000
    4 4.409996 0.000005 -0.000003 0.131894 -0.092043 0.271948
    5 10.079981 -0.000003 -0.000001 -0.000002 -0.000003 -0.528065
    6 0.000000 -0.000001 0.000000 -0.207341 0.000005 0.000001
    7 3.359990 0.000014 -0.000007 -0.414689 0.000000 0.000003
    8 6.719987 0.000030 -0.000015 -0.622034 -0.000002 0.000001
    9 3.500862 -5.725745 -0.640568 0.000000 -1.570795 3.141592
    10 -2.186730 3.179637 -0.996149 0.000000 0.000000 0.000000
    11 4.409998 -0.000001 0.000004 -0.338951 0.183208 0.339403
    12 10.079982 0.000014 0.000025 0.000004 0.000046 -0.696125
    13 0.000001 0.000004 0.000000 0.254029 -0.000001 0.000010
    14 3.359994 0.000032 0.000015 0.508036 -0.000007 0.000004
    15 6.719987 0.000057 0.000028 0.762092 0.000003 0.000003
    16 0.000000 0.000000 0.000000 1.563713 -0.000372 -3.143306
    17 9.392626 -18.437167 -8.852548 2.219499 0.042182 -1.678276
    18 -0.118055 -0.108981 0.513327 -0.000047 -0.086523 0.000009
    19 4.409994 -0.000012 0.000012 0.000000 0.000000 0.000000
    20 -3.422661 1.711283 0.470872 0.018364 -0.593174 -0.075895
    21 1.410028 0.000010 0.000007 0.000006 0.000009 -0.987481
    22 0.993011 -0.000001 0.000006 0.000001 -0.000006 -0.761963
    23 -1.022532 1.571291 -0.406268 0.562009 -1.088038 -0.422346
    24 1.337718 0.000005 0.000002 -3.141591 -1.497669 3.135755
    25 1.180473 -0.000093 -0.000003 2.322271 -1.447922 -2.264049
    26 -0.666712 0.565948 -0.425195 0.276535 -1.168921 -0.243380
    27 1.311736 0.000006 0.000004 -3.109347 -1.501840 3.110658
    28 1.132875 -0.000003 -0.000005 -2.277655 -1.482347 2.251198
    29 -0.835869 -0.375753 -0.250998 -0.232083 -1.169899 0.124274
    30 1.303124 0.000019 0.000004 2.990803 -1.546793 -2.975952
    31 1.094648 -0.000011 -0.000003 -0.062804 -1.544912 0.032862
    32 -1.144743 -1.304737 0.171518 -0.974001 -1.088390 0.663341
    33 1.052849 0.000000 -0.000004 3.124857 -1.425270 3.135795
    34 0.916342 -0.000031 0.000001 3.141553 -1.536954 -3.129942
    35 -7.798989 -18.310939 -8.930485 0.904073 -0.021887 -1.607843
    36 -0.117880 -0.102734 -0.180849 0.000013 0.017066 0.000000
    37 4.409983 -0.000034 0.000004 0.000000 0.000000 0.000000
    38 -3.459356 1.711287 -0.541797 0.125169 -0.669906 3.034105
    39 -1.410028 -0.000005 -0.000014 0.000004 0.000001 -0.911659
    40 -0.993008 0.000010 -0.000011 0.000012 -0.000006 -0.908928
    41 -1.077398 1.571280 0.162236 0.351673 -1.124156 2.999846
    42 -1.337713 0.000003 -0.000002 3.078234 -1.322288 -3.107495
    43 -1.180471 0.000072 0.000002 0.222693 -1.503459 -0.194134
    44 -0.719599 0.565946 0.238754 -0.061928 -1.418387 -3.057514
    45 -1.311414 -0.000009 -0.000267 0.002810 -1.315827 0.001501
    46 -1.132872 0.000005 -0.000066 3.139369 -1.176202 -3.092146
    47 -1.239075 -1.304744 -0.314278 -1.430303 -0.982760 -2.003829
    48 -1.052850 0.000005 -0.000004 2.863323 -1.535755 3.140263
    49 -0.916342 0.000033 0.000003 3.130054 -1.386235 -3.118064
    50 -0.900585 -0.375762 0.090056 -0.779868 -1.244725 -2.521915
    51 -1.303123 -0.000014 0.000008 -0.004240 -1.451229 -0.001012
    52 -1.094650 0.000007 0.000003 -2.577326 -1.476285 2.574417
    53 0.000000 0.000000 0.000000 0.000000 0.000000 0.000000
    54 0.000000 0.000000 0.000000 0.000000 0.000000 -1.570796
    55 0.000000 0.000000 0.000000 0.000000 0.000000 -1.570796
    56 -2.000000 0.000000 0.000000 -1.570796 0.000000 0.174533
    57 -1.500000 0.000002 0.000000 -1.570796 0.000000 0.000000
    58 0.000000 0.500000 0.000000 -1.570796 0.261799 0.000000
    59 -0.000001 0.000000 0.000000 -3.141593 0.174533 0.000000
    60 0.000000 0.000000 -0.000001 -3.141593 0.174533 0.174533
    61 0.000000 0.000000 0.000000 -3.141593 0.349066 -0.174533
    62 0.000000 0.000000 0.000000 -1.570796 0.000000 0.000000
    63 0.000000 0.000000 0.000000 -1.570796 0.000000 0.000000
    64 0.000000 0.000000 0.000000 -1.570796 0.000000 0.000000
    65 0.000000 0.000000 0.000002 -1.570796 0.000000 0.000000
    66 0.000000 0.000000 0.000000 -1.570796 0.000000 0.000000
    67 0.000000 0.000001 0.000000 -1.570796 0.000000 0.000000
    68 0.000000 0.000000 0.000000 -1.570796 0.000000 0.000000
    69 0.000000 0.000000 0.000000 -1.570796 0.000000 0.000000
    70 0.000000 0.000000 0.000000 -1.570796 0.000000 0.000000
    71 0.000000 0.000000 0.000000 -1.570796 0.000000 0.000000
    72 0.000000 0.000000 0.000000 -1.570796 0.000000 0.000000
    73 0.000000 0.000000 0.000000 -1.570796 0.000000 0.000000
    74 -2.000000 0.000000 0.000000 1.570796 0.000000 0.174533
    75 -1.500000 -0.000001 -0.250000 1.570796 0.000000 0.000000
    76 -1.000000 0.250000 0.500000 1.570796 0.000000 0.000000
    77 0.000000 0.000000 0.000000 2.094395 0.000000 -3.141593
    78 0.000000 0.000000 0.000000 2.094395 0.000000 -3.141593
    79 0.000000 -0.200001 -0.200000 1.745329 0.000000 -3.141593
    80 0.000000 -0.000001 -0.000002 1.570796 0.000000 3.141593
    81 0.000000 0.000000 0.000000 1.570796 0.000000 -3.141593
    82 0.000000 0.000000 -0.000002 1.570796 0.000000 -3.141593
    83 0.000000 0.000000 0.000000 1.570796 0.000000 3.141593
    84 -0.000002 0.000000 0.000000 1.570796 0.000000 3.141593
    85 0.000000 0.000000 0.000000 1.570796 0.000000 3.141593
    86 0.000000 0.000000 0.000000 1.570796 0.000000 3.141593
    87 0.000000 0.000000 0.000000 1.570796 0.000000 -3.141593
    88 0.000000 0.000000 0.000000 1.570796 0.000000 -3.141593
    89 0.000000 0.000000 0.000000 1.570796 0.000000 3.141593
    90 0.000000 0.000000 0.000000 1.570796 0.000000 -3.141593
    91 0.000000 0.000000 0.000000 1.570796 0.000000 -3.141593
  time 33
    0 0.000000 0.000000 0.000000 0.000000 0.000000 -0.000007
    1 0.000000 2.709942 -10.591393 0.000000 -1.570796 1.570796
    2 3.500857 9.013945 -0.640573 0.000000 -1.570796 0.000000
    3 -2.289403 -1.496114 0.973094 0.000000 0.000000 0.000000
    4 4.409996 0.000005 -0.000003 0.130940 -0.093229 0.275618
    5 10.079981 -0.000003 -0.000001 -0.000002 -0.000003 -0.537314
    6 0.000000 -0.000001 0.000000 -0.208255 0.000005 0.000001
    7 3.359990 0.000014 -0.000007 -0.416518 0.000000 0.000003
    8 6.719987 0.000030 -0.000015 -0.624777 -0.000002 0.000001
    9 3.500862 -5.725745 -0.640568 0.000000 -1.570795 3.141592
    10 -2.186730 3.179637 -0.996149 0.000000 0.000000 0.000000
    11 4.409998 -0.000001 0.000004 -0.337182 0.183847 0.339603
    12 10.079982 0.000014 0.000025 0.000004 0.000046 -0.696740
    13 0.000001 0.000004 0.000000 0.254496 -0.000001 0.000010
    14 3.359994 0.000032 0.000015 0.508986 -0.000007 0.000004
    15 6.719987 0.000057 0.000028 0.763488 0.000003 0.000003
    16 0.000000 0.000000 0.000000 1.567069 -0.000216 -3.142599
    17 9.388720 -18.429354 -8.868174 2.221349 0.037515 -1.678220
    18 -0.118055 -0.108981 0.513327 -0.000047 -0.086523 0.000009
    19 4.409994 -0.000012 0.000012 0.000000 0.000000 0.000000
    20 -3.422661 1.711283 0.470872 0.018364 -0.593174 -0.075895
    21 1.410028 0.000010 0.000007 0.000006 0.000009 -0.987481
    22 0.993011 -0.000001 0.000006 0.000001 -0.000006 -0.761963
    23 -1.022532 1.571291 -0.406268 0.562009 -1.088038 -0.422346
    24 1.337718 0.000005 0.000002 -3.141591 -1.497669 3.135755
    25 1.180473 -0.000093 -0.000003 2.322271 -1.447922 -2.264049
    26 -0.666712 0.565948 -0.425195 0.276535 -1.168921 -0.243380
    27 1.311736 0.000006 0.000004 -3.109347 -1.501840 3.110658
    28 1.132875 -0.000003 -0.000005 -2.277655 -1.482347 2.251198
    29 -0.835869 -0.375753 -0.250998 -0.232083 -1.169899 0.124274
    30 1.303124 0.000019 0.000004 2.990803 -1.546793 -2.975952
    31 1.094648 -0.000011 -0.000003 -0.062804 -1.544912 0.032862
    32 -1.144743 -1.304737 0.171518 -0.974001 -1.088390 0.663341
    33 1.052849 0.000000 -0.000004 3.124857 -1.425270 3.135795
    34 0.916342 -0.000031 0.000001 3.141553 -1.536954 -3.129942
    35 -7.779457 -18.287500 -8.942204 0.900063 -0.021850 -1.603185
    36 -0.117880 -0.102734 -0.180849 0.000013 0.017066 0.000000
    37 4.409983 -0.000034 0.000004 0.000000 0.000000 0.000000
    38 -3.459356 1.711287 -0.541797 0.125169 -0.669906 3.034105
    39 -1.410028 -0.000005 -0.000014 0.000004 0.000001 -0.911659
    40 -0.993008 0.000010 -0.000011 0.000000 -0.000006 -0.908928
    41 -1.077398 1.571280 0.162236 0.351673 -1.124156 2.999846
    42 -1.337713 0.000003 -0.000002 3.078234 -1.322288 -3.107495
    43 -1.180471 0.000072 0.000002 0.222693 -1.503459 -0.194122
    44 -0.719599 0.565946 0.238754 -0.061928 -1.418387 -3.057538
    45 -1.311414 -0.000009 -0.000267 0.002810 -1.315827 0.001501
    46 -1.132872 0.000005 -0.000066 3.139369 -1.176202 -3.092146
    47 -1.239075 -1.304744 -0.314278 -1.430303 -0.982760 -2.003829
    48 -1.052850 0.000005 -0.000004 2.863323 -1.535755 3.140263
    49 -0.916342 0.000033 0.000003 3.130054 -1.386235 -3.118064
    50 -0.900585 -0.375762 0.090056 -0.779868 -1.244725 -2.521915
    51 -1.303123 -0.000014 0.000008 -0.004240 -1.451229 -0.001012
    52 -1.094650 0.000007 0.000003 -2.577326 -1.476285 2.574417
    53 0.000000 0.000000 0.000000 0.000000 0.000000 0.000000
    54 0.000000 0.000000 0.000000 0.000000 0.000000 -1.570796
    55 0.000000 0.000000 0.000000 0.000000 0.000000 -1.570796
    56 -2.000000 0.000000 0.000000 -1.570796 0.000000 0.174533
    57 -1.500000 0.000002 0.000000 -1.570796 0.000000 0.000000
    58 0.000000 0.500000 0.000000 -1.570796 0.261799 0.000000
    59 -0.000001 0.000000 0.000000 -3.141593 0.174533 0.000000
    60 0.000000 0.000000 -0.000001 -3.141593 0.174533 0.174533
    61 0.000000 0.000000 0.000000 -3.141593 0.349066 -0.174533
    62 0.000000 0.000000 0.000000 -1.570796 0.000000 0.000000
    63 0.000000 0.000000 0.000000 -1.570796 0.000000 0.000000
    64 0.000000 0.000000 0.000000 -1.570796 0.000000 0.000000
    65 0.000000 0.000000 0.000002 -1.570796 0.000000 0.000000
    66 0.000000 0.000000 0.000000 -1.570796 0.000000 0.000000
    67 0.000000 0.000001 0.000000 -1.570796 0.000000 0.000000
    68 0.000000 0.000000 0.000000 -1.570796 0.000000 0.000000
    69 0.000000 0.000000 0.000000 -1.570796 0.000000 0.000000
    70 0.000000 0.000000 0.000000 -1.570796 0.000000 0.000000
    71 0.000000 0.000000 0.000000 -1.570796 0.000000 0.000000
    72 0.000000 0.000000 0.000000 -1.570796 0.000000 0.000000
    73 0.000000 0.000000 0.000000 -1.570796 0.000000 0.000000
    74 -2.000000 0.000000 0.000000 1.570796 0.000000 0.174533
    75 -1.500000 -0.000001 -0.250000 1.570796 0.000000 0.000000
    76 -1.000000 0.250000 0.500000 1.570796 0.000000 0.000000
    77 0.000000 0.000000 0.000000 2.094395 0.000000 -3.141593
    78 0.000000 0.000000 0.000000 2.094395 0.000000 -3.141593
    79 0.000000 -0.200001 -0.200000 1.745329 0.000000 -3.141593
    80 0.000000 -0.000001 -0.000002 1.570796 0.000000 3.141593
    81 0.000000 0.000000 0.000000 1.570796 0.000000 -3.141593
    82 0.000000 0.000000 -0.000002 1.570796 0.000000 -3.141593
    83 0.000000 0.000000 0.000000 1.570796 0.000000 3.141593
    84 -0.000002 0.000000 0.000000 1.570796 0.000000 3.141593
    85 0.000000 0.000000 0.000000 1.570796 0.000000 3.141593
    86 0.000000 0.000000 0.000000 1.570796 0.000000 3.141593
    87 0.000000 0.000000 0.000000 1.570796 0.000000 -3.141593
    88 0.000000 0.000000 0.000000 1.570796 0.000000 -3.141593
    89 0.000000 0.000000 0.000000 1.570796 0.000000 3.141593
    90 0.000000 0.000000 0.000000 1.570796 0.000000 -3.141593
    91 0.000000 0.000000 0.000000 1.570796 0.000000 -3.141593
  time 34
    0 0.000000 0.000000 0.000000 0.000000 0.000000 -0.000007
    1 0.000000 2.709942 -10.591393 0.000000 -1.570796 1.570796
    2 3.500857 9.013945 -0.640573 0.000000 -1.570796 0.000000
    3 -2.289403 -1.496114 0.973094 0.000000 0.000000 0.000000
    4 4.409996 0.000005 -0.000003 0.130940 -0.093229 0.275618
    5 10.079981 -0.000003 -0.000001 -0.000002 -0.000003 -0.537314
    6 0.000000 -0.000001 0.000000 -0.208255 0.000005 0.000001
    7 3.359990 0.000014 -0.000007 -0.416518 0.000000 0.000003
    8 6.719987 0.000030 -0.000015 -0.624777 -0.000002 0.000001
    9 3.500862 -5.725745 -0.640568 0.000000 -1.570795 3.141592
    10 -2.186730 3.179637 -0.996149 0.000000 0.000000 0.000000
    11 4.409998 -0.000001 0.000004 -0.337182 0.183847 0.339603
    12 10.079982 0.000014 0.000025 0.000004 0.000046 -0.696740
    13 0.000001 0.000004 0.000000 0.254496 -0.000001 0.000010
    14 3.359994 0.000032 0.000015 0.508986 -0.000007 0.000004
    15 6.719987 0.000057 0.000028 0.763488 0.000003 0.000003
    16 0.000000 0.000000 0.000000 1.570796 0.000000 -3.141592
    17 9.388720 -18.429354 -8.868174 2.221349 0.037515 -1.678220
    18 -0.118055 -0.108981 0.513327 -0.000047 -0.086523 0.000009
    19 4.409994 -0.000012 0.000012 0.000000 0.000000 0.000000
    20 -3.422661 1.711283 0.470872 0.018364 -0.593174 -0.075895
    21 1.410028 0.000010 0.000007 0.000006 0.000009 -0.987481
    22 0.993011 -0.000001 0.000006 0.000001 -0.000006 -0.761963
    23 -1.022532 1.571291 -0.406268 0.562009 -1.088038 -0.422346
    24 1.337718 0.000005 0.000002 -3.141591 -1.497669 3.135755
    25 1.180473 -0.000093 -0.000003 2.322271 -1.447922 -2.264049
    26 -0.666712 0.565948 -0.425195 0.276535 -1.168921 -0.243380
    27 1.311736 0.000006 0.000004 -3.109347 -1.501840 3.110658
    28 1.132875 -0.000003 -0.000005 -2.277655 -1.482347 2.251198
    29 -0.835869 -0.375753 -0.250998 -0.232083 -1.169899 0.124274
    30 1.303124 0.000019 0.000004 2.990803 -1.546793 -2.975952
    31 1.094648 -0.000011 -0.000003 -0.062804 -1.544912 0.032862
    32 -1.144743 -1.304737 0.171518 -0.974001 -1.088390 0.663341
    33 1.052849 0.000000 -0.000004 3.124857 -1.425270 3.135795
    34 0.916342 -0.000031 0.000001 3.141553 -1.536954 -3.129942
    35 -7.779457 -18.287500 -8.942204 0.900063 -0.021850 -1.603185
    36 -0.117880 -0.102734 -0.180849 0.000013 0.017066 0.000000
    37 4.409983 -0.000034 0.000004 0.000000 0.000000 0.000000
    38 -3.459356 1.711287 -0.541797 0.125169 -0.669906 3.034105
    39 -1.410028 -0.000005 -0.000014 0.000004 0.000001 -0.911659
    40 -0.993008 0.000010 -0.000011 0.000000 -0.000006 -0.908928
    41 -1.077398 1.571280 0.162236 0.351673 -1.124156 2.999846
    42 -1.337713 0.000003 -0.000002 3.078234 -1.322288 -3.107495
    43 -1.180471 0.000072 0.000002 0.222693 -1.503459 -0.194122
    44 -0.719599 0.565946 0.238754 -0.061928 -1.418387 -3.057538
    45 -1.311414 -0.000009 -0.000267 0.002810 -1.315827 0.001501
    46 -1.132872 0.000005 -0.000066 3.139369 -1.176202 -3.092146
    47 -1.239075 -1.304744 -0.314278 -1.430303 -0.982760 -2.003829
    48 -1.052850 0.000005 -0.000004 2.863323 -1.535755 3.140263
    49 -0.916342 0.000033 0.000003 3.130054 -1.386235 -3.118064
    50 -0.900585 -0.375762 0.090056 -0.779868 -1.244725 -2.521915
    51 -1.303123 -0.000014 0.000008 -0.004240 -1.451229 -0.001012
    52 -1.094650 0.000007 0.000003 -2.577326 -1.476285 2.574417
    53 0.000000 0.000000 0.000000 0.000000 0.000000 0.000000
    54 0.000000 0.000000 0.000000 0.000000 0.000000 -1.570796
    55 0.000000 0.000000 0.000000 0.000000 0.000000 -1.570796
    56 -2.000000 0.000000 0.000000 -1.570796 0.000000 0.174533
    57 -1.500000 0.000002 0.000000 -1.570796 0.000000 0.000000
    58 0.000000 0.500000 0.000000 -1.570796 0.261799 0.000000
    59 -0.000001 0.000000 0.000000 -3.141593 0.174533 0.000000
    60 0.000000 0.000000 -0.000001 -3.141593 0.174533 0.174533
    61 0.000000 0.000000 0.000000 -3.141593 0.349066 -0.174533
    62 0.000000 0.000000 0.000000 -1.570796 0.000000 0.000000
    63 0.000000 0.000000 0.000000 -1.570796 0.000000 0.000000
    64 0.000000 0.000000 0.000000 -1.570796 0.000000 0.000000
    65 0.000000 0.000000 0.000002 -1.570796 0.000000 0.000000
    66 0.000000 0.000000 0.000000 -1.570796 0.000000 0.000000
    67 0.000000 0.000001 0.000000 -1.570796 0.000000 0.000000
    68 0.000000 0.000000 0.000000 -1.570796 0.000000 0.000000
    69 0.000000 0.000000 0.000000 -1.570796 0.000000 0.000000
    70 0.000000 0.000000 0.000000 -1.570796 0.000000 0.000000
    71 0.000000 0.000000 0.000000 -1.570796 0.000000 0.000000
    72 0.000000 0.000000 0.000000 -1.570796 0.000000 0.000000
    73 0.000000 0.000000 0.000000 -1.570796 0.000000 0.000000
    74 -2.000000 0.000000 0.000000 1.570796 0.000000 0.174533
    75 -1.500000 -0.000001 -0.250000 1.570796 0.000000 0.000000
    76 -1.000000 0.250000 0.500000 1.570796 0.000000 0.000000
    77 0.000000 0.000000 0.000000 2.094395 0.000000 -3.141593
    78 0.000000 0.000000 0.000000 2.094395 0.000000 -3.141593
    79 0.000000 -0.200001 -0.200000 1.745329 0.000000 -3.141593
    80 0.000000 -0.000001 -0.000002 1.570796 0.000000 3.141593
    81 0.000000 0.000000 0.000000 1.570796 0.000000 -3.141593
    82 0.000000 0.000000 -0.000002 1.570796 0.000000 -3.141593
    83 0.000000 0.000000 0.000000 1.570796 0.000000 3.141593
    84 -0.000002 0.000000 0.000000 1.570796 0.000000 3.141593
    85 0.000000 0.000000 0.000000 1.570796 0.000000 3.141593
    86 0.000000 0.000000 0.000000 1.570796 0.000000 3.141593
    87 0.000000 0.000000 0.000000 1.570796 0.000000 -3.141593
    88 0.000000 0.000000 0.000000 1.570796 0.000000 -3.141593
    89 0.000000 0.000000 0.000000 1.570796 0.000000 3.141593
    90 0.000000 0.000000 0.000000 1.570796 0.000000 -3.141593
    91 0.000000 0.000000 0.000000 1.570796 0.000000 -3.141593
end
