// Created by Crowbar 0.74
version 1
nodes
  0 "NMRiH_FPS_Arms_Control_World" -1
  1 "NMRiH_FPS_Arms_Control_Root" 0
  2 "NMRiH_FPS_Arms_Control_RightCollar-Brk" 1
  3 "NMRiH_FPS_Arms_Control_RightCollar" 2
  4 "NMRiH_FPS_Arms_Control_RightShoulder" 3
  5 "NMRiH_FPS_Arms_Control_RightElbow" 4
  6 "NMRiH_FPS_Arms_Control_RightElbowTwist1" 5
  7 "NMRiH_FPS_Arms_Control_RightElbowTwist2" 5
  8 "NMRiH_FPS_Arms_Control_RightElbowTwist3" 5
  9 "NMRiH_FPS_Arms_Control_LeftCollar-Brk" 1
  10 "NMRiH_FPS_Arms_Control_LeftCollar" 9
  11 "NMRiH_FPS_Arms_Control_LeftShoulder" 10
  12 "NMRiH_FPS_Arms_Control_LeftElbow" 11
  13 "NMRiH_FPS_Arms_Control_LeftElbowTwist1" 12
  14 "NMRiH_FPS_Arms_Control_LeftElbowTwist2" 12
  15 "NMRiH_FPS_Arms_Control_LeftElbowTwist3" 12
  16 "camera_bone" 0
  17 "SphereGizmo01" -1
  18 "NMRiH_FPS_Arms_Control_LeftWrist" 17
  19 "NMRiH_FPS_Arms_Control_PSNULL47" 18
  20 "Thumb1" 19
  21 "Thumb2" 20
  22 "Thumb3" 21
  23 "Index1" 19
  24 "Index2" 23
  25 "Index3" 24
  26 "Middle1" 19
  27 "Middle2" 26
  28 "Middle3" 27
  29 "Ring1" 19
  30 "Ring2" 29
  31 "Ring3" 30
  32 "Pinky1" 19
  33 "Pinky2" 32
  34 "Pinky3" 33
  35 "SphereGizmo02" -1
  36 "NMRiH_FPS_Arms_Control_RightWrist" 35
  37 "NMRiH_FPS_Arms_Control_PSNULL20" 36
  38 "Thumb04" 37
  39 "Thumb05" 38
  40 "Thumb06" 39
  41 "Index06" 37
  42 "Index04" 41
  43 "Index05" 42
  44 "Middle06" 37
  45 "Middle04" 44
  46 "Middle05" 45
  47 "Pinky04" 37
  48 "Pinky05" 47
  49 "Pinky06" 48
  50 "Ring06" 37
  51 "Ring04" 50
  52 "Ring05" 51
  53 "ValveBiped.Bip01_Spine4" 1
  54 "ValveBiped.Bip01_L_Clavicle" -1
  55 "ValveBiped.Bip01_R_Clavicle" -1
  56 "ValveBiped.Bip01_L_UpperArm" 11
  57 "ValveBiped.Bip01_L_Forearm" 12
  58 "ValveBiped.Bip01_L_Hand" 18
  59 "ValveBiped.Bip01_L_Finger0" 20
  60 "ValveBiped.Bip01_L_Finger01" 21
  61 "ValveBiped.Bip01_L_Finger02" 22
  62 "ValveBiped.Bip01_L_Finger1" 23
  63 "ValveBiped.Bip01_L_Finger11" 24
  64 "ValveBiped.Bip01_L_Finger12" 25
  65 "ValveBiped.Bip01_L_Finger2" 26
  66 "ValveBiped.Bip01_L_Finger21" 27
  67 "ValveBiped.Bip01_L_Finger22" 28
  68 "ValveBiped.Bip01_L_Finger3" 29
  69 "ValveBiped.Bip01_L_Finger31" 30
  70 "ValveBiped.Bip01_L_Finger32" 31
  71 "ValveBiped.Bip01_L_Finger4" 32
  72 "ValveBiped.Bip01_L_Finger41" 33
  73 "ValveBiped.Bip01_L_Finger42" 34
  74 "ValveBiped.Bip01_R_UpperArm" 4
  75 "ValveBiped.Bip01_R_Forearm" 5
  76 "ValveBiped.Bip01_R_Hand" 36
  77 "ValveBiped.Bip01_R_Finger0" 38
  78 "ValveBiped.Bip01_R_Finger01" 39
  79 "ValveBiped.Bip01_R_Finger02" 40
  80 "ValveBiped.Bip01_R_Finger1" 41
  81 "ValveBiped.Bip01_R_Finger11" 42
  82 "ValveBiped.Bip01_R_Finger12" 43
  83 "ValveBiped.Bip01_R_Finger2" 44
  84 "ValveBiped.Bip01_R_Finger21" 45
  85 "ValveBiped.Bip01_R_Finger22" 46
  86 "ValveBiped.Bip01_R_Finger3" 50
  87 "ValveBiped.Bip01_R_Finger31" 51
  88 "ValveBiped.Bip01_R_Finger32" 52
  89 "ValveBiped.Bip01_R_Finger4" 47
  90 "ValveBiped.Bip01_R_Finger41" 48
  91 "ValveBiped.Bip01_R_Finger42" 49
end
skeleton
  time 0
    0 0.000000 0.000000 0.000000 0.000000 0.000000 -0.000007
    1 0.000000 2.709942 -10.591393 0.000000 -1.570796 1.570796
    2 3.500857 9.013945 -0.640573 0.000000 -1.570796 0.000000
    3 -2.289403 -1.496114 0.973094 0.000000 0.000000 0.000000
    4 4.409996 0.000005 -0.000003 0.130940 -0.093229 0.275618
    5 10.079981 -0.000003 -0.000001 -0.000002 -0.000003 -0.537314
    6 0.000000 -0.000001 0.000000 -0.208255 0.000005 0.000001
    7 3.359990 0.000014 -0.000007 -0.416518 0.000000 0.000003
    8 6.719987 0.000030 -0.000015 -0.624777 -0.000002 0.000001
    9 3.500862 -5.725745 -0.640568 0.000000 -1.570795 3.141592
    10 -2.186730 3.179637 -0.996149 0.000000 0.000000 0.000000
    11 4.409998 -0.000001 0.000004 -0.337182 0.183847 0.339603
    12 10.079982 0.000014 0.000025 0.000004 0.000046 -0.696740
    13 0.000001 0.000004 0.000000 0.254496 -0.000001 0.000010
    14 3.359994 0.000032 0.000015 0.508986 -0.000007 0.000004
    15 6.719987 0.000057 0.000028 0.763488 0.000003 0.000003
    16 0.000000 0.000000 0.000000 1.570796 0.000000 -3.141592
    17 9.388720 -18.429354 -8.868174 2.221349 0.037515 -1.678220
    18 -0.118055 -0.108981 0.513327 -0.000047 -0.086523 0.000009
    19 4.409994 -0.000012 0.000012 0.000000 0.000000 0.000000
    20 -3.422661 1.711283 0.470872 0.018364 -0.593174 -0.075895
    21 1.410028 0.000010 0.000007 0.000006 0.000009 -0.987481
    22 0.993011 -0.000001 0.000006 0.000001 -0.000006 -0.761963
    23 -1.022532 1.571291 -0.406268 0.562009 -1.088038 -0.422346
    24 1.337718 0.000005 0.000002 -3.141591 -1.497669 3.135755
    25 1.180473 -0.000093 -0.000003 2.322271 -1.447922 -2.264049
    26 -0.666712 0.565948 -0.425195 0.276535 -1.168921 -0.243380
    27 1.311736 0.000006 0.000004 -3.109347 -1.501840 3.110658
    28 1.132875 -0.000003 -0.000005 -2.277655 -1.482347 2.251198
    29 -0.835869 -0.375753 -0.250998 -0.232083 -1.169899 0.124274
    30 1.303124 0.000019 0.000004 2.990854 -1.546793 -2.976011
    31 1.094648 -0.000011 -0.000003 -0.062804 -1.544912 0.032862
    32 -1.144743 -1.304737 0.171518 -0.974001 -1.088390 0.663341
    33 1.052849 0.000000 -0.000004 3.124857 -1.425270 3.135795
    34 0.916342 -0.000031 0.000001 3.141553 -1.536954 -3.129942
    35 -7.779457 -18.287500 -8.942204 0.900063 -0.021850 -1.603185
    36 -0.117880 -0.102734 -0.180849 0.000013 0.017066 0.000000
    37 4.409983 -0.000034 0.000004 0.000000 0.000000 0.000000
    38 -3.459356 1.711287 -0.541797 0.125169 -0.669906 3.034105
    39 -1.410028 -0.000005 -0.000014 0.000004 0.000001 -0.911659
    40 -0.993008 0.000010 -0.000011 0.000000 -0.000006 -0.908928
    41 -1.077398 1.571280 0.162236 0.351673 -1.124156 2.999846
    42 -1.337713 0.000003 -0.000002 3.078234 -1.322288 -3.107495
    43 -1.180471 0.000072 0.000002 0.222693 -1.503459 -0.194122
    44 -0.719599 0.565946 0.238754 -0.061928 -1.418387 -3.057538
    45 -1.311414 -0.000009 -0.000267 0.002810 -1.315827 0.001501
    46 -1.132872 0.000005 -0.000066 3.139362 -1.176202 -3.092139
    47 -1.239075 -1.304744 -0.314278 -1.430303 -0.982760 -2.003829
    48 -1.052850 0.000005 -0.000004 2.863323 -1.535755 3.140266
    49 -0.916342 0.000033 0.000003 3.130054 -1.386235 -3.118064
    50 -0.900585 -0.375762 0.090056 -0.779868 -1.244725 -2.521915
    51 -1.303123 -0.000014 0.000008 -0.004240 -1.451229 -0.001012
    52 -1.094650 0.000007 0.000003 -2.577326 -1.476285 2.574417
    53 0.000000 0.000000 0.000000 0.000000 0.000000 0.000000
    54 0.000000 0.000000 0.000000 0.000000 0.000000 -1.570796
    55 0.000000 0.000000 0.000000 0.000000 0.000000 -1.570796
    56 -2.000000 0.000000 0.000000 -1.570796 0.000000 0.174533
    57 -1.500000 0.000002 0.000000 -1.570796 0.000000 0.000000
    58 0.000000 0.500000 0.000000 -1.570796 0.261799 0.000000
    59 -0.000001 0.000000 0.000000 -3.141593 0.174533 0.000000
    60 0.000000 0.000000 -0.000001 -3.141593 0.174533 0.174533
    61 0.000000 0.000000 0.000000 -3.141593 0.349066 -0.174533
    62 0.000000 0.000000 0.000000 -1.570796 0.000000 0.000000
    63 0.000000 0.000000 0.000000 -1.570796 0.000000 0.000000
    64 0.000000 0.000000 0.000000 -1.570796 0.000000 0.000000
    65 0.000000 0.000000 0.000002 -1.570796 0.000000 0.000000
    66 0.000000 0.000000 0.000000 -1.570796 0.000000 0.000000
    67 0.000000 0.000001 0.000000 -1.570796 0.000000 0.000000
    68 0.000000 0.000000 0.000000 -1.570796 0.000000 0.000000
    69 0.000000 0.000000 0.000000 -1.570796 0.000000 0.000000
    70 0.000000 0.000000 0.000000 -1.570796 0.000000 0.000000
    71 0.000000 0.000000 0.000000 -1.570796 0.000000 0.000000
    72 0.000000 0.000000 0.000000 -1.570796 0.000000 0.000000
    73 0.000000 0.000000 0.000000 -1.570796 0.000000 0.000000
    74 -2.000000 0.000000 0.000000 1.570796 0.000000 0.174533
    75 -1.500000 -0.000001 -0.250000 1.570796 0.000000 0.000000
    76 -1.000000 0.250000 0.500000 1.570796 0.000000 0.000000
    77 0.000000 0.000000 0.000000 2.094395 0.000000 -3.141593
    78 0.000000 0.000000 0.000000 2.094395 0.000000 -3.141593
    79 0.000000 -0.200001 -0.200000 1.745329 0.000000 -3.141593
    80 0.000000 -0.000001 -0.000002 1.570796 0.000000 3.141593
    81 0.000000 0.000000 0.000000 1.570796 0.000000 -3.141593
    82 0.000000 0.000000 -0.000002 1.570796 0.000000 -3.141593
    83 0.000000 0.000000 0.000000 1.570796 0.000000 3.141593
    84 -0.000002 0.000000 0.000000 1.570796 0.000000 3.141593
    85 0.000000 0.000000 0.000000 1.570796 0.000000 3.141593
    86 0.000000 0.000000 0.000000 1.570796 0.000000 3.141593
    87 0.000000 0.000000 0.000000 1.570796 0.000000 -3.141593
    88 0.000000 0.000000 0.000000 1.570796 0.000000 -3.141593
    89 0.000000 0.000000 0.000000 1.570796 0.000000 3.141593
    90 0.000000 0.000000 0.000000 1.570796 0.000000 -3.141593
    91 0.000000 0.000000 0.000000 1.570796 0.000000 -3.141593
  time 1
    0 0.000000 0.000000 0.000000 0.000000 0.000000 -0.000007
    1 0.000000 2.709942 -10.591393 0.000000 -1.570796 1.570796
    2 3.500857 9.013945 -0.640573 0.000000 -1.570796 0.000000
    3 -2.289403 -1.496114 0.973094 0.000000 0.000000 0.000000
    4 4.409996 0.000005 -0.000003 0.131307 -0.092776 0.275661
    5 10.079981 -0.000003 -0.000001 -0.000002 -0.000003 -0.537473
    6 0.000000 -0.000001 0.000000 -0.209375 0.000005 0.000001
    7 3.359990 0.000014 -0.000007 -0.418759 0.000000 0.000003
    8 6.719987 0.000030 -0.000015 -0.628177 -0.000002 0.000001
    9 3.500862 -5.725745 -0.640568 0.000000 -1.570795 3.141592
    10 -2.186730 3.179637 -0.996149 0.000000 0.000000 0.000000
    11 4.409998 -0.000001 0.000004 -0.338078 0.183552 0.339517
    12 10.079982 0.000014 0.000025 0.000004 0.000046 -0.696835
    13 0.000001 0.000004 0.000000 0.253621 -0.000001 0.000010
    14 3.359994 0.000032 0.000015 0.507238 -0.000007 0.000004
    15 6.719987 0.000057 0.000028 0.760866 0.000003 0.000003
    16 0.000000 0.000000 0.000000 1.570892 0.000000 -3.141592
    17 9.388720 -18.429354 -8.868174 2.217216 0.037223 -1.677719
    18 -0.118055 -0.108981 0.513327 -0.000047 -0.086523 0.000009
    19 4.409994 -0.000012 0.000012 0.000000 0.000000 0.000000
    20 -3.422661 1.711283 0.470872 0.018364 -0.593174 -0.075895
    21 1.410028 0.000010 0.000007 0.000006 0.000009 -0.987481
    22 0.993011 -0.000001 0.000006 0.000001 -0.000006 -0.761963
    23 -1.022532 1.571291 -0.406268 0.562009 -1.088038 -0.422346
    24 1.337718 0.000005 0.000002 -3.141591 -1.497669 3.135755
    25 1.180473 -0.000093 -0.000003 2.322271 -1.447922 -2.264049
    26 -0.666712 0.565948 -0.425195 0.276535 -1.168921 -0.243380
    27 1.311736 0.000006 0.000004 -3.109347 -1.501840 3.110658
    28 1.132875 -0.000003 -0.000005 -2.277655 -1.482347 2.251198
    29 -0.835869 -0.375753 -0.250998 -0.232083 -1.169899 0.124274
    30 1.303124 0.000019 0.000004 2.990854 -1.546793 -2.976011
    31 1.094648 -0.000011 -0.000003 -0.062804 -1.544912 0.032862
    32 -1.144743 -1.304737 0.171518 -0.974001 -1.088390 0.663341
    33 1.052849 0.000000 -0.000004 3.124857 -1.425270 3.135795
    34 0.916342 -0.000031 0.000001 3.141553 -1.536954 -3.129942
    35 -7.779457 -18.287500 -8.942204 0.895453 -0.020778 -1.603947
    36 -0.117880 -0.102734 -0.180849 0.000013 0.017066 0.000000
    37 4.409983 -0.000034 0.000004 0.000000 0.000000 0.000000
    38 -3.459356 1.711287 -0.541797 0.125169 -0.669906 3.034105
    39 -1.410028 -0.000005 -0.000014 0.000004 0.000001 -0.911659
    40 -0.993008 0.000010 -0.000011 0.000012 -0.000006 -0.908928
    41 -1.077398 1.571280 0.162236 0.351673 -1.124156 2.999846
    42 -1.337713 0.000003 -0.000002 3.078234 -1.322288 -3.107495
    43 -1.180471 0.000072 0.000002 0.222705 -1.503459 -0.194110
    44 -0.719599 0.565946 0.238754 -0.061928 -1.418387 -3.057514
    45 -1.311414 -0.000009 -0.000267 0.002810 -1.315827 0.001501
    46 -1.132872 0.000005 -0.000066 3.139362 -1.176202 -3.092139
    47 -1.239075 -1.304744 -0.314278 -1.430303 -0.982760 -2.003829
    48 -1.052850 0.000005 -0.000004 2.863323 -1.535755 3.140266
    49 -0.916342 0.000033 0.000003 3.130054 -1.386235 -3.118064
    50 -0.900585 -0.375762 0.090056 -0.779868 -1.244725 -2.521915
    51 -1.303123 -0.000014 0.000008 -0.004240 -1.451229 -0.001012
    52 -1.094650 0.000007 0.000003 -2.577326 -1.476285 2.574417
    53 0.000000 0.000000 0.000000 0.000000 0.000000 0.000000
    54 0.000000 0.000000 0.000000 0.000000 0.000000 -1.570796
    55 0.000000 0.000000 0.000000 0.000000 0.000000 -1.570796
    56 -2.000000 0.000000 0.000000 -1.570796 0.000000 0.174533
    57 -1.500000 0.000002 0.000000 -1.570796 0.000000 0.000000
    58 0.000000 0.500000 0.000000 -1.570796 0.261799 0.000000
    59 -0.000001 0.000000 0.000000 -3.141593 0.174533 0.000000
    60 0.000000 0.000000 -0.000001 -3.141593 0.174533 0.174533
    61 0.000000 0.000000 0.000000 -3.141593 0.349066 -0.174533
    62 0.000000 0.000000 0.000000 -1.570796 0.000000 0.000000
    63 0.000000 0.000000 0.000000 -1.570796 0.000000 0.000000
    64 0.000000 0.000000 0.000000 -1.570796 0.000000 0.000000
    65 0.000000 0.000000 0.000002 -1.570796 0.000000 0.000000
    66 0.000000 0.000000 0.000000 -1.570796 0.000000 0.000000
    67 0.000000 0.000001 0.000000 -1.570796 0.000000 0.000000
    68 0.000000 0.000000 0.000000 -1.570796 0.000000 0.000000
    69 0.000000 0.000000 0.000000 -1.570796 0.000000 0.000000
    70 0.000000 0.000000 0.000000 -1.570796 0.000000 0.000000
    71 0.000000 0.000000 0.000000 -1.570796 0.000000 0.000000
    72 0.000000 0.000000 0.000000 -1.570796 0.000000 0.000000
    73 0.000000 0.000000 0.000000 -1.570796 0.000000 0.000000
    74 -2.000000 0.000000 0.000000 1.570796 0.000000 0.174533
    75 -1.500000 -0.000001 -0.250000 1.570796 0.000000 0.000000
    76 -1.000000 0.250000 0.500000 1.570796 0.000000 0.000000
    77 0.000000 0.000000 0.000000 2.094395 0.000000 -3.141593
    78 0.000000 0.000000 0.000000 2.094395 0.000000 -3.141593
    79 0.000000 -0.200001 -0.200000 1.745329 0.000000 -3.141593
    80 0.000000 -0.000001 -0.000002 1.570796 0.000000 3.141593
    81 0.000000 0.000000 0.000000 1.570796 0.000000 -3.141593
    82 0.000000 0.000000 -0.000002 1.570796 0.000000 -3.141593
    83 0.000000 0.000000 0.000000 1.570796 0.000000 3.141593
    84 -0.000002 0.000000 0.000000 1.570796 0.000000 3.141593
    85 0.000000 0.000000 0.000000 1.570796 0.000000 3.141593
    86 0.000000 0.000000 0.000000 1.570796 0.000000 3.141593
    87 0.000000 0.000000 0.000000 1.570796 0.000000 -3.141593
    88 0.000000 0.000000 0.000000 1.570796 0.000000 -3.141593
    89 0.000000 0.000000 0.000000 1.570796 0.000000 3.141593
    90 0.000000 0.000000 0.000000 1.570796 0.000000 -3.141593
    91 0.000000 0.000000 0.000000 1.570796 0.000000 -3.141593
  time 2
    0 0.000000 0.000000 0.000000 0.000000 0.000000 -0.000007
    1 0.000000 2.709942 -10.591393 0.000000 -1.570796 1.570796
    2 3.500857 9.013945 -0.640573 0.000000 -1.570796 0.000000
    3 -2.289403 -1.496114 0.973094 0.000000 0.000000 0.000000
    4 4.409996 0.000005 -0.000003 0.131674 -0.092345 0.275834
    5 10.079981 -0.000003 -0.000001 -0.000002 -0.000003 -0.537790
    6 0.000000 -0.000001 0.000000 -0.210496 0.000005 0.000001
    7 3.359990 0.000014 -0.000007 -0.420974 0.000000 0.000003
    8 6.719987 0.000030 -0.000015 -0.631460 -0.000002 0.000001
    9 3.500862 -5.725745 -0.640568 0.000000 -1.570795 3.141592
    10 -2.186730 3.179637 -0.996149 0.000000 0.000000 0.000000
    11 4.409998 -0.000001 0.000004 -0.338839 0.183241 0.339403
    12 10.079982 0.000014 0.000025 0.000004 0.000046 -0.697024
    13 0.000001 0.000004 0.000000 0.252806 -0.000001 0.000010
    14 3.359994 0.000032 0.000015 0.505585 -0.000007 0.000004
    15 6.719987 0.000057 0.000028 0.758415 0.000003 0.000003
    16 0.000000 0.000000 0.000000 1.571084 0.000000 -3.141592
    17 9.388720 -18.429354 -8.852548 2.213398 0.036968 -1.677441
    18 -0.118055 -0.108981 0.513327 -0.000047 -0.086523 0.000009
    19 4.409994 -0.000012 0.000012 0.000000 0.000000 0.000000
    20 -3.422661 1.711283 0.470872 0.018364 -0.593174 -0.075895
    21 1.410028 0.000010 0.000007 0.000006 0.000009 -0.987481
    22 0.993011 -0.000001 0.000006 0.000001 -0.000006 -0.761963
    23 -1.022532 1.571291 -0.406268 0.562009 -1.088038 -0.422346
    24 1.337718 0.000005 0.000002 -3.141591 -1.497669 3.135755
    25 1.180473 -0.000093 -0.000003 2.322271 -1.447922 -2.264049
    26 -0.666712 0.565948 -0.425195 0.276535 -1.168921 -0.243380
    27 1.311736 0.000006 0.000004 -3.109347 -1.501840 3.110658
    28 1.132875 -0.000003 -0.000005 -2.277655 -1.482347 2.251198
    29 -0.835869 -0.375753 -0.250998 -0.232083 -1.169899 0.124274
    30 1.303124 0.000019 0.000004 2.990854 -1.546793 -2.976011
    31 1.094648 -0.000011 -0.000003 -0.062804 -1.544912 0.032862
    32 -1.144743 -1.304737 0.171518 -0.974001 -1.088390 0.663341
    33 1.052849 0.000000 -0.000004 3.124857 -1.425270 3.135795
    34 0.916342 -0.000031 0.000001 3.141553 -1.536954 -3.129942
    35 -7.779457 -18.287500 -8.930485 0.890812 -0.019779 -1.604625
    36 -0.117880 -0.102734 -0.180849 0.000013 0.017066 0.000000
    37 4.409983 -0.000034 0.000004 0.000000 0.000000 0.000000
    38 -3.459356 1.711287 -0.541797 0.125169 -0.669906 3.034105
    39 -1.410028 -0.000005 -0.000014 0.000004 0.000001 -0.911659
    40 -0.993008 0.000010 -0.000011 0.000000 -0.000006 -0.908928
    41 -1.077398 1.571280 0.162236 0.351673 -1.124156 2.999846
    42 -1.337713 0.000003 -0.000002 3.078234 -1.322288 -3.107495
    43 -1.180471 0.000072 0.000002 0.222705 -1.503459 -0.194122
    44 -0.719599 0.565946 0.238754 -0.061928 -1.418387 -3.057514
    45 -1.311414 -0.000009 -0.000267 0.002810 -1.315827 0.001501
    46 -1.132872 0.000005 -0.000066 3.139362 -1.176202 -3.092139
    47 -1.239075 -1.304744 -0.314278 -1.430303 -0.982760 -2.003829
    48 -1.052850 0.000005 -0.000004 2.863323 -1.535755 3.140266
    49 -0.916342 0.000033 0.000003 3.130054 -1.386235 -3.118064
    50 -0.900585 -0.375762 0.090056 -0.779868 -1.244725 -2.521915
    51 -1.303123 -0.000014 0.000008 -0.004240 -1.451229 -0.001012
    52 -1.094650 0.000007 0.000003 -2.577326 -1.476285 2.574417
    53 0.000000 0.000000 0.000000 0.000000 0.000000 0.000000
    54 0.000000 0.000000 0.000000 0.000000 0.000000 -1.570796
    55 0.000000 0.000000 0.000000 0.000000 0.000000 -1.570796
    56 -2.000000 0.000000 0.000000 -1.570796 0.000000 0.174533
    57 -1.500000 0.000002 0.000000 -1.570796 0.000000 0.000000
    58 0.000000 0.500000 0.000000 -1.570796 0.261799 0.000000
    59 -0.000001 0.000000 0.000000 -3.141593 0.174533 0.000000
    60 0.000000 0.000000 -0.000001 -3.141593 0.174533 0.174533
    61 0.000000 0.000000 0.000000 -3.141593 0.349066 -0.174533
    62 0.000000 0.000000 0.000000 -1.570796 0.000000 0.000000
    63 0.000000 0.000000 0.000000 -1.570796 0.000000 0.000000
    64 0.000000 0.000000 0.000000 -1.570796 0.000000 0.000000
    65 0.000000 0.000000 0.000002 -1.570796 0.000000 0.000000
    66 0.000000 0.000000 0.000000 -1.570796 0.000000 0.000000
    67 0.000000 0.000001 0.000000 -1.570796 0.000000 0.000000
    68 0.000000 0.000000 0.000000 -1.570796 0.000000 0.000000
    69 0.000000 0.000000 0.000000 -1.570796 0.000000 0.000000
    70 0.000000 0.000000 0.000000 -1.570796 0.000000 0.000000
    71 0.000000 0.000000 0.000000 -1.570796 0.000000 0.000000
    72 0.000000 0.000000 0.000000 -1.570796 0.000000 0.000000
    73 0.000000 0.000000 0.000000 -1.570796 0.000000 0.000000
    74 -2.000000 0.000000 0.000000 1.570796 0.000000 0.174533
    75 -1.500000 -0.000001 -0.250000 1.570796 0.000000 0.000000
    76 -1.000000 0.250000 0.500000 1.570796 0.000000 0.000000
    77 0.000000 0.000000 0.000000 2.094395 0.000000 -3.141593
    78 0.000000 0.000000 0.000000 2.094395 0.000000 -3.141593
    79 0.000000 -0.200001 -0.200000 1.745329 0.000000 -3.141593
    80 0.000000 -0.000001 -0.000002 1.570796 0.000000 3.141593
    81 0.000000 0.000000 0.000000 1.570796 0.000000 -3.141593
    82 0.000000 0.000000 -0.000002 1.570796 0.000000 -3.141593
    83 0.000000 0.000000 0.000000 1.570796 0.000000 3.141593
    84 -0.000002 0.000000 0.000000 1.570796 0.000000 3.141593
    85 0.000000 0.000000 0.000000 1.570796 0.000000 3.141593
    86 0.000000 0.000000 0.000000 1.570796 0.000000 3.141593
    87 0.000000 0.000000 0.000000 1.570796 0.000000 -3.141593
    88 0.000000 0.000000 0.000000 1.570796 0.000000 -3.141593
    89 0.000000 0.000000 0.000000 1.570796 0.000000 3.141593
    90 0.000000 0.000000 0.000000 1.570796 0.000000 -3.141593
    91 0.000000 0.000000 0.000000 1.570796 0.000000 -3.141593
  time 3
    0 0.000000 0.000000 0.000000 0.000000 0.000000 -0.000007
    1 0.000000 2.709942 -10.591393 0.000000 -1.570796 1.570796
    2 3.500857 9.013945 -0.640573 0.000000 -1.570796 0.000000
    3 -2.289403 -1.496114 0.973094 0.000000 0.000000 0.000000
    4 4.409996 0.000005 -0.000003 0.132261 -0.091957 0.276007
    5 10.079981 -0.000003 -0.000001 -0.000002 -0.000003 -0.538054
    6 0.000000 -0.000001 0.000000 -0.211577 0.000005 0.000001
    7 3.359990 0.000014 -0.000007 -0.423189 0.000000 0.000003
    8 6.719987 0.000030 -0.000015 -0.634783 -0.000002 0.000001
    9 3.500862 -5.725745 -0.640568 0.000000 -1.570795 3.141592
    10 -2.186730 3.179637 -0.996149 0.000000 0.000000 0.000000
    11 4.409998 -0.000001 0.000004 -0.339600 0.182995 0.339289
    12 10.079982 0.000014 0.000025 0.000004 0.000046 -0.697166
    13 0.000001 0.000004 0.000000 0.252051 -0.000001 0.000010
    14 3.359994 0.000032 0.000015 0.504103 -0.000007 0.000004
    15 6.719987 0.000057 0.000028 0.756192 0.000003 0.000003
    16 0.000000 0.000000 0.000000 1.571323 0.000000 -3.141592
    17 9.388720 -18.429354 -8.840829 2.210013 0.036822 -1.677107
    18 -0.118055 -0.108981 0.513327 -0.000047 -0.086523 0.000009
    19 4.409994 -0.000012 0.000012 0.000000 0.000000 0.000000
    20 -3.422661 1.711283 0.470872 0.018364 -0.593174 -0.075895
    21 1.410028 0.000010 0.000007 0.000006 0.000009 -0.987481
    22 0.993011 -0.000001 0.000006 0.000001 -0.000006 -0.761963
    23 -1.022532 1.571291 -0.406268 0.562009 -1.088038 -0.422346
    24 1.337718 0.000005 0.000002 -3.141591 -1.497669 3.135755
    25 1.180473 -0.000093 -0.000003 2.322271 -1.447922 -2.264049
    26 -0.666712 0.565948 -0.425195 0.276535 -1.168921 -0.243380
    27 1.311736 0.000006 0.000004 -3.109347 -1.501840 3.110658
    28 1.132875 -0.000003 -0.000005 -2.277655 -1.482347 2.251198
    29 -0.835869 -0.375753 -0.250998 -0.232083 -1.169899 0.124274
    30 1.303124 0.000019 0.000004 2.990854 -1.546793 -2.976011
    31 1.094648 -0.000011 -0.000003 -0.062804 -1.544912 0.032874
    32 -1.144743 -1.304737 0.171518 -0.974001 -1.088390 0.663341
    33 1.052849 0.000000 -0.000004 3.124857 -1.425270 3.135795
    34 0.916342 -0.000031 0.000001 3.141553 -1.536954 -3.129942
    35 -7.779457 -18.287500 -8.914860 0.886392 -0.018966 -1.605133
    36 -0.117880 -0.102734 -0.180849 0.000013 0.017066 0.000000
    37 4.409983 -0.000034 0.000004 0.000000 0.000000 0.000000
    38 -3.459356 1.711287 -0.541797 0.125169 -0.669906 3.034105
    39 -1.410028 -0.000005 -0.000014 0.000004 0.000001 -0.911659
    40 -0.993008 0.000010 -0.000011 0.000012 -0.000006 -0.908928
    41 -1.077398 1.571280 0.162236 0.351673 -1.124156 2.999846
    42 -1.337713 0.000003 -0.000002 3.078234 -1.322288 -3.107495
    43 -1.180471 0.000072 0.000002 0.222705 -1.503459 -0.194110
    44 -0.719599 0.565946 0.238754 -0.061928 -1.418387 -3.057538
    45 -1.311414 -0.000009 -0.000267 0.002810 -1.315827 0.001501
    46 -1.132872 0.000005 -0.000066 3.139362 -1.176202 -3.092139
    47 -1.239075 -1.304744 -0.314278 -1.430303 -0.982760 -2.003829
    48 -1.052850 0.000005 -0.000004 2.863323 -1.535755 3.140266
    49 -0.916342 0.000033 0.000003 3.130054 -1.386235 -3.118064
    50 -0.900585 -0.375762 0.090056 -0.779868 -1.244725 -2.521915
    51 -1.303123 -0.000014 0.000008 -0.004240 -1.451229 -0.001012
    52 -1.094650 0.000007 0.000003 -2.577326 -1.476285 2.574417
    53 0.000000 0.000000 0.000000 0.000000 0.000000 0.000000
    54 0.000000 0.000000 0.000000 0.000000 0.000000 -1.570796
    55 0.000000 0.000000 0.000000 0.000000 0.000000 -1.570796
    56 -2.000000 0.000000 0.000000 -1.570796 0.000000 0.174533
    57 -1.500000 0.000002 0.000000 -1.570796 0.000000 0.000000
    58 0.000000 0.500000 0.000000 -1.570796 0.261799 0.000000
    59 -0.000001 0.000000 0.000000 -3.141593 0.174533 0.000000
    60 0.000000 0.000000 -0.000001 -3.141593 0.174533 0.174533
    61 0.000000 0.000000 0.000000 -3.141593 0.349066 -0.174533
    62 0.000000 0.000000 0.000000 -1.570796 0.000000 0.000000
    63 0.000000 0.000000 0.000000 -1.570796 0.000000 0.000000
    64 0.000000 0.000000 0.000000 -1.570796 0.000000 0.000000
    65 0.000000 0.000000 0.000002 -1.570796 0.000000 0.000000
    66 0.000000 0.000000 0.000000 -1.570796 0.000000 0.000000
    67 0.000000 0.000001 0.000000 -1.570796 0.000000 0.000000
    68 0.000000 0.000000 0.000000 -1.570796 0.000000 0.000000
    69 0.000000 0.000000 0.000000 -1.570796 0.000000 0.000000
    70 0.000000 0.000000 0.000000 -1.570796 0.000000 0.000000
    71 0.000000 0.000000 0.000000 -1.570796 0.000000 0.000000
    72 0.000000 0.000000 0.000000 -1.570796 0.000000 0.000000
    73 0.000000 0.000000 0.000000 -1.570796 0.000000 0.000000
    74 -2.000000 0.000000 0.000000 1.570796 0.000000 0.174533
    75 -1.500000 -0.000001 -0.250000 1.570796 0.000000 0.000000
    76 -1.000000 0.250000 0.500000 1.570796 0.000000 0.000000
    77 0.000000 0.000000 0.000000 2.094395 0.000000 -3.141593
    78 0.000000 0.000000 0.000000 2.094395 0.000000 -3.141593
    79 0.000000 -0.200001 -0.200000 1.745329 0.000000 -3.141593
    80 0.000000 -0.000001 -0.000002 1.570796 0.000000 3.141593
    81 0.000000 0.000000 0.000000 1.570796 0.000000 -3.141593
    82 0.000000 0.000000 -0.000002 1.570796 0.000000 -3.141593
    83 0.000000 0.000000 0.000000 1.570796 0.000000 3.141593
    84 -0.000002 0.000000 0.000000 1.570796 0.000000 3.141593
    85 0.000000 0.000000 0.000000 1.570796 0.000000 3.141593
    86 0.000000 0.000000 0.000000 1.570796 0.000000 3.141593
    87 0.000000 0.000000 0.000000 1.570796 0.000000 -3.141593
    88 0.000000 0.000000 0.000000 1.570796 0.000000 -3.141593
    89 0.000000 0.000000 0.000000 1.570796 0.000000 3.141593
    90 0.000000 0.000000 0.000000 1.570796 0.000000 -3.141593
    91 0.000000 0.000000 0.000000 1.570796 0.000000 -3.141593
  time 4
    0 0.000000 0.000000 0.000000 0.000000 0.000000 -0.000007
    1 0.000000 2.709942 -10.591393 0.000000 -1.570796 1.570796
    2 3.500857 9.013945 -0.640573 0.000000 -1.570796 0.000000
    3 -2.289403 -1.496114 0.973094 0.000000 0.000000 0.000000
    4 4.409996 0.000005 -0.000003 0.132701 -0.091569 0.276093
    5 10.079981 -0.000003 -0.000001 -0.000002 -0.000003 -0.538265
    6 0.000000 -0.000001 0.000000 -0.212672 0.000005 0.000001
    7 3.359990 0.000014 -0.000007 -0.425352 0.000000 0.000003
    8 6.719987 0.000030 -0.000015 -0.638028 -0.000002 0.000001
    9 3.500862 -5.725745 -0.640568 0.000000 -1.570795 3.141592
    10 -2.186730 3.179637 -0.996149 0.000000 0.000000 0.000000
    11 4.409998 -0.000001 0.000004 -0.340227 0.182815 0.339232
    12 10.079982 0.000014 0.000025 0.000004 0.000046 -0.697260
    13 0.000001 0.000004 0.000000 0.251392 -0.000001 0.000010
    14 3.359994 0.000032 0.000015 0.502755 -0.000007 0.000004
    15 6.719987 0.000057 0.000028 0.754112 0.000003 0.000003
    16 0.000000 0.000000 0.000000 1.571671 0.000000 -3.141592
    17 9.388720 -18.429354 -8.836923 2.206903 0.036676 -1.676996
    18 -0.118055 -0.108981 0.513327 -0.000047 -0.086523 0.000009
    19 4.409994 -0.000012 0.000012 0.000000 0.000000 0.000000
    20 -3.422661 1.711283 0.470872 0.018364 -0.593174 -0.075895
    21 1.410028 0.000010 0.000007 0.000006 0.000009 -0.987481
    22 0.993011 -0.000001 0.000006 0.000001 -0.000006 -0.761963
    23 -1.022532 1.571291 -0.406268 0.562009 -1.088038 -0.422346
    24 1.337718 0.000005 0.000002 -3.141591 -1.497669 3.135755
    25 1.180473 -0.000093 -0.000003 2.322271 -1.447922 -2.264049
    26 -0.666712 0.565948 -0.425195 0.276535 -1.168921 -0.243380
    27 1.311736 0.000006 0.000004 -3.109347 -1.501840 3.110658
    28 1.132875 -0.000003 -0.000005 -2.277655 -1.482347 2.251198
    29 -0.835869 -0.375753 -0.250998 -0.232083 -1.169899 0.124274
    30 1.303124 0.000019 0.000004 2.990854 -1.546793 -2.976011
    31 1.094648 -0.000011 -0.000003 -0.062804 -1.544912 0.032862
    32 -1.144743 -1.304737 0.171518 -0.974001 -1.088390 0.663341
    33 1.052849 0.000000 -0.000004 3.124857 -1.425270 3.135795
    34 0.916342 -0.000031 0.000001 3.141553 -1.536954 -3.129942
    35 -7.779457 -18.287500 -8.899234 0.882035 -0.018375 -1.605641
    36 -0.117880 -0.102734 -0.180849 0.000013 0.017066 0.000000
    37 4.409983 -0.000034 0.000004 0.000000 0.000000 0.000000
    38 -3.459356 1.711287 -0.541797 0.125169 -0.669906 3.034105
    39 -1.410028 -0.000005 -0.000014 0.000004 0.000001 -0.911659
    40 -0.993008 0.000010 -0.000011 0.000000 -0.000006 -0.908928
    41 -1.077398 1.571280 0.162236 0.351673 -1.124156 2.999846
    42 -1.337713 0.000003 -0.000002 3.078234 -1.322288 -3.107495
    43 -1.180471 0.000072 0.000002 0.222705 -1.503459 -0.194122
    44 -0.719599 0.565946 0.238754 -0.061928 -1.418387 -3.057514
    45 -1.311414 -0.000009 -0.000267 0.002810 -1.315827 0.001501
    46 -1.132872 0.000005 -0.000066 3.139362 -1.176202 -3.092139
    47 -1.239075 -1.304744 -0.314278 -1.430303 -0.982760 -2.003829
    48 -1.052850 0.000005 -0.000004 2.863323 -1.535755 3.140266
    49 -0.916342 0.000033 0.000003 3.130054 -1.386235 -3.118064
    50 -0.900585 -0.375762 0.090056 -0.779868 -1.244725 -2.521915
    51 -1.303123 -0.000014 0.000008 -0.004240 -1.451229 -0.001012
    52 -1.094650 0.000007 0.000003 -2.577326 -1.476285 2.574417
    53 0.000000 0.000000 0.000000 0.000000 0.000000 0.000000
    54 0.000000 0.000000 0.000000 0.000000 0.000000 -1.570796
    55 0.000000 0.000000 0.000000 0.000000 0.000000 -1.570796
    56 -2.000000 0.000000 0.000000 -1.570796 0.000000 0.174533
    57 -1.500000 0.000002 0.000000 -1.570796 0.000000 0.000000
    58 0.000000 0.500000 0.000000 -1.570796 0.261799 0.000000
    59 -0.000001 0.000000 0.000000 -3.141593 0.174533 0.000000
    60 0.000000 0.000000 -0.000001 -3.141593 0.174533 0.174533
    61 0.000000 0.000000 0.000000 -3.141593 0.349066 -0.174533
    62 0.000000 0.000000 0.000000 -1.570796 0.000000 0.000000
    63 0.000000 0.000000 0.000000 -1.570796 0.000000 0.000000
    64 0.000000 0.000000 0.000000 -1.570796 0.000000 0.000000
    65 0.000000 0.000000 0.000002 -1.570796 0.000000 0.000000
    66 0.000000 0.000000 0.000000 -1.570796 0.000000 0.000000
    67 0.000000 0.000001 0.000000 -1.570796 0.000000 0.000000
    68 0.000000 0.000000 0.000000 -1.570796 0.000000 0.000000
    69 0.000000 0.000000 0.000000 -1.570796 0.000000 0.000000
    70 0.000000 0.000000 0.000000 -1.570796 0.000000 0.000000
    71 0.000000 0.000000 0.000000 -1.570796 0.000000 0.000000
    72 0.000000 0.000000 0.000000 -1.570796 0.000000 0.000000
    73 0.000000 0.000000 0.000000 -1.570796 0.000000 0.000000
    74 -2.000000 0.000000 0.000000 1.570796 0.000000 0.174533
    75 -1.500000 -0.000001 -0.250000 1.570796 0.000000 0.000000
    76 -1.000000 0.250000 0.500000 1.570796 0.000000 0.000000
    77 0.000000 0.000000 0.000000 2.094395 0.000000 -3.141593
    78 0.000000 0.000000 0.000000 2.094395 0.000000 -3.141593
    79 0.000000 -0.200001 -0.200000 1.745329 0.000000 -3.141593
    80 0.000000 -0.000001 -0.000002 1.570796 0.000000 3.141593
    81 0.000000 0.000000 0.000000 1.570796 0.000000 -3.141593
    82 0.000000 0.000000 -0.000002 1.570796 0.000000 -3.141593
    83 0.000000 0.000000 0.000000 1.570796 0.000000 3.141593
    84 -0.000002 0.000000 0.000000 1.570796 0.000000 3.141593
    85 0.000000 0.000000 0.000000 1.570796 0.000000 3.141593
    86 0.000000 0.000000 0.000000 1.570796 0.000000 3.141593
    87 0.000000 0.000000 0.000000 1.570796 0.000000 -3.141593
    88 0.000000 0.000000 0.000000 1.570796 0.000000 -3.141593
    89 0.000000 0.000000 0.000000 1.570796 0.000000 3.141593
    90 0.000000 0.000000 0.000000 1.570796 0.000000 -3.141593
    91 0.000000 0.000000 0.000000 1.570796 0.000000 -3.141593
  time 5
    0 0.000000 0.000000 0.000000 0.000000 0.000000 -0.000007
    1 0.000000 2.709942 -10.591393 0.000000 -1.570796 1.570796
    2 3.500857 9.013945 -0.640573 0.000000 -1.570796 0.000000
    3 -2.289403 -1.496114 0.973094 0.000000 0.000000 0.000000
    4 4.409996 0.000005 -0.000003 0.133068 -0.091159 0.276266
    5 10.079981 -0.000003 -0.000001 -0.000002 -0.000003 -0.538530
    6 0.000000 -0.000001 0.000000 -0.213715 0.000005 0.000001
    7 3.359990 0.000014 -0.000007 -0.427387 0.000000 0.000003
    8 6.719987 0.000030 -0.000015 -0.641119 -0.000002 0.000001
    9 3.500862 -5.725745 -0.640568 0.000000 -1.570795 3.141592
    10 -2.186730 3.179637 -0.996149 0.000000 0.000000 0.000000
    11 4.409998 -0.000001 0.000004 -0.340742 0.182586 0.339175
    12 10.079982 0.000014 0.000025 0.000004 0.000046 -0.697402
    13 0.000001 0.000004 0.000000 0.250781 -0.000001 0.000010
    14 3.359994 0.000032 0.000015 0.501558 -0.000007 0.000004
    15 6.719987 0.000057 0.000028 0.752345 0.000003 0.000003
    16 0.000000 0.000000 0.000000 1.572030 0.000000 -3.141592
    17 9.388720 -18.429354 -8.836923 2.204148 0.036640 -1.676940
    18 -0.118055 -0.108981 0.513327 -0.000047 -0.086523 0.000009
    19 4.409994 -0.000012 0.000012 0.000000 0.000000 0.000000
    20 -3.422661 1.711283 0.470872 0.018364 -0.593174 -0.075895
    21 1.410028 0.000010 0.000007 0.000006 0.000009 -0.987481
    22 0.993011 -0.000001 0.000006 0.000001 -0.000006 -0.761963
    23 -1.022532 1.571291 -0.406268 0.562009 -1.088038 -0.422346
    24 1.337718 0.000005 0.000002 -3.141591 -1.497669 3.135755
    25 1.180473 -0.000093 -0.000003 2.322271 -1.447922 -2.264049
    26 -0.666712 0.565948 -0.425195 0.276535 -1.168921 -0.243380
    27 1.311736 0.000006 0.000004 -3.109347 -1.501840 3.110658
    28 1.132875 -0.000003 -0.000005 -2.277655 -1.482347 2.251198
    29 -0.835869 -0.375753 -0.250998 -0.232083 -1.169899 0.124274
    30 1.303124 0.000019 0.000004 2.990854 -1.546793 -2.976011
    31 1.094648 -0.000011 -0.000003 -0.062816 -1.544912 0.032862
    32 -1.144743 -1.304737 0.171518 -0.974001 -1.088390 0.663341
    33 1.052849 0.000000 -0.000004 3.124857 -1.425270 3.135795
    34 0.916342 -0.000031 0.000001 3.141553 -1.536954 -3.129942
    35 -7.779457 -18.287500 -8.895328 0.877805 -0.017894 -1.605980
    36 -0.117880 -0.102734 -0.180849 0.000013 0.017066 0.000000
    37 4.409983 -0.000034 0.000004 0.000000 0.000000 0.000000
    38 -3.459356 1.711287 -0.541797 0.125169 -0.669906 3.034105
    39 -1.410028 -0.000005 -0.000014 0.000004 0.000001 -0.911659
    40 -0.993008 0.000010 -0.000011 0.000012 -0.000006 -0.908928
    41 -1.077398 1.571280 0.162236 0.351673 -1.124156 2.999846
    42 -1.337713 0.000003 -0.000002 3.078234 -1.322288 -3.107495
    43 -1.180471 0.000072 0.000002 0.222705 -1.503459 -0.194122
    44 -0.719599 0.565946 0.238754 -0.061928 -1.418387 -3.057514
    45 -1.311414 -0.000009 -0.000267 0.002810 -1.315827 0.001501
    46 -1.132872 0.000005 -0.000066 3.139362 -1.176202 -3.092139
    47 -1.239075 -1.304744 -0.314278 -1.430303 -0.982760 -2.003829
    48 -1.052850 0.000005 -0.000004 2.863323 -1.535755 3.140266
    49 -0.916342 0.000033 0.000003 3.130054 -1.386235 -3.118064
    50 -0.900585 -0.375762 0.090056 -0.779868 -1.244725 -2.521915
    51 -1.303123 -0.000014 0.000008 -0.004240 -1.451229 -0.001012
    52 -1.094650 0.000007 0.000003 -2.577326 -1.476285 2.574417
    53 0.000000 0.000000 0.000000 0.000000 0.000000 0.000000
    54 0.000000 0.000000 0.000000 0.000000 0.000000 -1.570796
    55 0.000000 0.000000 0.000000 0.000000 0.000000 -1.570796
    56 -2.000000 0.000000 0.000000 -1.570796 0.000000 0.174533
    57 -1.500000 0.000002 0.000000 -1.570796 0.000000 0.000000
    58 0.000000 0.500000 0.000000 -1.570796 0.261799 0.000000
    59 -0.000001 0.000000 0.000000 -3.141593 0.174533 0.000000
    60 0.000000 0.000000 -0.000001 -3.141593 0.174533 0.174533
    61 0.000000 0.000000 0.000000 -3.141593 0.349066 -0.174533
    62 0.000000 0.000000 0.000000 -1.570796 0.000000 0.000000
    63 0.000000 0.000000 0.000000 -1.570796 0.000000 0.000000
    64 0.000000 0.000000 0.000000 -1.570796 0.000000 0.000000
    65 0.000000 0.000000 0.000002 -1.570796 0.000000 0.000000
    66 0.000000 0.000000 0.000000 -1.570796 0.000000 0.000000
    67 0.000000 0.000001 0.000000 -1.570796 0.000000 0.000000
    68 0.000000 0.000000 0.000000 -1.570796 0.000000 0.000000
    69 0.000000 0.000000 0.000000 -1.570796 0.000000 0.000000
    70 0.000000 0.000000 0.000000 -1.570796 0.000000 0.000000
    71 0.000000 0.000000 0.000000 -1.570796 0.000000 0.000000
    72 0.000000 0.000000 0.000000 -1.570796 0.000000 0.000000
    73 0.000000 0.000000 0.000000 -1.570796 0.000000 0.000000
    74 -2.000000 0.000000 0.000000 1.570796 0.000000 0.174533
    75 -1.500000 -0.000001 -0.250000 1.570796 0.000000 0.000000
    76 -1.000000 0.250000 0.500000 1.570796 0.000000 0.000000
    77 0.000000 0.000000 0.000000 2.094395 0.000000 -3.141593
    78 0.000000 0.000000 0.000000 2.094395 0.000000 -3.141593
    79 0.000000 -0.200001 -0.200000 1.745329 0.000000 -3.141593
    80 0.000000 -0.000001 -0.000002 1.570796 0.000000 3.141593
    81 0.000000 0.000000 0.000000 1.570796 0.000000 -3.141593
    82 0.000000 0.000000 -0.000002 1.570796 0.000000 -3.141593
    83 0.000000 0.000000 0.000000 1.570796 0.000000 3.141593
    84 -0.000002 0.000000 0.000000 1.570796 0.000000 3.141593
    85 0.000000 0.000000 0.000000 1.570796 0.000000 3.141593
    86 0.000000 0.000000 0.000000 1.570796 0.000000 3.141593
    87 0.000000 0.000000 0.000000 1.570796 0.000000 -3.141593
    88 0.000000 0.000000 0.000000 1.570796 0.000000 -3.141593
    89 0.000000 0.000000 0.000000 1.570796 0.000000 3.141593
    90 0.000000 0.000000 0.000000 1.570796 0.000000 -3.141593
    91 0.000000 0.000000 0.000000 1.570796 0.000000 -3.141593
  time 6
    0 0.000000 0.000000 0.000000 0.000000 0.000000 -0.000007
    1 0.000000 2.709942 -10.591393 0.000000 -1.570796 1.570796
    2 3.500857 9.013945 -0.640573 0.000000 -1.570796 0.000000
    3 -2.289403 -1.496114 0.973094 0.000000 0.000000 0.000000
    4 4.409996 0.000005 -0.000003 0.133435 -0.090771 0.276352
    5 10.079981 -0.000003 -0.000001 -0.000002 -0.000003 -0.538741
    6 0.000000 -0.000001 0.000000 -0.214745 0.000005 0.000001
    7 3.359990 0.000014 -0.000007 -0.429473 0.000000 0.000003
    8 6.719987 0.000030 -0.000015 -0.644248 -0.000002 0.000001
    9 3.500862 -5.725745 -0.640568 0.000000 -1.570795 3.141592
    10 -2.186730 3.179637 -0.996149 0.000000 0.000000 0.000000
    11 4.409998 -0.000001 0.000004 -0.341212 0.182455 0.339090
    12 10.079982 0.000014 0.000025 0.000004 0.000046 -0.697544
    13 0.000001 0.000004 0.000000 0.250241 -0.000001 0.000010
    14 3.359994 0.000032 0.000015 0.500494 -0.000007 0.000004
    15 6.719987 0.000057 0.000028 0.750749 0.000003 0.000003
    16 0.000000 0.000000 0.000000 1.572462 0.000000 -3.141592
    17 9.388720 -18.429354 -8.833016 2.201747 0.036676 -1.676996
    18 -0.118055 -0.108981 0.513327 -0.000047 -0.086523 0.000009
    19 4.409994 -0.000012 0.000012 0.000000 0.000000 0.000000
    20 -3.422661 1.711283 0.470872 0.018364 -0.593174 -0.075895
    21 1.410028 0.000010 0.000007 0.000006 0.000009 -0.987481
    22 0.993011 -0.000001 0.000006 0.000001 -0.000006 -0.761963
    23 -1.022532 1.571291 -0.406268 0.562009 -1.088038 -0.422346
    24 1.337718 0.000005 0.000002 -3.141591 -1.497669 3.135755
    25 1.180473 -0.000093 -0.000003 2.322271 -1.447922 -2.264049
    26 -0.666712 0.565948 -0.425195 0.276535 -1.168921 -0.243380
    27 1.311736 0.000006 0.000004 -3.109347 -1.501840 3.110658
    28 1.132875 -0.000003 -0.000005 -2.277655 -1.482347 2.251198
    29 -0.835869 -0.375753 -0.250998 -0.232083 -1.169899 0.124274
    30 1.303124 0.000019 0.000004 2.990854 -1.546793 -2.976011
    31 1.094648 -0.000011 -0.000003 -0.062804 -1.544912 0.032862
    32 -1.144743 -1.304737 0.171518 -0.974001 -1.088390 0.663341
    33 1.052849 0.000000 -0.000004 3.124857 -1.425270 3.135795
    34 0.916342 -0.000031 0.000001 3.141553 -1.536954 -3.129942
    35 -7.779457 -18.287500 -8.879703 0.873700 -0.017524 -1.606234
    36 -0.117880 -0.102734 -0.180849 0.000013 0.017066 0.000000
    37 4.409983 -0.000034 0.000004 0.000000 0.000000 0.000000
    38 -3.459356 1.711287 -0.541797 0.125169 -0.669906 3.034105
    39 -1.410028 -0.000005 -0.000014 0.000004 0.000001 -0.911659
    40 -0.993008 0.000010 -0.000011 0.000012 -0.000006 -0.908928
    41 -1.077398 1.571280 0.162236 0.351673 -1.124156 2.999846
    42 -1.337713 0.000003 -0.000002 3.078234 -1.322288 -3.107495
    43 -1.180471 0.000072 0.000002 0.222705 -1.503459 -0.194122
    44 -0.719599 0.565946 0.238754 -0.061928 -1.418387 -3.057538
    45 -1.311414 -0.000009 -0.000267 0.002810 -1.315827 0.001501
    46 -1.132872 0.000005 -0.000066 3.139362 -1.176202 -3.092139
    47 -1.239075 -1.304744 -0.314278 -1.430303 -0.982760 -2.003829
    48 -1.052850 0.000005 -0.000004 2.863323 -1.535755 3.140266
    49 -0.916342 0.000033 0.000003 3.130054 -1.386235 -3.118064
    50 -0.900585 -0.375762 0.090056 -0.779868 -1.244725 -2.521915
    51 -1.303123 -0.000014 0.000008 -0.004240 -1.451229 -0.001012
    52 -1.094650 0.000007 0.000003 -2.577326 -1.476285 2.574417
    53 0.000000 0.000000 0.000000 0.000000 0.000000 0.000000
    54 0.000000 0.000000 0.000000 0.000000 0.000000 -1.570796
    55 0.000000 0.000000 0.000000 0.000000 0.000000 -1.570796
    56 -2.000000 0.000000 0.000000 -1.570796 0.000000 0.174533
    57 -1.500000 0.000002 0.000000 -1.570796 0.000000 0.000000
    58 0.000000 0.500000 0.000000 -1.570796 0.261799 0.000000
    59 -0.000001 0.000000 0.000000 -3.141593 0.174533 0.000000
    60 0.000000 0.000000 -0.000001 -3.141593 0.174533 0.174533
    61 0.000000 0.000000 0.000000 -3.141593 0.349066 -0.174533
    62 0.000000 0.000000 0.000000 -1.570796 0.000000 0.000000
    63 0.000000 0.000000 0.000000 -1.570796 0.000000 0.000000
    64 0.000000 0.000000 0.000000 -1.570796 0.000000 0.000000
    65 0.000000 0.000000 0.000002 -1.570796 0.000000 0.000000
    66 0.000000 0.000000 0.000000 -1.570796 0.000000 0.000000
    67 0.000000 0.000001 0.000000 -1.570796 0.000000 0.000000
    68 0.000000 0.000000 0.000000 -1.570796 0.000000 0.000000
    69 0.000000 0.000000 0.000000 -1.570796 0.000000 0.000000
    70 0.000000 0.000000 0.000000 -1.570796 0.000000 0.000000
    71 0.000000 0.000000 0.000000 -1.570796 0.000000 0.000000
    72 0.000000 0.000000 0.000000 -1.570796 0.000000 0.000000
    73 0.000000 0.000000 0.000000 -1.570796 0.000000 0.000000
    74 -2.000000 0.000000 0.000000 1.570796 0.000000 0.174533
    75 -1.500000 -0.000001 -0.250000 1.570796 0.000000 0.000000
    76 -1.000000 0.250000 0.500000 1.570796 0.000000 0.000000
    77 0.000000 0.000000 0.000000 2.094395 0.000000 -3.141593
    78 0.000000 0.000000 0.000000 2.094395 0.000000 -3.141593
    79 0.000000 -0.200001 -0.200000 1.745329 0.000000 -3.141593
    80 0.000000 -0.000001 -0.000002 1.570796 0.000000 3.141593
    81 0.000000 0.000000 0.000000 1.570796 0.000000 -3.141593
    82 0.000000 0.000000 -0.000002 1.570796 0.000000 -3.141593
    83 0.000000 0.000000 0.000000 1.570796 0.000000 3.141593
    84 -0.000002 0.000000 0.000000 1.570796 0.000000 3.141593
    85 0.000000 0.000000 0.000000 1.570796 0.000000 3.141593
    86 0.000000 0.000000 0.000000 1.570796 0.000000 3.141593
    87 0.000000 0.000000 0.000000 1.570796 0.000000 -3.141593
    88 0.000000 0.000000 0.000000 1.570796 0.000000 -3.141593
    89 0.000000 0.000000 0.000000 1.570796 0.000000 3.141593
    90 0.000000 0.000000 0.000000 1.570796 0.000000 -3.141593
    91 0.000000 0.000000 0.000000 1.570796 0.000000 -3.141593
  time 7
    0 0.000000 0.000000 0.000000 0.000000 0.000000 -0.000007
    1 0.000000 2.709942 -10.591393 0.000000 -1.570796 1.570796
    2 3.500857 9.013945 -0.640573 0.000000 -1.570796 0.000000
    3 -2.289403 -1.496114 0.973094 0.000000 0.000000 0.000000
    4 4.409996 0.000005 -0.000003 0.133728 -0.090448 0.276525
    5 10.079981 -0.000003 -0.000001 -0.000002 -0.000003 -0.538900
    6 0.000000 -0.000001 0.000000 -0.215750 0.000005 0.000001
    7 3.359990 0.000014 -0.000007 -0.431482 0.000000 0.000003
    8 6.719987 0.000030 -0.000015 -0.647300 -0.000002 0.000001
    9 3.500862 -5.725745 -0.640568 0.000000 -1.570795 3.141592
    10 -2.186730 3.179637 -0.996149 0.000000 0.000000 0.000000
    11 4.409998 -0.000001 0.000004 -0.341548 0.182324 0.339090
    12 10.079982 0.000014 0.000025 0.000004 0.000046 -0.697686
    13 0.000001 0.000004 0.000000 0.249774 -0.000001 0.000010
    14 3.359994 0.000032 0.000015 0.499563 -0.000007 0.000004
    15 6.719987 0.000057 0.000028 0.749324 0.000003 0.000003
    16 0.000000 0.000000 0.000000 1.572881 0.000000 -3.141592
    17 9.388720 -18.429354 -8.821297 2.199700 0.036822 -1.677107
    18 -0.118055 -0.108981 0.513327 -0.000047 -0.086523 0.000009
    19 4.409994 -0.000012 0.000012 0.000000 0.000000 0.000000
    20 -3.422661 1.711283 0.470872 0.018364 -0.593174 -0.075895
    21 1.410028 0.000010 0.000007 0.000006 0.000009 -0.987481
    22 0.993011 -0.000001 0.000006 0.000001 -0.000006 -0.761963
    23 -1.022532 1.571291 -0.406268 0.562009 -1.088038 -0.422346
    24 1.337718 0.000005 0.000002 -3.141591 -1.497669 3.135755
    25 1.180473 -0.000093 -0.000003 2.322271 -1.447922 -2.264049
    26 -0.666712 0.565948 -0.425195 0.276535 -1.168921 -0.243380
    27 1.311736 0.000006 0.000004 -3.109347 -1.501840 3.110658
    28 1.132875 -0.000003 -0.000005 -2.277655 -1.482347 2.251198
    29 -0.835869 -0.375753 -0.250998 -0.232083 -1.169899 0.124274
    30 1.303124 0.000019 0.000004 2.990854 -1.546793 -2.976011
    31 1.094648 -0.000011 -0.000003 -0.062804 -1.544912 0.032862
    32 -1.144743 -1.304737 0.171518 -0.974001 -1.088390 0.663341
    33 1.052849 0.000000 -0.000004 3.124857 -1.425270 3.135795
    34 0.916342 -0.000031 0.000001 3.141553 -1.536954 -3.129942
    35 -7.779457 -18.287500 -8.879703 0.869691 -0.017376 -1.606234
    36 -0.117880 -0.102734 -0.180849 0.000013 0.017066 0.000000
    37 4.409983 -0.000034 0.000004 0.000000 0.000000 0.000000
    38 -3.459356 1.711287 -0.541797 0.125169 -0.669906 3.034105
    39 -1.410028 -0.000005 -0.000014 0.000004 0.000001 -0.911659
    40 -0.993008 0.000010 -0.000011 0.000012 -0.000006 -0.908928
    41 -1.077398 1.571280 0.162236 0.351673 -1.124156 2.999846
    42 -1.337713 0.000003 -0.000002 3.078234 -1.322288 -3.107495
    43 -1.180471 0.000072 0.000002 0.222705 -1.503459 -0.194122
    44 -0.719599 0.565946 0.238754 -0.061928 -1.418387 -3.057514
    45 -1.311414 -0.000009 -0.000267 0.002810 -1.315827 0.001501
    46 -1.132872 0.000005 -0.000066 3.139362 -1.176202 -3.092139
    47 -1.239075 -1.304744 -0.314278 -1.430303 -0.982760 -2.003829
    48 -1.052850 0.000005 -0.000004 2.863323 -1.535755 3.140266
    49 -0.916342 0.000033 0.000003 3.130054 -1.386235 -3.118064
    50 -0.900585 -0.375762 0.090056 -0.779868 -1.244725 -2.521915
    51 -1.303123 -0.000014 0.000008 -0.004240 -1.451229 -0.001012
    52 -1.094650 0.000007 0.000003 -2.577326 -1.476285 2.574417
    53 0.000000 0.000000 0.000000 0.000000 0.000000 0.000000
    54 0.000000 0.000000 0.000000 0.000000 0.000000 -1.570796
    55 0.000000 0.000000 0.000000 0.000000 0.000000 -1.570796
    56 -2.000000 0.000000 0.000000 -1.570796 0.000000 0.174533
    57 -1.500000 0.000002 0.000000 -1.570796 0.000000 0.000000
    58 0.000000 0.500000 0.000000 -1.570796 0.261799 0.000000
    59 -0.000001 0.000000 0.000000 -3.141593 0.174533 0.000000
    60 0.000000 0.000000 -0.000001 -3.141593 0.174533 0.174533
    61 0.000000 0.000000 0.000000 -3.141593 0.349066 -0.174533
    62 0.000000 0.000000 0.000000 -1.570796 0.000000 0.000000
    63 0.000000 0.000000 0.000000 -1.570796 0.000000 0.000000
    64 0.000000 0.000000 0.000000 -1.570796 0.000000 0.000000
    65 0.000000 0.000000 0.000002 -1.570796 0.000000 0.000000
    66 0.000000 0.000000 0.000000 -1.570796 0.000000 0.000000
    67 0.000000 0.000001 0.000000 -1.570796 0.000000 0.000000
    68 0.000000 0.000000 0.000000 -1.570796 0.000000 0.000000
    69 0.000000 0.000000 0.000000 -1.570796 0.000000 0.000000
    70 0.000000 0.000000 0.000000 -1.570796 0.000000 0.000000
    71 0.000000 0.000000 0.000000 -1.570796 0.000000 0.000000
    72 0.000000 0.000000 0.000000 -1.570796 0.000000 0.000000
    73 0.000000 0.000000 0.000000 -1.570796 0.000000 0.000000
    74 -2.000000 0.000000 0.000000 1.570796 0.000000 0.174533
    75 -1.500000 -0.000001 -0.250000 1.570796 0.000000 0.000000
    76 -1.000000 0.250000 0.500000 1.570796 0.000000 0.000000
    77 0.000000 0.000000 0.000000 2.094395 0.000000 -3.141593
    78 0.000000 0.000000 0.000000 2.094395 0.000000 -3.141593
    79 0.000000 -0.200001 -0.200000 1.745329 0.000000 -3.141593
    80 0.000000 -0.000001 -0.000002 1.570796 0.000000 3.141593
    81 0.000000 0.000000 0.000000 1.570796 0.000000 -3.141593
    82 0.000000 0.000000 -0.000002 1.570796 0.000000 -3.141593
    83 0.000000 0.000000 0.000000 1.570796 0.000000 3.141593
    84 -0.000002 0.000000 0.000000 1.570796 0.000000 3.141593
    85 0.000000 0.000000 0.000000 1.570796 0.000000 3.141593
    86 0.000000 0.000000 0.000000 1.570796 0.000000 3.141593
    87 0.000000 0.000000 0.000000 1.570796 0.000000 -3.141593
    88 0.000000 0.000000 0.000000 1.570796 0.000000 -3.141593
    89 0.000000 0.000000 0.000000 1.570796 0.000000 3.141593
    90 0.000000 0.000000 0.000000 1.570796 0.000000 -3.141593
    91 0.000000 0.000000 0.000000 1.570796 0.000000 -3.141593
  time 8
    0 0.000000 0.000000 0.000000 0.000000 0.000000 -0.000007
    1 0.000000 2.709942 -10.591393 0.000000 -1.570796 1.570796
    2 3.500857 9.013945 -0.640573 0.000000 -1.570796 0.000000
    3 -2.289403 -1.496114 0.973094 0.000000 0.000000 0.000000
    4 4.409996 0.000005 -0.000003 0.134095 -0.090103 0.276568
    5 10.079981 -0.000003 -0.000001 -0.000002 -0.000003 -0.539005
    6 0.000000 -0.000001 0.000000 -0.216767 0.000005 0.000001
    7 3.359990 0.000014 -0.000007 -0.433542 0.000000 0.000003
    8 6.719987 0.000030 -0.000015 -0.650274 -0.000002 0.000001
    9 3.500862 -5.725745 -0.640568 0.000000 -1.570795 3.141592
    10 -2.186730 3.179637 -0.996149 0.000000 0.000000 0.000000
    11 4.409998 -0.000001 0.000004 -0.341794 0.182242 0.339090
    12 10.079982 0.000014 0.000025 0.000004 0.000046 -0.697828
    13 0.000001 0.000004 0.000000 0.249403 -0.000001 0.000010
    14 3.359994 0.000032 0.000015 0.498784 -0.000007 0.000004
    15 6.719987 0.000057 0.000028 0.748185 0.000003 0.000003
    16 0.000000 0.000000 0.000000 1.573361 0.000000 -3.141592
    17 9.388720 -18.429354 -8.821297 2.198047 0.036968 -1.677441
    18 -0.118055 -0.108981 0.513327 -0.000047 -0.086523 0.000009
    19 4.409994 -0.000012 0.000012 0.000000 0.000000 0.000000
    20 -3.422661 1.711283 0.470872 0.018364 -0.593174 -0.075895
    21 1.410028 0.000010 0.000007 0.000006 0.000009 -0.987481
    22 0.993011 -0.000001 0.000006 0.000001 -0.000006 -0.761963
    23 -1.022532 1.571291 -0.406268 0.562009 -1.088038 -0.422346
    24 1.337718 0.000005 0.000002 -3.141591 -1.497669 3.135755
    25 1.180473 -0.000093 -0.000003 2.322271 -1.447922 -2.264049
    26 -0.666712 0.565948 -0.425195 0.276535 -1.168921 -0.243380
    27 1.311736 0.000006 0.000004 -3.109347 -1.501840 3.110658
    28 1.132875 -0.000003 -0.000005 -2.277655 -1.482347 2.251198
    29 -0.835869 -0.375753 -0.250998 -0.232083 -1.169899 0.124274
    30 1.303124 0.000019 0.000004 2.990854 -1.546793 -2.976011
    31 1.094648 -0.000011 -0.000003 -0.062804 -1.544912 0.032862
    32 -1.144743 -1.304737 0.171518 -0.974001 -1.088390 0.663341
    33 1.052849 0.000000 -0.000004 3.124857 -1.425270 3.135795
    34 0.916342 -0.000031 0.000001 3.141553 -1.536954 -3.129942
    35 -7.779457 -18.287500 -8.864077 0.865807 -0.017376 -1.606234
    36 -0.117880 -0.102734 -0.180849 0.000013 0.017066 0.000000
    37 4.409983 -0.000034 0.000004 0.000000 0.000000 0.000000
    38 -3.459356 1.711287 -0.541797 0.125169 -0.669906 3.034105
    39 -1.410028 -0.000005 -0.000014 0.000004 0.000001 -0.911659
    40 -0.993008 0.000010 -0.000011 0.000012 -0.000006 -0.908928
    41 -1.077398 1.571280 0.162236 0.351673 -1.124156 2.999846
    42 -1.337713 0.000003 -0.000002 3.078234 -1.322288 -3.107495
    43 -1.180471 0.000072 0.000002 0.222705 -1.503459 -0.194122
    44 -0.719599 0.565946 0.238754 -0.061928 -1.418387 -3.057514
    45 -1.311414 -0.000009 -0.000267 0.002810 -1.315827 0.001501
    46 -1.132872 0.000005 -0.000066 3.139362 -1.176202 -3.092139
    47 -1.239075 -1.304744 -0.314278 -1.430303 -0.982760 -2.003829
    48 -1.052850 0.000005 -0.000004 2.863323 -1.535755 3.140266
    49 -0.916342 0.000033 0.000003 3.130054 -1.386235 -3.118064
    50 -0.900585 -0.375762 0.090056 -0.779868 -1.244725 -2.521915
    51 -1.303123 -0.000014 0.000008 -0.004240 -1.451229 -0.001012
    52 -1.094650 0.000007 0.000003 -2.577326 -1.476285 2.574417
    53 0.000000 0.000000 0.000000 0.000000 0.000000 0.000000
    54 0.000000 0.000000 0.000000 0.000000 0.000000 -1.570796
    55 0.000000 0.000000 0.000000 0.000000 0.000000 -1.570796
    56 -2.000000 0.000000 0.000000 -1.570796 0.000000 0.174533
    57 -1.500000 0.000002 0.000000 -1.570796 0.000000 0.000000
    58 0.000000 0.500000 0.000000 -1.570796 0.261799 0.000000
    59 -0.000001 0.000000 0.000000 -3.141593 0.174533 0.000000
    60 0.000000 0.000000 -0.000001 -3.141593 0.174533 0.174533
    61 0.000000 0.000000 0.000000 -3.141593 0.349066 -0.174533
    62 0.000000 0.000000 0.000000 -1.570796 0.000000 0.000000
    63 0.000000 0.000000 0.000000 -1.570796 0.000000 0.000000
    64 0.000000 0.000000 0.000000 -1.570796 0.000000 0.000000
    65 0.000000 0.000000 0.000002 -1.570796 0.000000 0.000000
    66 0.000000 0.000000 0.000000 -1.570796 0.000000 0.000000
    67 0.000000 0.000001 0.000000 -1.570796 0.000000 0.000000
    68 0.000000 0.000000 0.000000 -1.570796 0.000000 0.000000
    69 0.000000 0.000000 0.000000 -1.570796 0.000000 0.000000
    70 0.000000 0.000000 0.000000 -1.570796 0.000000 0.000000
    71 0.000000 0.000000 0.000000 -1.570796 0.000000 0.000000
    72 0.000000 0.000000 0.000000 -1.570796 0.000000 0.000000
    73 0.000000 0.000000 0.000000 -1.570796 0.000000 0.000000
    74 -2.000000 0.000000 0.000000 1.570796 0.000000 0.174533
    75 -1.500000 -0.000001 -0.250000 1.570796 0.000000 0.000000
    76 -1.000000 0.250000 0.500000 1.570796 0.000000 0.000000
    77 0.000000 0.000000 0.000000 2.094395 0.000000 -3.141593
    78 0.000000 0.000000 0.000000 2.094395 0.000000 -3.141593
    79 0.000000 -0.200001 -0.200000 1.745329 0.000000 -3.141593
    80 0.000000 -0.000001 -0.000002 1.570796 0.000000 3.141593
    81 0.000000 0.000000 0.000000 1.570796 0.000000 -3.141593
    82 0.000000 0.000000 -0.000002 1.570796 0.000000 -3.141593
    83 0.000000 0.000000 0.000000 1.570796 0.000000 3.141593
    84 -0.000002 0.000000 0.000000 1.570796 0.000000 3.141593
    85 0.000000 0.000000 0.000000 1.570796 0.000000 3.141593
    86 0.000000 0.000000 0.000000 1.570796 0.000000 3.141593
    87 0.000000 0.000000 0.000000 1.570796 0.000000 -3.141593
    88 0.000000 0.000000 0.000000 1.570796 0.000000 -3.141593
    89 0.000000 0.000000 0.000000 1.570796 0.000000 3.141593
    90 0.000000 0.000000 0.000000 1.570796 0.000000 -3.141593
    91 0.000000 0.000000 0.000000 1.570796 0.000000 -3.141593
  time 9
    0 0.000000 0.000000 0.000000 0.000000 0.000000 -0.000007
    1 0.000000 2.709942 -10.591393 0.000000 -1.570796 1.570796
    2 3.500857 9.013945 -0.640573 0.000000 -1.570796 0.000000
    3 -2.289403 -1.496114 0.973094 0.000000 0.000000 0.000000
    4 4.409996 0.000005 -0.000003 0.134462 -0.089801 0.276654
    5 10.079981 -0.000003 -0.000001 -0.000002 -0.000003 -0.539217
    6 0.000000 -0.000001 0.000000 -0.217733 0.000005 0.000001
    7 3.359990 0.000014 -0.000007 -0.435474 0.000000 0.000003
    8 6.719987 0.000030 -0.000015 -0.653210 -0.000002 0.000001
    9 3.500862 -5.725745 -0.640568 0.000000 -1.570795 3.141592
    10 -2.186730 3.179637 -0.996149 0.000000 0.000000 0.000000
    11 4.409998 -0.000001 0.000004 -0.341951 0.182193 0.339090
    12 10.079982 0.000014 0.000025 0.000004 0.000046 -0.697875
    13 0.000001 0.000004 0.000000 0.249079 -0.000001 0.000010
    14 3.359994 0.000032 0.000015 0.498119 -0.000007 0.000004
    15 6.719987 0.000057 0.000028 0.747187 0.000003 0.000003
    16 0.000000 0.000000 0.000000 1.573804 0.000000 -3.141592
    17 9.388720 -18.429354 -8.821297 2.196748 0.037223 -1.677719
    18 -0.118055 -0.108981 0.513327 -0.000047 -0.086523 0.000009
    19 4.409994 -0.000012 0.000012 0.000000 0.000000 0.000000
    20 -3.422661 1.711283 0.470872 0.018364 -0.593174 -0.075895
    21 1.410028 0.000010 0.000007 0.000006 0.000009 -0.987481
    22 0.993011 -0.000001 0.000006 0.000001 -0.000006 -0.761963
    23 -1.022532 1.571291 -0.406268 0.562009 -1.088038 -0.422346
    24 1.337718 0.000005 0.000002 -3.141591 -1.497669 3.135755
    25 1.180473 -0.000093 -0.000003 2.322271 -1.447922 -2.264049
    26 -0.666712 0.565948 -0.425195 0.276535 -1.168921 -0.243380
    27 1.311736 0.000006 0.000004 -3.109347 -1.501840 3.110658
    28 1.132875 -0.000003 -0.000005 -2.277655 -1.482347 2.251198
    29 -0.835869 -0.375753 -0.250998 -0.232083 -1.169899 0.124274
    30 1.303124 0.000019 0.000004 2.990854 -1.546793 -2.976011
    31 1.094648 -0.000011 -0.000003 -0.062816 -1.544912 0.032862
    32 -1.144743 -1.304737 0.171518 -0.974001 -1.088390 0.663341
    33 1.052849 0.000000 -0.000004 3.124857 -1.425270 3.135795
    34 0.916342 -0.000031 0.000001 3.141553 -1.536954 -3.129942
    35 -7.779457 -18.287500 -8.856264 0.862018 -0.017524 -1.606234
    36 -0.117880 -0.102734 -0.180849 0.000013 0.017066 0.000000
    37 4.409983 -0.000034 0.000004 0.000000 0.000000 0.000000
    38 -3.459356 1.711287 -0.541797 0.125169 -0.669906 3.034105
    39 -1.410028 -0.000005 -0.000014 0.000004 0.000001 -0.911659
    40 -0.993008 0.000010 -0.000011 0.000012 -0.000006 -0.908928
    41 -1.077398 1.571280 0.162236 0.351673 -1.124156 2.999846
    42 -1.337713 0.000003 -0.000002 3.078234 -1.322288 -3.107495
    43 -1.180471 0.000072 0.000002 0.222705 -1.503459 -0.194122
    44 -0.719599 0.565946 0.238754 -0.061928 -1.418387 -3.057526
    45 -1.311414 -0.000009 -0.000267 0.002810 -1.315827 0.001501
    46 -1.132872 0.000005 -0.000066 3.139362 -1.176202 -3.092139
    47 -1.239075 -1.304744 -0.314278 -1.430303 -0.982760 -2.003829
    48 -1.052850 0.000005 -0.000004 2.863323 -1.535755 3.140266
    49 -0.916342 0.000033 0.000003 3.130054 -1.386235 -3.118064
    50 -0.900585 -0.375762 0.090056 -0.779868 -1.244725 -2.521915
    51 -1.303123 -0.000014 0.000008 -0.004240 -1.451229 -0.001012
    52 -1.094650 0.000007 0.000003 -2.577326 -1.476285 2.574417
    53 0.000000 0.000000 0.000000 0.000000 0.000000 0.000000
    54 0.000000 0.000000 0.000000 0.000000 0.000000 -1.570796
    55 0.000000 0.000000 0.000000 0.000000 0.000000 -1.570796
    56 -2.000000 0.000000 0.000000 -1.570796 0.000000 0.174533
    57 -1.500000 0.000002 0.000000 -1.570796 0.000000 0.000000
    58 0.000000 0.500000 0.000000 -1.570796 0.261799 0.000000
    59 -0.000001 0.000000 0.000000 -3.141593 0.174533 0.000000
    60 0.000000 0.000000 -0.000001 -3.141593 0.174533 0.174533
    61 0.000000 0.000000 0.000000 -3.141593 0.349066 -0.174533
    62 0.000000 0.000000 0.000000 -1.570796 0.000000 0.000000
    63 0.000000 0.000000 0.000000 -1.570796 0.000000 0.000000
    64 0.000000 0.000000 0.000000 -1.570796 0.000000 0.000000
    65 0.000000 0.000000 0.000002 -1.570796 0.000000 0.000000
    66 0.000000 0.000000 0.000000 -1.570796 0.000000 0.000000
    67 0.000000 0.000001 0.000000 -1.570796 0.000000 0.000000
    68 0.000000 0.000000 0.000000 -1.570796 0.000000 0.000000
    69 0.000000 0.000000 0.000000 -1.570796 0.000000 0.000000
    70 0.000000 0.000000 0.000000 -1.570796 0.000000 0.000000
    71 0.000000 0.000000 0.000000 -1.570796 0.000000 0.000000
    72 0.000000 0.000000 0.000000 -1.570796 0.000000 0.000000
    73 0.000000 0.000000 0.000000 -1.570796 0.000000 0.000000
    74 -2.000000 0.000000 0.000000 1.570796 0.000000 0.174533
    75 -1.500000 -0.000001 -0.250000 1.570796 0.000000 0.000000
    76 -1.000000 0.250000 0.500000 1.570796 0.000000 0.000000
    77 0.000000 0.000000 0.000000 2.094395 0.000000 -3.141593
    78 0.000000 0.000000 0.000000 2.094395 0.000000 -3.141593
    79 0.000000 -0.200001 -0.200000 1.745329 0.000000 -3.141593
    80 0.000000 -0.000001 -0.000002 1.570796 0.000000 3.141593
    81 0.000000 0.000000 0.000000 1.570796 0.000000 -3.141593
    82 0.000000 0.000000 -0.000002 1.570796 0.000000 -3.141593
    83 0.000000 0.000000 0.000000 1.570796 0.000000 3.141593
    84 -0.000002 0.000000 0.000000 1.570796 0.000000 3.141593
    85 0.000000 0.000000 0.000000 1.570796 0.000000 3.141593
    86 0.000000 0.000000 0.000000 1.570796 0.000000 3.141593
    87 0.000000 0.000000 0.000000 1.570796 0.000000 -3.141593
    88 0.000000 0.000000 0.000000 1.570796 0.000000 -3.141593
    89 0.000000 0.000000 0.000000 1.570796 0.000000 3.141593
    90 0.000000 0.000000 0.000000 1.570796 0.000000 -3.141593
    91 0.000000 0.000000 0.000000 1.570796 0.000000 -3.141593
  time 10
    0 0.000000 0.000000 0.000000 0.000000 0.000000 -0.000007
    1 0.000000 2.709942 -10.591393 0.000000 -1.570796 1.570796
    2 3.500857 9.013945 -0.640573 0.000000 -1.570796 0.000000
    3 -2.289403 -1.496114 0.973094 0.000000 0.000000 0.000000
    4 4.409996 0.000005 -0.000003 0.134829 -0.089521 0.276784
    5 10.079981 -0.000003 -0.000001 -0.000002 -0.000003 -0.539269
    6 0.000000 -0.000001 0.000000 -0.218686 0.000005 0.000001
    7 3.359990 0.000014 -0.000007 -0.437354 0.000000 0.000003
    8 6.719987 0.000030 -0.000015 -0.656031 -0.000002 0.000001
    9 3.500862 -5.725745 -0.640568 0.000000 -1.570795 3.141592
    10 -2.186730 3.179637 -0.996149 0.000000 0.000000 0.000000
    11 4.409998 -0.000001 0.000004 -0.342018 0.182193 0.339090
    12 10.079982 0.000014 0.000025 0.000004 0.000046 -0.698017
    13 0.000001 0.000004 0.000000 0.248815 -0.000001 0.000010
    14 3.359994 0.000032 0.000015 0.497625 -0.000007 0.000004
    15 6.719987 0.000057 0.000028 0.746446 0.000003 0.000003
    16 0.000000 0.000000 0.000000 1.574284 0.000000 -3.141592
    17 9.388720 -18.429354 -8.813484 2.195764 0.037515 -1.678220
    18 -0.118055 -0.108981 0.513327 -0.000047 -0.086523 0.000009
    19 4.409994 -0.000012 0.000012 0.000000 0.000000 0.000000
    20 -3.422661 1.711283 0.470872 0.018364 -0.593174 -0.075895
    21 1.410028 0.000010 0.000007 0.000006 0.000009 -0.987481
    22 0.993011 -0.000001 0.000006 0.000001 -0.000006 -0.761963
    23 -1.022532 1.571291 -0.406268 0.562009 -1.088038 -0.422346
    24 1.337718 0.000005 0.000002 -3.141591 -1.497669 3.135755
    25 1.180473 -0.000093 -0.000003 2.322271 -1.447922 -2.264049
    26 -0.666712 0.565948 -0.425195 0.276535 -1.168921 -0.243380
    27 1.311736 0.000006 0.000004 -3.109347 -1.501840 3.110658
    28 1.132875 -0.000003 -0.000005 -2.277655 -1.482347 2.251198
    29 -0.835869 -0.375753 -0.250998 -0.232083 -1.169899 0.124274
    30 1.303124 0.000019 0.000004 2.990854 -1.546793 -2.976011
    31 1.094648 -0.000011 -0.000003 -0.062804 -1.544912 0.032862
    32 -1.144743 -1.304737 0.171518 -0.974001 -1.088390 0.663341
    33 1.052849 0.000000 -0.000004 3.124857 -1.425270 3.135795
    34 0.916342 -0.000031 0.000001 3.141553 -1.536954 -3.129942
    35 -7.779457 -18.287500 -8.848452 0.858419 -0.017894 -1.605980
    36 -0.117880 -0.102734 -0.180849 0.000013 0.017066 0.000000
    37 4.409983 -0.000034 0.000004 0.000000 0.000000 0.000000
    38 -3.459356 1.711287 -0.541797 0.125169 -0.669906 3.034105
    39 -1.410028 -0.000005 -0.000014 0.000004 0.000001 -0.911659
    40 -0.993008 0.000010 -0.000011 0.000012 -0.000006 -0.908928
    41 -1.077398 1.571280 0.162236 0.351673 -1.124156 2.999846
    42 -1.337713 0.000003 -0.000002 3.078234 -1.322288 -3.107495
    43 -1.180471 0.000072 0.000002 0.222705 -1.503459 -0.194122
    44 -0.719599 0.565946 0.238754 -0.061928 -1.418387 -3.057526
    45 -1.311414 -0.000009 -0.000267 0.002810 -1.315827 0.001501
    46 -1.132872 0.000005 -0.000066 3.139362 -1.176202 -3.092139
    47 -1.239075 -1.304744 -0.314278 -1.430303 -0.982760 -2.003829
    48 -1.052850 0.000005 -0.000004 2.863323 -1.535755 3.140266
    49 -0.916342 0.000033 0.000003 3.130054 -1.386235 -3.118064
    50 -0.900585 -0.375762 0.090056 -0.779868 -1.244725 -2.521915
    51 -1.303123 -0.000014 0.000008 -0.004240 -1.451229 -0.001012
    52 -1.094650 0.000007 0.000003 -2.577326 -1.476285 2.574417
    53 0.000000 0.000000 0.000000 0.000000 0.000000 0.000000
    54 0.000000 0.000000 0.000000 0.000000 0.000000 -1.570796
    55 0.000000 0.000000 0.000000 0.000000 0.000000 -1.570796
    56 -2.000000 0.000000 0.000000 -1.570796 0.000000 0.174533
    57 -1.500000 0.000002 0.000000 -1.570796 0.000000 0.000000
    58 0.000000 0.500000 0.000000 -1.570796 0.261799 0.000000
    59 -0.000001 0.000000 0.000000 -3.141593 0.174533 0.000000
    60 0.000000 0.000000 -0.000001 -3.141593 0.174533 0.174533
    61 0.000000 0.000000 0.000000 -3.141593 0.349066 -0.174533
    62 0.000000 0.000000 0.000000 -1.570796 0.000000 0.000000
    63 0.000000 0.000000 0.000000 -1.570796 0.000000 0.000000
    64 0.000000 0.000000 0.000000 -1.570796 0.000000 0.000000
    65 0.000000 0.000000 0.000002 -1.570796 0.000000 0.000000
    66 0.000000 0.000000 0.000000 -1.570796 0.000000 0.000000
    67 0.000000 0.000001 0.000000 -1.570796 0.000000 0.000000
    68 0.000000 0.000000 0.000000 -1.570796 0.000000 0.000000
    69 0.000000 0.000000 0.000000 -1.570796 0.000000 0.000000
    70 0.000000 0.000000 0.000000 -1.570796 0.000000 0.000000
    71 0.000000 0.000000 0.000000 -1.570796 0.000000 0.000000
    72 0.000000 0.000000 0.000000 -1.570796 0.000000 0.000000
    73 0.000000 0.000000 0.000000 -1.570796 0.000000 0.000000
    74 -2.000000 0.000000 0.000000 1.570796 0.000000 0.174533
    75 -1.500000 -0.000001 -0.250000 1.570796 0.000000 0.000000
    76 -1.000000 0.250000 0.500000 1.570796 0.000000 0.000000
    77 0.000000 0.000000 0.000000 2.094395 0.000000 -3.141593
    78 0.000000 0.000000 0.000000 2.094395 0.000000 -3.141593
    79 0.000000 -0.200001 -0.200000 1.745329 0.000000 -3.141593
    80 0.000000 -0.000001 -0.000002 1.570796 0.000000 3.141593
    81 0.000000 0.000000 0.000000 1.570796 0.000000 -3.141593
    82 0.000000 0.000000 -0.000002 1.570796 0.000000 -3.141593
    83 0.000000 0.000000 0.000000 1.570796 0.000000 3.141593
    84 -0.000002 0.000000 0.000000 1.570796 0.000000 3.141593
    85 0.000000 0.000000 0.000000 1.570796 0.000000 3.141593
    86 0.000000 0.000000 0.000000 1.570796 0.000000 3.141593
    87 0.000000 0.000000 0.000000 1.570796 0.000000 -3.141593
    88 0.000000 0.000000 0.000000 1.570796 0.000000 -3.141593
    89 0.000000 0.000000 0.000000 1.570796 0.000000 3.141593
    90 0.000000 0.000000 0.000000 1.570796 0.000000 -3.141593
    91 0.000000 0.000000 0.000000 1.570796 0.000000 -3.141593
  time 11
    0 0.000000 0.000000 0.000000 0.000000 0.000000 -0.000007
    1 0.000000 2.709942 -10.591393 0.000000 -1.570796 1.570796
    2 3.500857 9.013945 -0.640573 0.000000 -1.570796 0.000000
    3 -2.289403 -1.496114 0.973094 0.000000 0.000000 0.000000
    4 4.409996 0.000005 -0.000003 0.135049 -0.089219 0.276827
    5 10.079981 -0.000003 -0.000001 -0.000002 -0.000003 -0.539428
    6 0.000000 -0.000001 0.000000 -0.219626 0.000005 0.000001
    7 3.359990 0.000014 -0.000007 -0.439260 0.000000 0.000003
    8 6.719987 0.000030 -0.000015 -0.658851 -0.000002 0.000001
    9 3.500862 -5.725745 -0.640568 0.000000 -1.570795 3.141592
    10 -2.186730 3.179637 -0.996149 0.000000 0.000000 0.000000
    11 4.409998 -0.000001 0.000004 -0.341951 0.182193 0.339090
    12 10.079982 0.000014 0.000025 0.000004 0.000046 -0.698017
    13 0.000001 0.000004 0.000000 0.248683 -0.000001 0.000010
    14 3.359994 0.000032 0.000015 0.497359 -0.000007 0.000004
    15 6.719987 0.000057 0.000028 0.746047 0.000003 0.000003
    16 0.000000 0.000000 0.000000 1.574715 0.000000 -3.141592
    17 9.388720 -18.429354 -8.821297 2.195410 0.037880 -1.678832
    18 -0.118055 -0.108981 0.513327 -0.000047 -0.086523 0.000009
    19 4.409994 -0.000012 0.000012 0.000000 0.000000 0.000000
    20 -3.422661 1.711283 0.470872 0.018364 -0.593174 -0.075895
    21 1.410028 0.000010 0.000007 0.000006 0.000009 -0.987481
    22 0.993011 -0.000001 0.000006 0.000001 -0.000006 -0.761963
    23 -1.022532 1.571291 -0.406268 0.562009 -1.088038 -0.422346
    24 1.337718 0.000005 0.000002 -3.141591 -1.497669 3.135755
    25 1.180473 -0.000093 -0.000003 2.322271 -1.447922 -2.264049
    26 -0.666712 0.565948 -0.425195 0.276535 -1.168921 -0.243380
    27 1.311736 0.000006 0.000004 -3.109347 -1.501840 3.110658
    28 1.132875 -0.000003 -0.000005 -2.277655 -1.482347 2.251198
    29 -0.835869 -0.375753 -0.250998 -0.232083 -1.169899 0.124274
    30 1.303124 0.000019 0.000004 2.990854 -1.546793 -2.976011
    31 1.094648 -0.000011 -0.000003 -0.062804 -1.544912 0.032862
    32 -1.144743 -1.304737 0.171518 -0.974001 -1.088390 0.663341
    33 1.052849 0.000000 -0.000004 3.124857 -1.425270 3.135795
    34 0.916342 -0.000031 0.000001 3.141553 -1.536954 -3.129942
    35 -7.779457 -18.287500 -8.848452 0.854883 -0.018375 -1.605641
    36 -0.117880 -0.102734 -0.180849 0.000013 0.017066 0.000000
    37 4.409983 -0.000034 0.000004 0.000000 0.000000 0.000000
    38 -3.459356 1.711287 -0.541797 0.125169 -0.669906 3.034105
    39 -1.410028 -0.000005 -0.000014 0.000004 0.000001 -0.911659
    40 -0.993008 0.000010 -0.000011 0.000000 -0.000006 -0.908928
    41 -1.077398 1.571280 0.162236 0.351673 -1.124156 2.999846
    42 -1.337713 0.000003 -0.000002 3.078234 -1.322288 -3.107495
    43 -1.180471 0.000072 0.000002 0.222693 -1.503459 -0.194122
    44 -0.719599 0.565946 0.238754 -0.061928 -1.418387 -3.057514
    45 -1.311414 -0.000009 -0.000267 0.002810 -1.315827 0.001501
    46 -1.132872 0.000005 -0.000066 3.139362 -1.176202 -3.092139
    47 -1.239075 -1.304744 -0.314278 -1.430303 -0.982760 -2.003829
    48 -1.052850 0.000005 -0.000004 2.863323 -1.535755 3.140266
    49 -0.916342 0.000033 0.000003 3.130054 -1.386235 -3.118064
    50 -0.900585 -0.375762 0.090056 -0.779868 -1.244725 -2.521915
    51 -1.303123 -0.000014 0.000008 -0.004240 -1.451229 -0.001012
    52 -1.094650 0.000007 0.000003 -2.577326 -1.476285 2.574417
    53 0.000000 0.000000 0.000000 0.000000 0.000000 0.000000
    54 0.000000 0.000000 0.000000 0.000000 0.000000 -1.570796
    55 0.000000 0.000000 0.000000 0.000000 0.000000 -1.570796
    56 -2.000000 0.000000 0.000000 -1.570796 0.000000 0.174533
    57 -1.500000 0.000002 0.000000 -1.570796 0.000000 0.000000
    58 0.000000 0.500000 0.000000 -1.570796 0.261799 0.000000
    59 -0.000001 0.000000 0.000000 -3.141593 0.174533 0.000000
    60 0.000000 0.000000 -0.000001 -3.141593 0.174533 0.174533
    61 0.000000 0.000000 0.000000 -3.141593 0.349066 -0.174533
    62 0.000000 0.000000 0.000000 -1.570796 0.000000 0.000000
    63 0.000000 0.000000 0.000000 -1.570796 0.000000 0.000000
    64 0.000000 0.000000 0.000000 -1.570796 0.000000 0.000000
    65 0.000000 0.000000 0.000002 -1.570796 0.000000 0.000000
    66 0.000000 0.000000 0.000000 -1.570796 0.000000 0.000000
    67 0.000000 0.000001 0.000000 -1.570796 0.000000 0.000000
    68 0.000000 0.000000 0.000000 -1.570796 0.000000 0.000000
    69 0.000000 0.000000 0.000000 -1.570796 0.000000 0.000000
    70 0.000000 0.000000 0.000000 -1.570796 0.000000 0.000000
    71 0.000000 0.000000 0.000000 -1.570796 0.000000 0.000000
    72 0.000000 0.000000 0.000000 -1.570796 0.000000 0.000000
    73 0.000000 0.000000 0.000000 -1.570796 0.000000 0.000000
    74 -2.000000 0.000000 0.000000 1.570796 0.000000 0.174533
    75 -1.500000 -0.000001 -0.250000 1.570796 0.000000 0.000000
    76 -1.000000 0.250000 0.500000 1.570796 0.000000 0.000000
    77 0.000000 0.000000 0.000000 2.094395 0.000000 -3.141593
    78 0.000000 0.000000 0.000000 2.094395 0.000000 -3.141593
    79 0.000000 -0.200001 -0.200000 1.745329 0.000000 -3.141593
    80 0.000000 -0.000001 -0.000002 1.570796 0.000000 3.141593
    81 0.000000 0.000000 0.000000 1.570796 0.000000 -3.141593
    82 0.000000 0.000000 -0.000002 1.570796 0.000000 -3.141593
    83 0.000000 0.000000 0.000000 1.570796 0.000000 3.141593
    84 -0.000002 0.000000 0.000000 1.570796 0.000000 3.141593
    85 0.000000 0.000000 0.000000 1.570796 0.000000 3.141593
    86 0.000000 0.000000 0.000000 1.570796 0.000000 3.141593
    87 0.000000 0.000000 0.000000 1.570796 0.000000 -3.141593
    88 0.000000 0.000000 0.000000 1.570796 0.000000 -3.141593
    89 0.000000 0.000000 0.000000 1.570796 0.000000 3.141593
    90 0.000000 0.000000 0.000000 1.570796 0.000000 -3.141593
    91 0.000000 0.000000 0.000000 1.570796 0.000000 -3.141593
  time 12
    0 0.000000 0.000000 0.000000 0.000000 0.000000 -0.000007
    1 0.000000 2.709942 -10.591393 0.000000 -1.570796 1.570796
    2 3.500857 9.013945 -0.640573 0.000000 -1.570796 0.000000
    3 -2.289403 -1.496114 0.973094 0.000000 0.000000 0.000000
    4 4.409996 0.000005 -0.000003 0.135269 -0.088982 0.276870
    5 10.079981 -0.000003 -0.000001 -0.000002 -0.000003 -0.539534
    6 0.000000 -0.000001 0.000000 -0.220540 0.000005 0.000001
    7 3.359990 0.000014 -0.000007 -0.441037 0.000000 0.000003
    8 6.719987 0.000030 -0.000015 -0.661594 -0.000002 0.000001
    9 3.500862 -5.725745 -0.640568 0.000000 -1.570795 3.141592
    10 -2.186730 3.179637 -0.996149 0.000000 0.000000 0.000000
    11 4.409998 -0.000001 0.000004 -0.341794 0.182242 0.339090
    12 10.079982 0.000014 0.000025 0.000004 0.000046 -0.697828
    13 0.000001 0.000004 0.000000 0.248719 -0.000001 0.000010
    14 3.359994 0.000032 0.000015 0.497435 -0.000007 0.000004
    15 6.719987 0.000057 0.000028 0.746161 0.000003 0.000003
    16 0.000000 0.000000 0.000000 1.575098 0.000000 -3.141592
    17 9.388720 -18.433260 -8.821297 2.195764 0.038536 -1.679779
    18 -0.118055 -0.108981 0.513327 -0.000047 -0.086523 0.000009
    19 4.409994 -0.000012 0.000012 0.000000 0.000000 0.000000
    20 -3.422661 1.711283 0.470872 0.018364 -0.593174 -0.075895
    21 1.410028 0.000010 0.000007 0.000006 0.000009 -0.987481
    22 0.993011 -0.000001 0.000006 0.000001 -0.000006 -0.761963
    23 -1.022532 1.571291 -0.406268 0.562009 -1.088038 -0.422346
    24 1.337718 0.000005 0.000002 -3.141591 -1.497669 3.135755
    25 1.180473 -0.000093 -0.000003 2.322271 -1.447922 -2.264049
    26 -0.666712 0.565948 -0.425195 0.276535 -1.168921 -0.243380
    27 1.311736 0.000006 0.000004 -3.109347 -1.501840 3.110658
    28 1.132875 -0.000003 -0.000005 -2.277655 -1.482347 2.251198
    29 -0.835869 -0.375753 -0.250998 -0.232083 -1.169899 0.124274
    30 1.303124 0.000019 0.000004 2.990854 -1.546793 -2.976011
    31 1.094648 -0.000011 -0.000003 -0.062792 -1.544912 0.032874
    32 -1.144743 -1.304737 0.171518 -0.974001 -1.088390 0.663341
    33 1.052849 0.000000 -0.000004 3.124857 -1.425270 3.135795
    34 0.916342 -0.000031 0.000001 3.141553 -1.536954 -3.129942
    35 -7.779457 -18.287500 -8.832826 0.851473 -0.018966 -1.605133
    36 -0.117880 -0.102734 -0.180849 0.000013 0.017066 0.000000
    37 4.409983 -0.000034 0.000004 0.000000 0.000000 0.000000
    38 -3.459356 1.711287 -0.541797 0.125169 -0.669906 3.034105
    39 -1.410028 -0.000005 -0.000014 0.000004 0.000001 -0.911659
    40 -0.993008 0.000010 -0.000011 0.000012 -0.000006 -0.908928
    41 -1.077398 1.571280 0.162236 0.351673 -1.124156 2.999846
    42 -1.337713 0.000003 -0.000002 3.078234 -1.322288 -3.107495
    43 -1.180471 0.000072 0.000002 0.222705 -1.503459 -0.194110
    44 -0.719599 0.565946 0.238754 -0.061928 -1.418387 -3.057526
    45 -1.311414 -0.000009 -0.000267 0.002810 -1.315827 0.001501
    46 -1.132872 0.000005 -0.000066 3.139362 -1.176202 -3.092139
    47 -1.239075 -1.304744 -0.314278 -1.430303 -0.982760 -2.003829
    48 -1.052850 0.000005 -0.000004 2.863323 -1.535755 3.140266
    49 -0.916342 0.000033 0.000003 3.130054 -1.386235 -3.118064
    50 -0.900585 -0.375762 0.090056 -0.779868 -1.244725 -2.521915
    51 -1.303123 -0.000014 0.000008 -0.004240 -1.451229 -0.001012
    52 -1.094650 0.000007 0.000003 -2.577326 -1.476285 2.574417
    53 0.000000 0.000000 0.000000 0.000000 0.000000 0.000000
    54 0.000000 0.000000 0.000000 0.000000 0.000000 -1.570796
    55 0.000000 0.000000 0.000000 0.000000 0.000000 -1.570796
    56 -2.000000 0.000000 0.000000 -1.570796 0.000000 0.174533
    57 -1.500000 0.000002 0.000000 -1.570796 0.000000 0.000000
    58 0.000000 0.500000 0.000000 -1.570796 0.261799 0.000000
    59 -0.000001 0.000000 0.000000 -3.141593 0.174533 0.000000
    60 0.000000 0.000000 -0.000001 -3.141593 0.174533 0.174533
    61 0.000000 0.000000 0.000000 -3.141593 0.349066 -0.174533
    62 0.000000 0.000000 0.000000 -1.570796 0.000000 0.000000
    63 0.000000 0.000000 0.000000 -1.570796 0.000000 0.000000
    64 0.000000 0.000000 0.000000 -1.570796 0.000000 0.000000
    65 0.000000 0.000000 0.000002 -1.570796 0.000000 0.000000
    66 0.000000 0.000000 0.000000 -1.570796 0.000000 0.000000
    67 0.000000 0.000001 0.000000 -1.570796 0.000000 0.000000
    68 0.000000 0.000000 0.000000 -1.570796 0.000000 0.000000
    69 0.000000 0.000000 0.000000 -1.570796 0.000000 0.000000
    70 0.000000 0.000000 0.000000 -1.570796 0.000000 0.000000
    71 0.000000 0.000000 0.000000 -1.570796 0.000000 0.000000
    72 0.000000 0.000000 0.000000 -1.570796 0.000000 0.000000
    73 0.000000 0.000000 0.000000 -1.570796 0.000000 0.000000
    74 -2.000000 0.000000 0.000000 1.570796 0.000000 0.174533
    75 -1.500000 -0.000001 -0.250000 1.570796 0.000000 0.000000
    76 -1.000000 0.250000 0.500000 1.570796 0.000000 0.000000
    77 0.000000 0.000000 0.000000 2.094395 0.000000 -3.141593
    78 0.000000 0.000000 0.000000 2.094395 0.000000 -3.141593
    79 0.000000 -0.200001 -0.200000 1.745329 0.000000 -3.141593
    80 0.000000 -0.000001 -0.000002 1.570796 0.000000 3.141593
    81 0.000000 0.000000 0.000000 1.570796 0.000000 -3.141593
    82 0.000000 0.000000 -0.000002 1.570796 0.000000 -3.141593
    83 0.000000 0.000000 0.000000 1.570796 0.000000 3.141593
    84 -0.000002 0.000000 0.000000 1.570796 0.000000 3.141593
    85 0.000000 0.000000 0.000000 1.570796 0.000000 3.141593
    86 0.000000 0.000000 0.000000 1.570796 0.000000 3.141593
    87 0.000000 0.000000 0.000000 1.570796 0.000000 -3.141593
    88 0.000000 0.000000 0.000000 1.570796 0.000000 -3.141593
    89 0.000000 0.000000 0.000000 1.570796 0.000000 3.141593
    90 0.000000 0.000000 0.000000 1.570796 0.000000 -3.141593
    91 0.000000 0.000000 0.000000 1.570796 0.000000 -3.141593
  time 13
    0 0.000000 0.000000 0.000000 0.000000 0.000000 -0.000007
    1 0.000000 2.709942 -10.591393 0.000000 -1.570796 1.570796
    2 3.500857 9.013945 -0.640573 0.000000 -1.570796 0.000000
    3 -2.289403 -1.496114 0.973094 0.000000 0.000000 0.000000
    4 4.409996 0.000005 -0.000003 0.135489 -0.088745 0.277000
    5 10.079981 -0.000003 -0.000001 -0.000002 -0.000003 -0.539587
    6 0.000000 -0.000001 0.000000 -0.221429 0.000005 0.000001
    7 3.359990 0.000014 -0.000007 -0.442814 0.000000 0.000003
    8 6.719987 0.000030 -0.000015 -0.664298 -0.000002 0.000001
    9 3.500862 -5.725745 -0.640568 0.000000 -1.570795 3.141592
    10 -2.186730 3.179637 -0.996149 0.000000 0.000000 0.000000
    11 4.409998 -0.000001 0.000004 -0.341548 0.182324 0.339032
    12 10.079982 0.000014 0.000025 0.000004 0.000046 -0.697544
    13 0.000001 0.000004 0.000000 0.248887 -0.000001 0.000010
    14 3.359994 0.000032 0.000015 0.497777 -0.000007 0.000004
    15 6.719987 0.000057 0.000028 0.746674 0.000003 0.000003
    16 0.000000 0.000000 0.000000 1.575482 0.000000 -3.141592
    17 9.384813 -18.433260 -8.821297 2.196827 0.039338 -1.680836
    18 -0.118055 -0.108981 0.513327 -0.000047 -0.086523 0.000009
    19 4.409994 -0.000012 0.000012 0.000000 0.000000 0.000000
    20 -3.422661 1.711283 0.470872 0.018364 -0.593174 -0.075895
    21 1.410028 0.000010 0.000007 0.000006 0.000009 -0.987481
    22 0.993011 -0.000001 0.000006 0.000001 -0.000006 -0.761963
    23 -1.022532 1.571291 -0.406268 0.562009 -1.088038 -0.422346
    24 1.337718 0.000005 0.000002 -3.141591 -1.497669 3.135755
    25 1.180473 -0.000093 -0.000003 2.322271 -1.447922 -2.264049
    26 -0.666712 0.565948 -0.425195 0.276535 -1.168921 -0.243380
    27 1.311736 0.000006 0.000004 -3.109347 -1.501840 3.110658
    28 1.132875 -0.000003 -0.000005 -2.277655 -1.482347 2.251198
    29 -0.835869 -0.375753 -0.250998 -0.232083 -1.169899 0.124274
    30 1.303124 0.000019 0.000004 2.990854 -1.546793 -2.976011
    31 1.094648 -0.000011 -0.000003 -0.062792 -1.544912 0.032874
    32 -1.144743 -1.304737 0.171518 -0.974001 -1.088390 0.663341
    33 1.052849 0.000000 -0.000004 3.124857 -1.425270 3.135795
    34 0.916342 -0.000031 0.000001 3.141553 -1.536954 -3.129942
    35 -7.779457 -18.287500 -8.832826 0.848158 -0.019779 -1.604625
    36 -0.117880 -0.102734 -0.180849 0.000013 0.017066 0.000000
    37 4.409983 -0.000034 0.000004 0.000000 0.000000 0.000000
    38 -3.459356 1.711287 -0.541797 0.125169 -0.669906 3.034105
    39 -1.410028 -0.000005 -0.000014 0.000004 0.000001 -0.911659
    40 -0.993008 0.000010 -0.000011 0.000012 -0.000006 -0.908928
    41 -1.077398 1.571280 0.162236 0.351673 -1.124156 2.999846
    42 -1.337713 0.000003 -0.000002 3.078234 -1.322288 -3.107495
    43 -1.180471 0.000072 0.000002 0.222693 -1.503459 -0.194122
    44 -0.719599 0.565946 0.238754 -0.061928 -1.418387 -3.057514
    45 -1.311414 -0.000009 -0.000267 0.002810 -1.315827 0.001501
    46 -1.132872 0.000005 -0.000066 3.139362 -1.176202 -3.092139
    47 -1.239075 -1.304744 -0.314278 -1.430303 -0.982760 -2.003829
    48 -1.052850 0.000005 -0.000004 2.863323 -1.535755 3.140266
    49 -0.916342 0.000033 0.000003 3.130054 -1.386235 -3.118064
    50 -0.900585 -0.375762 0.090056 -0.779868 -1.244725 -2.521915
    51 -1.303123 -0.000014 0.000008 -0.004240 -1.451229 -0.001012
    52 -1.094650 0.000007 0.000003 -2.577326 -1.476285 2.574417
    53 0.000000 0.000000 0.000000 0.000000 0.000000 0.000000
    54 0.000000 0.000000 0.000000 0.000000 0.000000 -1.570796
    55 0.000000 0.000000 0.000000 0.000000 0.000000 -1.570796
    56 -2.000000 0.000000 0.000000 -1.570796 0.000000 0.174533
    57 -1.500000 0.000002 0.000000 -1.570796 0.000000 0.000000
    58 0.000000 0.500000 0.000000 -1.570796 0.261799 0.000000
    59 -0.000001 0.000000 0.000000 -3.141593 0.174533 0.000000
    60 0.000000 0.000000 -0.000001 -3.141593 0.174533 0.174533
    61 0.000000 0.000000 0.000000 -3.141593 0.349066 -0.174533
    62 0.000000 0.000000 0.000000 -1.570796 0.000000 0.000000
    63 0.000000 0.000000 0.000000 -1.570796 0.000000 0.000000
    64 0.000000 0.000000 0.000000 -1.570796 0.000000 0.000000
    65 0.000000 0.000000 0.000002 -1.570796 0.000000 0.000000
    66 0.000000 0.000000 0.000000 -1.570796 0.000000 0.000000
    67 0.000000 0.000001 0.000000 -1.570796 0.000000 0.000000
    68 0.000000 0.000000 0.000000 -1.570796 0.000000 0.000000
    69 0.000000 0.000000 0.000000 -1.570796 0.000000 0.000000
    70 0.000000 0.000000 0.000000 -1.570796 0.000000 0.000000
    71 0.000000 0.000000 0.000000 -1.570796 0.000000 0.000000
    72 0.000000 0.000000 0.000000 -1.570796 0.000000 0.000000
    73 0.000000 0.000000 0.000000 -1.570796 0.000000 0.000000
    74 -2.000000 0.000000 0.000000 1.570796 0.000000 0.174533
    75 -1.500000 -0.000001 -0.250000 1.570796 0.000000 0.000000
    76 -1.000000 0.250000 0.500000 1.570796 0.000000 0.000000
    77 0.000000 0.000000 0.000000 2.094395 0.000000 -3.141593
    78 0.000000 0.000000 0.000000 2.094395 0.000000 -3.141593
    79 0.000000 -0.200001 -0.200000 1.745329 0.000000 -3.141593
    80 0.000000 -0.000001 -0.000002 1.570796 0.000000 3.141593
    81 0.000000 0.000000 0.000000 1.570796 0.000000 -3.141593
    82 0.000000 0.000000 -0.000002 1.570796 0.000000 -3.141593
    83 0.000000 0.000000 0.000000 1.570796 0.000000 3.141593
    84 -0.000002 0.000000 0.000000 1.570796 0.000000 3.141593
    85 0.000000 0.000000 0.000000 1.570796 0.000000 3.141593
    86 0.000000 0.000000 0.000000 1.570796 0.000000 3.141593
    87 0.000000 0.000000 0.000000 1.570796 0.000000 -3.141593
    88 0.000000 0.000000 0.000000 1.570796 0.000000 -3.141593
    89 0.000000 0.000000 0.000000 1.570796 0.000000 3.141593
    90 0.000000 0.000000 0.000000 1.570796 0.000000 -3.141593
    91 0.000000 0.000000 0.000000 1.570796 0.000000 -3.141593
  time 14
    0 0.000000 0.000000 0.000000 0.000000 0.000000 -0.000007
    1 0.000000 2.709942 -10.591393 0.000000 -1.570796 1.570796
    2 3.500857 9.013945 -0.640573 0.000000 -1.570796 0.000000
    3 -2.289403 -1.496114 0.973094 0.000000 0.000000 0.000000
    4 4.409996 0.000005 -0.000003 0.135709 -0.088529 0.277043
    5 10.079981 -0.000003 -0.000001 -0.000002 -0.000003 -0.539587
    6 0.000000 -0.000001 0.000000 -0.222291 0.000005 0.000001
    7 3.359990 0.000014 -0.000007 -0.444617 0.000000 0.000003
    8 6.719987 0.000030 -0.000015 -0.666925 -0.000002 0.000001
    9 3.500862 -5.725745 -0.640568 0.000000 -1.570795 3.141592
    10 -2.186730 3.179637 -0.996149 0.000000 0.000000 0.000000
    11 4.409998 -0.000001 0.000004 -0.341145 0.182422 0.338975
    12 10.079982 0.000014 0.000025 0.000004 0.000046 -0.697355
    13 0.000001 0.000004 0.000000 0.249199 -0.000001 0.000010
    14 3.359994 0.000032 0.000015 0.498385 -0.000007 0.000004
    15 6.719987 0.000057 0.000028 0.747586 0.000003 0.000003
    16 0.000000 0.000000 0.000000 1.575782 0.000000 -3.141592
    17 9.384813 -18.433260 -8.836923 2.198480 0.040359 -1.682171
    18 -0.118055 -0.108981 0.513327 -0.000047 -0.086523 0.000009
    19 4.409994 -0.000012 0.000012 0.000000 0.000000 0.000000
    20 -3.422661 1.711283 0.470872 0.018364 -0.593174 -0.075895
    21 1.410028 0.000010 0.000007 0.000006 0.000009 -0.987481
    22 0.993011 -0.000001 0.000006 0.000001 -0.000006 -0.761963
    23 -1.022532 1.571291 -0.406268 0.562009 -1.088038 -0.422346
    24 1.337718 0.000005 0.000002 -3.141591 -1.497669 3.135755
    25 1.180473 -0.000093 -0.000003 2.322271 -1.447922 -2.264049
    26 -0.666712 0.565948 -0.425195 0.276535 -1.168921 -0.243380
    27 1.311736 0.000006 0.000004 -3.109347 -1.501840 3.110658
    28 1.132875 -0.000003 -0.000005 -2.277655 -1.482347 2.251198
    29 -0.835869 -0.375753 -0.250998 -0.232083 -1.169899 0.124274
    30 1.303124 0.000019 0.000004 2.990854 -1.546793 -2.976011
    31 1.094648 -0.000011 -0.000003 -0.062804 -1.544912 0.032862
    32 -1.144743 -1.304737 0.171518 -0.974001 -1.088390 0.663341
    33 1.052849 0.000000 -0.000004 3.124857 -1.425270 3.135795
    34 0.916342 -0.000031 0.000001 3.141553 -1.536954 -3.129942
    35 -7.779457 -18.287500 -8.821107 0.844969 -0.020778 -1.603947
    36 -0.117880 -0.102734 -0.180849 0.000013 0.017066 0.000000
    37 4.409983 -0.000034 0.000004 0.000000 0.000000 0.000000
    38 -3.459356 1.711287 -0.541797 0.125169 -0.669906 3.034105
    39 -1.410028 -0.000005 -0.000014 0.000004 0.000001 -0.911659
    40 -0.993008 0.000010 -0.000011 0.000012 -0.000006 -0.908928
    41 -1.077398 1.571280 0.162236 0.351673 -1.124156 2.999846
    42 -1.337713 0.000003 -0.000002 3.078234 -1.322288 -3.107495
    43 -1.180471 0.000072 0.000002 0.222693 -1.503459 -0.194122
    44 -0.719599 0.565946 0.238754 -0.061928 -1.418387 -3.057514
    45 -1.311414 -0.000009 -0.000267 0.002810 -1.315827 0.001501
    46 -1.132872 0.000005 -0.000066 3.139362 -1.176202 -3.092139
    47 -1.239075 -1.304744 -0.314278 -1.430303 -0.982760 -2.003829
    48 -1.052850 0.000005 -0.000004 2.863323 -1.535755 3.140266
    49 -0.916342 0.000033 0.000003 3.130054 -1.386235 -3.118064
    50 -0.900585 -0.375762 0.090056 -0.779868 -1.244725 -2.521915
    51 -1.303123 -0.000014 0.000008 -0.004240 -1.451229 -0.001012
    52 -1.094650 0.000007 0.000003 -2.577326 -1.476285 2.574417
    53 0.000000 0.000000 0.000000 0.000000 0.000000 0.000000
    54 0.000000 0.000000 0.000000 0.000000 0.000000 -1.570796
    55 0.000000 0.000000 0.000000 0.000000 0.000000 -1.570796
    56 -2.000000 0.000000 0.000000 -1.570796 0.000000 0.174533
    57 -1.500000 0.000002 0.000000 -1.570796 0.000000 0.000000
    58 0.000000 0.500000 0.000000 -1.570796 0.261799 0.000000
    59 -0.000001 0.000000 0.000000 -3.141593 0.174533 0.000000
    60 0.000000 0.000000 -0.000001 -3.141593 0.174533 0.174533
    61 0.000000 0.000000 0.000000 -3.141593 0.349066 -0.174533
    62 0.000000 0.000000 0.000000 -1.570796 0.000000 0.000000
    63 0.000000 0.000000 0.000000 -1.570796 0.000000 0.000000
    64 0.000000 0.000000 0.000000 -1.570796 0.000000 0.000000
    65 0.000000 0.000000 0.000002 -1.570796 0.000000 0.000000
    66 0.000000 0.000000 0.000000 -1.570796 0.000000 0.000000
    67 0.000000 0.000001 0.000000 -1.570796 0.000000 0.000000
    68 0.000000 0.000000 0.000000 -1.570796 0.000000 0.000000
    69 0.000000 0.000000 0.000000 -1.570796 0.000000 0.000000
    70 0.000000 0.000000 0.000000 -1.570796 0.000000 0.000000
    71 0.000000 0.000000 0.000000 -1.570796 0.000000 0.000000
    72 0.000000 0.000000 0.000000 -1.570796 0.000000 0.000000
    73 0.000000 0.000000 0.000000 -1.570796 0.000000 0.000000
    74 -2.000000 0.000000 0.000000 1.570796 0.000000 0.174533
    75 -1.500000 -0.000001 -0.250000 1.570796 0.000000 0.000000
    76 -1.000000 0.250000 0.500000 1.570796 0.000000 0.000000
    77 0.000000 0.000000 0.000000 2.094395 0.000000 -3.141593
    78 0.000000 0.000000 0.000000 2.094395 0.000000 -3.141593
    79 0.000000 -0.200001 -0.200000 1.745329 0.000000 -3.141593
    80 0.000000 -0.000001 -0.000002 1.570796 0.000000 3.141593
    81 0.000000 0.000000 0.000000 1.570796 0.000000 -3.141593
    82 0.000000 0.000000 -0.000002 1.570796 0.000000 -3.141593
    83 0.000000 0.000000 0.000000 1.570796 0.000000 3.141593
    84 -0.000002 0.000000 0.000000 1.570796 0.000000 3.141593
    85 0.000000 0.000000 0.000000 1.570796 0.000000 3.141593
    86 0.000000 0.000000 0.000000 1.570796 0.000000 3.141593
    87 0.000000 0.000000 0.000000 1.570796 0.000000 -3.141593
    88 0.000000 0.000000 0.000000 1.570796 0.000000 -3.141593
    89 0.000000 0.000000 0.000000 1.570796 0.000000 3.141593
    90 0.000000 0.000000 0.000000 1.570796 0.000000 -3.141593
    91 0.000000 0.000000 0.000000 1.570796 0.000000 -3.141593
  time 15
    0 0.000000 0.000000 0.000000 0.000000 0.000000 -0.000007
    1 0.000000 2.709942 -10.591393 0.000000 -1.570796 1.570796
    2 3.500857 9.013945 -0.640573 0.000000 -1.570796 0.000000
    3 -2.289403 -1.496114 0.973094 0.000000 0.000000 0.000000
    4 4.409996 0.000005 -0.000003 0.136003 -0.088335 0.277086
    5 10.079981 -0.000003 -0.000001 -0.000002 -0.000003 -0.539639
    6 0.000000 -0.000001 0.000000 -0.223141 0.000005 0.000001
    7 3.359990 0.000014 -0.000007 -0.446291 0.000000 0.000003
    8 6.719987 0.000030 -0.000015 -0.669475 -0.000002 0.000001
    9 3.500862 -5.725745 -0.640568 0.000000 -1.570795 3.141592
    10 -2.186730 3.179637 -0.996149 0.000000 0.000000 0.000000
    11 4.409998 -0.000001 0.000004 -0.340697 0.182586 0.339032
    12 10.079982 0.000014 0.000025 0.000004 0.000046 -0.697213
    13 0.000001 0.000004 0.000000 0.249606 -0.000001 0.000010
    14 3.359994 0.000032 0.000015 0.499221 -0.000007 0.000004
    15 6.719987 0.000057 0.000028 0.748840 0.000003 0.000003
    16 0.000000 0.000000 0.000000 1.575997 0.000000 -3.141592
    17 9.384813 -18.433260 -8.836923 2.200684 0.041416 -1.683618
    18 -0.118055 -0.108981 0.513327 -0.000047 -0.086523 0.000009
    19 4.409994 -0.000012 0.000012 0.000000 0.000000 0.000000
    20 -3.422661 1.711283 0.470872 0.018364 -0.593174 -0.075895
    21 1.410028 0.000010 0.000007 0.000006 0.000009 -0.987481
    22 0.993011 -0.000001 0.000006 0.000001 -0.000006 -0.761963
    23 -1.022532 1.571291 -0.406268 0.562009 -1.088038 -0.422346
    24 1.337718 0.000005 0.000002 -3.141591 -1.497669 3.135755
    25 1.180473 -0.000093 -0.000003 2.322271 -1.447922 -2.264049
    26 -0.666712 0.565948 -0.425195 0.276535 -1.168921 -0.243380
    27 1.311736 0.000006 0.000004 -3.109347 -1.501840 3.110658
    28 1.132875 -0.000003 -0.000005 -2.277655 -1.482347 2.251198
    29 -0.835869 -0.375753 -0.250998 -0.232083 -1.169899 0.124274
    30 1.303124 0.000019 0.000004 2.990854 -1.546793 -2.976011
    31 1.094648 -0.000011 -0.000003 -0.062804 -1.544912 0.032862
    32 -1.144743 -1.304737 0.171518 -0.974001 -1.088390 0.663341
    33 1.052849 0.000000 -0.000004 3.124857 -1.425270 3.135795
    34 0.916342 -0.000031 0.000001 3.141553 -1.536954 -3.129942
    35 -7.779457 -18.287500 -8.817201 0.841970 -0.021850 -1.603185
    36 -0.117880 -0.102734 -0.180849 0.000013 0.017066 0.000000
    37 4.409983 -0.000034 0.000004 0.000000 0.000000 0.000000
    38 -3.459356 1.711287 -0.541797 0.125169 -0.669906 3.034105
    39 -1.410028 -0.000005 -0.000014 0.000004 0.000001 -0.911659
    40 -0.993008 0.000010 -0.000011 0.000012 -0.000006 -0.908928
    41 -1.077398 1.571280 0.162236 0.351673 -1.124156 2.999846
    42 -1.337713 0.000003 -0.000002 3.078234 -1.322288 -3.107495
    43 -1.180471 0.000072 0.000002 0.222705 -1.503459 -0.194122
    44 -0.719599 0.565946 0.238754 -0.061928 -1.418387 -3.057514
    45 -1.311414 -0.000009 -0.000267 0.002810 -1.315827 0.001501
    46 -1.132872 0.000005 -0.000066 3.139362 -1.176202 -3.092139
    47 -1.239075 -1.304744 -0.314278 -1.430303 -0.982760 -2.003829
    48 -1.052850 0.000005 -0.000004 2.863323 -1.535755 3.140266
    49 -0.916342 0.000033 0.000003 3.130054 -1.386235 -3.118064
    50 -0.900585 -0.375762 0.090056 -0.779868 -1.244725 -2.521915
    51 -1.303123 -0.000014 0.000008 -0.004240 -1.451229 -0.001012
    52 -1.094650 0.000007 0.000003 -2.577326 -1.476285 2.574417
    53 0.000000 0.000000 0.000000 0.000000 0.000000 0.000000
    54 0.000000 0.000000 0.000000 0.000000 0.000000 -1.570796
    55 0.000000 0.000000 0.000000 0.000000 0.000000 -1.570796
    56 -2.000000 0.000000 0.000000 -1.570796 0.000000 0.174533
    57 -1.500000 0.000002 0.000000 -1.570796 0.000000 0.000000
    58 0.000000 0.500000 0.000000 -1.570796 0.261799 0.000000
    59 -0.000001 0.000000 0.000000 -3.141593 0.174533 0.000000
    60 0.000000 0.000000 -0.000001 -3.141593 0.174533 0.174533
    61 0.000000 0.000000 0.000000 -3.141593 0.349066 -0.174533
    62 0.000000 0.000000 0.000000 -1.570796 0.000000 0.000000
    63 0.000000 0.000000 0.000000 -1.570796 0.000000 0.000000
    64 0.000000 0.000000 0.000000 -1.570796 0.000000 0.000000
    65 0.000000 0.000000 0.000002 -1.570796 0.000000 0.000000
    66 0.000000 0.000000 0.000000 -1.570796 0.000000 0.000000
    67 0.000000 0.000001 0.000000 -1.570796 0.000000 0.000000
    68 0.000000 0.000000 0.000000 -1.570796 0.000000 0.000000
    69 0.000000 0.000000 0.000000 -1.570796 0.000000 0.000000
    70 0.000000 0.000000 0.000000 -1.570796 0.000000 0.000000
    71 0.000000 0.000000 0.000000 -1.570796 0.000000 0.000000
    72 0.000000 0.000000 0.000000 -1.570796 0.000000 0.000000
    73 0.000000 0.000000 0.000000 -1.570796 0.000000 0.000000
    74 -2.000000 0.000000 0.000000 1.570796 0.000000 0.174533
    75 -1.500000 -0.000001 -0.250000 1.570796 0.000000 0.000000
    76 -1.000000 0.250000 0.500000 1.570796 0.000000 0.000000
    77 0.000000 0.000000 0.000000 2.094395 0.000000 -3.141593
    78 0.000000 0.000000 0.000000 2.094395 0.000000 -3.141593
    79 0.000000 -0.200001 -0.200000 1.745329 0.000000 -3.141593
    80 0.000000 -0.000001 -0.000002 1.570796 0.000000 3.141593
    81 0.000000 0.000000 0.000000 1.570796 0.000000 -3.141593
    82 0.000000 0.000000 -0.000002 1.570796 0.000000 -3.141593
    83 0.000000 0.000000 0.000000 1.570796 0.000000 3.141593
    84 -0.000002 0.000000 0.000000 1.570796 0.000000 3.141593
    85 0.000000 0.000000 0.000000 1.570796 0.000000 3.141593
    86 0.000000 0.000000 0.000000 1.570796 0.000000 3.141593
    87 0.000000 0.000000 0.000000 1.570796 0.000000 -3.141593
    88 0.000000 0.000000 0.000000 1.570796 0.000000 -3.141593
    89 0.000000 0.000000 0.000000 1.570796 0.000000 3.141593
    90 0.000000 0.000000 0.000000 1.570796 0.000000 -3.141593
    91 0.000000 0.000000 0.000000 1.570796 0.000000 -3.141593
  time 16
    0 0.000000 0.000000 0.000000 0.000000 0.000000 -0.000007
    1 0.000000 2.709942 -10.591393 0.000000 -1.570796 1.570796
    2 3.500857 9.013945 -0.640573 0.000000 -1.570796 0.000000
    3 -2.289403 -1.496114 0.973094 0.000000 0.000000 0.000000
    4 4.409996 0.000005 -0.000003 0.136076 -0.088185 0.277086
    5 10.079981 -0.000003 -0.000001 -0.000002 -0.000003 -0.539587
    6 0.000000 -0.000001 0.000000 -0.224030 0.000005 0.000001
    7 3.359990 0.000014 -0.000007 -0.448068 0.000000 0.000003
    8 6.719987 0.000030 -0.000015 -0.672102 -0.000002 0.000001
    9 3.500862 -5.725745 -0.640568 0.000000 -1.570795 3.141592
    10 -2.186730 3.179637 -0.996149 0.000000 0.000000 0.000000
    11 4.409998 -0.000001 0.000004 -0.340182 0.182815 0.339232
    12 10.079982 0.000014 0.000025 0.000004 0.000046 -0.697213
    13 0.000001 0.000004 0.000000 0.250146 -0.000001 0.000010
    14 3.359994 0.000032 0.000015 0.500285 -0.000007 0.000004
    15 6.719987 0.000057 0.000028 0.750407 0.000003 0.000003
    16 0.000000 0.000000 0.000000 1.576177 0.000000 -3.141592
    17 9.384813 -18.437167 -8.840829 2.203321 0.042583 -1.685288
    18 -0.118055 -0.108981 0.513327 -0.000047 -0.086523 0.000009
    19 4.409994 -0.000012 0.000012 0.000000 0.000000 0.000000
    20 -3.422661 1.711283 0.470872 0.018364 -0.593174 -0.075895
    21 1.410028 0.000010 0.000007 0.000006 0.000009 -0.987481
    22 0.993011 -0.000001 0.000006 0.000001 -0.000006 -0.761963
    23 -1.022532 1.571291 -0.406268 0.562009 -1.088038 -0.422346
    24 1.337718 0.000005 0.000002 -3.141591 -1.497669 3.135755
    25 1.180473 -0.000093 -0.000003 2.322271 -1.447922 -2.264049
    26 -0.666712 0.565948 -0.425195 0.276535 -1.168921 -0.243380
    27 1.311736 0.000006 0.000004 -3.109347 -1.501840 3.110658
    28 1.132875 -0.000003 -0.000005 -2.277655 -1.482347 2.251198
    29 -0.835869 -0.375753 -0.250998 -0.232083 -1.169899 0.124274
    30 1.303124 0.000019 0.000004 2.990854 -1.546793 -2.976011
    31 1.094648 -0.000011 -0.000003 -0.062792 -1.544912 0.032874
    32 -1.144743 -1.304737 0.171518 -0.974001 -1.088390 0.663341
    33 1.052849 0.000000 -0.000004 3.124857 -1.425270 3.135795
    34 0.916342 -0.000031 0.000001 3.141553 -1.536954 -3.129942
    35 -7.779457 -18.287500 -8.817201 0.838844 -0.023181 -1.602084
    36 -0.117880 -0.102734 -0.180849 0.000013 0.017066 0.000000
    37 4.409983 -0.000034 0.000004 0.000000 0.000000 0.000000
    38 -3.459356 1.711287 -0.541797 0.125169 -0.669906 3.034105
    39 -1.410028 -0.000005 -0.000014 0.000004 0.000001 -0.911659
    40 -0.993008 0.000010 -0.000011 0.000012 -0.000006 -0.908928
    41 -1.077398 1.571280 0.162236 0.351673 -1.124156 2.999846
    42 -1.337713 0.000003 -0.000002 3.078234 -1.322288 -3.107495
    43 -1.180471 0.000072 0.000002 0.222693 -1.503459 -0.194122
    44 -0.719599 0.565946 0.238754 -0.061928 -1.418387 -3.057514
    45 -1.311414 -0.000009 -0.000267 0.002810 -1.315827 0.001501
    46 -1.132872 0.000005 -0.000066 3.139362 -1.176202 -3.092139
    47 -1.239075 -1.304744 -0.314278 -1.430303 -0.982760 -2.003829
    48 -1.052850 0.000005 -0.000004 2.863323 -1.535755 3.140266
    49 -0.916342 0.000033 0.000003 3.130054 -1.386235 -3.118064
    50 -0.900585 -0.375762 0.090056 -0.779868 -1.244725 -2.521915
    51 -1.303123 -0.000014 0.000008 -0.004240 -1.451229 -0.001012
    52 -1.094650 0.000007 0.000003 -2.577326 -1.476285 2.574417
    53 0.000000 0.000000 0.000000 0.000000 0.000000 0.000000
    54 0.000000 0.000000 0.000000 0.000000 0.000000 -1.570796
    55 0.000000 0.000000 0.000000 0.000000 0.000000 -1.570796
    56 -2.000000 0.000000 0.000000 -1.570796 0.000000 0.174533
    57 -1.500000 0.000002 0.000000 -1.570796 0.000000 0.000000
    58 0.000000 0.500000 0.000000 -1.570796 0.261799 0.000000
    59 -0.000001 0.000000 0.000000 -3.141593 0.174533 0.000000
    60 0.000000 0.000000 -0.000001 -3.141593 0.174533 0.174533
    61 0.000000 0.000000 0.000000 -3.141593 0.349066 -0.174533
    62 0.000000 0.000000 0.000000 -1.570796 0.000000 0.000000
    63 0.000000 0.000000 0.000000 -1.570796 0.000000 0.000000
    64 0.000000 0.000000 0.000000 -1.570796 0.000000 0.000000
    65 0.000000 0.000000 0.000002 -1.570796 0.000000 0.000000
    66 0.000000 0.000000 0.000000 -1.570796 0.000000 0.000000
    67 0.000000 0.000001 0.000000 -1.570796 0.000000 0.000000
    68 0.000000 0.000000 0.000000 -1.570796 0.000000 0.000000
    69 0.000000 0.000000 0.000000 -1.570796 0.000000 0.000000
    70 0.000000 0.000000 0.000000 -1.570796 0.000000 0.000000
    71 0.000000 0.000000 0.000000 -1.570796 0.000000 0.000000
    72 0.000000 0.000000 0.000000 -1.570796 0.000000 0.000000
    73 0.000000 0.000000 0.000000 -1.570796 0.000000 0.000000
    74 -2.000000 0.000000 0.000000 1.570796 0.000000 0.174533
    75 -1.500000 -0.000001 -0.250000 1.570796 0.000000 0.000000
    76 -1.000000 0.250000 0.500000 1.570796 0.000000 0.000000
    77 0.000000 0.000000 0.000000 2.094395 0.000000 -3.141593
    78 0.000000 0.000000 0.000000 2.094395 0.000000 -3.141593
    79 0.000000 -0.200001 -0.200000 1.745329 0.000000 -3.141593
    80 0.000000 -0.000001 -0.000002 1.570796 0.000000 3.141593
    81 0.000000 0.000000 0.000000 1.570796 0.000000 -3.141593
    82 0.000000 0.000000 -0.000002 1.570796 0.000000 -3.141593
    83 0.000000 0.000000 0.000000 1.570796 0.000000 3.141593
    84 -0.000002 0.000000 0.000000 1.570796 0.000000 3.141593
    85 0.000000 0.000000 0.000000 1.570796 0.000000 3.141593
    86 0.000000 0.000000 0.000000 1.570796 0.000000 3.141593
    87 0.000000 0.000000 0.000000 1.570796 0.000000 -3.141593
    88 0.000000 0.000000 0.000000 1.570796 0.000000 -3.141593
    89 0.000000 0.000000 0.000000 1.570796 0.000000 3.141593
    90 0.000000 0.000000 0.000000 1.570796 0.000000 -3.141593
    91 0.000000 0.000000 0.000000 1.570796 0.000000 -3.141593
  time 17
    0 0.000000 0.000000 0.000000 0.000000 0.000000 -0.000007
    1 0.000000 2.709942 -10.591393 0.000000 -1.570796 1.570796
    2 3.500857 9.013945 -0.640573 0.000000 -1.570796 0.000000
    3 -2.289403 -1.496114 0.973094 0.000000 0.000000 0.000000
    4 4.409996 0.000005 -0.000003 0.136223 -0.088055 0.277086
    5 10.079981 -0.000003 -0.000001 -0.000002 -0.000003 -0.539587
    6 0.000000 -0.000001 0.000000 -0.224957 0.000005 0.000001
    7 3.359990 0.000014 -0.000007 -0.449871 0.000000 0.000003
    8 6.719987 0.000030 -0.000015 -0.674845 -0.000002 0.000001
    9 3.500862 -5.725745 -0.640568 0.000000 -1.570795 3.141592
    10 -2.186730 3.179637 -0.996149 0.000000 0.000000 0.000000
    11 4.409998 -0.000001 0.000004 -0.339600 0.183077 0.339575
    12 10.079982 0.000014 0.000025 0.000004 0.000046 -0.697402
    13 0.000001 0.000004 0.000000 0.250769 -0.000001 0.000010
    14 3.359994 0.000032 0.000015 0.501520 -0.000007 0.000004
    15 6.719987 0.000057 0.000028 0.752288 0.000003 0.000003
    16 0.000000 0.000000 0.000000 1.576321 0.000000 -3.141592
    17 9.384813 -18.433260 -8.852548 2.206431 0.043859 -1.687013
    18 -0.118055 -0.108981 0.513327 -0.000047 -0.086523 0.000009
    19 4.409994 -0.000012 0.000012 0.000000 0.000000 0.000000
    20 -3.422661 1.711283 0.470872 0.018364 -0.593174 -0.075895
    21 1.410028 0.000010 0.000007 0.000006 0.000009 -0.987481
    22 0.993011 -0.000001 0.000006 0.000001 -0.000006 -0.761963
    23 -1.022532 1.571291 -0.406268 0.562009 -1.088038 -0.422346
    24 1.337718 0.000005 0.000002 -3.141591 -1.497669 3.135755
    25 1.180473 -0.000093 -0.000003 2.322271 -1.447922 -2.264049
    26 -0.666712 0.565948 -0.425195 0.276535 -1.168921 -0.243380
    27 1.311736 0.000006 0.000004 -3.109347 -1.501840 3.110658
    28 1.132875 -0.000003 -0.000005 -2.277655 -1.482347 2.251198
    29 -0.835869 -0.375753 -0.250998 -0.232083 -1.169899 0.124274
    30 1.303124 0.000019 0.000004 2.990854 -1.546793 -2.976011
    31 1.094648 -0.000011 -0.000003 -0.062792 -1.544912 0.032862
    32 -1.144743 -1.304737 0.171518 -0.974001 -1.088390 0.663341
    33 1.052849 0.000000 -0.000004 3.124857 -1.425270 3.135795
    34 0.916342 -0.000031 0.000001 3.141553 -1.536954 -3.129942
    35 -7.779457 -18.287500 -8.817201 0.835624 -0.025030 -1.600898
    36 -0.117880 -0.102734 -0.180849 0.000013 0.017066 0.000000
    37 4.409983 -0.000034 0.000004 0.000000 0.000000 0.000000
    38 -3.459356 1.711287 -0.541797 0.125169 -0.669906 3.034105
    39 -1.410028 -0.000005 -0.000014 0.000004 0.000001 -0.911659
    40 -0.993008 0.000010 -0.000011 0.000012 -0.000006 -0.908928
    41 -1.077398 1.571280 0.162236 0.351673 -1.124156 2.999846
    42 -1.337713 0.000003 -0.000002 3.078234 -1.322288 -3.107495
    43 -1.180471 0.000072 0.000002 0.222705 -1.503459 -0.194122
    44 -0.719599 0.565946 0.238754 -0.061928 -1.418387 -3.057514
    45 -1.311414 -0.000009 -0.000267 0.002810 -1.315827 0.001501
    46 -1.132872 0.000005 -0.000066 3.139362 -1.176202 -3.092139
    47 -1.239075 -1.304744 -0.314278 -1.430303 -0.982760 -2.003829
    48 -1.052850 0.000005 -0.000004 2.863323 -1.535755 3.140266
    49 -0.916342 0.000033 0.000003 3.130054 -1.386235 -3.118064
    50 -0.900585 -0.375762 0.090056 -0.779868 -1.244725 -2.521915
    51 -1.303123 -0.000014 0.000008 -0.004240 -1.451229 -0.001012
    52 -1.094650 0.000007 0.000003 -2.577326 -1.476285 2.574417
    53 0.000000 0.000000 0.000000 0.000000 0.000000 0.000000
    54 0.000000 0.000000 0.000000 0.000000 0.000000 -1.570796
    55 0.000000 0.000000 0.000000 0.000000 0.000000 -1.570796
    56 -2.000000 0.000000 0.000000 -1.570796 0.000000 0.174533
    57 -1.500000 0.000002 0.000000 -1.570796 0.000000 0.000000
    58 0.000000 0.500000 0.000000 -1.570796 0.261799 0.000000
    59 -0.000001 0.000000 0.000000 -3.141593 0.174533 0.000000
    60 0.000000 0.000000 -0.000001 -3.141593 0.174533 0.174533
    61 0.000000 0.000000 0.000000 -3.141593 0.349066 -0.174533
    62 0.000000 0.000000 0.000000 -1.570796 0.000000 0.000000
    63 0.000000 0.000000 0.000000 -1.570796 0.000000 0.000000
    64 0.000000 0.000000 0.000000 -1.570796 0.000000 0.000000
    65 0.000000 0.000000 0.000002 -1.570796 0.000000 0.000000
    66 0.000000 0.000000 0.000000 -1.570796 0.000000 0.000000
    67 0.000000 0.000001 0.000000 -1.570796 0.000000 0.000000
    68 0.000000 0.000000 0.000000 -1.570796 0.000000 0.000000
    69 0.000000 0.000000 0.000000 -1.570796 0.000000 0.000000
    70 0.000000 0.000000 0.000000 -1.570796 0.000000 0.000000
    71 0.000000 0.000000 0.000000 -1.570796 0.000000 0.000000
    72 0.000000 0.000000 0.000000 -1.570796 0.000000 0.000000
    73 0.000000 0.000000 0.000000 -1.570796 0.000000 0.000000
    74 -2.000000 0.000000 0.000000 1.570796 0.000000 0.174533
    75 -1.500000 -0.000001 -0.250000 1.570796 0.000000 0.000000
    76 -1.000000 0.250000 0.500000 1.570796 0.000000 0.000000
    77 0.000000 0.000000 0.000000 2.094395 0.000000 -3.141593
    78 0.000000 0.000000 0.000000 2.094395 0.000000 -3.141593
    79 0.000000 -0.200001 -0.200000 1.745329 0.000000 -3.141593
    80 0.000000 -0.000001 -0.000002 1.570796 0.000000 3.141593
    81 0.000000 0.000000 0.000000 1.570796 0.000000 -3.141593
    82 0.000000 0.000000 -0.000002 1.570796 0.000000 -3.141593
    83 0.000000 0.000000 0.000000 1.570796 0.000000 3.141593
    84 -0.000002 0.000000 0.000000 1.570796 0.000000 3.141593
    85 0.000000 0.000000 0.000000 1.570796 0.000000 3.141593
    86 0.000000 0.000000 0.000000 1.570796 0.000000 3.141593
    87 0.000000 0.000000 0.000000 1.570796 0.000000 -3.141593
    88 0.000000 0.000000 0.000000 1.570796 0.000000 -3.141593
    89 0.000000 0.000000 0.000000 1.570796 0.000000 3.141593
    90 0.000000 0.000000 0.000000 1.570796 0.000000 -3.141593
    91 0.000000 0.000000 0.000000 1.570796 0.000000 -3.141593
  time 18
    0 0.000000 0.000000 0.000000 0.000000 0.000000 -0.000007
    1 0.000000 2.709942 -10.591393 0.000000 -1.570796 1.570796
    2 3.500857 9.013945 -0.640573 0.000000 -1.570796 0.000000
    3 -2.289403 -1.496114 0.973094 0.000000 0.000000 0.000000
    4 4.409996 0.000005 -0.000003 0.136296 -0.088012 0.277086
    5 10.079981 -0.000003 -0.000001 -0.000002 -0.000003 -0.539534
    6 0.000000 -0.000001 0.000000 -0.225923 0.000005 0.000001
    7 3.359990 0.000014 -0.000007 -0.451854 0.000000 0.000003
    8 6.719987 0.000030 -0.000015 -0.677781 -0.000002 0.000001
    9 3.500862 -5.725745 -0.640568 0.000000 -1.570795 3.141592
    10 -2.186730 3.179637 -0.996149 0.000000 0.000000 0.000000
    11 4.409998 -0.000001 0.000004 -0.339063 0.183388 0.340031
    12 10.079982 0.000014 0.000025 0.000004 0.000046 -0.698017
    13 0.000001 0.000004 0.000000 0.251464 -0.000001 0.000010
    14 3.359994 0.000032 0.000015 0.502906 -0.000007 0.000004
    15 6.719987 0.000057 0.000028 0.754397 0.000003 0.000003
    16 0.000000 0.000000 0.000000 1.576393 0.000000 -3.141592
    17 9.384813 -18.433260 -8.852548 2.209816 0.045208 -1.688905
    18 -0.118055 -0.108981 0.513327 -0.000047 -0.086523 0.000009
    19 4.409994 -0.000012 0.000012 0.000000 0.000000 0.000000
    20 -3.422661 1.711283 0.470872 0.018364 -0.593174 -0.075895
    21 1.410028 0.000010 0.000007 0.000006 0.000009 -0.987481
    22 0.993011 -0.000001 0.000006 0.000001 -0.000006 -0.761963
    23 -1.022532 1.571291 -0.406268 0.562009 -1.088038 -0.422346
    24 1.337718 0.000005 0.000002 -3.141591 -1.497669 3.135755
    25 1.180473 -0.000093 -0.000003 2.322271 -1.447922 -2.264049
    26 -0.666712 0.565948 -0.425195 0.276535 -1.168921 -0.243380
    27 1.311736 0.000006 0.000004 -3.109347 -1.501840 3.110658
    28 1.132875 -0.000003 -0.000005 -2.277655 -1.482347 2.251198
    29 -0.835869 -0.375753 -0.250998 -0.232083 -1.169899 0.124274
    30 1.303124 0.000019 0.000004 2.990854 -1.546793 -2.976011
    31 1.094648 -0.000011 -0.000003 -0.062792 -1.544912 0.032874
    32 -1.144743 -1.304737 0.171518 -0.974001 -1.088390 0.663341
    33 1.052849 0.000000 -0.000004 3.124857 -1.425270 3.135795
    34 0.916342 -0.000031 0.000001 3.141553 -1.536954 -3.129942
    35 -7.779457 -18.287500 -8.817201 0.832309 -0.027137 -1.599289
    36 -0.117880 -0.102734 -0.180849 0.000013 0.017066 0.000000
    37 4.409983 -0.000034 0.000004 0.000000 0.000000 0.000000
    38 -3.459356 1.711287 -0.541797 0.125169 -0.669906 3.034105
    39 -1.410028 -0.000005 -0.000014 0.000004 0.000001 -0.911659
    40 -0.993008 0.000010 -0.000011 0.000012 -0.000006 -0.908928
    41 -1.077398 1.571280 0.162236 0.351673 -1.124156 2.999846
    42 -1.337713 0.000003 -0.000002 3.078234 -1.322288 -3.107495
    43 -1.180471 0.000072 0.000002 0.222705 -1.503459 -0.194110
    44 -0.719599 0.565946 0.238754 -0.061928 -1.418387 -3.057514
    45 -1.311414 -0.000009 -0.000267 0.002810 -1.315827 0.001501
    46 -1.132872 0.000005 -0.000066 3.139362 -1.176202 -3.092139
    47 -1.239075 -1.304744 -0.314278 -1.430303 -0.982760 -2.003829
    48 -1.052850 0.000005 -0.000004 2.863323 -1.535755 3.140266
    49 -0.916342 0.000033 0.000003 3.130054 -1.386235 -3.118064
    50 -0.900585 -0.375762 0.090056 -0.779868 -1.244725 -2.521915
    51 -1.303123 -0.000014 0.000008 -0.004240 -1.451229 -0.001012
    52 -1.094650 0.000007 0.000003 -2.577326 -1.476285 2.574417
    53 0.000000 0.000000 0.000000 0.000000 0.000000 0.000000
    54 0.000000 0.000000 0.000000 0.000000 0.000000 -1.570796
    55 0.000000 0.000000 0.000000 0.000000 0.000000 -1.570796
    56 -2.000000 0.000000 0.000000 -1.570796 0.000000 0.174533
    57 -1.500000 0.000002 0.000000 -1.570796 0.000000 0.000000
    58 0.000000 0.500000 0.000000 -1.570796 0.261799 0.000000
    59 -0.000001 0.000000 0.000000 -3.141593 0.174533 0.000000
    60 0.000000 0.000000 -0.000001 -3.141593 0.174533 0.174533
    61 0.000000 0.000000 0.000000 -3.141593 0.349066 -0.174533
    62 0.000000 0.000000 0.000000 -1.570796 0.000000 0.000000
    63 0.000000 0.000000 0.000000 -1.570796 0.000000 0.000000
    64 0.000000 0.000000 0.000000 -1.570796 0.000000 0.000000
    65 0.000000 0.000000 0.000002 -1.570796 0.000000 0.000000
    66 0.000000 0.000000 0.000000 -1.570796 0.000000 0.000000
    67 0.000000 0.000001 0.000000 -1.570796 0.000000 0.000000
    68 0.000000 0.000000 0.000000 -1.570796 0.000000 0.000000
    69 0.000000 0.000000 0.000000 -1.570796 0.000000 0.000000
    70 0.000000 0.000000 0.000000 -1.570796 0.000000 0.000000
    71 0.000000 0.000000 0.000000 -1.570796 0.000000 0.000000
    72 0.000000 0.000000 0.000000 -1.570796 0.000000 0.000000
    73 0.000000 0.000000 0.000000 -1.570796 0.000000 0.000000
    74 -2.000000 0.000000 0.000000 1.570796 0.000000 0.174533
    75 -1.500000 -0.000001 -0.250000 1.570796 0.000000 0.000000
    76 -1.000000 0.250000 0.500000 1.570796 0.000000 0.000000
    77 0.000000 0.000000 0.000000 2.094395 0.000000 -3.141593
    78 0.000000 0.000000 0.000000 2.094395 0.000000 -3.141593
    79 0.000000 -0.200001 -0.200000 1.745329 0.000000 -3.141593
    80 0.000000 -0.000001 -0.000002 1.570796 0.000000 3.141593
    81 0.000000 0.000000 0.000000 1.570796 0.000000 -3.141593
    82 0.000000 0.000000 -0.000002 1.570796 0.000000 -3.141593
    83 0.000000 0.000000 0.000000 1.570796 0.000000 3.141593
    84 -0.000002 0.000000 0.000000 1.570796 0.000000 3.141593
    85 0.000000 0.000000 0.000000 1.570796 0.000000 3.141593
    86 0.000000 0.000000 0.000000 1.570796 0.000000 3.141593
    87 0.000000 0.000000 0.000000 1.570796 0.000000 -3.141593
    88 0.000000 0.000000 0.000000 1.570796 0.000000 -3.141593
    89 0.000000 0.000000 0.000000 1.570796 0.000000 3.141593
    90 0.000000 0.000000 0.000000 1.570796 0.000000 -3.141593
    91 0.000000 0.000000 0.000000 1.570796 0.000000 -3.141593
  time 19
    0 0.000000 0.000000 0.000000 0.000000 0.000000 -0.000007
    1 0.000000 2.709942 -10.591393 0.000000 -1.570796 1.570796
    2 3.500857 9.013945 -0.640573 0.000000 -1.570796 0.000000
    3 -2.289403 -1.496114 0.973094 0.000000 0.000000 0.000000
    4 4.409996 0.000005 -0.000003 0.136296 -0.088012 0.277043
    5 10.079981 -0.000003 -0.000001 -0.000002 -0.000003 -0.539322
    6 0.000000 -0.000001 0.000000 -0.226888 0.000005 0.000001
    7 3.359990 0.000014 -0.000007 -0.453760 0.000000 0.000003
    8 6.719987 0.000030 -0.000015 -0.680717 -0.000002 0.000001
    9 3.500862 -5.725745 -0.640568 0.000000 -1.570795 3.141592
    10 -2.186730 3.179637 -0.996149 0.000000 0.000000 0.000000
    11 4.409998 -0.000001 0.000004 -0.338436 0.183814 0.340773
    12 10.079982 0.000014 0.000025 0.000004 0.000046 -0.699010
    13 0.000001 0.000004 0.000000 0.252231 -0.000001 0.000010
    14 3.359994 0.000032 0.000015 0.504426 -0.000007 0.000004
    15 6.719987 0.000057 0.000028 0.756648 0.000003 0.000003
    16 0.000000 0.000000 0.000000 1.576405 0.000000 -3.141592
    17 9.388720 -18.429354 -8.868174 2.213516 0.046593 -1.690797
    18 -0.118055 -0.108981 0.513327 -0.000047 -0.086523 0.000009
    19 4.409994 -0.000012 0.000012 0.000000 0.000000 0.000000
    20 -3.422661 1.711283 0.470872 0.018364 -0.593174 -0.075895
    21 1.410028 0.000010 0.000007 0.000006 0.000009 -0.987481
    22 0.993011 -0.000001 0.000006 0.000001 -0.000006 -0.761963
    23 -1.022532 1.571291 -0.406268 0.562009 -1.088038 -0.422346
    24 1.337718 0.000005 0.000002 -3.141591 -1.497669 3.135755
    25 1.180473 -0.000093 -0.000003 2.322271 -1.447922 -2.264049
    26 -0.666712 0.565948 -0.425195 0.276535 -1.168921 -0.243380
    27 1.311736 0.000006 0.000004 -3.109347 -1.501840 3.110658
    28 1.132875 -0.000003 -0.000005 -2.277655 -1.482347 2.251198
    29 -0.835869 -0.375753 -0.250998 -0.232083 -1.169899 0.124274
    30 1.303124 0.000019 0.000004 2.990854 -1.546793 -2.976011
    31 1.094648 -0.000011 -0.000003 -0.062804 -1.544912 0.032862
    32 -1.144743 -1.304737 0.171518 -0.974001 -1.088390 0.663341
    33 1.052849 0.000000 -0.000004 3.124857 -1.425270 3.135795
    34 0.916342 -0.000031 0.000001 3.141553 -1.536954 -3.129942
    35 -7.779457 -18.287500 -8.817201 0.828962 -0.029540 -1.597680
    36 -0.117880 -0.102734 -0.180849 0.000013 0.017066 0.000000
    37 4.409983 -0.000034 0.000004 0.000000 0.000000 0.000000
    38 -3.459356 1.711287 -0.541797 0.125169 -0.669906 3.034105
    39 -1.410028 -0.000005 -0.000014 0.000004 0.000001 -0.911659
    40 -0.993008 0.000010 -0.000011 0.000012 -0.000006 -0.908928
    41 -1.077398 1.571280 0.162236 0.351673 -1.124156 2.999846
    42 -1.337713 0.000003 -0.000002 3.078234 -1.322288 -3.107495
    43 -1.180471 0.000072 0.000002 0.222705 -1.503459 -0.194122
    44 -0.719599 0.565946 0.238754 -0.061928 -1.418387 -3.057526
    45 -1.311414 -0.000009 -0.000267 0.002810 -1.315827 0.001501
    46 -1.132872 0.000005 -0.000066 3.139362 -1.176202 -3.092139
    47 -1.239075 -1.304744 -0.314278 -1.430303 -0.982760 -2.003829
    48 -1.052850 0.000005 -0.000004 2.863323 -1.535755 3.140266
    49 -0.916342 0.000033 0.000003 3.130054 -1.386235 -3.118064
    50 -0.900585 -0.375762 0.090056 -0.779868 -1.244725 -2.521915
    51 -1.303123 -0.000014 0.000008 -0.004240 -1.451229 -0.001012
    52 -1.094650 0.000007 0.000003 -2.577326 -1.476285 2.574417
    53 0.000000 0.000000 0.000000 0.000000 0.000000 0.000000
    54 0.000000 0.000000 0.000000 0.000000 0.000000 -1.570796
    55 0.000000 0.000000 0.000000 0.000000 0.000000 -1.570796
    56 -2.000000 0.000000 0.000000 -1.570796 0.000000 0.174533
    57 -1.500000 0.000002 0.000000 -1.570796 0.000000 0.000000
    58 0.000000 0.500000 0.000000 -1.570796 0.261799 0.000000
    59 -0.000001 0.000000 0.000000 -3.141593 0.174533 0.000000
    60 0.000000 0.000000 -0.000001 -3.141593 0.174533 0.174533
    61 0.000000 0.000000 0.000000 -3.141593 0.349066 -0.174533
    62 0.000000 0.000000 0.000000 -1.570796 0.000000 0.000000
    63 0.000000 0.000000 0.000000 -1.570796 0.000000 0.000000
    64 0.000000 0.000000 0.000000 -1.570796 0.000000 0.000000
    65 0.000000 0.000000 0.000002 -1.570796 0.000000 0.000000
    66 0.000000 0.000000 0.000000 -1.570796 0.000000 0.000000
    67 0.000000 0.000001 0.000000 -1.570796 0.000000 0.000000
    68 0.000000 0.000000 0.000000 -1.570796 0.000000 0.000000
    69 0.000000 0.000000 0.000000 -1.570796 0.000000 0.000000
    70 0.000000 0.000000 0.000000 -1.570796 0.000000 0.000000
    71 0.000000 0.000000 0.000000 -1.570796 0.000000 0.000000
    72 0.000000 0.000000 0.000000 -1.570796 0.000000 0.000000
    73 0.000000 0.000000 0.000000 -1.570796 0.000000 0.000000
    74 -2.000000 0.000000 0.000000 1.570796 0.000000 0.174533
    75 -1.500000 -0.000001 -0.250000 1.570796 0.000000 0.000000
    76 -1.000000 0.250000 0.500000 1.570796 0.000000 0.000000
    77 0.000000 0.000000 0.000000 2.094395 0.000000 -3.141593
    78 0.000000 0.000000 0.000000 2.094395 0.000000 -3.141593
    79 0.000000 -0.200001 -0.200000 1.745329 0.000000 -3.141593
    80 0.000000 -0.000001 -0.000002 1.570796 0.000000 3.141593
    81 0.000000 0.000000 0.000000 1.570796 0.000000 -3.141593
    82 0.000000 0.000000 -0.000002 1.570796 0.000000 -3.141593
    83 0.000000 0.000000 0.000000 1.570796 0.000000 3.141593
    84 -0.000002 0.000000 0.000000 1.570796 0.000000 3.141593
    85 0.000000 0.000000 0.000000 1.570796 0.000000 3.141593
    86 0.000000 0.000000 0.000000 1.570796 0.000000 3.141593
    87 0.000000 0.000000 0.000000 1.570796 0.000000 -3.141593
    88 0.000000 0.000000 0.000000 1.570796 0.000000 -3.141593
    89 0.000000 0.000000 0.000000 1.570796 0.000000 3.141593
    90 0.000000 0.000000 0.000000 1.570796 0.000000 -3.141593
    91 0.000000 0.000000 0.000000 1.570796 0.000000 -3.141593
  time 20
    0 0.000000 0.000000 0.000000 0.000000 0.000000 -0.000007
    1 0.000000 2.709942 -10.591393 0.000000 -1.570796 1.570796
    2 3.500857 9.013945 -0.640573 0.000000 -1.570796 0.000000
    3 -2.289403 -1.496114 0.973094 0.000000 0.000000 0.000000
    4 4.409996 0.000005 -0.000003 0.136223 -0.088055 0.277043
    5 10.079981 -0.000003 -0.000001 -0.000002 -0.000003 -0.539217
    6 0.000000 -0.000001 0.000000 -0.227854 0.000005 0.000001
    7 3.359990 0.000014 -0.000007 -0.455743 0.000000 0.000003
    8 6.719987 0.000030 -0.000015 -0.683575 -0.000002 0.000001
    9 3.500862 -5.725745 -0.640568 0.000000 -1.570795 3.141592
    10 -2.186730 3.179637 -0.996149 0.000000 0.000000 0.000000
    11 4.409998 -0.000001 0.000004 -0.337809 0.184289 0.341857
    12 10.079982 0.000014 0.000025 0.000004 0.000046 -0.700476
    13 0.000001 0.000004 0.000000 0.253046 -0.000001 0.000010
    14 3.359994 0.000032 0.000015 0.506060 -0.000007 0.000004
    15 6.719987 0.000057 0.000028 0.759099 0.000003 0.000003
    16 0.000000 0.000000 0.000000 1.576369 0.000000 -3.141592
    17 9.392626 -18.425448 -8.868174 2.217334 0.048015 -1.692745
    18 -0.118055 -0.108981 0.513327 -0.000047 -0.086523 0.000009
    19 4.409994 -0.000012 0.000012 0.000000 0.000000 0.000000
    20 -3.422661 1.711283 0.470872 0.018364 -0.593174 -0.075895
    21 1.410028 0.000010 0.000007 0.000006 0.000009 -0.987481
    22 0.993011 -0.000001 0.000006 0.000001 -0.000006 -0.761963
    23 -1.022532 1.571291 -0.406268 0.562009 -1.088038 -0.422346
    24 1.337718 0.000005 0.000002 -3.141591 -1.497669 3.135755
    25 1.180473 -0.000093 -0.000003 2.322271 -1.447922 -2.264049
    26 -0.666712 0.565948 -0.425195 0.276535 -1.168921 -0.243380
    27 1.311736 0.000006 0.000004 -3.109347 -1.501840 3.110658
    28 1.132875 -0.000003 -0.000005 -2.277655 -1.482347 2.251198
    29 -0.835869 -0.375753 -0.250998 -0.232083 -1.169899 0.124274
    30 1.303124 0.000019 0.000004 2.990854 -1.546793 -2.976011
    31 1.094648 -0.000011 -0.000003 -0.062816 -1.544912 0.032850
    32 -1.144743 -1.304737 0.171518 -0.973982 -1.088390 0.663341
    33 1.052849 0.000000 -0.000004 3.124857 -1.425270 3.135795
    34 0.916342 -0.000031 0.000001 3.141553 -1.536954 -3.129942
    35 -7.779457 -18.287500 -8.817201 0.825710 -0.032203 -1.595732
    36 -0.117880 -0.102734 -0.180849 0.000013 0.017066 0.000000
    37 4.409983 -0.000034 0.000004 0.000000 0.000000 0.000000
    38 -3.459356 1.711287 -0.541797 0.125169 -0.669906 3.034105
    39 -1.410028 -0.000005 -0.000014 0.000004 0.000001 -0.911659
    40 -0.993008 0.000010 -0.000011 0.000012 -0.000006 -0.908928
    41 -1.077398 1.571280 0.162236 0.351673 -1.124156 2.999846
    42 -1.337713 0.000003 -0.000002 3.078234 -1.322288 -3.107495
    43 -1.180471 0.000072 0.000002 0.222693 -1.503459 -0.194110
    44 -0.719599 0.565946 0.238754 -0.061928 -1.418387 -3.057514
    45 -1.311414 -0.000009 -0.000267 0.002810 -1.315827 0.001501
    46 -1.132872 0.000005 -0.000066 3.139362 -1.176202 -3.092139
    47 -1.239075 -1.304744 -0.314278 -1.430303 -0.982760 -2.003829
    48 -1.052850 0.000005 -0.000004 2.863323 -1.535755 3.140266
    49 -0.916342 0.000033 0.000003 3.130054 -1.386235 -3.118064
    50 -0.900585 -0.375762 0.090056 -0.779868 -1.244725 -2.521915
    51 -1.303123 -0.000014 0.000008 -0.004240 -1.451229 -0.001012
    52 -1.094650 0.000007 0.000003 -2.577326 -1.476285 2.574417
    53 0.000000 0.000000 0.000000 0.000000 0.000000 0.000000
    54 0.000000 0.000000 0.000000 0.000000 0.000000 -1.570796
    55 0.000000 0.000000 0.000000 0.000000 0.000000 -1.570796
    56 -2.000000 0.000000 0.000000 -1.570796 0.000000 0.174533
    57 -1.500000 0.000002 0.000000 -1.570796 0.000000 0.000000
    58 0.000000 0.500000 0.000000 -1.570796 0.261799 0.000000
    59 -0.000001 0.000000 0.000000 -3.141593 0.174533 0.000000
    60 0.000000 0.000000 -0.000001 -3.141593 0.174533 0.174533
    61 0.000000 0.000000 0.000000 -3.141593 0.349066 -0.174533
    62 0.000000 0.000000 0.000000 -1.570796 0.000000 0.000000
    63 0.000000 0.000000 0.000000 -1.570796 0.000000 0.000000
    64 0.000000 0.000000 0.000000 -1.570796 0.000000 0.000000
    65 0.000000 0.000000 0.000002 -1.570796 0.000000 0.000000
    66 0.000000 0.000000 0.000000 -1.570796 0.000000 0.000000
    67 0.000000 0.000001 0.000000 -1.570796 0.000000 0.000000
    68 0.000000 0.000000 0.000000 -1.570796 0.000000 0.000000
    69 0.000000 0.000000 0.000000 -1.570796 0.000000 0.000000
    70 0.000000 0.000000 0.000000 -1.570796 0.000000 0.000000
    71 0.000000 0.000000 0.000000 -1.570796 0.000000 0.000000
    72 0.000000 0.000000 0.000000 -1.570796 0.000000 0.000000
    73 0.000000 0.000000 0.000000 -1.570796 0.000000 0.000000
    74 -2.000000 0.000000 0.000000 1.570796 0.000000 0.174533
    75 -1.500000 -0.000001 -0.250000 1.570796 0.000000 0.000000
    76 -1.000000 0.250000 0.500000 1.570796 0.000000 0.000000
    77 0.000000 0.000000 0.000000 2.094395 0.000000 -3.141593
    78 0.000000 0.000000 0.000000 2.094395 0.000000 -3.141593
    79 0.000000 -0.200001 -0.200000 1.745329 0.000000 -3.141593
    80 0.000000 -0.000001 -0.000002 1.570796 0.000000 3.141593
    81 0.000000 0.000000 0.000000 1.570796 0.000000 -3.141593
    82 0.000000 0.000000 -0.000002 1.570796 0.000000 -3.141593
    83 0.000000 0.000000 0.000000 1.570796 0.000000 3.141593
    84 -0.000002 0.000000 0.000000 1.570796 0.000000 3.141593
    85 0.000000 0.000000 0.000000 1.570796 0.000000 3.141593
    86 0.000000 0.000000 0.000000 1.570796 0.000000 3.141593
    87 0.000000 0.000000 0.000000 1.570796 0.000000 -3.141593
    88 0.000000 0.000000 0.000000 1.570796 0.000000 -3.141593
    89 0.000000 0.000000 0.000000 1.570796 0.000000 3.141593
    90 0.000000 0.000000 0.000000 1.570796 0.000000 -3.141593
    91 0.000000 0.000000 0.000000 1.570796 0.000000 -3.141593
  time 21
    0 0.000000 0.000000 0.000000 0.000000 0.000000 -0.000007
    1 0.000000 2.709942 -10.591393 0.000000 -1.570796 1.570796
    2 3.500857 9.013945 -0.640573 0.000000 -1.570796 0.000000
    3 -2.289403 -1.496114 0.973094 0.000000 0.000000 0.000000
    4 4.409996 0.000005 -0.000003 0.136223 -0.088141 0.276913
    5 10.079981 -0.000003 -0.000001 -0.000002 -0.000003 -0.538952
    6 0.000000 -0.000001 0.000000 -0.228807 0.000005 0.000001
    7 3.359990 0.000014 -0.000007 -0.457649 0.000000 0.000003
    8 6.719987 0.000030 -0.000015 -0.686473 -0.000002 0.000001
    9 3.500862 -5.725745 -0.640568 0.000000 -1.570795 3.141592
    10 -2.186730 3.179637 -0.996149 0.000000 0.000000 0.000000
    11 4.409998 -0.000001 0.000004 -0.337182 0.184879 0.343255
    12 10.079982 0.000014 0.000025 0.000004 0.000046 -0.702415
    13 0.000001 0.000004 0.000000 0.253885 -0.000001 0.000010
    14 3.359994 0.000032 0.000015 0.507732 -0.000007 0.000004
    15 6.719987 0.000057 0.000028 0.761607 0.000003 0.000003
    16 0.000000 0.000000 0.000000 1.576297 0.000000 -3.141592
    17 9.396533 -18.417635 -8.868174 2.221349 0.049437 -1.694748
    18 -0.118055 -0.108981 0.513327 -0.000047 -0.086523 0.000009
    19 4.409994 -0.000012 0.000012 0.000000 0.000000 0.000000
    20 -3.422661 1.711283 0.470872 0.018364 -0.593174 -0.075895
    21 1.410028 0.000010 0.000007 0.000006 0.000009 -0.987481
    22 0.993011 -0.000001 0.000006 0.000001 -0.000006 -0.761963
    23 -1.022532 1.571291 -0.406268 0.562009 -1.088038 -0.422346
    24 1.337718 0.000005 0.000002 -3.141591 -1.497669 3.135755
    25 1.180473 -0.000093 -0.000003 2.322271 -1.447922 -2.264049
    26 -0.666712 0.565948 -0.425195 0.276535 -1.168921 -0.243380
    27 1.311736 0.000006 0.000004 -3.109347 -1.501840 3.110658
    28 1.132875 -0.000003 -0.000005 -2.277655 -1.482347 2.251198
    29 -0.835869 -0.375753 -0.250998 -0.232083 -1.169899 0.124274
    30 1.303124 0.000019 0.000004 2.990854 -1.546793 -2.976011
    31 1.094648 -0.000011 -0.000003 -0.062816 -1.544912 0.032850
    32 -1.144743 -1.304737 0.171518 -0.974001 -1.088390 0.663341
    33 1.052849 0.000000 -0.000004 3.124857 -1.425270 3.135795
    34 0.916342 -0.000031 0.000001 3.141553 -1.536954 -3.129942
    35 -7.779457 -18.287500 -8.817201 0.822553 -0.034976 -1.593784
    36 -0.117880 -0.102734 -0.180849 0.000013 0.017066 0.000000
    37 4.409983 -0.000034 0.000004 0.000000 0.000000 0.000000
    38 -3.459356 1.711287 -0.541797 0.125169 -0.669906 3.034105
    39 -1.410028 -0.000005 -0.000014 0.000004 0.000001 -0.911659
    40 -0.993008 0.000010 -0.000011 0.000012 -0.000006 -0.908928
    41 -1.077398 1.571280 0.162236 0.351673 -1.124156 2.999846
    42 -1.337713 0.000003 -0.000002 3.078234 -1.322288 -3.107495
    43 -1.180471 0.000072 0.000002 0.222705 -1.503459 -0.194122
    44 -0.719599 0.565946 0.238754 -0.061928 -1.418387 -3.057526
    45 -1.311414 -0.000009 -0.000267 0.002810 -1.315827 0.001501
    46 -1.132872 0.000005 -0.000066 3.139362 -1.176202 -3.092139
    47 -1.239075 -1.304744 -0.314278 -1.430303 -0.982760 -2.003829
    48 -1.052850 0.000005 -0.000004 2.863323 -1.535755 3.140266
    49 -0.916342 0.000033 0.000003 3.130054 -1.386235 -3.118064
    50 -0.900585 -0.375762 0.090056 -0.779868 -1.244725 -2.521915
    51 -1.303123 -0.000014 0.000008 -0.004240 -1.451229 -0.001012
    52 -1.094650 0.000007 0.000003 -2.577326 -1.476285 2.574417
    53 0.000000 0.000000 0.000000 0.000000 0.000000 0.000000
    54 0.000000 0.000000 0.000000 0.000000 0.000000 -1.570796
    55 0.000000 0.000000 0.000000 0.000000 0.000000 -1.570796
    56 -2.000000 0.000000 0.000000 -1.570796 0.000000 0.174533
    57 -1.500000 0.000002 0.000000 -1.570796 0.000000 0.000000
    58 0.000000 0.500000 0.000000 -1.570796 0.261799 0.000000
    59 -0.000001 0.000000 0.000000 -3.141593 0.174533 0.000000
    60 0.000000 0.000000 -0.000001 -3.141593 0.174533 0.174533
    61 0.000000 0.000000 0.000000 -3.141593 0.349066 -0.174533
    62 0.000000 0.000000 0.000000 -1.570796 0.000000 0.000000
    63 0.000000 0.000000 0.000000 -1.570796 0.000000 0.000000
    64 0.000000 0.000000 0.000000 -1.570796 0.000000 0.000000
    65 0.000000 0.000000 0.000002 -1.570796 0.000000 0.000000
    66 0.000000 0.000000 0.000000 -1.570796 0.000000 0.000000
    67 0.000000 0.000001 0.000000 -1.570796 0.000000 0.000000
    68 0.000000 0.000000 0.000000 -1.570796 0.000000 0.000000
    69 0.000000 0.000000 0.000000 -1.570796 0.000000 0.000000
    70 0.000000 0.000000 0.000000 -1.570796 0.000000 0.000000
    71 0.000000 0.000000 0.000000 -1.570796 0.000000 0.000000
    72 0.000000 0.000000 0.000000 -1.570796 0.000000 0.000000
    73 0.000000 0.000000 0.000000 -1.570796 0.000000 0.000000
    74 -2.000000 0.000000 0.000000 1.570796 0.000000 0.174533
    75 -1.500000 -0.000001 -0.250000 1.570796 0.000000 0.000000
    76 -1.000000 0.250000 0.500000 1.570796 0.000000 0.000000
    77 0.000000 0.000000 0.000000 2.094395 0.000000 -3.141593
    78 0.000000 0.000000 0.000000 2.094395 0.000000 -3.141593
    79 0.000000 -0.200001 -0.200000 1.745329 0.000000 -3.141593
    80 0.000000 -0.000001 -0.000002 1.570796 0.000000 3.141593
    81 0.000000 0.000000 0.000000 1.570796 0.000000 -3.141593
    82 0.000000 0.000000 -0.000002 1.570796 0.000000 -3.141593
    83 0.000000 0.000000 0.000000 1.570796 0.000000 3.141593
    84 -0.000002 0.000000 0.000000 1.570796 0.000000 3.141593
    85 0.000000 0.000000 0.000000 1.570796 0.000000 3.141593
    86 0.000000 0.000000 0.000000 1.570796 0.000000 3.141593
    87 0.000000 0.000000 0.000000 1.570796 0.000000 -3.141593
    88 0.000000 0.000000 0.000000 1.570796 0.000000 -3.141593
    89 0.000000 0.000000 0.000000 1.570796 0.000000 3.141593
    90 0.000000 0.000000 0.000000 1.570796 0.000000 -3.141593
    91 0.000000 0.000000 0.000000 1.570796 0.000000 -3.141593
  time 22
    0 0.000000 0.000000 0.000000 0.000000 0.000000 -0.000007
    1 0.000000 2.709942 -10.591393 0.000000 -1.570796 1.570796
    2 3.500857 9.013945 -0.640573 0.000000 -1.570796 0.000000
    3 -2.289403 -1.496114 0.973094 0.000000 0.000000 0.000000
    4 4.409996 0.000005 -0.000003 0.136076 -0.088249 0.276870
    5 10.079981 -0.000003 -0.000001 -0.000002 -0.000003 -0.538741
    6 0.000000 -0.000001 0.000000 -0.229709 0.000005 0.000001
    7 3.359990 0.000014 -0.000007 -0.459426 0.000000 0.000003
    8 6.719987 0.000030 -0.000015 -0.689139 -0.000002 0.000001
    9 3.500862 -5.725745 -0.640568 0.000000 -1.570795 3.141592
    10 -2.186730 3.179637 -0.996149 0.000000 0.000000 0.000000
    11 4.409998 -0.000001 0.000004 -0.336398 0.185616 0.344881
    12 10.079982 0.000014 0.000025 0.000004 0.000046 -0.704827
    13 0.000001 0.000004 0.000000 0.254700 -0.000001 0.000010
    14 3.359994 0.000032 0.000015 0.509385 -0.000007 0.000004
    15 6.719987 0.000057 0.000028 0.764058 0.000003 0.000003
    16 0.000000 0.000000 0.000000 1.576153 0.000000 -3.141592
    17 9.400439 -18.409822 -8.879893 2.225246 0.050895 -1.696641
    18 -0.118055 -0.108981 0.513327 -0.000047 -0.086523 0.000009
    19 4.409994 -0.000012 0.000012 0.000000 0.000000 0.000000
    20 -3.422661 1.711283 0.470872 0.018364 -0.593174 -0.075895
    21 1.410028 0.000010 0.000007 0.000006 0.000009 -0.987481
    22 0.993011 -0.000001 0.000006 0.000001 -0.000006 -0.761963
    23 -1.022532 1.571291 -0.406268 0.562009 -1.088038 -0.422346
    24 1.337718 0.000005 0.000002 -3.141591 -1.497669 3.135755
    25 1.180473 -0.000093 -0.000003 2.322271 -1.447922 -2.264049
    26 -0.666712 0.565948 -0.425195 0.276535 -1.168921 -0.243380
    27 1.311736 0.000006 0.000004 -3.109347 -1.501840 3.110658
    28 1.132875 -0.000003 -0.000005 -2.277655 -1.482347 2.251198
    29 -0.835869 -0.375753 -0.250998 -0.232083 -1.169899 0.124274
    30 1.303124 0.000019 0.000004 2.990854 -1.546793 -2.976011
    31 1.094648 -0.000011 -0.000003 -0.062804 -1.544912 0.032862
    32 -1.144743 -1.304737 0.171518 -0.974001 -1.088390 0.663341
    33 1.052849 0.000000 -0.000004 3.124857 -1.425270 3.135795
    34 0.916342 -0.000031 0.000001 3.141553 -1.536954 -3.129942
    35 -7.779457 -18.287500 -8.817201 0.819585 -0.037896 -1.591836
    36 -0.117880 -0.102734 -0.180849 0.000013 0.017066 0.000000
    37 4.409983 -0.000034 0.000004 0.000000 0.000000 0.000000
    38 -3.459356 1.711287 -0.541797 0.125169 -0.669906 3.034105
    39 -1.410028 -0.000005 -0.000014 0.000004 0.000001 -0.911659
    40 -0.993008 0.000010 -0.000011 0.000012 -0.000006 -0.908928
    41 -1.077398 1.571280 0.162236 0.351673 -1.124156 2.999846
    42 -1.337713 0.000003 -0.000002 3.078234 -1.322288 -3.107495
    43 -1.180471 0.000072 0.000002 0.222693 -1.503459 -0.194122
    44 -0.719599 0.565946 0.238754 -0.061928 -1.418387 -3.057514
    45 -1.311414 -0.000009 -0.000267 0.002810 -1.315827 0.001501
    46 -1.132872 0.000005 -0.000066 3.139362 -1.176202 -3.092139
    47 -1.239075 -1.304744 -0.314278 -1.430303 -0.982760 -2.003829
    48 -1.052850 0.000005 -0.000004 2.863323 -1.535755 3.140266
    49 -0.916342 0.000033 0.000003 3.130054 -1.386235 -3.118064
    50 -0.900585 -0.375762 0.090056 -0.779868 -1.244725 -2.521915
    51 -1.303123 -0.000014 0.000008 -0.004240 -1.451229 -0.001012
    52 -1.094650 0.000007 0.000003 -2.577326 -1.476285 2.574417
    53 0.000000 0.000000 0.000000 0.000000 0.000000 0.000000
    54 0.000000 0.000000 0.000000 0.000000 0.000000 -1.570796
    55 0.000000 0.000000 0.000000 0.000000 0.000000 -1.570796
    56 -2.000000 0.000000 0.000000 -1.570796 0.000000 0.174533
    57 -1.500000 0.000002 0.000000 -1.570796 0.000000 0.000000
    58 0.000000 0.500000 0.000000 -1.570796 0.261799 0.000000
    59 -0.000001 0.000000 0.000000 -3.141593 0.174533 0.000000
    60 0.000000 0.000000 -0.000001 -3.141593 0.174533 0.174533
    61 0.000000 0.000000 0.000000 -3.141593 0.349066 -0.174533
    62 0.000000 0.000000 0.000000 -1.570796 0.000000 0.000000
    63 0.000000 0.000000 0.000000 -1.570796 0.000000 0.000000
    64 0.000000 0.000000 0.000000 -1.570796 0.000000 0.000000
    65 0.000000 0.000000 0.000002 -1.570796 0.000000 0.000000
    66 0.000000 0.000000 0.000000 -1.570796 0.000000 0.000000
    67 0.000000 0.000001 0.000000 -1.570796 0.000000 0.000000
    68 0.000000 0.000000 0.000000 -1.570796 0.000000 0.000000
    69 0.000000 0.000000 0.000000 -1.570796 0.000000 0.000000
    70 0.000000 0.000000 0.000000 -1.570796 0.000000 0.000000
    71 0.000000 0.000000 0.000000 -1.570796 0.000000 0.000000
    72 0.000000 0.000000 0.000000 -1.570796 0.000000 0.000000
    73 0.000000 0.000000 0.000000 -1.570796 0.000000 0.000000
    74 -2.000000 0.000000 0.000000 1.570796 0.000000 0.174533
    75 -1.500000 -0.000001 -0.250000 1.570796 0.000000 0.000000
    76 -1.000000 0.250000 0.500000 1.570796 0.000000 0.000000
    77 0.000000 0.000000 0.000000 2.094395 0.000000 -3.141593
    78 0.000000 0.000000 0.000000 2.094395 0.000000 -3.141593
    79 0.000000 -0.200001 -0.200000 1.745329 0.000000 -3.141593
    80 0.000000 -0.000001 -0.000002 1.570796 0.000000 3.141593
    81 0.000000 0.000000 0.000000 1.570796 0.000000 -3.141593
    82 0.000000 0.000000 -0.000002 1.570796 0.000000 -3.141593
    83 0.000000 0.000000 0.000000 1.570796 0.000000 3.141593
    84 -0.000002 0.000000 0.000000 1.570796 0.000000 3.141593
    85 0.000000 0.000000 0.000000 1.570796 0.000000 3.141593
    86 0.000000 0.000000 0.000000 1.570796 0.000000 3.141593
    87 0.000000 0.000000 0.000000 1.570796 0.000000 -3.141593
    88 0.000000 0.000000 0.000000 1.570796 0.000000 -3.141593
    89 0.000000 0.000000 0.000000 1.570796 0.000000 3.141593
    90 0.000000 0.000000 0.000000 1.570796 0.000000 -3.141593
    91 0.000000 0.000000 0.000000 1.570796 0.000000 -3.141593
  time 23
    0 0.000000 0.000000 0.000000 0.000000 0.000000 -0.000007
    1 0.000000 2.709942 -10.591393 0.000000 -1.570796 1.570796
    2 3.500857 9.013945 -0.640573 0.000000 -1.570796 0.000000
    3 -2.289403 -1.496114 0.973094 0.000000 0.000000 0.000000
    4 4.409996 0.000005 -0.000003 0.135856 -0.088443 0.276827
    5 10.079981 -0.000003 -0.000001 -0.000002 -0.000003 -0.538477
    6 0.000000 -0.000001 0.000000 -0.230546 0.000005 0.000001
    7 3.359990 0.000014 -0.000007 -0.461100 0.000000 0.000003
    8 6.719987 0.000030 -0.000015 -0.691650 -0.000002 0.000001
    9 3.500862 -5.725745 -0.640568 0.000000 -1.570795 3.141592
    10 -2.186730 3.179637 -0.996149 0.000000 0.000000 0.000000
    11 4.409998 -0.000001 0.000004 -0.335570 0.186369 0.346650
    12 10.079982 0.000014 0.000025 0.000004 0.000046 -0.707428
    13 0.000001 0.000004 0.000000 0.255539 -0.000001 0.000010
    14 3.359994 0.000032 0.000015 0.511057 -0.000007 0.000004
    15 6.719987 0.000057 0.000028 0.766566 0.000003 0.000003
    16 0.000000 0.000000 0.000000 1.575985 0.000000 -3.141592
    17 9.404345 -18.398103 -8.879893 2.229300 0.052244 -1.698477
    18 -0.118055 -0.108981 0.513327 -0.000047 -0.086523 0.000009
    19 4.409994 -0.000012 0.000012 0.000000 0.000000 0.000000
    20 -3.422661 1.711283 0.470872 0.018364 -0.593174 -0.075895
    21 1.410028 0.000010 0.000007 0.000006 0.000009 -0.987481
    22 0.993011 -0.000001 0.000006 0.000001 -0.000006 -0.761963
    23 -1.022532 1.571291 -0.406268 0.562009 -1.088038 -0.422346
    24 1.337718 0.000005 0.000002 -3.141591 -1.497669 3.135755
    25 1.180473 -0.000093 -0.000003 2.322271 -1.447922 -2.264049
    26 -0.666712 0.565948 -0.425195 0.276535 -1.168921 -0.243380
    27 1.311736 0.000006 0.000004 -3.109347 -1.501840 3.110658
    28 1.132875 -0.000003 -0.000005 -2.277655 -1.482347 2.251198
    29 -0.835869 -0.375753 -0.250998 -0.232083 -1.169899 0.124274
    30 1.303124 0.000019 0.000004 2.990854 -1.546793 -2.976011
    31 1.094648 -0.000011 -0.000003 -0.062804 -1.544912 0.032862
    32 -1.144743 -1.304737 0.171518 -0.974001 -1.088390 0.663341
    33 1.052849 0.000000 -0.000004 3.124857 -1.425270 3.135795
    34 0.916342 -0.000031 0.000001 3.141553 -1.536954 -3.129942
    35 -7.779457 -18.287500 -8.817201 0.816870 -0.040854 -1.589803
    36 -0.117880 -0.102734 -0.180849 0.000013 0.017066 0.000000
    37 4.409983 -0.000034 0.000004 0.000000 0.000000 0.000000
    38 -3.459356 1.711287 -0.541797 0.125169 -0.669906 3.034105
    39 -1.410028 -0.000005 -0.000014 0.000004 0.000001 -0.911659
    40 -0.993008 0.000010 -0.000011 0.000012 -0.000006 -0.908928
    41 -1.077398 1.571280 0.162236 0.351673 -1.124156 2.999846
    42 -1.337713 0.000003 -0.000002 3.078234 -1.322288 -3.107495
    43 -1.180471 0.000072 0.000002 0.222705 -1.503459 -0.194122
    44 -0.719599 0.565946 0.238754 -0.061928 -1.418387 -3.057514
    45 -1.311414 -0.000009 -0.000267 0.002810 -1.315827 0.001501
    46 -1.132872 0.000005 -0.000066 3.139362 -1.176202 -3.092139
    47 -1.239075 -1.304744 -0.314278 -1.430303 -0.982760 -2.003829
    48 -1.052850 0.000005 -0.000004 2.863323 -1.535755 3.140266
    49 -0.916342 0.000033 0.000003 3.130054 -1.386235 -3.118064
    50 -0.900585 -0.375762 0.090056 -0.779868 -1.244725 -2.521915
    51 -1.303123 -0.000014 0.000008 -0.004240 -1.451229 -0.001012
    52 -1.094650 0.000007 0.000003 -2.577326 -1.476285 2.574417
    53 0.000000 0.000000 0.000000 0.000000 0.000000 0.000000
    54 0.000000 0.000000 0.000000 0.000000 0.000000 -1.570796
    55 0.000000 0.000000 0.000000 0.000000 0.000000 -1.570796
    56 -2.000000 0.000000 0.000000 -1.570796 0.000000 0.174533
    57 -1.500000 0.000002 0.000000 -1.570796 0.000000 0.000000
    58 0.000000 0.500000 0.000000 -1.570796 0.261799 0.000000
    59 -0.000001 0.000000 0.000000 -3.141593 0.174533 0.000000
    60 0.000000 0.000000 -0.000001 -3.141593 0.174533 0.174533
    61 0.000000 0.000000 0.000000 -3.141593 0.349066 -0.174533
    62 0.000000 0.000000 0.000000 -1.570796 0.000000 0.000000
    63 0.000000 0.000000 0.000000 -1.570796 0.000000 0.000000
    64 0.000000 0.000000 0.000000 -1.570796 0.000000 0.000000
    65 0.000000 0.000000 0.000002 -1.570796 0.000000 0.000000
    66 0.000000 0.000000 0.000000 -1.570796 0.000000 0.000000
    67 0.000000 0.000001 0.000000 -1.570796 0.000000 0.000000
    68 0.000000 0.000000 0.000000 -1.570796 0.000000 0.000000
    69 0.000000 0.000000 0.000000 -1.570796 0.000000 0.000000
    70 0.000000 0.000000 0.000000 -1.570796 0.000000 0.000000
    71 0.000000 0.000000 0.000000 -1.570796 0.000000 0.000000
    72 0.000000 0.000000 0.000000 -1.570796 0.000000 0.000000
    73 0.000000 0.000000 0.000000 -1.570796 0.000000 0.000000
    74 -2.000000 0.000000 0.000000 1.570796 0.000000 0.174533
    75 -1.500000 -0.000001 -0.250000 1.570796 0.000000 0.000000
    76 -1.000000 0.250000 0.500000 1.570796 0.000000 0.000000
    77 0.000000 0.000000 0.000000 2.094395 0.000000 -3.141593
    78 0.000000 0.000000 0.000000 2.094395 0.000000 -3.141593
    79 0.000000 -0.200001 -0.200000 1.745329 0.000000 -3.141593
    80 0.000000 -0.000001 -0.000002 1.570796 0.000000 3.141593
    81 0.000000 0.000000 0.000000 1.570796 0.000000 -3.141593
    82 0.000000 0.000000 -0.000002 1.570796 0.000000 -3.141593
    83 0.000000 0.000000 0.000000 1.570796 0.000000 3.141593
    84 -0.000002 0.000000 0.000000 1.570796 0.000000 3.141593
    85 0.000000 0.000000 0.000000 1.570796 0.000000 3.141593
    86 0.000000 0.000000 0.000000 1.570796 0.000000 3.141593
    87 0.000000 0.000000 0.000000 1.570796 0.000000 -3.141593
    88 0.000000 0.000000 0.000000 1.570796 0.000000 -3.141593
    89 0.000000 0.000000 0.000000 1.570796 0.000000 3.141593
    90 0.000000 0.000000 0.000000 1.570796 0.000000 -3.141593
    91 0.000000 0.000000 0.000000 1.570796 0.000000 -3.141593
  time 24
    0 0.000000 0.000000 0.000000 0.000000 0.000000 -0.000007
    1 0.000000 2.709942 -10.591393 0.000000 -1.570796 1.570796
    2 3.500857 9.013945 -0.640573 0.000000 -1.570796 0.000000
    3 -2.289403 -1.496114 0.973094 0.000000 0.000000 0.000000
    4 4.409996 0.000005 -0.000003 0.135636 -0.088637 0.276741
    5 10.079981 -0.000003 -0.000001 -0.000002 -0.000003 -0.538160
    6 0.000000 -0.000001 0.000000 -0.231293 0.000005 0.000001
    7 3.359990 0.000014 -0.000007 -0.462568 0.000000 0.000003
    8 6.719987 0.000030 -0.000015 -0.693929 -0.000002 0.000001
    9 3.500862 -5.725745 -0.640568 0.000000 -1.570795 3.141592
    10 -2.186730 3.179637 -0.996149 0.000000 0.000000 0.000000
    11 4.409998 -0.000001 0.000004 -0.334719 0.187188 0.348590
    12 10.079982 0.000014 0.000025 0.000004 0.000046 -0.710218
    13 0.000001 0.000004 0.000000 0.256354 -0.000001 0.000010
    14 3.359994 0.000032 0.000015 0.512710 -0.000007 0.000004
    15 6.719987 0.000057 0.000028 0.769074 0.000003 0.000003
    16 0.000000 0.000000 0.000000 1.575818 0.000000 -3.141592
    17 9.412158 -18.394197 -8.895518 2.233236 0.053593 -1.700313
    18 -0.118055 -0.108981 0.513327 -0.000047 -0.086523 0.000009
    19 4.409994 -0.000012 0.000012 0.000000 0.000000 0.000000
    20 -3.422661 1.711283 0.470872 0.018364 -0.593174 -0.075895
    21 1.410028 0.000010 0.000007 0.000006 0.000009 -0.987481
    22 0.993011 -0.000001 0.000006 0.000001 -0.000006 -0.761963
    23 -1.022532 1.571291 -0.406268 0.562009 -1.088038 -0.422346
    24 1.337718 0.000005 0.000002 -3.141591 -1.497669 3.135755
    25 1.180473 -0.000093 -0.000003 2.322271 -1.447922 -2.264049
    26 -0.666712 0.565948 -0.425195 0.276535 -1.168921 -0.243380
    27 1.311736 0.000006 0.000004 -3.109347 -1.501840 3.110658
    28 1.132875 -0.000003 -0.000005 -2.277655 -1.482347 2.251198
    29 -0.835869 -0.375753 -0.250998 -0.232083 -1.169899 0.124274
    30 1.303124 0.000019 0.000004 2.990854 -1.546793 -2.976011
    31 1.094648 -0.000011 -0.000003 -0.062804 -1.544912 0.032874
    32 -1.144743 -1.304737 0.171518 -0.974001 -1.088390 0.663341
    33 1.052849 0.000000 -0.000004 3.124857 -1.425270 3.135795
    34 0.916342 -0.000031 0.000001 3.141553 -1.536954 -3.129942
    35 -7.779457 -18.287500 -8.825013 0.814502 -0.043775 -1.587601
    36 -0.117880 -0.102734 -0.180849 0.000013 0.017066 0.000000
    37 4.409983 -0.000034 0.000004 0.000000 0.000000 0.000000
    38 -3.459356 1.711287 -0.541797 0.125169 -0.669906 3.034105
    39 -1.410028 -0.000005 -0.000014 0.000004 0.000001 -0.911659
    40 -0.993008 0.000010 -0.000011 0.000012 -0.000006 -0.908928
    41 -1.077398 1.571280 0.162236 0.351673 -1.124156 2.999846
    42 -1.337713 0.000003 -0.000002 3.078234 -1.322288 -3.107495
    43 -1.180471 0.000072 0.000002 0.222705 -1.503459 -0.194122
    44 -0.719599 0.565946 0.238754 -0.061928 -1.418387 -3.057514
    45 -1.311414 -0.000009 -0.000267 0.002810 -1.315827 0.001501
    46 -1.132872 0.000005 -0.000066 3.139362 -1.176202 -3.092139
    47 -1.239075 -1.304744 -0.314278 -1.430303 -0.982760 -2.003829
    48 -1.052850 0.000005 -0.000004 2.863323 -1.535755 3.140266
    49 -0.916342 0.000033 0.000003 3.130054 -1.386235 -3.118064
    50 -0.900585 -0.375762 0.090056 -0.779868 -1.244725 -2.521915
    51 -1.303123 -0.000014 0.000008 -0.004240 -1.451229 -0.001012
    52 -1.094650 0.000007 0.000003 -2.577326 -1.476285 2.574417
    53 0.000000 0.000000 0.000000 0.000000 0.000000 0.000000
    54 0.000000 0.000000 0.000000 0.000000 0.000000 -1.570796
    55 0.000000 0.000000 0.000000 0.000000 0.000000 -1.570796
    56 -2.000000 0.000000 0.000000 -1.570796 0.000000 0.174533
    57 -1.500000 0.000002 0.000000 -1.570796 0.000000 0.000000
    58 0.000000 0.500000 0.000000 -1.570796 0.261799 0.000000
    59 -0.000001 0.000000 0.000000 -3.141593 0.174533 0.000000
    60 0.000000 0.000000 -0.000001 -3.141593 0.174533 0.174533
    61 0.000000 0.000000 0.000000 -3.141593 0.349066 -0.174533
    62 0.000000 0.000000 0.000000 -1.570796 0.000000 0.000000
    63 0.000000 0.000000 0.000000 -1.570796 0.000000 0.000000
    64 0.000000 0.000000 0.000000 -1.570796 0.000000 0.000000
    65 0.000000 0.000000 0.000002 -1.570796 0.000000 0.000000
    66 0.000000 0.000000 0.000000 -1.570796 0.000000 0.000000
    67 0.000000 0.000001 0.000000 -1.570796 0.000000 0.000000
    68 0.000000 0.000000 0.000000 -1.570796 0.000000 0.000000
    69 0.000000 0.000000 0.000000 -1.570796 0.000000 0.000000
    70 0.000000 0.000000 0.000000 -1.570796 0.000000 0.000000
    71 0.000000 0.000000 0.000000 -1.570796 0.000000 0.000000
    72 0.000000 0.000000 0.000000 -1.570796 0.000000 0.000000
    73 0.000000 0.000000 0.000000 -1.570796 0.000000 0.000000
    74 -2.000000 0.000000 0.000000 1.570796 0.000000 0.174533
    75 -1.500000 -0.000001 -0.250000 1.570796 0.000000 0.000000
    76 -1.000000 0.250000 0.500000 1.570796 0.000000 0.000000
    77 0.000000 0.000000 0.000000 2.094395 0.000000 -3.141593
    78 0.000000 0.000000 0.000000 2.094395 0.000000 -3.141593
    79 0.000000 -0.200001 -0.200000 1.745329 0.000000 -3.141593
    80 0.000000 -0.000001 -0.000002 1.570796 0.000000 3.141593
    81 0.000000 0.000000 0.000000 1.570796 0.000000 -3.141593
    82 0.000000 0.000000 -0.000002 1.570796 0.000000 -3.141593
    83 0.000000 0.000000 0.000000 1.570796 0.000000 3.141593
    84 -0.000002 0.000000 0.000000 1.570796 0.000000 3.141593
    85 0.000000 0.000000 0.000000 1.570796 0.000000 3.141593
    86 0.000000 0.000000 0.000000 1.570796 0.000000 3.141593
    87 0.000000 0.000000 0.000000 1.570796 0.000000 -3.141593
    88 0.000000 0.000000 0.000000 1.570796 0.000000 -3.141593
    89 0.000000 0.000000 0.000000 1.570796 0.000000 3.141593
    90 0.000000 0.000000 0.000000 1.570796 0.000000 -3.141593
    91 0.000000 0.000000 0.000000 1.570796 0.000000 -3.141593
  time 25
    0 0.000000 0.000000 0.000000 0.000000 0.000000 -0.000007
    1 0.000000 2.709942 -10.591393 0.000000 -1.570796 1.570796
    2 3.500857 9.013945 -0.640573 0.000000 -1.570796 0.000000
    3 -2.289403 -1.496114 0.973094 0.000000 0.000000 0.000000
    4 4.409996 0.000005 -0.000003 0.135416 -0.088874 0.276611
    5 10.079981 -0.000003 -0.000001 -0.000002 -0.000003 -0.537895
    6 0.000000 -0.000001 0.000000 -0.231936 0.000005 0.000001
    7 3.359990 0.000014 -0.000007 -0.463855 0.000000 0.000003
    8 6.719987 0.000030 -0.000015 -0.695861 -0.000002 0.000001
    9 3.500862 -5.725745 -0.640568 0.000000 -1.570795 3.141592
    10 -2.186730 3.179637 -0.996149 0.000000 0.000000 0.000000
    11 4.409998 -0.000001 0.000004 -0.333801 0.187990 0.350530
    12 10.079982 0.000014 0.000025 0.000004 0.000046 -0.713103
    13 0.000001 0.000004 0.000000 0.257133 -0.000001 0.000010
    14 3.359994 0.000032 0.000015 0.514248 -0.000007 0.000004
    15 6.719987 0.000057 0.000028 0.771382 0.000003 0.000003
    16 0.000000 0.000000 0.000000 1.575590 0.000000 -3.141592
    17 9.416064 -18.382478 -8.899425 2.237054 0.054796 -1.701983
    18 -0.118055 -0.108981 0.513327 -0.000047 -0.086523 0.000009
    19 4.409994 -0.000012 0.000012 0.000000 0.000000 0.000000
    20 -3.422661 1.711283 0.470872 0.018364 -0.593174 -0.075895
    21 1.410028 0.000010 0.000007 0.000006 0.000009 -0.987481
    22 0.993011 -0.000001 0.000006 0.000001 -0.000006 -0.761963
    23 -1.022532 1.571291 -0.406268 0.562009 -1.088038 -0.422346
    24 1.337718 0.000005 0.000002 -3.141591 -1.497669 3.135755
    25 1.180473 -0.000093 -0.000003 2.322271 -1.447922 -2.264049
    26 -0.666712 0.565948 -0.425195 0.276535 -1.168921 -0.243380
    27 1.311736 0.000006 0.000004 -3.109347 -1.501840 3.110658
    28 1.132875 -0.000003 -0.000005 -2.277655 -1.482347 2.251198
    29 -0.835869 -0.375753 -0.250998 -0.232083 -1.169899 0.124274
    30 1.303124 0.000019 0.000004 2.990854 -1.546793 -2.976011
    31 1.094648 -0.000011 -0.000003 -0.062792 -1.544912 0.032862
    32 -1.144743 -1.304737 0.171518 -0.974001 -1.088390 0.663341
    33 1.052849 0.000000 -0.000004 3.124857 -1.425270 3.135795
    34 0.916342 -0.000031 0.000001 3.141553 -1.536954 -3.129942
    35 -7.779457 -18.287500 -8.832826 0.812450 -0.046659 -1.585738
    36 -0.117880 -0.102734 -0.180849 0.000013 0.017066 0.000000
    37 4.409983 -0.000034 0.000004 0.000000 0.000000 0.000000
    38 -3.459356 1.711287 -0.541797 0.125169 -0.669906 3.034105
    39 -1.410028 -0.000005 -0.000014 0.000004 0.000001 -0.911659
    40 -0.993008 0.000010 -0.000011 0.000012 -0.000006 -0.908928
    41 -1.077398 1.571280 0.162236 0.351673 -1.124156 2.999846
    42 -1.337713 0.000003 -0.000002 3.078234 -1.322288 -3.107495
    43 -1.180471 0.000072 0.000002 0.222693 -1.503459 -0.194122
    44 -0.719599 0.565946 0.238754 -0.061928 -1.418387 -3.057514
    45 -1.311414 -0.000009 -0.000267 0.002810 -1.315827 0.001501
    46 -1.132872 0.000005 -0.000066 3.139362 -1.176202 -3.092139
    47 -1.239075 -1.304744 -0.314278 -1.430303 -0.982760 -2.003829
    48 -1.052850 0.000005 -0.000004 2.863323 -1.535755 3.140266
    49 -0.916342 0.000033 0.000003 3.130054 -1.386235 -3.118064
    50 -0.900585 -0.375762 0.090056 -0.779868 -1.244725 -2.521915
    51 -1.303123 -0.000014 0.000008 -0.004240 -1.451229 -0.001012
    52 -1.094650 0.000007 0.000003 -2.577326 -1.476285 2.574417
    53 0.000000 0.000000 0.000000 0.000000 0.000000 0.000000
    54 0.000000 0.000000 0.000000 0.000000 0.000000 -1.570796
    55 0.000000 0.000000 0.000000 0.000000 0.000000 -1.570796
    56 -2.000000 0.000000 0.000000 -1.570796 0.000000 0.174533
    57 -1.500000 0.000002 0.000000 -1.570796 0.000000 0.000000
    58 0.000000 0.500000 0.000000 -1.570796 0.261799 0.000000
    59 -0.000001 0.000000 0.000000 -3.141593 0.174533 0.000000
    60 0.000000 0.000000 -0.000001 -3.141593 0.174533 0.174533
    61 0.000000 0.000000 0.000000 -3.141593 0.349066 -0.174533
    62 0.000000 0.000000 0.000000 -1.570796 0.000000 0.000000
    63 0.000000 0.000000 0.000000 -1.570796 0.000000 0.000000
    64 0.000000 0.000000 0.000000 -1.570796 0.000000 0.000000
    65 0.000000 0.000000 0.000002 -1.570796 0.000000 0.000000
    66 0.000000 0.000000 0.000000 -1.570796 0.000000 0.000000
    67 0.000000 0.000001 0.000000 -1.570796 0.000000 0.000000
    68 0.000000 0.000000 0.000000 -1.570796 0.000000 0.000000
    69 0.000000 0.000000 0.000000 -1.570796 0.000000 0.000000
    70 0.000000 0.000000 0.000000 -1.570796 0.000000 0.000000
    71 0.000000 0.000000 0.000000 -1.570796 0.000000 0.000000
    72 0.000000 0.000000 0.000000 -1.570796 0.000000 0.000000
    73 0.000000 0.000000 0.000000 -1.570796 0.000000 0.000000
    74 -2.000000 0.000000 0.000000 1.570796 0.000000 0.174533
    75 -1.500000 -0.000001 -0.250000 1.570796 0.000000 0.000000
    76 -1.000000 0.250000 0.500000 1.570796 0.000000 0.000000
    77 0.000000 0.000000 0.000000 2.094395 0.000000 -3.141593
    78 0.000000 0.000000 0.000000 2.094395 0.000000 -3.141593
    79 0.000000 -0.200001 -0.200000 1.745329 0.000000 -3.141593
    80 0.000000 -0.000001 -0.000002 1.570796 0.000000 3.141593
    81 0.000000 0.000000 0.000000 1.570796 0.000000 -3.141593
    82 0.000000 0.000000 -0.000002 1.570796 0.000000 -3.141593
    83 0.000000 0.000000 0.000000 1.570796 0.000000 3.141593
    84 -0.000002 0.000000 0.000000 1.570796 0.000000 3.141593
    85 0.000000 0.000000 0.000000 1.570796 0.000000 3.141593
    86 0.000000 0.000000 0.000000 1.570796 0.000000 3.141593
    87 0.000000 0.000000 0.000000 1.570796 0.000000 -3.141593
    88 0.000000 0.000000 0.000000 1.570796 0.000000 -3.141593
    89 0.000000 0.000000 0.000000 1.570796 0.000000 3.141593
    90 0.000000 0.000000 0.000000 1.570796 0.000000 -3.141593
    91 0.000000 0.000000 0.000000 1.570796 0.000000 -3.141593
  time 26
    0 0.000000 0.000000 0.000000 0.000000 0.000000 -0.000007
    1 0.000000 2.709942 -10.591393 0.000000 -1.570796 1.570796
    2 3.500857 9.013945 -0.640573 0.000000 -1.570796 0.000000
    3 -2.289403 -1.496114 0.973094 0.000000 0.000000 0.000000
    4 4.409996 0.000005 -0.000003 0.135049 -0.089133 0.276525
    5 10.079981 -0.000003 -0.000001 -0.000002 -0.000003 -0.537578
    6 0.000000 -0.000001 0.000000 -0.232451 0.000005 0.000001
    7 3.359990 0.000014 -0.000007 -0.464886 0.000000 0.000003
    8 6.719987 0.000030 -0.000015 -0.697406 -0.000002 0.000001
    9 3.500862 -5.725745 -0.640568 0.000000 -1.570795 3.141592
    10 -2.186730 3.179637 -0.996149 0.000000 0.000000 0.000000
    11 4.409998 -0.000001 0.000004 -0.332928 0.188809 0.352413
    12 10.079982 0.000014 0.000025 0.000004 0.000046 -0.715893
    13 0.000001 0.000004 0.000000 0.257864 -0.000001 0.000010
    14 3.359994 0.000032 0.000015 0.515711 -0.000007 0.000004
    15 6.719987 0.000057 0.000028 0.773605 0.000003 0.000003
    16 0.000000 0.000000 0.000000 1.575290 0.000000 -3.141592
    17 9.423877 -18.374665 -8.911144 2.240597 0.055963 -1.703541
    18 -0.118055 -0.108981 0.513327 -0.000047 -0.086523 0.000009
    19 4.409994 -0.000012 0.000012 0.000000 0.000000 0.000000
    20 -3.422661 1.711283 0.470872 0.018364 -0.593174 -0.075895
    21 1.410028 0.000010 0.000007 0.000006 0.000009 -0.987481
    22 0.993011 -0.000001 0.000006 0.000001 -0.000006 -0.761963
    23 -1.022532 1.571291 -0.406268 0.562009 -1.088038 -0.422346
    24 1.337718 0.000005 0.000002 -3.141591 -1.497669 3.135755
    25 1.180473 -0.000093 -0.000003 2.322271 -1.447922 -2.264049
    26 -0.666712 0.565948 -0.425195 0.276535 -1.168921 -0.243380
    27 1.311736 0.000006 0.000004 -3.109347 -1.501840 3.110658
    28 1.132875 -0.000003 -0.000005 -2.277655 -1.482347 2.251198
    29 -0.835869 -0.375753 -0.250998 -0.232083 -1.169899 0.124274
    30 1.303124 0.000019 0.000004 2.990854 -1.546793 -2.976011
    31 1.094648 -0.000011 -0.000003 -0.062804 -1.544912 0.032862
    32 -1.144743 -1.304737 0.171518 -0.973982 -1.088390 0.663341
    33 1.052849 0.000000 -0.000004 3.124857 -1.425270 3.135795
    34 0.916342 -0.000031 0.000001 3.141553 -1.536954 -3.129942
    35 -7.779457 -18.287500 -8.844545 0.810871 -0.049395 -1.583790
    36 -0.117880 -0.102734 -0.180849 0.000013 0.017066 0.000000
    37 4.409983 -0.000034 0.000004 0.000000 0.000000 0.000000
    38 -3.459356 1.711287 -0.541797 0.125169 -0.669906 3.034105
    39 -1.410028 -0.000005 -0.000014 0.000004 0.000001 -0.911659
    40 -0.993008 0.000010 -0.000011 0.000012 -0.000006 -0.908928
    41 -1.077398 1.571280 0.162236 0.351673 -1.124156 2.999846
    42 -1.337713 0.000003 -0.000002 3.078234 -1.322288 -3.107495
    43 -1.180471 0.000072 0.000002 0.222693 -1.503459 -0.194110
    44 -0.719599 0.565946 0.238754 -0.061928 -1.418387 -3.057514
    45 -1.311414 -0.000009 -0.000267 0.002810 -1.315827 0.001501
    46 -1.132872 0.000005 -0.000066 3.139362 -1.176202 -3.092139
    47 -1.239075 -1.304744 -0.314278 -1.430303 -0.982760 -2.003829
    48 -1.052850 0.000005 -0.000004 2.863323 -1.535755 3.140266
    49 -0.916342 0.000033 0.000003 3.130054 -1.386235 -3.118064
    50 -0.900585 -0.375762 0.090056 -0.779868 -1.244725 -2.521915
    51 -1.303123 -0.000014 0.000008 -0.004240 -1.451229 -0.001012
    52 -1.094650 0.000007 0.000003 -2.577326 -1.476285 2.574417
    53 0.000000 0.000000 0.000000 0.000000 0.000000 0.000000
    54 0.000000 0.000000 0.000000 0.000000 0.000000 -1.570796
    55 0.000000 0.000000 0.000000 0.000000 0.000000 -1.570796
    56 -2.000000 0.000000 0.000000 -1.570796 0.000000 0.174533
    57 -1.500000 0.000002 0.000000 -1.570796 0.000000 0.000000
    58 0.000000 0.500000 0.000000 -1.570796 0.261799 0.000000
    59 -0.000001 0.000000 0.000000 -3.141593 0.174533 0.000000
    60 0.000000 0.000000 -0.000001 -3.141593 0.174533 0.174533
    61 0.000000 0.000000 0.000000 -3.141593 0.349066 -0.174533
    62 0.000000 0.000000 0.000000 -1.570796 0.000000 0.000000
    63 0.000000 0.000000 0.000000 -1.570796 0.000000 0.000000
    64 0.000000 0.000000 0.000000 -1.570796 0.000000 0.000000
    65 0.000000 0.000000 0.000002 -1.570796 0.000000 0.000000
    66 0.000000 0.000000 0.000000 -1.570796 0.000000 0.000000
    67 0.000000 0.000001 0.000000 -1.570796 0.000000 0.000000
    68 0.000000 0.000000 0.000000 -1.570796 0.000000 0.000000
    69 0.000000 0.000000 0.000000 -1.570796 0.000000 0.000000
    70 0.000000 0.000000 0.000000 -1.570796 0.000000 0.000000
    71 0.000000 0.000000 0.000000 -1.570796 0.000000 0.000000
    72 0.000000 0.000000 0.000000 -1.570796 0.000000 0.000000
    73 0.000000 0.000000 0.000000 -1.570796 0.000000 0.000000
    74 -2.000000 0.000000 0.000000 1.570796 0.000000 0.174533
    75 -1.500000 -0.000001 -0.250000 1.570796 0.000000 0.000000
    76 -1.000000 0.250000 0.500000 1.570796 0.000000 0.000000
    77 0.000000 0.000000 0.000000 2.094395 0.000000 -3.141593
    78 0.000000 0.000000 0.000000 2.094395 0.000000 -3.141593
    79 0.000000 -0.200001 -0.200000 1.745329 0.000000 -3.141593
    80 0.000000 -0.000001 -0.000002 1.570796 0.000000 3.141593
    81 0.000000 0.000000 0.000000 1.570796 0.000000 -3.141593
    82 0.000000 0.000000 -0.000002 1.570796 0.000000 -3.141593
    83 0.000000 0.000000 0.000000 1.570796 0.000000 3.141593
    84 -0.000002 0.000000 0.000000 1.570796 0.000000 3.141593
    85 0.000000 0.000000 0.000000 1.570796 0.000000 3.141593
    86 0.000000 0.000000 0.000000 1.570796 0.000000 3.141593
    87 0.000000 0.000000 0.000000 1.570796 0.000000 -3.141593
    88 0.000000 0.000000 0.000000 1.570796 0.000000 -3.141593
    89 0.000000 0.000000 0.000000 1.570796 0.000000 3.141593
    90 0.000000 0.000000 0.000000 1.570796 0.000000 -3.141593
    91 0.000000 0.000000 0.000000 1.570796 0.000000 -3.141593
  time 27
    0 0.000000 0.000000 0.000000 0.000000 0.000000 -0.000007
    1 0.000000 2.709942 -10.591393 0.000000 -1.570796 1.570796
    2 3.500857 9.013945 -0.640573 0.000000 -1.570796 0.000000
    3 -2.289403 -1.496114 0.973094 0.000000 0.000000 0.000000
    4 4.409996 0.000005 -0.000003 0.134829 -0.089413 0.276395
    5 10.079981 -0.000003 -0.000001 -0.000002 -0.000003 -0.537367
    6 0.000000 -0.000001 0.000000 -0.232851 0.000005 0.000001
    7 3.359990 0.000014 -0.000007 -0.465710 0.000000 0.000003
    8 6.719987 0.000030 -0.000015 -0.698565 -0.000002 0.000001
    9 3.500862 -5.725745 -0.640568 0.000000 -1.570795 3.141592
    10 -2.186730 3.179637 -0.996149 0.000000 0.000000 0.000000
    11 4.409998 -0.000001 0.000004 -0.332010 0.189595 0.354296
    12 10.079982 0.000014 0.000025 0.000004 0.000046 -0.718589
    13 0.000001 0.000004 0.000000 0.258535 -0.000001 0.000010
    14 3.359994 0.000032 0.000015 0.517041 -0.000007 0.000004
    15 6.719987 0.000057 0.000028 0.775600 0.000003 0.000003
    16 0.000000 0.000000 0.000000 1.575027 0.000000 -3.141592
    17 9.431690 -18.362946 -8.922863 2.243864 0.056947 -1.704988
    18 -0.118055 -0.108981 0.513327 -0.000047 -0.086523 0.000009
    19 4.409994 -0.000012 0.000012 0.000000 0.000000 0.000000
    20 -3.422661 1.711283 0.470872 0.018364 -0.593174 -0.075895
    21 1.410028 0.000010 0.000007 0.000006 0.000009 -0.987481
    22 0.993011 -0.000001 0.000006 0.000001 -0.000006 -0.761963
    23 -1.022532 1.571291 -0.406268 0.562009 -1.088038 -0.422346
    24 1.337718 0.000005 0.000002 -3.141591 -1.497669 3.135755
    25 1.180473 -0.000093 -0.000003 2.322271 -1.447922 -2.264049
    26 -0.666712 0.565948 -0.425195 0.276535 -1.168921 -0.243380
    27 1.311736 0.000006 0.000004 -3.109347 -1.501840 3.110658
    28 1.132875 -0.000003 -0.000005 -2.277655 -1.482347 2.251198
    29 -0.835869 -0.375753 -0.250998 -0.232083 -1.169899 0.124274
    30 1.303124 0.000019 0.000004 2.990854 -1.546793 -2.976011
    31 1.094648 -0.000011 -0.000003 -0.062804 -1.544912 0.032862
    32 -1.144743 -1.304737 0.171518 -0.974001 -1.088390 0.663341
    33 1.052849 0.000000 -0.000004 3.124857 -1.425270 3.135795
    34 0.916342 -0.000031 0.000001 3.141553 -1.536954 -3.129942
    35 -7.779457 -18.287500 -8.848452 0.809766 -0.051946 -1.582011
    36 -0.117880 -0.102734 -0.180849 0.000013 0.017066 0.000000
    37 4.409983 -0.000034 0.000004 0.000000 0.000000 0.000000
    38 -3.459356 1.711287 -0.541797 0.125169 -0.669906 3.034105
    39 -1.410028 -0.000005 -0.000014 0.000004 0.000001 -0.911659
    40 -0.993008 0.000010 -0.000011 0.000012 -0.000006 -0.908928
    41 -1.077398 1.571280 0.162236 0.351673 -1.124156 2.999846
    42 -1.337713 0.000003 -0.000002 3.078234 -1.322288 -3.107495
    43 -1.180471 0.000072 0.000002 0.222693 -1.503459 -0.194122
    44 -0.719599 0.565946 0.238754 -0.061928 -1.418387 -3.057514
    45 -1.311414 -0.000009 -0.000267 0.002810 -1.315827 0.001501
    46 -1.132872 0.000005 -0.000066 3.139362 -1.176202 -3.092139
    47 -1.239075 -1.304744 -0.314278 -1.430303 -0.982760 -2.003829
    48 -1.052850 0.000005 -0.000004 2.863323 -1.535755 3.140266
    49 -0.916342 0.000033 0.000003 3.130054 -1.386235 -3.118064
    50 -0.900585 -0.375762 0.090056 -0.779868 -1.244725 -2.521915
    51 -1.303123 -0.000014 0.000008 -0.004240 -1.451229 -0.001012
    52 -1.094650 0.000007 0.000003 -2.577326 -1.476285 2.574417
    53 0.000000 0.000000 0.000000 0.000000 0.000000 0.000000
    54 0.000000 0.000000 0.000000 0.000000 0.000000 -1.570796
    55 0.000000 0.000000 0.000000 0.000000 0.000000 -1.570796
    56 -2.000000 0.000000 0.000000 -1.570796 0.000000 0.174533
    57 -1.500000 0.000002 0.000000 -1.570796 0.000000 0.000000
    58 0.000000 0.500000 0.000000 -1.570796 0.261799 0.000000
    59 -0.000001 0.000000 0.000000 -3.141593 0.174533 0.000000
    60 0.000000 0.000000 -0.000001 -3.141593 0.174533 0.174533
    61 0.000000 0.000000 0.000000 -3.141593 0.349066 -0.174533
    62 0.000000 0.000000 0.000000 -1.570796 0.000000 0.000000
    63 0.000000 0.000000 0.000000 -1.570796 0.000000 0.000000
    64 0.000000 0.000000 0.000000 -1.570796 0.000000 0.000000
    65 0.000000 0.000000 0.000002 -1.570796 0.000000 0.000000
    66 0.000000 0.000000 0.000000 -1.570796 0.000000 0.000000
    67 0.000000 0.000001 0.000000 -1.570796 0.000000 0.000000
    68 0.000000 0.000000 0.000000 -1.570796 0.000000 0.000000
    69 0.000000 0.000000 0.000000 -1.570796 0.000000 0.000000
    70 0.000000 0.000000 0.000000 -1.570796 0.000000 0.000000
    71 0.000000 0.000000 0.000000 -1.570796 0.000000 0.000000
    72 0.000000 0.000000 0.000000 -1.570796 0.000000 0.000000
    73 0.000000 0.000000 0.000000 -1.570796 0.000000 0.000000
    74 -2.000000 0.000000 0.000000 1.570796 0.000000 0.174533
    75 -1.500000 -0.000001 -0.250000 1.570796 0.000000 0.000000
    76 -1.000000 0.250000 0.500000 1.570796 0.000000 0.000000
    77 0.000000 0.000000 0.000000 2.094395 0.000000 -3.141593
    78 0.000000 0.000000 0.000000 2.094395 0.000000 -3.141593
    79 0.000000 -0.200001 -0.200000 1.745329 0.000000 -3.141593
    80 0.000000 -0.000001 -0.000002 1.570796 0.000000 3.141593
    81 0.000000 0.000000 0.000000 1.570796 0.000000 -3.141593
    82 0.000000 0.000000 -0.000002 1.570796 0.000000 -3.141593
    83 0.000000 0.000000 0.000000 1.570796 0.000000 3.141593
    84 -0.000002 0.000000 0.000000 1.570796 0.000000 3.141593
    85 0.000000 0.000000 0.000000 1.570796 0.000000 3.141593
    86 0.000000 0.000000 0.000000 1.570796 0.000000 3.141593
    87 0.000000 0.000000 0.000000 1.570796 0.000000 -3.141593
    88 0.000000 0.000000 0.000000 1.570796 0.000000 -3.141593
    89 0.000000 0.000000 0.000000 1.570796 0.000000 3.141593
    90 0.000000 0.000000 0.000000 1.570796 0.000000 -3.141593
    91 0.000000 0.000000 0.000000 1.570796 0.000000 -3.141593
  time 28
    0 0.000000 0.000000 0.000000 0.000000 0.000000 -0.000007
    1 0.000000 2.709942 -10.591393 0.000000 -1.570796 1.570796
    2 3.500857 9.013945 -0.640573 0.000000 -1.570796 0.000000
    3 -2.289403 -1.496114 0.973094 0.000000 0.000000 0.000000
    4 4.409996 0.000005 -0.000003 0.134462 -0.089758 0.276309
    5 10.079981 -0.000003 -0.000001 -0.000002 -0.000003 -0.537155
    6 0.000000 -0.000001 0.000000 -0.233070 0.000005 0.000001
    7 3.359990 0.000014 -0.000007 -0.466148 0.000000 0.000003
    8 6.719987 0.000030 -0.000015 -0.699222 -0.000002 0.000001
    9 3.500862 -5.725745 -0.640568 0.000000 -1.570795 3.141592
    10 -2.186730 3.179637 -0.996149 0.000000 0.000000 0.000000
    11 4.409998 -0.000001 0.000004 -0.331204 0.190332 0.356036
    12 10.079982 0.000014 0.000025 0.000004 0.000046 -0.721048
    13 0.000001 0.000004 0.000000 0.259110 -0.000001 0.000010
    14 3.359994 0.000032 0.000015 0.518219 -0.000007 0.000004
    15 6.719987 0.000057 0.000028 0.777366 0.000003 0.000003
    16 0.000000 0.000000 0.000000 1.574703 0.000000 -3.141592
    17 9.435596 -18.355133 -8.930676 2.246737 0.057895 -1.706212
    18 -0.118055 -0.108981 0.513327 -0.000047 -0.086523 0.000009
    19 4.409994 -0.000012 0.000012 0.000000 0.000000 0.000000
    20 -3.422661 1.711283 0.470872 0.018364 -0.593174 -0.075895
    21 1.410028 0.000010 0.000007 0.000006 0.000009 -0.987481
    22 0.993011 -0.000001 0.000006 0.000001 -0.000006 -0.761963
    23 -1.022532 1.571291 -0.406268 0.562009 -1.088038 -0.422346
    24 1.337718 0.000005 0.000002 -3.141591 -1.497669 3.135755
    25 1.180473 -0.000093 -0.000003 2.322271 -1.447922 -2.264049
    26 -0.666712 0.565948 -0.425195 0.276535 -1.168921 -0.243380
    27 1.311736 0.000006 0.000004 -3.109347 -1.501840 3.110658
    28 1.132875 -0.000003 -0.000005 -2.277655 -1.482347 2.251198
    29 -0.835869 -0.375753 -0.250998 -0.232083 -1.169899 0.124274
    30 1.303124 0.000019 0.000004 2.990854 -1.546793 -2.976011
    31 1.094648 -0.000011 -0.000003 -0.062804 -1.544912 0.032862
    32 -1.144743 -1.304737 0.171518 -0.974001 -1.088390 0.663341
    33 1.052849 0.000000 -0.000004 3.124857 -1.425270 3.135795
    34 0.916342 -0.000031 0.000001 3.141553 -1.536954 -3.129942
    35 -7.779457 -18.287500 -8.852358 0.809261 -0.054313 -1.580402
    36 -0.117880 -0.102734 -0.180849 0.000013 0.017066 0.000000
    37 4.409983 -0.000034 0.000004 0.000000 0.000000 0.000000
    38 -3.459356 1.711287 -0.541797 0.125169 -0.669906 3.034105
    39 -1.410028 -0.000005 -0.000014 0.000004 0.000001 -0.911659
    40 -0.993008 0.000010 -0.000011 0.000012 -0.000006 -0.908928
    41 -1.077398 1.571280 0.162236 0.351673 -1.124156 2.999846
    42 -1.337713 0.000003 -0.000002 3.078234 -1.322288 -3.107495
    43 -1.180471 0.000072 0.000002 0.222705 -1.503459 -0.194122
    44 -0.719599 0.565946 0.238754 -0.061928 -1.418387 -3.057514
    45 -1.311414 -0.000009 -0.000267 0.002810 -1.315827 0.001501
    46 -1.132872 0.000005 -0.000066 3.139362 -1.176202 -3.092139
    47 -1.239075 -1.304744 -0.314278 -1.430303 -0.982760 -2.003829
    48 -1.052850 0.000005 -0.000004 2.863323 -1.535755 3.140266
    49 -0.916342 0.000033 0.000003 3.130054 -1.386235 -3.118064
    50 -0.900585 -0.375762 0.090056 -0.779868 -1.244725 -2.521915
    51 -1.303123 -0.000014 0.000008 -0.004240 -1.451229 -0.001012
    52 -1.094650 0.000007 0.000003 -2.577326 -1.476285 2.574417
    53 0.000000 0.000000 0.000000 0.000000 0.000000 0.000000
    54 0.000000 0.000000 0.000000 0.000000 0.000000 -1.570796
    55 0.000000 0.000000 0.000000 0.000000 0.000000 -1.570796
    56 -2.000000 0.000000 0.000000 -1.570796 0.000000 0.174533
    57 -1.500000 0.000002 0.000000 -1.570796 0.000000 0.000000
    58 0.000000 0.500000 0.000000 -1.570796 0.261799 0.000000
    59 -0.000001 0.000000 0.000000 -3.141593 0.174533 0.000000
    60 0.000000 0.000000 -0.000001 -3.141593 0.174533 0.174533
    61 0.000000 0.000000 0.000000 -3.141593 0.349066 -0.174533
    62 0.000000 0.000000 0.000000 -1.570796 0.000000 0.000000
    63 0.000000 0.000000 0.000000 -1.570796 0.000000 0.000000
    64 0.000000 0.000000 0.000000 -1.570796 0.000000 0.000000
    65 0.000000 0.000000 0.000002 -1.570796 0.000000 0.000000
    66 0.000000 0.000000 0.000000 -1.570796 0.000000 0.000000
    67 0.000000 0.000001 0.000000 -1.570796 0.000000 0.000000
    68 0.000000 0.000000 0.000000 -1.570796 0.000000 0.000000
    69 0.000000 0.000000 0.000000 -1.570796 0.000000 0.000000
    70 0.000000 0.000000 0.000000 -1.570796 0.000000 0.000000
    71 0.000000 0.000000 0.000000 -1.570796 0.000000 0.000000
    72 0.000000 0.000000 0.000000 -1.570796 0.000000 0.000000
    73 0.000000 0.000000 0.000000 -1.570796 0.000000 0.000000
    74 -2.000000 0.000000 0.000000 1.570796 0.000000 0.174533
    75 -1.500000 -0.000001 -0.250000 1.570796 0.000000 0.000000
    76 -1.000000 0.250000 0.500000 1.570796 0.000000 0.000000
    77 0.000000 0.000000 0.000000 2.094395 0.000000 -3.141593
    78 0.000000 0.000000 0.000000 2.094395 0.000000 -3.141593
    79 0.000000 -0.200001 -0.200000 1.745329 0.000000 -3.141593
    80 0.000000 -0.000001 -0.000002 1.570796 0.000000 3.141593
    81 0.000000 0.000000 0.000000 1.570796 0.000000 -3.141593
    82 0.000000 0.000000 -0.000002 1.570796 0.000000 -3.141593
    83 0.000000 0.000000 0.000000 1.570796 0.000000 3.141593
    84 -0.000002 0.000000 0.000000 1.570796 0.000000 3.141593
    85 0.000000 0.000000 0.000000 1.570796 0.000000 3.141593
    86 0.000000 0.000000 0.000000 1.570796 0.000000 3.141593
    87 0.000000 0.000000 0.000000 1.570796 0.000000 -3.141593
    88 0.000000 0.000000 0.000000 1.570796 0.000000 -3.141593
    89 0.000000 0.000000 0.000000 1.570796 0.000000 3.141593
    90 0.000000 0.000000 0.000000 1.570796 0.000000 -3.141593
    91 0.000000 0.000000 0.000000 1.570796 0.000000 -3.141593
  time 29
    0 0.000000 0.000000 0.000000 0.000000 0.000000 -0.000007
    1 0.000000 2.709942 -10.591393 0.000000 -1.570796 1.570796
    2 3.500857 9.013945 -0.640573 0.000000 -1.570796 0.000000
    3 -2.289403 -1.496114 0.973094 0.000000 0.000000 0.000000
    4 4.409996 0.000005 -0.000003 0.134095 -0.090103 0.276136
    5 10.079981 -0.000003 -0.000001 -0.000002 -0.000003 -0.536891
    6 0.000000 -0.000001 0.000000 -0.233095 0.000005 0.000001
    7 3.359990 0.000014 -0.000007 -0.466225 0.000000 0.000003
    8 6.719987 0.000030 -0.000015 -0.699299 -0.000002 0.000001
    9 3.500862 -5.725745 -0.640568 0.000000 -1.570795 3.141592
    10 -2.186730 3.179637 -0.996149 0.000000 0.000000 0.000000
    11 4.409998 -0.000001 0.000004 -0.330398 0.190987 0.357548
    12 10.079982 0.000014 0.000025 0.000004 0.000046 -0.723081
    13 0.000001 0.000004 0.000000 0.259589 -0.000001 0.000010
    14 3.359994 0.000032 0.000015 0.519188 -0.000007 0.000004
    15 6.719987 0.000057 0.000028 0.778820 0.000003 0.000003
    16 0.000000 0.000000 0.000000 1.574331 0.000000 -3.141592
    17 9.443409 -18.347320 -8.942395 2.249217 0.058624 -1.707214
    18 -0.118055 -0.108981 0.513327 -0.000047 -0.086523 0.000009
    19 4.409994 -0.000012 0.000012 0.000000 0.000000 0.000000
    20 -3.422661 1.711283 0.470872 0.018364 -0.593174 -0.075895
    21 1.410028 0.000010 0.000007 0.000006 0.000009 -0.987481
    22 0.993011 -0.000001 0.000006 0.000001 -0.000006 -0.761963
    23 -1.022532 1.571291 -0.406268 0.562009 -1.088038 -0.422346
    24 1.337718 0.000005 0.000002 -3.141591 -1.497669 3.135755
    25 1.180473 -0.000093 -0.000003 2.322271 -1.447922 -2.264049
    26 -0.666712 0.565948 -0.425195 0.276535 -1.168921 -0.243380
    27 1.311736 0.000006 0.000004 -3.109347 -1.501840 3.110658
    28 1.132875 -0.000003 -0.000005 -2.277655 -1.482347 2.251198
    29 -0.835869 -0.375753 -0.250998 -0.232083 -1.169899 0.124274
    30 1.303124 0.000019 0.000004 2.990854 -1.546793 -2.976011
    31 1.094648 -0.000011 -0.000003 -0.062816 -1.544912 0.032850
    32 -1.144743 -1.304737 0.171518 -0.974001 -1.088390 0.663341
    33 1.052849 0.000000 -0.000004 3.124857 -1.425270 3.135795
    34 0.916342 -0.000031 0.000001 3.141553 -1.536954 -3.129942
    35 -7.779457 -18.287500 -8.864077 0.809356 -0.056272 -1.578962
    36 -0.117880 -0.102734 -0.180849 0.000013 0.017066 0.000000
    37 4.409983 -0.000034 0.000004 0.000000 0.000000 0.000000
    38 -3.459356 1.711287 -0.541797 0.125169 -0.669906 3.034105
    39 -1.410028 -0.000005 -0.000014 0.000004 0.000001 -0.911659
    40 -0.993008 0.000010 -0.000011 0.000012 -0.000006 -0.908928
    41 -1.077398 1.571280 0.162236 0.351673 -1.124156 2.999846
    42 -1.337713 0.000003 -0.000002 3.078234 -1.322288 -3.107495
    43 -1.180471 0.000072 0.000002 0.222705 -1.503459 -0.194122
    44 -0.719599 0.565946 0.238754 -0.061928 -1.418387 -3.057538
    45 -1.311414 -0.000009 -0.000267 0.002810 -1.315827 0.001501
    46 -1.132872 0.000005 -0.000066 3.139362 -1.176202 -3.092139
    47 -1.239075 -1.304744 -0.314278 -1.430303 -0.982760 -2.003829
    48 -1.052850 0.000005 -0.000004 2.863323 -1.535755 3.140266
    49 -0.916342 0.000033 0.000003 3.130054 -1.386235 -3.118064
    50 -0.900585 -0.375762 0.090056 -0.779868 -1.244725 -2.521915
    51 -1.303123 -0.000014 0.000008 -0.004240 -1.451229 -0.001012
    52 -1.094650 0.000007 0.000003 -2.577326 -1.476285 2.574417
    53 0.000000 0.000000 0.000000 0.000000 0.000000 0.000000
    54 0.000000 0.000000 0.000000 0.000000 0.000000 -1.570796
    55 0.000000 0.000000 0.000000 0.000000 0.000000 -1.570796
    56 -2.000000 0.000000 0.000000 -1.570796 0.000000 0.174533
    57 -1.500000 0.000002 0.000000 -1.570796 0.000000 0.000000
    58 0.000000 0.500000 0.000000 -1.570796 0.261799 0.000000
    59 -0.000001 0.000000 0.000000 -3.141593 0.174533 0.000000
    60 0.000000 0.000000 -0.000001 -3.141593 0.174533 0.174533
    61 0.000000 0.000000 0.000000 -3.141593 0.349066 -0.174533
    62 0.000000 0.000000 0.000000 -1.570796 0.000000 0.000000
    63 0.000000 0.000000 0.000000 -1.570796 0.000000 0.000000
    64 0.000000 0.000000 0.000000 -1.570796 0.000000 0.000000
    65 0.000000 0.000000 0.000002 -1.570796 0.000000 0.000000
    66 0.000000 0.000000 0.000000 -1.570796 0.000000 0.000000
    67 0.000000 0.000001 0.000000 -1.570796 0.000000 0.000000
    68 0.000000 0.000000 0.000000 -1.570796 0.000000 0.000000
    69 0.000000 0.000000 0.000000 -1.570796 0.000000 0.000000
    70 0.000000 0.000000 0.000000 -1.570796 0.000000 0.000000
    71 0.000000 0.000000 0.000000 -1.570796 0.000000 0.000000
    72 0.000000 0.000000 0.000000 -1.570796 0.000000 0.000000
    73 0.000000 0.000000 0.000000 -1.570796 0.000000 0.000000
    74 -2.000000 0.000000 0.000000 1.570796 0.000000 0.174533
    75 -1.500000 -0.000001 -0.250000 1.570796 0.000000 0.000000
    76 -1.000000 0.250000 0.500000 1.570796 0.000000 0.000000
    77 0.000000 0.000000 0.000000 2.094395 0.000000 -3.141593
    78 0.000000 0.000000 0.000000 2.094395 0.000000 -3.141593
    79 0.000000 -0.200001 -0.200000 1.745329 0.000000 -3.141593
    80 0.000000 -0.000001 -0.000002 1.570796 0.000000 3.141593
    81 0.000000 0.000000 0.000000 1.570796 0.000000 -3.141593
    82 0.000000 0.000000 -0.000002 1.570796 0.000000 -3.141593
    83 0.000000 0.000000 0.000000 1.570796 0.000000 3.141593
    84 -0.000002 0.000000 0.000000 1.570796 0.000000 3.141593
    85 0.000000 0.000000 0.000000 1.570796 0.000000 3.141593
    86 0.000000 0.000000 0.000000 1.570796 0.000000 3.141593
    87 0.000000 0.000000 0.000000 1.570796 0.000000 -3.141593
    88 0.000000 0.000000 0.000000 1.570796 0.000000 -3.141593
    89 0.000000 0.000000 0.000000 1.570796 0.000000 3.141593
    90 0.000000 0.000000 0.000000 1.570796 0.000000 -3.141593
    91 0.000000 0.000000 0.000000 1.570796 0.000000 -3.141593
  time 30
    0 0.000000 0.000000 0.000000 0.000000 0.000000 -0.000007
    1 0.000000 2.709942 -10.591393 0.000000 -1.570796 1.570796
    2 3.500857 9.013945 -0.640573 0.000000 -1.570796 0.000000
    3 -2.289403 -1.496114 0.973094 0.000000 0.000000 0.000000
    4 4.409996 0.000005 -0.000003 0.133728 -0.090448 0.276093
    5 10.079981 -0.000003 -0.000001 -0.000002 -0.000003 -0.536574
    6 0.000000 -0.000001 0.000000 -0.232954 0.000005 0.000001
    7 3.359990 0.000014 -0.000007 -0.465916 0.000000 0.000003
    8 6.719987 0.000030 -0.000015 -0.698874 -0.000002 0.000001
    9 3.500862 -5.725745 -0.640568 0.000000 -1.570795 3.141592
    10 -2.186730 3.179637 -0.996149 0.000000 0.000000 0.000000
    11 4.409998 -0.000001 0.000004 -0.329592 0.191560 0.358832
    12 10.079982 0.000014 0.000025 0.000004 0.000046 -0.724831
    13 0.000001 0.000004 0.000000 0.259985 -0.000001 0.000010
    14 3.359994 0.000032 0.000015 0.519967 -0.000007 0.000004
    15 6.719987 0.000057 0.000028 0.779960 0.000003 0.000003
    16 0.000000 0.000000 0.000000 1.573984 0.000000 -3.141592
    17 9.447315 -18.335601 -8.946301 2.251185 0.059171 -1.707993
    18 -0.118055 -0.108981 0.513327 -0.000047 -0.086523 0.000009
    19 4.409994 -0.000012 0.000012 0.000000 0.000000 0.000000
    20 -3.422661 1.711283 0.470872 0.018364 -0.593174 -0.075895
    21 1.410028 0.000010 0.000007 0.000006 0.000009 -0.987481
    22 0.993011 -0.000001 0.000006 0.000001 -0.000006 -0.761963
    23 -1.022532 1.571291 -0.406268 0.562009 -1.088038 -0.422346
    24 1.337718 0.000005 0.000002 -3.141591 -1.497669 3.135755
    25 1.180473 -0.000093 -0.000003 2.322271 -1.447922 -2.264049
    26 -0.666712 0.565948 -0.425195 0.276535 -1.168921 -0.243380
    27 1.311736 0.000006 0.000004 -3.109347 -1.501840 3.110658
    28 1.132875 -0.000003 -0.000005 -2.277655 -1.482347 2.251198
    29 -0.835869 -0.375753 -0.250998 -0.232083 -1.169899 0.124274
    30 1.303124 0.000019 0.000004 2.990854 -1.546793 -2.976011
    31 1.094648 -0.000011 -0.000003 -0.062804 -1.544912 0.032874
    32 -1.144743 -1.304737 0.171518 -0.974001 -1.088390 0.663341
    33 1.052849 0.000000 -0.000004 3.124857 -1.425270 3.135795
    34 0.916342 -0.000031 0.000001 3.141553 -1.536954 -3.129942
    35 -7.779457 -18.287500 -8.867983 0.810208 -0.057973 -1.577777
    36 -0.117880 -0.102734 -0.180849 0.000013 0.017066 0.000000
    37 4.409983 -0.000034 0.000004 0.000000 0.000000 0.000000
    38 -3.459356 1.711287 -0.541797 0.125169 -0.669906 3.034105
    39 -1.410028 -0.000005 -0.000014 0.000004 0.000001 -0.911659
    40 -0.993008 0.000010 -0.000011 0.000012 -0.000006 -0.908928
    41 -1.077398 1.571280 0.162236 0.351673 -1.124156 2.999846
    42 -1.337713 0.000003 -0.000002 3.078234 -1.322288 -3.107495
    43 -1.180471 0.000072 0.000002 0.222705 -1.503459 -0.194122
    44 -0.719599 0.565946 0.238754 -0.061928 -1.418387 -3.057514
    45 -1.311414 -0.000009 -0.000267 0.002810 -1.315827 0.001501
    46 -1.132872 0.000005 -0.000066 3.139362 -1.176202 -3.092139
    47 -1.239075 -1.304744 -0.314278 -1.430303 -0.982760 -2.003829
    48 -1.052850 0.000005 -0.000004 2.863323 -1.535755 3.140266
    49 -0.916342 0.000033 0.000003 3.130054 -1.386235 -3.118064
    50 -0.900585 -0.375762 0.090056 -0.779868 -1.244725 -2.521915
    51 -1.303123 -0.000014 0.000008 -0.004240 -1.451229 -0.001012
    52 -1.094650 0.000007 0.000003 -2.577326 -1.476285 2.574417
    53 0.000000 0.000000 0.000000 0.000000 0.000000 0.000000
    54 0.000000 0.000000 0.000000 0.000000 0.000000 -1.570796
    55 0.000000 0.000000 0.000000 0.000000 0.000000 -1.570796
    56 -2.000000 0.000000 0.000000 -1.570796 0.000000 0.174533
    57 -1.500000 0.000002 0.000000 -1.570796 0.000000 0.000000
    58 0.000000 0.500000 0.000000 -1.570796 0.261799 0.000000
    59 -0.000001 0.000000 0.000000 -3.141593 0.174533 0.000000
    60 0.000000 0.000000 -0.000001 -3.141593 0.174533 0.174533
    61 0.000000 0.000000 0.000000 -3.141593 0.349066 -0.174533
    62 0.000000 0.000000 0.000000 -1.570796 0.000000 0.000000
    63 0.000000 0.000000 0.000000 -1.570796 0.000000 0.000000
    64 0.000000 0.000000 0.000000 -1.570796 0.000000 0.000000
    65 0.000000 0.000000 0.000002 -1.570796 0.000000 0.000000
    66 0.000000 0.000000 0.000000 -1.570796 0.000000 0.000000
    67 0.000000 0.000001 0.000000 -1.570796 0.000000 0.000000
    68 0.000000 0.000000 0.000000 -1.570796 0.000000 0.000000
    69 0.000000 0.000000 0.000000 -1.570796 0.000000 0.000000
    70 0.000000 0.000000 0.000000 -1.570796 0.000000 0.000000
    71 0.000000 0.000000 0.000000 -1.570796 0.000000 0.000000
    72 0.000000 0.000000 0.000000 -1.570796 0.000000 0.000000
    73 0.000000 0.000000 0.000000 -1.570796 0.000000 0.000000
    74 -2.000000 0.000000 0.000000 1.570796 0.000000 0.174533
    75 -1.500000 -0.000001 -0.250000 1.570796 0.000000 0.000000
    76 -1.000000 0.250000 0.500000 1.570796 0.000000 0.000000
    77 0.000000 0.000000 0.000000 2.094395 0.000000 -3.141593
    78 0.000000 0.000000 0.000000 2.094395 0.000000 -3.141593
    79 0.000000 -0.200001 -0.200000 1.745329 0.000000 -3.141593
    80 0.000000 -0.000001 -0.000002 1.570796 0.000000 3.141593
    81 0.000000 0.000000 0.000000 1.570796 0.000000 -3.141593
    82 0.000000 0.000000 -0.000002 1.570796 0.000000 -3.141593
    83 0.000000 0.000000 0.000000 1.570796 0.000000 3.141593
    84 -0.000002 0.000000 0.000000 1.570796 0.000000 3.141593
    85 0.000000 0.000000 0.000000 1.570796 0.000000 3.141593
    86 0.000000 0.000000 0.000000 1.570796 0.000000 3.141593
    87 0.000000 0.000000 0.000000 1.570796 0.000000 -3.141593
    88 0.000000 0.000000 0.000000 1.570796 0.000000 -3.141593
    89 0.000000 0.000000 0.000000 1.570796 0.000000 3.141593
    90 0.000000 0.000000 0.000000 1.570796 0.000000 -3.141593
    91 0.000000 0.000000 0.000000 1.570796 0.000000 -3.141593
  time 31
    0 0.000000 0.000000 0.000000 0.000000 0.000000 -0.000007
    1 0.000000 2.709942 -10.591393 0.000000 -1.570796 1.570796
    2 3.500857 9.013945 -0.640573 0.000000 -1.570796 0.000000
    3 -2.289403 -1.496114 0.973094 0.000000 0.000000 0.000000
    4 4.409996 0.000005 -0.000003 0.133288 -0.090836 0.275920
    5 10.079981 -0.000003 -0.000001 -0.000002 -0.000003 -0.536363
    6 0.000000 -0.000001 0.000000 -0.232567 0.000005 0.000001
    7 3.359990 0.000014 -0.000007 -0.465169 0.000000 0.000003
    8 6.719987 0.000030 -0.000015 -0.697754 -0.000002 0.000001
    9 3.500862 -5.725745 -0.640568 0.000000 -1.570795 3.141592
    10 -2.186730 3.179637 -0.996149 0.000000 0.000000 0.000000
    11 4.409998 -0.000001 0.000004 -0.328876 0.192117 0.359973
    12 10.079982 0.000014 0.000025 0.000004 0.000046 -0.726155
    13 0.000001 0.000004 0.000000 0.260297 -0.000001 0.000010
    14 3.359994 0.000032 0.000015 0.520575 -0.000007 0.000004
    15 6.719987 0.000057 0.000028 0.780872 0.000003 0.000003
    16 0.000000 0.000000 0.000000 1.573576 0.000000 -3.141592
    17 9.455128 -18.335601 -8.958020 2.252799 0.059572 -1.708494
    18 -0.118055 -0.108981 0.513327 -0.000047 -0.086523 0.000009
    19 4.409994 -0.000012 0.000012 0.000000 0.000000 0.000000
    20 -3.422661 1.711283 0.470872 0.018364 -0.593174 -0.075895
    21 1.410028 0.000010 0.000007 0.000006 0.000009 -0.987481
    22 0.993011 -0.000001 0.000006 0.000001 -0.000006 -0.761963
    23 -1.022532 1.571291 -0.406268 0.562009 -1.088038 -0.422346
    24 1.337718 0.000005 0.000002 -3.141591 -1.497669 3.135755
    25 1.180473 -0.000093 -0.000003 2.322271 -1.447922 -2.264049
    26 -0.666712 0.565948 -0.425195 0.276535 -1.168921 -0.243380
    27 1.311736 0.000006 0.000004 -3.109347 -1.501840 3.110658
    28 1.132875 -0.000003 -0.000005 -2.277655 -1.482347 2.251198
    29 -0.835869 -0.375753 -0.250998 -0.232083 -1.169899 0.124274
    30 1.303124 0.000019 0.000004 2.990854 -1.546793 -2.976011
    31 1.094648 -0.000011 -0.000003 -0.062804 -1.544912 0.032850
    32 -1.144743 -1.304737 0.171518 -0.974001 -1.088390 0.663341
    33 1.052849 0.000000 -0.000004 3.124857 -1.425270 3.135795
    34 0.916342 -0.000031 0.000001 3.141553 -1.536954 -3.129942
    35 -7.779457 -18.287500 -8.879703 0.811850 -0.059415 -1.576760
    36 -0.117880 -0.102734 -0.180849 0.000013 0.017066 0.000000
    37 4.409983 -0.000034 0.000004 0.000000 0.000000 0.000000
    38 -3.459356 1.711287 -0.541797 0.125169 -0.669906 3.034105
    39 -1.410028 -0.000005 -0.000014 0.000004 0.000001 -0.911659
    40 -0.993008 0.000010 -0.000011 0.000012 -0.000006 -0.908928
    41 -1.077398 1.571280 0.162236 0.351673 -1.124156 2.999846
    42 -1.337713 0.000003 -0.000002 3.078234 -1.322288 -3.107495
    43 -1.180471 0.000072 0.000002 0.222705 -1.503459 -0.194122
    44 -0.719599 0.565946 0.238754 -0.061928 -1.418387 -3.057526
    45 -1.311414 -0.000009 -0.000267 0.002810 -1.315827 0.001501
    46 -1.132872 0.000005 -0.000066 3.139362 -1.176202 -3.092139
    47 -1.239075 -1.304744 -0.314278 -1.430303 -0.982760 -2.003829
    48 -1.052850 0.000005 -0.000004 2.863323 -1.535755 3.140266
    49 -0.916342 0.000033 0.000003 3.130054 -1.386235 -3.118064
    50 -0.900585 -0.375762 0.090056 -0.779868 -1.244725 -2.521915
    51 -1.303123 -0.000014 0.000008 -0.004240 -1.451229 -0.001012
    52 -1.094650 0.000007 0.000003 -2.577326 -1.476285 2.574417
    53 0.000000 0.000000 0.000000 0.000000 0.000000 0.000000
    54 0.000000 0.000000 0.000000 0.000000 0.000000 -1.570796
    55 0.000000 0.000000 0.000000 0.000000 0.000000 -1.570796
    56 -2.000000 0.000000 0.000000 -1.570796 0.000000 0.174533
    57 -1.500000 0.000002 0.000000 -1.570796 0.000000 0.000000
    58 0.000000 0.500000 0.000000 -1.570796 0.261799 0.000000
    59 -0.000001 0.000000 0.000000 -3.141593 0.174533 0.000000
    60 0.000000 0.000000 -0.000001 -3.141593 0.174533 0.174533
    61 0.000000 0.000000 0.000000 -3.141593 0.349066 -0.174533
    62 0.000000 0.000000 0.000000 -1.570796 0.000000 0.000000
    63 0.000000 0.000000 0.000000 -1.570796 0.000000 0.000000
    64 0.000000 0.000000 0.000000 -1.570796 0.000000 0.000000
    65 0.000000 0.000000 0.000002 -1.570796 0.000000 0.000000
    66 0.000000 0.000000 0.000000 -1.570796 0.000000 0.000000
    67 0.000000 0.000001 0.000000 -1.570796 0.000000 0.000000
    68 0.000000 0.000000 0.000000 -1.570796 0.000000 0.000000
    69 0.000000 0.000000 0.000000 -1.570796 0.000000 0.000000
    70 0.000000 0.000000 0.000000 -1.570796 0.000000 0.000000
    71 0.000000 0.000000 0.000000 -1.570796 0.000000 0.000000
    72 0.000000 0.000000 0.000000 -1.570796 0.000000 0.000000
    73 0.000000 0.000000 0.000000 -1.570796 0.000000 0.000000
    74 -2.000000 0.000000 0.000000 1.570796 0.000000 0.174533
    75 -1.500000 -0.000001 -0.250000 1.570796 0.000000 0.000000
    76 -1.000000 0.250000 0.500000 1.570796 0.000000 0.000000
    77 0.000000 0.000000 0.000000 2.094395 0.000000 -3.141593
    78 0.000000 0.000000 0.000000 2.094395 0.000000 -3.141593
    79 0.000000 -0.200001 -0.200000 1.745329 0.000000 -3.141593
    80 0.000000 -0.000001 -0.000002 1.570796 0.000000 3.141593
    81 0.000000 0.000000 0.000000 1.570796 0.000000 -3.141593
    82 0.000000 0.000000 -0.000002 1.570796 0.000000 -3.141593
    83 0.000000 0.000000 0.000000 1.570796 0.000000 3.141593
    84 -0.000002 0.000000 0.000000 1.570796 0.000000 3.141593
    85 0.000000 0.000000 0.000000 1.570796 0.000000 3.141593
    86 0.000000 0.000000 0.000000 1.570796 0.000000 3.141593
    87 0.000000 0.000000 0.000000 1.570796 0.000000 -3.141593
    88 0.000000 0.000000 0.000000 1.570796 0.000000 -3.141593
    89 0.000000 0.000000 0.000000 1.570796 0.000000 3.141593
    90 0.000000 0.000000 0.000000 1.570796 0.000000 -3.141593
    91 0.000000 0.000000 0.000000 1.570796 0.000000 -3.141593
  time 32
    0 0.000000 0.000000 0.000000 0.000000 0.000000 -0.000007
    1 0.000000 2.709942 -10.591393 0.000000 -1.570796 1.570796
    2 3.500857 9.013945 -0.640573 0.000000 -1.570796 0.000000
    3 -2.289403 -1.496114 0.973094 0.000000 0.000000 0.000000
    4 4.409996 0.000005 -0.000003 0.132848 -0.091224 0.275834
    5 10.079981 -0.000003 -0.000001 -0.000002 -0.000003 -0.536098
    6 0.000000 -0.000001 0.000000 -0.232001 0.000005 0.000001
    7 3.359990 0.000014 -0.000007 -0.463958 0.000000 0.000003
    8 6.719987 0.000030 -0.000015 -0.695976 -0.000002 0.000001
    9 3.500862 -5.725745 -0.640568 0.000000 -1.570795 3.141592
    10 -2.186730 3.179637 -0.996149 0.000000 0.000000 0.000000
    11 4.409998 -0.000001 0.000004 -0.328092 0.192641 0.361086
    12 10.079982 0.000014 0.000025 0.000004 0.000046 -0.727432
    13 0.000001 0.000004 0.000000 0.260560 -0.000001 0.000010
    14 3.359994 0.000032 0.000015 0.521145 -0.000007 0.000004
    15 6.719987 0.000057 0.000028 0.781727 0.000003 0.000003
    16 0.000000 0.000000 0.000000 1.573193 0.000000 -3.141592
    17 9.462941 -18.319976 -8.961926 2.254334 0.059791 -1.708828
    18 -0.118055 -0.108981 0.513327 -0.000047 -0.086523 0.000009
    19 4.409994 -0.000012 0.000012 0.000000 0.000000 0.000000
    20 -3.422661 1.711283 0.470872 0.018364 -0.593174 -0.075895
    21 1.410028 0.000010 0.000007 0.000006 0.000009 -0.987481
    22 0.993011 -0.000001 0.000006 0.000001 -0.000006 -0.761963
    23 -1.022532 1.571291 -0.406268 0.562009 -1.088038 -0.422346
    24 1.337718 0.000005 0.000002 -3.141591 -1.497669 3.135755
    25 1.180473 -0.000093 -0.000003 2.322271 -1.447922 -2.264049
    26 -0.666712 0.565948 -0.425195 0.276535 -1.168921 -0.243380
    27 1.311736 0.000006 0.000004 -3.109347 -1.501840 3.110658
    28 1.132875 -0.000003 -0.000005 -2.277655 -1.482347 2.251198
    29 -0.835869 -0.375753 -0.250998 -0.232083 -1.169899 0.124274
    30 1.303124 0.000019 0.000004 2.990854 -1.546793 -2.976011
    31 1.094648 -0.000011 -0.000003 -0.062816 -1.544912 0.032850
    32 -1.144743 -1.304737 0.171518 -0.974001 -1.088390 0.663341
    33 1.052849 0.000000 -0.000004 3.124857 -1.425270 3.135795
    34 0.916342 -0.000031 0.000001 3.141553 -1.536954 -3.129942
    35 -7.779457 -18.287500 -8.887515 0.814281 -0.060820 -1.575829
    36 -0.117880 -0.102734 -0.180849 0.000013 0.017066 0.000000
    37 4.409983 -0.000034 0.000004 0.000000 0.000000 0.000000
    38 -3.459356 1.711287 -0.541797 0.125169 -0.669906 3.034105
    39 -1.410028 -0.000005 -0.000014 0.000004 0.000001 -0.911659
    40 -0.993008 0.000010 -0.000011 0.000000 -0.000006 -0.908928
    41 -1.077398 1.571280 0.162236 0.351673 -1.124156 2.999846
    42 -1.337713 0.000003 -0.000002 3.078234 -1.322288 -3.107495
    43 -1.180471 0.000072 0.000002 0.222705 -1.503459 -0.194122
    44 -0.719599 0.565946 0.238754 -0.061928 -1.418387 -3.057514
    45 -1.311414 -0.000009 -0.000267 0.002810 -1.315827 0.001501
    46 -1.132872 0.000005 -0.000066 3.139362 -1.176202 -3.092139
    47 -1.239075 -1.304744 -0.314278 -1.430303 -0.982760 -2.003829
    48 -1.052850 0.000005 -0.000004 2.863323 -1.535755 3.140266
    49 -0.916342 0.000033 0.000003 3.130054 -1.386235 -3.118064
    50 -0.900585 -0.375762 0.090056 -0.779868 -1.244725 -2.521915
    51 -1.303123 -0.000014 0.000008 -0.004240 -1.451229 -0.001012
    52 -1.094650 0.000007 0.000003 -2.577326 -1.476285 2.574417
    53 0.000000 0.000000 0.000000 0.000000 0.000000 0.000000
    54 0.000000 0.000000 0.000000 0.000000 0.000000 -1.570796
    55 0.000000 0.000000 0.000000 0.000000 0.000000 -1.570796
    56 -2.000000 0.000000 0.000000 -1.570796 0.000000 0.174533
    57 -1.500000 0.000002 0.000000 -1.570796 0.000000 0.000000
    58 0.000000 0.500000 0.000000 -1.570796 0.261799 0.000000
    59 -0.000001 0.000000 0.000000 -3.141593 0.174533 0.000000
    60 0.000000 0.000000 -0.000001 -3.141593 0.174533 0.174533
    61 0.000000 0.000000 0.000000 -3.141593 0.349066 -0.174533
    62 0.000000 0.000000 0.000000 -1.570796 0.000000 0.000000
    63 0.000000 0.000000 0.000000 -1.570796 0.000000 0.000000
    64 0.000000 0.000000 0.000000 -1.570796 0.000000 0.000000
    65 0.000000 0.000000 0.000002 -1.570796 0.000000 0.000000
    66 0.000000 0.000000 0.000000 -1.570796 0.000000 0.000000
    67 0.000000 0.000001 0.000000 -1.570796 0.000000 0.000000
    68 0.000000 0.000000 0.000000 -1.570796 0.000000 0.000000
    69 0.000000 0.000000 0.000000 -1.570796 0.000000 0.000000
    70 0.000000 0.000000 0.000000 -1.570796 0.000000 0.000000
    71 0.000000 0.000000 0.000000 -1.570796 0.000000 0.000000
    72 0.000000 0.000000 0.000000 -1.570796 0.000000 0.000000
    73 0.000000 0.000000 0.000000 -1.570796 0.000000 0.000000
    74 -2.000000 0.000000 0.000000 1.570796 0.000000 0.174533
    75 -1.500000 -0.000001 -0.250000 1.570796 0.000000 0.000000
    76 -1.000000 0.250000 0.500000 1.570796 0.000000 0.000000
    77 0.000000 0.000000 0.000000 2.094395 0.000000 -3.141593
    78 0.000000 0.000000 0.000000 2.094395 0.000000 -3.141593
    79 0.000000 -0.200001 -0.200000 1.745329 0.000000 -3.141593
    80 0.000000 -0.000001 -0.000002 1.570796 0.000000 3.141593
    81 0.000000 0.000000 0.000000 1.570796 0.000000 -3.141593
    82 0.000000 0.000000 -0.000002 1.570796 0.000000 -3.141593
    83 0.000000 0.000000 0.000000 1.570796 0.000000 3.141593
    84 -0.000002 0.000000 0.000000 1.570796 0.000000 3.141593
    85 0.000000 0.000000 0.000000 1.570796 0.000000 3.141593
    86 0.000000 0.000000 0.000000 1.570796 0.000000 3.141593
    87 0.000000 0.000000 0.000000 1.570796 0.000000 -3.141593
    88 0.000000 0.000000 0.000000 1.570796 0.000000 -3.141593
    89 0.000000 0.000000 0.000000 1.570796 0.000000 3.141593
    90 0.000000 0.000000 0.000000 1.570796 0.000000 -3.141593
    91 0.000000 0.000000 0.000000 1.570796 0.000000 -3.141593
  time 33
    0 0.000000 0.000000 0.000000 0.000000 0.000000 -0.000007
    1 0.000000 2.709942 -10.591393 0.000000 -1.570796 1.570796
    2 3.500857 9.013945 -0.640573 0.000000 -1.570796 0.000000
    3 -2.289403 -1.496114 0.973094 0.000000 0.000000 0.000000
    4 4.409996 0.000005 -0.000003 0.132481 -0.091612 0.275618
    5 10.079981 -0.000003 -0.000001 -0.000002 -0.000003 -0.535781
    6 0.000000 -0.000001 0.000000 -0.231215 0.000005 0.000001
    7 3.359990 0.000014 -0.000007 -0.462465 0.000000 0.000003
    8 6.719987 0.000030 -0.000015 -0.693658 -0.000002 0.000001
    9 3.500862 -5.725745 -0.640568 0.000000 -1.570795 3.141592
    10 -2.186730 3.179637 -0.996149 0.000000 0.000000 0.000000
    11 4.409998 -0.000001 0.000004 -0.327331 0.193165 0.362170
    12 10.079982 0.000014 0.000025 0.000004 0.000046 -0.728567
    13 0.000001 0.000004 0.000000 0.260836 -0.000001 0.000010
    14 3.359994 0.000032 0.000015 0.521658 -0.000007 0.000004
    15 6.719987 0.000057 0.000028 0.782468 0.000003 0.000003
    16 0.000000 0.000000 0.000000 1.572761 0.000000 -3.141592
    17 9.470754 -18.319976 -8.977552 2.255672 0.059900 -1.708995
    18 -0.118055 -0.108981 0.513327 -0.000047 -0.086523 0.000009
    19 4.409994 -0.000012 0.000012 0.000000 0.000000 0.000000
    20 -3.422661 1.711283 0.470872 0.018364 -0.593174 -0.075895
    21 1.410028 0.000010 0.000007 0.000006 0.000009 -0.987481
    22 0.993011 -0.000001 0.000006 0.000001 -0.000006 -0.761963
    23 -1.022532 1.571291 -0.406268 0.562009 -1.088038 -0.422346
    24 1.337718 0.000005 0.000002 -3.141591 -1.497669 3.135755
    25 1.180473 -0.000093 -0.000003 2.322271 -1.447922 -2.264049
    26 -0.666712 0.565948 -0.425195 0.276535 -1.168921 -0.243380
    27 1.311736 0.000006 0.000004 -3.109347 -1.501840 3.110658
    28 1.132875 -0.000003 -0.000005 -2.277655 -1.482347 2.251198
    29 -0.835869 -0.375753 -0.250998 -0.232083 -1.169899 0.124274
    30 1.303124 0.000019 0.000004 2.990854 -1.546793 -2.976011
    31 1.094648 -0.000011 -0.000003 -0.062804 -1.544912 0.032862
    32 -1.144743 -1.304737 0.171518 -0.974001 -1.088390 0.663341
    33 1.052849 0.000000 -0.000004 3.124857 -1.425270 3.135795
    34 0.916342 -0.000031 0.000001 3.141553 -1.536954 -3.129942
    35 -7.779457 -18.287500 -8.899234 0.817533 -0.062188 -1.574897
    36 -0.117880 -0.102734 -0.180849 0.000013 0.017066 0.000000
    37 4.409983 -0.000034 0.000004 0.000000 0.000000 0.000000
    38 -3.459356 1.711287 -0.541797 0.125169 -0.669906 3.034105
    39 -1.410028 -0.000005 -0.000014 0.000004 0.000001 -0.911659
    40 -0.993008 0.000010 -0.000011 0.000012 -0.000006 -0.908928
    41 -1.077398 1.571280 0.162236 0.351673 -1.124156 2.999846
    42 -1.337713 0.000003 -0.000002 3.078234 -1.322288 -3.107495
    43 -1.180471 0.000072 0.000002 0.222705 -1.503459 -0.194122
    44 -0.719599 0.565946 0.238754 -0.061928 -1.418387 -3.057514
    45 -1.311414 -0.000009 -0.000267 0.002810 -1.315827 0.001501
    46 -1.132872 0.000005 -0.000066 3.139362 -1.176202 -3.092139
    47 -1.239075 -1.304744 -0.314278 -1.430303 -0.982760 -2.003829
    48 -1.052850 0.000005 -0.000004 2.863323 -1.535755 3.140266
    49 -0.916342 0.000033 0.000003 3.130054 -1.386235 -3.118064
    50 -0.900585 -0.375762 0.090056 -0.779868 -1.244725 -2.521915
    51 -1.303123 -0.000014 0.000008 -0.004240 -1.451229 -0.001012
    52 -1.094650 0.000007 0.000003 -2.577326 -1.476285 2.574417
    53 0.000000 0.000000 0.000000 0.000000 0.000000 0.000000
    54 0.000000 0.000000 0.000000 0.000000 0.000000 -1.570796
    55 0.000000 0.000000 0.000000 0.000000 0.000000 -1.570796
    56 -2.000000 0.000000 0.000000 -1.570796 0.000000 0.174533
    57 -1.500000 0.000002 0.000000 -1.570796 0.000000 0.000000
    58 0.000000 0.500000 0.000000 -1.570796 0.261799 0.000000
    59 -0.000001 0.000000 0.000000 -3.141593 0.174533 0.000000
    60 0.000000 0.000000 -0.000001 -3.141593 0.174533 0.174533
    61 0.000000 0.000000 0.000000 -3.141593 0.349066 -0.174533
    62 0.000000 0.000000 0.000000 -1.570796 0.000000 0.000000
    63 0.000000 0.000000 0.000000 -1.570796 0.000000 0.000000
    64 0.000000 0.000000 0.000000 -1.570796 0.000000 0.000000
    65 0.000000 0.000000 0.000002 -1.570796 0.000000 0.000000
    66 0.000000 0.000000 0.000000 -1.570796 0.000000 0.000000
    67 0.000000 0.000001 0.000000 -1.570796 0.000000 0.000000
    68 0.000000 0.000000 0.000000 -1.570796 0.000000 0.000000
    69 0.000000 0.000000 0.000000 -1.570796 0.000000 0.000000
    70 0.000000 0.000000 0.000000 -1.570796 0.000000 0.000000
    71 0.000000 0.000000 0.000000 -1.570796 0.000000 0.000000
    72 0.000000 0.000000 0.000000 -1.570796 0.000000 0.000000
    73 0.000000 0.000000 0.000000 -1.570796 0.000000 0.000000
    74 -2.000000 0.000000 0.000000 1.570796 0.000000 0.174533
    75 -1.500000 -0.000001 -0.250000 1.570796 0.000000 0.000000
    76 -1.000000 0.250000 0.500000 1.570796 0.000000 0.000000
    77 0.000000 0.000000 0.000000 2.094395 0.000000 -3.141593
    78 0.000000 0.000000 0.000000 2.094395 0.000000 -3.141593
    79 0.000000 -0.200001 -0.200000 1.745329 0.000000 -3.141593
    80 0.000000 -0.000001 -0.000002 1.570796 0.000000 3.141593
    81 0.000000 0.000000 0.000000 1.570796 0.000000 -3.141593
    82 0.000000 0.000000 -0.000002 1.570796 0.000000 -3.141593
    83 0.000000 0.000000 0.000000 1.570796 0.000000 3.141593
    84 -0.000002 0.000000 0.000000 1.570796 0.000000 3.141593
    85 0.000000 0.000000 0.000000 1.570796 0.000000 3.141593
    86 0.000000 0.000000 0.000000 1.570796 0.000000 3.141593
    87 0.000000 0.000000 0.000000 1.570796 0.000000 -3.141593
    88 0.000000 0.000000 0.000000 1.570796 0.000000 -3.141593
    89 0.000000 0.000000 0.000000 1.570796 0.000000 3.141593
    90 0.000000 0.000000 0.000000 1.570796 0.000000 -3.141593
    91 0.000000 0.000000 0.000000 1.570796 0.000000 -3.141593
  time 34
    0 0.000000 0.000000 0.000000 0.000000 0.000000 -0.000007
    1 0.000000 2.709942 -10.591393 0.000000 -1.570796 1.570796
    2 3.500857 9.013945 -0.640573 0.000000 -1.570796 0.000000
    3 -2.289403 -1.496114 0.973094 0.000000 0.000000 0.000000
    4 4.409996 0.000005 -0.000003 0.132114 -0.092043 0.275618
    5 10.079981 -0.000003 -0.000001 -0.000002 -0.000003 -0.535464
    6 0.000000 -0.000001 0.000000 -0.230275 0.000005 0.000001
    7 3.359990 0.000014 -0.000007 -0.460585 0.000000 0.000003
    8 6.719987 0.000030 -0.000015 -0.690838 -0.000002 0.000001
    9 3.500862 -5.725745 -0.640568 0.000000 -1.570795 3.141592
    10 -2.186730 3.179637 -0.996149 0.000000 0.000000 0.000000
    11 4.409998 -0.000001 0.000004 -0.326592 0.193656 0.363197
    12 10.079982 0.000014 0.000025 0.000004 0.000046 -0.729560
    13 0.000001 0.000004 0.000000 0.261064 -0.000001 0.000010
    14 3.359994 0.000032 0.000015 0.522133 -0.000007 0.000004
    15 6.719987 0.000057 0.000028 0.783209 0.000003 0.000003
    16 0.000000 0.000000 0.000000 1.572342 0.000000 -3.141592
    17 9.478566 -18.319976 -8.985365 2.256932 0.059900 -1.708995
    18 -0.118055 -0.108981 0.513327 -0.000047 -0.086523 0.000009
    19 4.409994 -0.000012 0.000012 0.000000 0.000000 0.000000
    20 -3.422661 1.711283 0.470872 0.018364 -0.593174 -0.075895
    21 1.410028 0.000010 0.000007 0.000006 0.000009 -0.987481
    22 0.993011 -0.000001 0.000006 0.000001 -0.000006 -0.761963
    23 -1.022532 1.571291 -0.406268 0.562009 -1.088038 -0.422346
    24 1.337718 0.000005 0.000002 -3.141591 -1.497669 3.135755
    25 1.180473 -0.000093 -0.000003 2.322271 -1.447922 -2.264049
    26 -0.666712 0.565948 -0.425195 0.276535 -1.168921 -0.243380
    27 1.311736 0.000006 0.000004 -3.109347 -1.501840 3.110658
    28 1.132875 -0.000003 -0.000005 -2.277655 -1.482347 2.251198
    29 -0.835869 -0.375753 -0.250998 -0.232083 -1.169899 0.124274
    30 1.303124 0.000019 0.000004 2.990854 -1.546793 -2.976011
    31 1.094648 -0.000011 -0.000003 -0.062804 -1.544912 0.032862
    32 -1.144743 -1.304737 0.171518 -0.973982 -1.088390 0.663341
    33 1.052849 0.000000 -0.000004 3.124857 -1.425270 3.135795
    34 0.916342 -0.000031 0.000001 3.141553 -1.536954 -3.129942
    35 -7.779457 -18.287500 -8.914860 0.821353 -0.063445 -1.573965
    36 -0.117880 -0.102734 -0.180849 0.000013 0.017066 0.000000
    37 4.409983 -0.000034 0.000004 0.000000 0.000000 0.000000
    38 -3.459356 1.711287 -0.541797 0.125169 -0.669906 3.034105
    39 -1.410028 -0.000005 -0.000014 0.000004 0.000001 -0.911659
    40 -0.993008 0.000010 -0.000011 0.000012 -0.000006 -0.908928
    41 -1.077398 1.571280 0.162236 0.351673 -1.124156 2.999846
    42 -1.337713 0.000003 -0.000002 3.078234 -1.322288 -3.107495
    43 -1.180471 0.000072 0.000002 0.222705 -1.503459 -0.194122
    44 -0.719599 0.565946 0.238754 -0.061928 -1.418387 -3.057526
    45 -1.311414 -0.000009 -0.000267 0.002810 -1.315827 0.001501
    46 -1.132872 0.000005 -0.000066 3.139362 -1.176202 -3.092139
    47 -1.239075 -1.304744 -0.314278 -1.430303 -0.982760 -2.003829
    48 -1.052850 0.000005 -0.000004 2.863323 -1.535755 3.140266
    49 -0.916342 0.000033 0.000003 3.130054 -1.386235 -3.118064
    50 -0.900585 -0.375762 0.090056 -0.779868 -1.244725 -2.521915
    51 -1.303123 -0.000014 0.000008 -0.004240 -1.451229 -0.001012
    52 -1.094650 0.000007 0.000003 -2.577326 -1.476285 2.574417
    53 0.000000 0.000000 0.000000 0.000000 0.000000 0.000000
    54 0.000000 0.000000 0.000000 0.000000 0.000000 -1.570796
    55 0.000000 0.000000 0.000000 0.000000 0.000000 -1.570796
    56 -2.000000 0.000000 0.000000 -1.570796 0.000000 0.174533
    57 -1.500000 0.000002 0.000000 -1.570796 0.000000 0.000000
    58 0.000000 0.500000 0.000000 -1.570796 0.261799 0.000000
    59 -0.000001 0.000000 0.000000 -3.141593 0.174533 0.000000
    60 0.000000 0.000000 -0.000001 -3.141593 0.174533 0.174533
    61 0.000000 0.000000 0.000000 -3.141593 0.349066 -0.174533
    62 0.000000 0.000000 0.000000 -1.570796 0.000000 0.000000
    63 0.000000 0.000000 0.000000 -1.570796 0.000000 0.000000
    64 0.000000 0.000000 0.000000 -1.570796 0.000000 0.000000
    65 0.000000 0.000000 0.000002 -1.570796 0.000000 0.000000
    66 0.000000 0.000000 0.000000 -1.570796 0.000000 0.000000
    67 0.000000 0.000001 0.000000 -1.570796 0.000000 0.000000
    68 0.000000 0.000000 0.000000 -1.570796 0.000000 0.000000
    69 0.000000 0.000000 0.000000 -1.570796 0.000000 0.000000
    70 0.000000 0.000000 0.000000 -1.570796 0.000000 0.000000
    71 0.000000 0.000000 0.000000 -1.570796 0.000000 0.000000
    72 0.000000 0.000000 0.000000 -1.570796 0.000000 0.000000
    73 0.000000 0.000000 0.000000 -1.570796 0.000000 0.000000
    74 -2.000000 0.000000 0.000000 1.570796 0.000000 0.174533
    75 -1.500000 -0.000001 -0.250000 1.570796 0.000000 0.000000
    76 -1.000000 0.250000 0.500000 1.570796 0.000000 0.000000
    77 0.000000 0.000000 0.000000 2.094395 0.000000 -3.141593
    78 0.000000 0.000000 0.000000 2.094395 0.000000 -3.141593
    79 0.000000 -0.200001 -0.200000 1.745329 0.000000 -3.141593
    80 0.000000 -0.000001 -0.000002 1.570796 0.000000 3.141593
    81 0.000000 0.000000 0.000000 1.570796 0.000000 -3.141593
    82 0.000000 0.000000 -0.000002 1.570796 0.000000 -3.141593
    83 0.000000 0.000000 0.000000 1.570796 0.000000 3.141593
    84 -0.000002 0.000000 0.000000 1.570796 0.000000 3.141593
    85 0.000000 0.000000 0.000000 1.570796 0.000000 3.141593
    86 0.000000 0.000000 0.000000 1.570796 0.000000 3.141593
    87 0.000000 0.000000 0.000000 1.570796 0.000000 -3.141593
    88 0.000000 0.000000 0.000000 1.570796 0.000000 -3.141593
    89 0.000000 0.000000 0.000000 1.570796 0.000000 3.141593
    90 0.000000 0.000000 0.000000 1.570796 0.000000 -3.141593
    91 0.000000 0.000000 0.000000 1.570796 0.000000 -3.141593
  time 35
    0 0.000000 0.000000 0.000000 0.000000 0.000000 -0.000007
    1 0.000000 2.709942 -10.591393 0.000000 -1.570796 1.570796
    2 3.500857 9.013945 -0.640573 0.000000 -1.570796 0.000000
    3 -2.289403 -1.496114 0.973094 0.000000 0.000000 0.000000
    4 4.409996 0.000005 -0.000003 0.131674 -0.092474 0.275445
    5 10.079981 -0.000003 -0.000001 -0.000002 -0.000003 -0.535253
    6 0.000000 -0.000001 0.000000 -0.229206 0.000005 0.000001
    7 3.359990 0.000014 -0.000007 -0.458421 0.000000 0.000003
    8 6.719987 0.000030 -0.000015 -0.687670 -0.000002 0.000001
    9 3.500862 -5.725745 -0.640568 0.000000 -1.570795 3.141592
    10 -2.186730 3.179637 -0.996149 0.000000 0.000000 0.000000
    11 4.409998 -0.000001 0.000004 -0.325831 0.194131 0.364167
    12 10.079982 0.000014 0.000025 0.000004 0.000046 -0.730364
    13 0.000001 0.000004 0.000000 0.261267 -0.000001 0.000010
    14 3.359994 0.000032 0.000015 0.522570 -0.000007 0.000004
    15 6.719987 0.000057 0.000028 0.783864 0.000003 0.000003
    16 0.000000 0.000000 0.000000 1.571911 0.000000 -3.141592
    17 9.486379 -18.312163 -8.993177 2.258073 0.059791 -1.708772
    18 -0.118055 -0.108981 0.513327 -0.000047 -0.086523 0.000009
    19 4.409994 -0.000012 0.000012 0.000000 0.000000 0.000000
    20 -3.422661 1.711283 0.470872 0.018364 -0.593174 -0.075895
    21 1.410028 0.000010 0.000007 0.000006 0.000009 -0.987481
    22 0.993011 -0.000001 0.000006 0.000001 -0.000006 -0.761963
    23 -1.022532 1.571291 -0.406268 0.562009 -1.088038 -0.422346
    24 1.337718 0.000005 0.000002 -3.141591 -1.497669 3.135755
    25 1.180473 -0.000093 -0.000003 2.322271 -1.447922 -2.264049
    26 -0.666712 0.565948 -0.425195 0.276535 -1.168921 -0.243380
    27 1.311736 0.000006 0.000004 -3.109347 -1.501840 3.110658
    28 1.132875 -0.000003 -0.000005 -2.277655 -1.482347 2.251198
    29 -0.835869 -0.375753 -0.250998 -0.232083 -1.169899 0.124274
    30 1.303124 0.000019 0.000004 2.990854 -1.546793 -2.976011
    31 1.094648 -0.000011 -0.000003 -0.062804 -1.544912 0.032862
    32 -1.144743 -1.304737 0.171518 -0.974001 -1.088390 0.663341
    33 1.052849 0.000000 -0.000004 3.124857 -1.425270 3.135795
    34 0.916342 -0.000031 0.000001 3.141553 -1.536954 -3.129942
    35 -7.779457 -18.287500 -8.918766 0.825805 -0.064554 -1.573203
    36 -0.117880 -0.102734 -0.180849 0.000013 0.017066 0.000000
    37 4.409983 -0.000034 0.000004 0.000000 0.000000 0.000000
    38 -3.459356 1.711287 -0.541797 0.125169 -0.669906 3.034105
    39 -1.410028 -0.000005 -0.000014 0.000004 0.000001 -0.911659
    40 -0.993008 0.000010 -0.000011 0.000012 -0.000006 -0.908928
    41 -1.077398 1.571280 0.162236 0.351673 -1.124156 2.999846
    42 -1.337713 0.000003 -0.000002 3.078234 -1.322288 -3.107495
    43 -1.180471 0.000072 0.000002 0.222705 -1.503459 -0.194122
    44 -0.719599 0.565946 0.238754 -0.061928 -1.418387 -3.057514
    45 -1.311414 -0.000009 -0.000267 0.002810 -1.315827 0.001501
    46 -1.132872 0.000005 -0.000066 3.139362 -1.176202 -3.092139
    47 -1.239075 -1.304744 -0.314278 -1.430303 -0.982760 -2.003829
    48 -1.052850 0.000005 -0.000004 2.863323 -1.535755 3.140266
    49 -0.916342 0.000033 0.000003 3.130054 -1.386235 -3.118064
    50 -0.900585 -0.375762 0.090056 -0.779868 -1.244725 -2.521915
    51 -1.303123 -0.000014 0.000008 -0.004240 -1.451229 -0.001012
    52 -1.094650 0.000007 0.000003 -2.577326 -1.476285 2.574417
    53 0.000000 0.000000 0.000000 0.000000 0.000000 0.000000
    54 0.000000 0.000000 0.000000 0.000000 0.000000 -1.570796
    55 0.000000 0.000000 0.000000 0.000000 0.000000 -1.570796
    56 -2.000000 0.000000 0.000000 -1.570796 0.000000 0.174533
    57 -1.500000 0.000002 0.000000 -1.570796 0.000000 0.000000
    58 0.000000 0.500000 0.000000 -1.570796 0.261799 0.000000
    59 -0.000001 0.000000 0.000000 -3.141593 0.174533 0.000000
    60 0.000000 0.000000 -0.000001 -3.141593 0.174533 0.174533
    61 0.000000 0.000000 0.000000 -3.141593 0.349066 -0.174533
    62 0.000000 0.000000 0.000000 -1.570796 0.000000 0.000000
    63 0.000000 0.000000 0.000000 -1.570796 0.000000 0.000000
    64 0.000000 0.000000 0.000000 -1.570796 0.000000 0.000000
    65 0.000000 0.000000 0.000002 -1.570796 0.000000 0.000000
    66 0.000000 0.000000 0.000000 -1.570796 0.000000 0.000000
    67 0.000000 0.000001 0.000000 -1.570796 0.000000 0.000000
    68 0.000000 0.000000 0.000000 -1.570796 0.000000 0.000000
    69 0.000000 0.000000 0.000000 -1.570796 0.000000 0.000000
    70 0.000000 0.000000 0.000000 -1.570796 0.000000 0.000000
    71 0.000000 0.000000 0.000000 -1.570796 0.000000 0.000000
    72 0.000000 0.000000 0.000000 -1.570796 0.000000 0.000000
    73 0.000000 0.000000 0.000000 -1.570796 0.000000 0.000000
    74 -2.000000 0.000000 0.000000 1.570796 0.000000 0.174533
    75 -1.500000 -0.000001 -0.250000 1.570796 0.000000 0.000000
    76 -1.000000 0.250000 0.500000 1.570796 0.000000 0.000000
    77 0.000000 0.000000 0.000000 2.094395 0.000000 -3.141593
    78 0.000000 0.000000 0.000000 2.094395 0.000000 -3.141593
    79 0.000000 -0.200001 -0.200000 1.745329 0.000000 -3.141593
    80 0.000000 -0.000001 -0.000002 1.570796 0.000000 3.141593
    81 0.000000 0.000000 0.000000 1.570796 0.000000 -3.141593
    82 0.000000 0.000000 -0.000002 1.570796 0.000000 -3.141593
    83 0.000000 0.000000 0.000000 1.570796 0.000000 3.141593
    84 -0.000002 0.000000 0.000000 1.570796 0.000000 3.141593
    85 0.000000 0.000000 0.000000 1.570796 0.000000 3.141593
    86 0.000000 0.000000 0.000000 1.570796 0.000000 3.141593
    87 0.000000 0.000000 0.000000 1.570796 0.000000 -3.141593
    88 0.000000 0.000000 0.000000 1.570796 0.000000 -3.141593
    89 0.000000 0.000000 0.000000 1.570796 0.000000 3.141593
    90 0.000000 0.000000 0.000000 1.570796 0.000000 -3.141593
    91 0.000000 0.000000 0.000000 1.570796 0.000000 -3.141593
  time 36
    0 0.000000 0.000000 0.000000 0.000000 0.000000 -0.000007
    1 0.000000 2.709942 -10.591393 0.000000 -1.570796 1.570796
    2 3.500857 9.013945 -0.640573 0.000000 -1.570796 0.000000
    3 -2.289403 -1.496114 0.973094 0.000000 0.000000 0.000000
    4 4.409996 0.000005 -0.000003 0.131234 -0.092884 0.275359
    5 10.079981 -0.000003 -0.000001 -0.000002 -0.000003 -0.534989
    6 0.000000 -0.000001 0.000000 -0.228022 0.000005 0.000001
    7 3.359990 0.000014 -0.000007 -0.456052 0.000000 0.000003
    8 6.719987 0.000030 -0.000015 -0.684078 -0.000002 0.000001
    9 3.500862 -5.725745 -0.640568 0.000000 -1.570795 3.141592
    10 -2.186730 3.179637 -0.996149 0.000000 0.000000 0.000000
    11 4.409998 -0.000001 0.000004 -0.325092 0.194557 0.365023
    12 10.079982 0.000014 0.000025 0.000004 0.000046 -0.731026
    13 0.000001 0.000004 0.000000 0.261471 -0.000001 0.000010
    14 3.359994 0.000032 0.000015 0.522931 -0.000007 0.000004
    15 6.719987 0.000057 0.000028 0.784405 0.000003 0.000003
    16 0.000000 0.000000 0.000000 1.571443 0.000000 -3.141592
    17 9.494192 -18.312163 -9.004897 2.259097 0.059499 -1.708438
    18 -0.118055 -0.108981 0.513327 -0.000047 -0.086523 0.000009
    19 4.409994 -0.000012 0.000012 0.000000 0.000000 0.000000
    20 -3.422661 1.711283 0.470872 0.018364 -0.593174 -0.075895
    21 1.410028 0.000010 0.000007 0.000006 0.000009 -0.987481
    22 0.993011 -0.000001 0.000006 0.000001 -0.000006 -0.761963
    23 -1.022532 1.571291 -0.406268 0.562009 -1.088038 -0.422346
    24 1.337718 0.000005 0.000002 -3.141591 -1.497669 3.135755
    25 1.180473 -0.000093 -0.000003 2.322271 -1.447922 -2.264049
    26 -0.666712 0.565948 -0.425195 0.276535 -1.168921 -0.243380
    27 1.311736 0.000006 0.000004 -3.109347 -1.501840 3.110658
    28 1.132875 -0.000003 -0.000005 -2.277655 -1.482347 2.251198
    29 -0.835869 -0.375753 -0.250998 -0.232083 -1.169899 0.124274
    30 1.303124 0.000019 0.000004 2.990854 -1.546793 -2.976011
    31 1.094648 -0.000011 -0.000003 -0.062792 -1.544912 0.032874
    32 -1.144743 -1.304737 0.171518 -0.974001 -1.088390 0.663341
    33 1.052849 0.000000 -0.000004 3.124857 -1.425270 3.135795
    34 0.916342 -0.000031 0.000001 3.141553 -1.536954 -3.129942
    35 -7.779457 -18.287500 -8.930485 0.830604 -0.065589 -1.572525
    36 -0.117880 -0.102734 -0.180849 0.000013 0.017066 0.000000
    37 4.409983 -0.000034 0.000004 0.000000 0.000000 0.000000
    38 -3.459356 1.711287 -0.541797 0.125169 -0.669906 3.034105
    39 -1.410028 -0.000005 -0.000014 0.000004 0.000001 -0.911659
    40 -0.993008 0.000010 -0.000011 0.000012 -0.000006 -0.908928
    41 -1.077398 1.571280 0.162236 0.351673 -1.124156 2.999846
    42 -1.337713 0.000003 -0.000002 3.078234 -1.322288 -3.107495
    43 -1.180471 0.000072 0.000002 0.222705 -1.503459 -0.194122
    44 -0.719599 0.565946 0.238754 -0.061928 -1.418387 -3.057514
    45 -1.311414 -0.000009 -0.000267 0.002810 -1.315827 0.001501
    46 -1.132872 0.000005 -0.000066 3.139362 -1.176202 -3.092139
    47 -1.239075 -1.304744 -0.314278 -1.430303 -0.982760 -2.003829
    48 -1.052850 0.000005 -0.000004 2.863323 -1.535755 3.140266
    49 -0.916342 0.000033 0.000003 3.130054 -1.386235 -3.118064
    50 -0.900585 -0.375762 0.090056 -0.779868 -1.244725 -2.521915
    51 -1.303123 -0.000014 0.000008 -0.004240 -1.451229 -0.001012
    52 -1.094650 0.000007 0.000003 -2.577326 -1.476285 2.574417
    53 0.000000 0.000000 0.000000 0.000000 0.000000 0.000000
    54 0.000000 0.000000 0.000000 0.000000 0.000000 -1.570796
    55 0.000000 0.000000 0.000000 0.000000 0.000000 -1.570796
    56 -2.000000 0.000000 0.000000 -1.570796 0.000000 0.174533
    57 -1.500000 0.000002 0.000000 -1.570796 0.000000 0.000000
    58 0.000000 0.500000 0.000000 -1.570796 0.261799 0.000000
    59 -0.000001 0.000000 0.000000 -3.141593 0.174533 0.000000
    60 0.000000 0.000000 -0.000001 -3.141593 0.174533 0.174533
    61 0.000000 0.000000 0.000000 -3.141593 0.349066 -0.174533
    62 0.000000 0.000000 0.000000 -1.570796 0.000000 0.000000
    63 0.000000 0.000000 0.000000 -1.570796 0.000000 0.000000
    64 0.000000 0.000000 0.000000 -1.570796 0.000000 0.000000
    65 0.000000 0.000000 0.000002 -1.570796 0.000000 0.000000
    66 0.000000 0.000000 0.000000 -1.570796 0.000000 0.000000
    67 0.000000 0.000001 0.000000 -1.570796 0.000000 0.000000
    68 0.000000 0.000000 0.000000 -1.570796 0.000000 0.000000
    69 0.000000 0.000000 0.000000 -1.570796 0.000000 0.000000
    70 0.000000 0.000000 0.000000 -1.570796 0.000000 0.000000
    71 0.000000 0.000000 0.000000 -1.570796 0.000000 0.000000
    72 0.000000 0.000000 0.000000 -1.570796 0.000000 0.000000
    73 0.000000 0.000000 0.000000 -1.570796 0.000000 0.000000
    74 -2.000000 0.000000 0.000000 1.570796 0.000000 0.174533
    75 -1.500000 -0.000001 -0.250000 1.570796 0.000000 0.000000
    76 -1.000000 0.250000 0.500000 1.570796 0.000000 0.000000
    77 0.000000 0.000000 0.000000 2.094395 0.000000 -3.141593
    78 0.000000 0.000000 0.000000 2.094395 0.000000 -3.141593
    79 0.000000 -0.200001 -0.200000 1.745329 0.000000 -3.141593
    80 0.000000 -0.000001 -0.000002 1.570796 0.000000 3.141593
    81 0.000000 0.000000 0.000000 1.570796 0.000000 -3.141593
    82 0.000000 0.000000 -0.000002 1.570796 0.000000 -3.141593
    83 0.000000 0.000000 0.000000 1.570796 0.000000 3.141593
    84 -0.000002 0.000000 0.000000 1.570796 0.000000 3.141593
    85 0.000000 0.000000 0.000000 1.570796 0.000000 3.141593
    86 0.000000 0.000000 0.000000 1.570796 0.000000 3.141593
    87 0.000000 0.000000 0.000000 1.570796 0.000000 -3.141593
    88 0.000000 0.000000 0.000000 1.570796 0.000000 -3.141593
    89 0.000000 0.000000 0.000000 1.570796 0.000000 3.141593
    90 0.000000 0.000000 0.000000 1.570796 0.000000 -3.141593
    91 0.000000 0.000000 0.000000 1.570796 0.000000 -3.141593
  time 37
    0 0.000000 0.000000 0.000000 0.000000 0.000000 -0.000007
    1 0.000000 2.709942 -10.591393 0.000000 -1.570796 1.570796
    2 3.500857 9.013945 -0.640573 0.000000 -1.570796 0.000000
    3 -2.289403 -1.496114 0.973094 0.000000 0.000000 0.000000
    4 4.409996 0.000005 -0.000003 0.130940 -0.093294 0.275143
    5 10.079981 -0.000003 -0.000001 -0.000002 -0.000003 -0.534671
    6 0.000000 -0.000001 0.000000 -0.226734 0.000005 0.000001
    7 3.359990 0.000014 -0.000007 -0.453425 0.000000 0.000003
    8 6.719987 0.000030 -0.000015 -0.680214 -0.000002 0.000001
    9 3.500862 -5.725745 -0.640568 0.000000 -1.570795 3.141592
    10 -2.186730 3.179637 -0.996149 0.000000 0.000000 0.000000
    11 4.409998 -0.000001 0.000004 -0.324398 0.194966 0.365793
    12 10.079982 0.000014 0.000025 0.000004 0.000046 -0.731499
    13 0.000001 0.000004 0.000000 0.261639 -0.000001 0.000010
    14 3.359994 0.000032 0.000015 0.523273 -0.000007 0.000004
    15 6.719987 0.000057 0.000028 0.784890 0.000003 0.000003
    16 0.000000 0.000000 0.000000 1.571012 0.000000 -3.141592
    17 9.502005 -18.308257 -9.016616 2.260002 0.059171 -1.707993
    18 -0.118055 -0.108981 0.513327 -0.000047 -0.086523 0.000009
    19 4.409994 -0.000012 0.000012 0.000000 0.000000 0.000000
    20 -3.422661 1.711283 0.470872 0.018364 -0.593174 -0.075895
    21 1.410028 0.000010 0.000007 0.000006 0.000009 -0.987481
    22 0.993011 -0.000001 0.000006 0.000001 -0.000006 -0.761963
    23 -1.022532 1.571291 -0.406268 0.562009 -1.088038 -0.422346
    24 1.337718 0.000005 0.000002 -3.141591 -1.497669 3.135755
    25 1.180473 -0.000093 -0.000003 2.322271 -1.447922 -2.264049
    26 -0.666712 0.565948 -0.425195 0.276535 -1.168921 -0.243380
    27 1.311736 0.000006 0.000004 -3.109347 -1.501840 3.110658
    28 1.132875 -0.000003 -0.000005 -2.277655 -1.482347 2.251198
    29 -0.835869 -0.375753 -0.250998 -0.232083 -1.169899 0.124274
    30 1.303124 0.000019 0.000004 2.990854 -1.546793 -2.976011
    31 1.094648 -0.000011 -0.000003 -0.062792 -1.544912 0.032874
    32 -1.144743 -1.304737 0.171518 -0.974001 -1.088390 0.663341
    33 1.052849 0.000000 -0.000004 3.124857 -1.425270 3.135795
    34 0.916342 -0.000031 0.000001 3.141553 -1.536954 -3.129942
    35 -7.779457 -18.287500 -8.942204 0.835814 -0.066477 -1.571763
    36 -0.117880 -0.102734 -0.180849 0.000013 0.017066 0.000000
    37 4.409983 -0.000034 0.000004 0.000000 0.000000 0.000000
    38 -3.459356 1.711287 -0.541797 0.125169 -0.669906 3.034105
    39 -1.410028 -0.000005 -0.000014 0.000004 0.000001 -0.911659
    40 -0.993008 0.000010 -0.000011 0.000012 -0.000006 -0.908928
    41 -1.077398 1.571280 0.162236 0.351673 -1.124156 2.999846
    42 -1.337713 0.000003 -0.000002 3.078234 -1.322288 -3.107495
    43 -1.180471 0.000072 0.000002 0.222693 -1.503459 -0.194110
    44 -0.719599 0.565946 0.238754 -0.061928 -1.418387 -3.057514
    45 -1.311414 -0.000009 -0.000267 0.002810 -1.315827 0.001501
    46 -1.132872 0.000005 -0.000066 3.139362 -1.176202 -3.092139
    47 -1.239075 -1.304744 -0.314278 -1.430303 -0.982760 -2.003829
    48 -1.052850 0.000005 -0.000004 2.863323 -1.535755 3.140266
    49 -0.916342 0.000033 0.000003 3.130054 -1.386235 -3.118064
    50 -0.900585 -0.375762 0.090056 -0.779868 -1.244725 -2.521915
    51 -1.303123 -0.000014 0.000008 -0.004240 -1.451229 -0.001012
    52 -1.094650 0.000007 0.000003 -2.577326 -1.476285 2.574417
    53 0.000000 0.000000 0.000000 0.000000 0.000000 0.000000
    54 0.000000 0.000000 0.000000 0.000000 0.000000 -1.570796
    55 0.000000 0.000000 0.000000 0.000000 0.000000 -1.570796
    56 -2.000000 0.000000 0.000000 -1.570796 0.000000 0.174533
    57 -1.500000 0.000002 0.000000 -1.570796 0.000000 0.000000
    58 0.000000 0.500000 0.000000 -1.570796 0.261799 0.000000
    59 -0.000001 0.000000 0.000000 -3.141593 0.174533 0.000000
    60 0.000000 0.000000 -0.000001 -3.141593 0.174533 0.174533
    61 0.000000 0.000000 0.000000 -3.141593 0.349066 -0.174533
    62 0.000000 0.000000 0.000000 -1.570796 0.000000 0.000000
    63 0.000000 0.000000 0.000000 -1.570796 0.000000 0.000000
    64 0.000000 0.000000 0.000000 -1.570796 0.000000 0.000000
    65 0.000000 0.000000 0.000002 -1.570796 0.000000 0.000000
    66 0.000000 0.000000 0.000000 -1.570796 0.000000 0.000000
    67 0.000000 0.000001 0.000000 -1.570796 0.000000 0.000000
    68 0.000000 0.000000 0.000000 -1.570796 0.000000 0.000000
    69 0.000000 0.000000 0.000000 -1.570796 0.000000 0.000000
    70 0.000000 0.000000 0.000000 -1.570796 0.000000 0.000000
    71 0.000000 0.000000 0.000000 -1.570796 0.000000 0.000000
    72 0.000000 0.000000 0.000000 -1.570796 0.000000 0.000000
    73 0.000000 0.000000 0.000000 -1.570796 0.000000 0.000000
    74 -2.000000 0.000000 0.000000 1.570796 0.000000 0.174533
    75 -1.500000 -0.000001 -0.250000 1.570796 0.000000 0.000000
    76 -1.000000 0.250000 0.500000 1.570796 0.000000 0.000000
    77 0.000000 0.000000 0.000000 2.094395 0.000000 -3.141593
    78 0.000000 0.000000 0.000000 2.094395 0.000000 -3.141593
    79 0.000000 -0.200001 -0.200000 1.745329 0.000000 -3.141593
    80 0.000000 -0.000001 -0.000002 1.570796 0.000000 3.141593
    81 0.000000 0.000000 0.000000 1.570796 0.000000 -3.141593
    82 0.000000 0.000000 -0.000002 1.570796 0.000000 -3.141593
    83 0.000000 0.000000 0.000000 1.570796 0.000000 3.141593
    84 -0.000002 0.000000 0.000000 1.570796 0.000000 3.141593
    85 0.000000 0.000000 0.000000 1.570796 0.000000 3.141593
    86 0.000000 0.000000 0.000000 1.570796 0.000000 3.141593
    87 0.000000 0.000000 0.000000 1.570796 0.000000 -3.141593
    88 0.000000 0.000000 0.000000 1.570796 0.000000 -3.141593
    89 0.000000 0.000000 0.000000 1.570796 0.000000 3.141593
    90 0.000000 0.000000 0.000000 1.570796 0.000000 -3.141593
    91 0.000000 0.000000 0.000000 1.570796 0.000000 -3.141593
  time 38
    0 0.000000 0.000000 0.000000 0.000000 0.000000 -0.000007
    1 0.000000 2.709942 -10.591393 0.000000 -1.570796 1.570796
    2 3.500857 9.013945 -0.640573 0.000000 -1.570796 0.000000
    3 -2.289403 -1.496114 0.973094 0.000000 0.000000 0.000000
    4 4.409996 0.000005 -0.000003 0.130426 -0.093725 0.275057
    5 10.079981 -0.000003 -0.000001 -0.000002 -0.000003 -0.534407
    6 0.000000 -0.000001 0.000000 -0.225382 0.000005 0.000001
    7 3.359990 0.000014 -0.000007 -0.450720 0.000000 0.000003
    8 6.719987 0.000030 -0.000015 -0.676119 -0.000002 0.000001
    9 3.500862 -5.725745 -0.640568 0.000000 -1.570795 3.141592
    10 -2.186730 3.179637 -0.996149 0.000000 0.000000 0.000000
    11 4.409998 -0.000001 0.000004 -0.323749 0.195310 0.366335
    12 10.079982 0.000014 0.000025 0.000004 0.000046 -0.731783
    13 0.000001 0.000004 0.000000 0.261783 -0.000001 0.000010
    14 3.359994 0.000032 0.000015 0.523558 -0.000007 0.000004
    15 6.719987 0.000057 0.000028 0.785346 0.000003 0.000003
    16 0.000000 0.000000 0.000000 1.570580 0.000000 -3.141592
    17 9.509817 -18.308257 -9.024428 2.260750 0.058697 -1.707325
    18 -0.118055 -0.108981 0.513327 -0.000047 -0.086523 0.000009
    19 4.409994 -0.000012 0.000012 0.000000 0.000000 0.000000
    20 -3.422661 1.711283 0.470872 0.018364 -0.593174 -0.075895
    21 1.410028 0.000010 0.000007 0.000006 0.000009 -0.987481
    22 0.993011 -0.000001 0.000006 0.000001 -0.000006 -0.761963
    23 -1.022532 1.571291 -0.406268 0.562009 -1.088038 -0.422346
    24 1.337718 0.000005 0.000002 -3.141591 -1.497669 3.135755
    25 1.180473 -0.000093 -0.000003 2.322271 -1.447922 -2.264049
    26 -0.666712 0.565948 -0.425195 0.276535 -1.168921 -0.243380
    27 1.311736 0.000006 0.000004 -3.109347 -1.501840 3.110658
    28 1.132875 -0.000003 -0.000005 -2.277655 -1.482347 2.251198
    29 -0.835869 -0.375753 -0.250998 -0.232083 -1.169899 0.124274
    30 1.303124 0.000019 0.000004 2.990854 -1.546793 -2.976011
    31 1.094648 -0.000011 -0.000003 -0.062804 -1.544912 0.032862
    32 -1.144743 -1.304737 0.171518 -0.974001 -1.088390 0.663341
    33 1.052849 0.000000 -0.000004 3.124857 -1.425270 3.135795
    34 0.916342 -0.000031 0.000001 3.141553 -1.536954 -3.129942
    35 -7.779457 -18.287500 -8.942204 0.841212 -0.067179 -1.571424
    36 -0.117880 -0.102734 -0.180849 0.000013 0.017066 0.000000
    37 4.409983 -0.000034 0.000004 0.000000 0.000000 0.000000
    38 -3.459356 1.711287 -0.541797 0.125169 -0.669906 3.034105
    39 -1.410028 -0.000005 -0.000014 0.000004 0.000001 -0.911659
    40 -0.993008 0.000010 -0.000011 0.000012 -0.000006 -0.908928
    41 -1.077398 1.571280 0.162236 0.351673 -1.124156 2.999846
    42 -1.337713 0.000003 -0.000002 3.078234 -1.322288 -3.107495
    43 -1.180471 0.000072 0.000002 0.222705 -1.503459 -0.194122
    44 -0.719599 0.565946 0.238754 -0.061928 -1.418387 -3.057514
    45 -1.311414 -0.000009 -0.000267 0.002810 -1.315827 0.001501
    46 -1.132872 0.000005 -0.000066 3.139362 -1.176202 -3.092139
    47 -1.239075 -1.304744 -0.314278 -1.430303 -0.982760 -2.003829
    48 -1.052850 0.000005 -0.000004 2.863323 -1.535755 3.140266
    49 -0.916342 0.000033 0.000003 3.130054 -1.386235 -3.118064
    50 -0.900585 -0.375762 0.090056 -0.779868 -1.244725 -2.521915
    51 -1.303123 -0.000014 0.000008 -0.004240 -1.451229 -0.001012
    52 -1.094650 0.000007 0.000003 -2.577326 -1.476285 2.574417
    53 0.000000 0.000000 0.000000 0.000000 0.000000 0.000000
    54 0.000000 0.000000 0.000000 0.000000 0.000000 -1.570796
    55 0.000000 0.000000 0.000000 0.000000 0.000000 -1.570796
    56 -2.000000 0.000000 0.000000 -1.570796 0.000000 0.174533
    57 -1.500000 0.000002 0.000000 -1.570796 0.000000 0.000000
    58 0.000000 0.500000 0.000000 -1.570796 0.261799 0.000000
    59 -0.000001 0.000000 0.000000 -3.141593 0.174533 0.000000
    60 0.000000 0.000000 -0.000001 -3.141593 0.174533 0.174533
    61 0.000000 0.000000 0.000000 -3.141593 0.349066 -0.174533
    62 0.000000 0.000000 0.000000 -1.570796 0.000000 0.000000
    63 0.000000 0.000000 0.000000 -1.570796 0.000000 0.000000
    64 0.000000 0.000000 0.000000 -1.570796 0.000000 0.000000
    65 0.000000 0.000000 0.000002 -1.570796 0.000000 0.000000
    66 0.000000 0.000000 0.000000 -1.570796 0.000000 0.000000
    67 0.000000 0.000001 0.000000 -1.570796 0.000000 0.000000
    68 0.000000 0.000000 0.000000 -1.570796 0.000000 0.000000
    69 0.000000 0.000000 0.000000 -1.570796 0.000000 0.000000
    70 0.000000 0.000000 0.000000 -1.570796 0.000000 0.000000
    71 0.000000 0.000000 0.000000 -1.570796 0.000000 0.000000
    72 0.000000 0.000000 0.000000 -1.570796 0.000000 0.000000
    73 0.000000 0.000000 0.000000 -1.570796 0.000000 0.000000
    74 -2.000000 0.000000 0.000000 1.570796 0.000000 0.174533
    75 -1.500000 -0.000001 -0.250000 1.570796 0.000000 0.000000
    76 -1.000000 0.250000 0.500000 1.570796 0.000000 0.000000
    77 0.000000 0.000000 0.000000 2.094395 0.000000 -3.141593
    78 0.000000 0.000000 0.000000 2.094395 0.000000 -3.141593
    79 0.000000 -0.200001 -0.200000 1.745329 0.000000 -3.141593
    80 0.000000 -0.000001 -0.000002 1.570796 0.000000 3.141593
    81 0.000000 0.000000 0.000000 1.570796 0.000000 -3.141593
    82 0.000000 0.000000 -0.000002 1.570796 0.000000 -3.141593
    83 0.000000 0.000000 0.000000 1.570796 0.000000 3.141593
    84 -0.000002 0.000000 0.000000 1.570796 0.000000 3.141593
    85 0.000000 0.000000 0.000000 1.570796 0.000000 3.141593
    86 0.000000 0.000000 0.000000 1.570796 0.000000 3.141593
    87 0.000000 0.000000 0.000000 1.570796 0.000000 -3.141593
    88 0.000000 0.000000 0.000000 1.570796 0.000000 -3.141593
    89 0.000000 0.000000 0.000000 1.570796 0.000000 3.141593
    90 0.000000 0.000000 0.000000 1.570796 0.000000 -3.141593
    91 0.000000 0.000000 0.000000 1.570796 0.000000 -3.141593
  time 39
    0 0.000000 0.000000 0.000000 0.000000 0.000000 -0.000007
    1 0.000000 2.709942 -10.591393 0.000000 -1.570796 1.570796
    2 3.500857 9.013945 -0.640573 0.000000 -1.570796 0.000000
    3 -2.289403 -1.496114 0.973094 0.000000 0.000000 0.000000
    4 4.409996 0.000005 -0.000003 0.129986 -0.094156 0.274884
    5 10.079981 -0.000003 -0.000001 -0.000002 -0.000003 -0.534249
    6 0.000000 -0.000001 0.000000 -0.223965 0.000005 0.000001
    7 3.359990 0.000014 -0.000007 -0.447965 0.000000 0.000003
    8 6.719987 0.000030 -0.000015 -0.671909 -0.000002 0.000001
    9 3.500862 -5.725745 -0.640568 0.000000 -1.570795 3.141592
    10 -2.186730 3.179637 -0.996149 0.000000 0.000000 0.000000
    11 4.409998 -0.000001 0.000004 -0.323122 0.195605 0.366763
    12 10.079982 0.000014 0.000025 0.000004 0.000046 -0.731925
    13 0.000001 0.000004 0.000000 0.261890 -0.000001 0.000010
    14 3.359994 0.000032 0.000015 0.523805 -0.000007 0.000004
    15 6.719987 0.000057 0.000028 0.785688 0.000003 0.000003
    16 0.000000 0.000000 0.000000 1.570149 0.000000 -3.141592
    17 9.513724 -18.308257 -9.024428 2.261419 0.058150 -1.706602
    18 -0.118055 -0.108981 0.513327 -0.000047 -0.086523 0.000009
    19 4.409994 -0.000012 0.000012 0.000000 0.000000 0.000000
    20 -3.422661 1.711283 0.470872 0.018364 -0.593174 -0.075895
    21 1.410028 0.000010 0.000007 0.000006 0.000009 -0.987481
    22 0.993011 -0.000001 0.000006 0.000001 -0.000006 -0.761963
    23 -1.022532 1.571291 -0.406268 0.562009 -1.088038 -0.422346
    24 1.337718 0.000005 0.000002 -3.141591 -1.497669 3.135755
    25 1.180473 -0.000093 -0.000003 2.322271 -1.447922 -2.264049
    26 -0.666712 0.565948 -0.425195 0.276535 -1.168921 -0.243380
    27 1.311736 0.000006 0.000004 -3.109347 -1.501840 3.110658
    28 1.132875 -0.000003 -0.000005 -2.277655 -1.482347 2.251198
    29 -0.835869 -0.375753 -0.250998 -0.232083 -1.169899 0.124274
    30 1.303124 0.000019 0.000004 2.990854 -1.546793 -2.976011
    31 1.094648 -0.000011 -0.000003 -0.062804 -1.544912 0.032862
    32 -1.144743 -1.304737 0.171518 -0.974001 -1.088390 0.663341
    33 1.052849 0.000000 -0.000004 3.124857 -1.425270 3.135795
    34 0.916342 -0.000031 0.000001 3.141553 -1.536954 -3.129942
    35 -7.779457 -18.287500 -8.957830 0.846769 -0.067734 -1.571001
    36 -0.117880 -0.102734 -0.180849 0.000013 0.017066 0.000000
    37 4.409983 -0.000034 0.000004 0.000000 0.000000 0.000000
    38 -3.459356 1.711287 -0.541797 0.125169 -0.669906 3.034105
    39 -1.410028 -0.000005 -0.000014 0.000004 0.000001 -0.911659
    40 -0.993008 0.000010 -0.000011 0.000012 -0.000006 -0.908928
    41 -1.077398 1.571280 0.162236 0.351673 -1.124156 2.999846
    42 -1.337713 0.000003 -0.000002 3.078234 -1.322288 -3.107495
    43 -1.180471 0.000072 0.000002 0.222693 -1.503459 -0.194122
    44 -0.719599 0.565946 0.238754 -0.061928 -1.418387 -3.057514
    45 -1.311414 -0.000009 -0.000267 0.002810 -1.315827 0.001501
    46 -1.132872 0.000005 -0.000066 3.139362 -1.176202 -3.092139
    47 -1.239075 -1.304744 -0.314278 -1.430303 -0.982760 -2.003829
    48 -1.052850 0.000005 -0.000004 2.863323 -1.535755 3.140266
    49 -0.916342 0.000033 0.000003 3.130054 -1.386235 -3.118064
    50 -0.900585 -0.375762 0.090056 -0.779868 -1.244725 -2.521915
    51 -1.303123 -0.000014 0.000008 -0.004240 -1.451229 -0.001012
    52 -1.094650 0.000007 0.000003 -2.577326 -1.476285 2.574417
    53 0.000000 0.000000 0.000000 0.000000 0.000000 0.000000
    54 0.000000 0.000000 0.000000 0.000000 0.000000 -1.570796
    55 0.000000 0.000000 0.000000 0.000000 0.000000 -1.570796
    56 -2.000000 0.000000 0.000000 -1.570796 0.000000 0.174533
    57 -1.500000 0.000002 0.000000 -1.570796 0.000000 0.000000
    58 0.000000 0.500000 0.000000 -1.570796 0.261799 0.000000
    59 -0.000001 0.000000 0.000000 -3.141593 0.174533 0.000000
    60 0.000000 0.000000 -0.000001 -3.141593 0.174533 0.174533
    61 0.000000 0.000000 0.000000 -3.141593 0.349066 -0.174533
    62 0.000000 0.000000 0.000000 -1.570796 0.000000 0.000000
    63 0.000000 0.000000 0.000000 -1.570796 0.000000 0.000000
    64 0.000000 0.000000 0.000000 -1.570796 0.000000 0.000000
    65 0.000000 0.000000 0.000002 -1.570796 0.000000 0.000000
    66 0.000000 0.000000 0.000000 -1.570796 0.000000 0.000000
    67 0.000000 0.000001 0.000000 -1.570796 0.000000 0.000000
    68 0.000000 0.000000 0.000000 -1.570796 0.000000 0.000000
    69 0.000000 0.000000 0.000000 -1.570796 0.000000 0.000000
    70 0.000000 0.000000 0.000000 -1.570796 0.000000 0.000000
    71 0.000000 0.000000 0.000000 -1.570796 0.000000 0.000000
    72 0.000000 0.000000 0.000000 -1.570796 0.000000 0.000000
    73 0.000000 0.000000 0.000000 -1.570796 0.000000 0.000000
    74 -2.000000 0.000000 0.000000 1.570796 0.000000 0.174533
    75 -1.500000 -0.000001 -0.250000 1.570796 0.000000 0.000000
    76 -1.000000 0.250000 0.500000 1.570796 0.000000 0.000000
    77 0.000000 0.000000 0.000000 2.094395 0.000000 -3.141593
    78 0.000000 0.000000 0.000000 2.094395 0.000000 -3.141593
    79 0.000000 -0.200001 -0.200000 1.745329 0.000000 -3.141593
    80 0.000000 -0.000001 -0.000002 1.570796 0.000000 3.141593
    81 0.000000 0.000000 0.000000 1.570796 0.000000 -3.141593
    82 0.000000 0.000000 -0.000002 1.570796 0.000000 -3.141593
    83 0.000000 0.000000 0.000000 1.570796 0.000000 3.141593
    84 -0.000002 0.000000 0.000000 1.570796 0.000000 3.141593
    85 0.000000 0.000000 0.000000 1.570796 0.000000 3.141593
    86 0.000000 0.000000 0.000000 1.570796 0.000000 3.141593
    87 0.000000 0.000000 0.000000 1.570796 0.000000 -3.141593
    88 0.000000 0.000000 0.000000 1.570796 0.000000 -3.141593
    89 0.000000 0.000000 0.000000 1.570796 0.000000 3.141593
    90 0.000000 0.000000 0.000000 1.570796 0.000000 -3.141593
    91 0.000000 0.000000 0.000000 1.570796 0.000000 -3.141593
  time 40
    0 0.000000 0.000000 0.000000 0.000000 0.000000 -0.000007
    1 0.000000 2.709942 -10.591393 0.000000 -1.570796 1.570796
    2 3.500857 9.013945 -0.640573 0.000000 -1.570796 0.000000
    3 -2.289403 -1.496114 0.973094 0.000000 0.000000 0.000000
    4 4.409996 0.000005 -0.000003 0.129619 -0.094566 0.274711
    5 10.079981 -0.000003 -0.000001 -0.000002 -0.000003 -0.533984
    6 0.000000 -0.000001 0.000000 -0.222562 0.000005 0.000001
    7 3.359990 0.000014 -0.000007 -0.445132 0.000000 0.000003
    8 6.719987 0.000030 -0.000015 -0.667698 -0.000002 0.000001
    9 3.500862 -5.725745 -0.640568 0.000000 -1.570795 3.141592
    10 -2.186730 3.179637 -0.996149 0.000000 0.000000 0.000000
    11 4.409998 -0.000001 0.000004 -0.322495 0.195834 0.367020
    12 10.079982 0.000014 0.000025 0.000004 0.000046 -0.731688
    13 0.000001 0.000004 0.000000 0.261998 -0.000001 0.000010
    14 3.359994 0.000032 0.000015 0.524014 -0.000007 0.000004
    15 6.719987 0.000057 0.000028 0.786030 0.000003 0.000003
    16 0.000000 0.000000 0.000000 1.569681 0.000000 -3.141592
    17 9.517630 -18.304350 -9.040054 2.261970 0.057494 -1.705767
    18 -0.118055 -0.108981 0.513327 -0.000047 -0.086523 0.000009
    19 4.409994 -0.000012 0.000012 0.000000 0.000000 0.000000
    20 -3.422661 1.711283 0.470872 0.018364 -0.593174 -0.075895
    21 1.410028 0.000010 0.000007 0.000006 0.000009 -0.987481
    22 0.993011 -0.000001 0.000006 0.000001 -0.000006 -0.761963
    23 -1.022532 1.571291 -0.406268 0.562009 -1.088038 -0.422346
    24 1.337718 0.000005 0.000002 -3.141591 -1.497669 3.135755
    25 1.180473 -0.000093 -0.000003 2.322271 -1.447922 -2.264049
    26 -0.666712 0.565948 -0.425195 0.276535 -1.168921 -0.243380
    27 1.311736 0.000006 0.000004 -3.109347 -1.501840 3.110658
    28 1.132875 -0.000003 -0.000005 -2.277655 -1.482347 2.251198
    29 -0.835869 -0.375753 -0.250998 -0.232083 -1.169899 0.124274
    30 1.303124 0.000019 0.000004 2.990854 -1.546793 -2.976011
    31 1.094648 -0.000011 -0.000003 -0.062804 -1.544912 0.032862
    32 -1.144743 -1.304737 0.171518 -0.974001 -1.088390 0.663341
    33 1.052849 0.000000 -0.000004 3.124857 -1.425270 3.135795
    34 0.916342 -0.000031 0.000001 3.141553 -1.536954 -3.129942
    35 -7.779457 -18.287500 -8.969549 0.852421 -0.068030 -1.570832
    36 -0.117880 -0.102734 -0.180849 0.000013 0.017066 0.000000
    37 4.409983 -0.000034 0.000004 0.000000 0.000000 0.000000
    38 -3.459356 1.711287 -0.541797 0.125169 -0.669906 3.034105
    39 -1.410028 -0.000005 -0.000014 0.000004 0.000001 -0.911659
    40 -0.993008 0.000010 -0.000011 0.000012 -0.000006 -0.908928
    41 -1.077398 1.571280 0.162236 0.351673 -1.124156 2.999846
    42 -1.337713 0.000003 -0.000002 3.078234 -1.322288 -3.107495
    43 -1.180471 0.000072 0.000002 0.222693 -1.503459 -0.194122
    44 -0.719599 0.565946 0.238754 -0.061928 -1.418387 -3.057514
    45 -1.311414 -0.000009 -0.000267 0.002810 -1.315827 0.001501
    46 -1.132872 0.000005 -0.000066 3.139362 -1.176202 -3.092139
    47 -1.239075 -1.304744 -0.314278 -1.430303 -0.982760 -2.003829
    48 -1.052850 0.000005 -0.000004 2.863323 -1.535755 3.140266
    49 -0.916342 0.000033 0.000003 3.130054 -1.386235 -3.118064
    50 -0.900585 -0.375762 0.090056 -0.779868 -1.244725 -2.521915
    51 -1.303123 -0.000014 0.000008 -0.004240 -1.451229 -0.001012
    52 -1.094650 0.000007 0.000003 -2.577326 -1.476285 2.574417
    53 0.000000 0.000000 0.000000 0.000000 0.000000 0.000000
    54 0.000000 0.000000 0.000000 0.000000 0.000000 -1.570796
    55 0.000000 0.000000 0.000000 0.000000 0.000000 -1.570796
    56 -2.000000 0.000000 0.000000 -1.570796 0.000000 0.174533
    57 -1.500000 0.000002 0.000000 -1.570796 0.000000 0.000000
    58 0.000000 0.500000 0.000000 -1.570796 0.261799 0.000000
    59 -0.000001 0.000000 0.000000 -3.141593 0.174533 0.000000
    60 0.000000 0.000000 -0.000001 -3.141593 0.174533 0.174533
    61 0.000000 0.000000 0.000000 -3.141593 0.349066 -0.174533
    62 0.000000 0.000000 0.000000 -1.570796 0.000000 0.000000
    63 0.000000 0.000000 0.000000 -1.570796 0.000000 0.000000
    64 0.000000 0.000000 0.000000 -1.570796 0.000000 0.000000
    65 0.000000 0.000000 0.000002 -1.570796 0.000000 0.000000
    66 0.000000 0.000000 0.000000 -1.570796 0.000000 0.000000
    67 0.000000 0.000001 0.000000 -1.570796 0.000000 0.000000
    68 0.000000 0.000000 0.000000 -1.570796 0.000000 0.000000
    69 0.000000 0.000000 0.000000 -1.570796 0.000000 0.000000
    70 0.000000 0.000000 0.000000 -1.570796 0.000000 0.000000
    71 0.000000 0.000000 0.000000 -1.570796 0.000000 0.000000
    72 0.000000 0.000000 0.000000 -1.570796 0.000000 0.000000
    73 0.000000 0.000000 0.000000 -1.570796 0.000000 0.000000
    74 -2.000000 0.000000 0.000000 1.570796 0.000000 0.174533
    75 -1.500000 -0.000001 -0.250000 1.570796 0.000000 0.000000
    76 -1.000000 0.250000 0.500000 1.570796 0.000000 0.000000
    77 0.000000 0.000000 0.000000 2.094395 0.000000 -3.141593
    78 0.000000 0.000000 0.000000 2.094395 0.000000 -3.141593
    79 0.000000 -0.200001 -0.200000 1.745329 0.000000 -3.141593
    80 0.000000 -0.000001 -0.000002 1.570796 0.000000 3.141593
    81 0.000000 0.000000 0.000000 1.570796 0.000000 -3.141593
    82 0.000000 0.000000 -0.000002 1.570796 0.000000 -3.141593
    83 0.000000 0.000000 0.000000 1.570796 0.000000 3.141593
    84 -0.000002 0.000000 0.000000 1.570796 0.000000 3.141593
    85 0.000000 0.000000 0.000000 1.570796 0.000000 3.141593
    86 0.000000 0.000000 0.000000 1.570796 0.000000 3.141593
    87 0.000000 0.000000 0.000000 1.570796 0.000000 -3.141593
    88 0.000000 0.000000 0.000000 1.570796 0.000000 -3.141593
    89 0.000000 0.000000 0.000000 1.570796 0.000000 3.141593
    90 0.000000 0.000000 0.000000 1.570796 0.000000 -3.141593
    91 0.000000 0.000000 0.000000 1.570796 0.000000 -3.141593
  time 41
    0 0.000000 0.000000 0.000000 0.000000 0.000000 -0.000007
    1 0.000000 2.709942 -10.591393 0.000000 -1.570796 1.570796
    2 3.500857 9.013945 -0.640573 0.000000 -1.570796 0.000000
    3 -2.289403 -1.496114 0.973094 0.000000 0.000000 0.000000
    4 4.409996 0.000005 -0.000003 0.129179 -0.094997 0.274582
    5 10.079981 -0.000003 -0.000001 -0.000002 -0.000003 -0.533720
    6 0.000000 -0.000001 0.000000 -0.221132 0.000005 0.000001
    7 3.359990 0.000014 -0.000007 -0.442299 0.000000 0.000003
    8 6.719987 0.000030 -0.000015 -0.663448 -0.000002 0.000001
    9 3.500862 -5.725745 -0.640568 0.000000 -1.570795 3.141592
    10 -2.186730 3.179637 -0.996149 0.000000 0.000000 0.000000
    11 4.409998 -0.000001 0.000004 -0.321980 0.195998 0.367077
    12 10.079982 0.000014 0.000025 0.000004 0.000046 -0.731310
    13 0.000001 0.000004 0.000000 0.262082 -0.000001 0.000010
    14 3.359994 0.000032 0.000015 0.524166 -0.000007 0.000004
    15 6.719987 0.000057 0.000028 0.786258 0.000003 0.000003
    16 0.000000 0.000000 0.000000 1.569238 0.000000 -3.141592
    17 9.521536 -18.304350 -9.047867 2.262482 0.056838 -1.704821
    18 -0.118055 -0.108981 0.513327 -0.000047 -0.086523 0.000009
    19 4.409994 -0.000012 0.000012 0.000000 0.000000 0.000000
    20 -3.422661 1.711283 0.470872 0.018364 -0.593174 -0.075895
    21 1.410028 0.000010 0.000007 0.000006 0.000009 -0.987481
    22 0.993011 -0.000001 0.000006 0.000001 -0.000006 -0.761963
    23 -1.022532 1.571291 -0.406268 0.562009 -1.088038 -0.422346
    24 1.337718 0.000005 0.000002 -3.141591 -1.497669 3.135755
    25 1.180473 -0.000093 -0.000003 2.322271 -1.447922 -2.264049
    26 -0.666712 0.565948 -0.425195 0.276535 -1.168921 -0.243380
    27 1.311736 0.000006 0.000004 -3.109347 -1.501840 3.110658
    28 1.132875 -0.000003 -0.000005 -2.277655 -1.482347 2.251198
    29 -0.835869 -0.375753 -0.250998 -0.232083 -1.169899 0.124274
    30 1.303124 0.000019 0.000004 2.990854 -1.546793 -2.976011
    31 1.094648 -0.000011 -0.000003 -0.062816 -1.544912 0.032862
    32 -1.144743 -1.304737 0.171518 -0.974001 -1.088390 0.663341
    33 1.052849 0.000000 -0.000004 3.124857 -1.425270 3.135795
    34 0.916342 -0.000031 0.000001 3.141553 -1.536954 -3.129942
    35 -7.779457 -18.287500 -8.973455 0.857977 -0.068141 -1.570662
    36 -0.117880 -0.102734 -0.180849 0.000013 0.017066 0.000000
    37 4.409983 -0.000034 0.000004 0.000000 0.000000 0.000000
    38 -3.459356 1.711287 -0.541797 0.125169 -0.669906 3.034105
    39 -1.410028 -0.000005 -0.000014 0.000004 0.000001 -0.911659
    40 -0.993008 0.000010 -0.000011 0.000012 -0.000006 -0.908928
    41 -1.077398 1.571280 0.162236 0.351673 -1.124156 2.999846
    42 -1.337713 0.000003 -0.000002 3.078234 -1.322288 -3.107495
    43 -1.180471 0.000072 0.000002 0.222693 -1.503459 -0.194122
    44 -0.719599 0.565946 0.238754 -0.061928 -1.418387 -3.057514
    45 -1.311414 -0.000009 -0.000267 0.002810 -1.315827 0.001501
    46 -1.132872 0.000005 -0.000066 3.139362 -1.176202 -3.092139
    47 -1.239075 -1.304744 -0.314278 -1.430303 -0.982760 -2.003829
    48 -1.052850 0.000005 -0.000004 2.863323 -1.535755 3.140266
    49 -0.916342 0.000033 0.000003 3.130054 -1.386235 -3.118064
    50 -0.900585 -0.375762 0.090056 -0.779868 -1.244725 -2.521915
    51 -1.303123 -0.000014 0.000008 -0.004240 -1.451229 -0.001012
    52 -1.094650 0.000007 0.000003 -2.577326 -1.476285 2.574417
    53 0.000000 0.000000 0.000000 0.000000 0.000000 0.000000
    54 0.000000 0.000000 0.000000 0.000000 0.000000 -1.570796
    55 0.000000 0.000000 0.000000 0.000000 0.000000 -1.570796
    56 -2.000000 0.000000 0.000000 -1.570796 0.000000 0.174533
    57 -1.500000 0.000002 0.000000 -1.570796 0.000000 0.000000
    58 0.000000 0.500000 0.000000 -1.570796 0.261799 0.000000
    59 -0.000001 0.000000 0.000000 -3.141593 0.174533 0.000000
    60 0.000000 0.000000 -0.000001 -3.141593 0.174533 0.174533
    61 0.000000 0.000000 0.000000 -3.141593 0.349066 -0.174533
    62 0.000000 0.000000 0.000000 -1.570796 0.000000 0.000000
    63 0.000000 0.000000 0.000000 -1.570796 0.000000 0.000000
    64 0.000000 0.000000 0.000000 -1.570796 0.000000 0.000000
    65 0.000000 0.000000 0.000002 -1.570796 0.000000 0.000000
    66 0.000000 0.000000 0.000000 -1.570796 0.000000 0.000000
    67 0.000000 0.000001 0.000000 -1.570796 0.000000 0.000000
    68 0.000000 0.000000 0.000000 -1.570796 0.000000 0.000000
    69 0.000000 0.000000 0.000000 -1.570796 0.000000 0.000000
    70 0.000000 0.000000 0.000000 -1.570796 0.000000 0.000000
    71 0.000000 0.000000 0.000000 -1.570796 0.000000 0.000000
    72 0.000000 0.000000 0.000000 -1.570796 0.000000 0.000000
    73 0.000000 0.000000 0.000000 -1.570796 0.000000 0.000000
    74 -2.000000 0.000000 0.000000 1.570796 0.000000 0.174533
    75 -1.500000 -0.000001 -0.250000 1.570796 0.000000 0.000000
    76 -1.000000 0.250000 0.500000 1.570796 0.000000 0.000000
    77 0.000000 0.000000 0.000000 2.094395 0.000000 -3.141593
    78 0.000000 0.000000 0.000000 2.094395 0.000000 -3.141593
    79 0.000000 -0.200001 -0.200000 1.745329 0.000000 -3.141593
    80 0.000000 -0.000001 -0.000002 1.570796 0.000000 3.141593
    81 0.000000 0.000000 0.000000 1.570796 0.000000 -3.141593
    82 0.000000 0.000000 -0.000002 1.570796 0.000000 -3.141593
    83 0.000000 0.000000 0.000000 1.570796 0.000000 3.141593
    84 -0.000002 0.000000 0.000000 1.570796 0.000000 3.141593
    85 0.000000 0.000000 0.000000 1.570796 0.000000 3.141593
    86 0.000000 0.000000 0.000000 1.570796 0.000000 3.141593
    87 0.000000 0.000000 0.000000 1.570796 0.000000 -3.141593
    88 0.000000 0.000000 0.000000 1.570796 0.000000 -3.141593
    89 0.000000 0.000000 0.000000 1.570796 0.000000 3.141593
    90 0.000000 0.000000 0.000000 1.570796 0.000000 -3.141593
    91 0.000000 0.000000 0.000000 1.570796 0.000000 -3.141593
  time 42
    0 0.000000 0.000000 0.000000 0.000000 0.000000 -0.000007
    1 0.000000 2.709942 -10.591393 0.000000 -1.570796 1.570796
    2 3.500857 9.013945 -0.640573 0.000000 -1.570796 0.000000
    3 -2.289403 -1.496114 0.973094 0.000000 0.000000 0.000000
    4 4.409996 0.000005 -0.000003 0.128812 -0.095385 0.274409
    5 10.079981 -0.000003 -0.000001 -0.000002 -0.000003 -0.533562
    6 0.000000 -0.000001 0.000000 -0.219742 0.000005 0.000001
    7 3.359990 0.000014 -0.000007 -0.439466 0.000000 0.000003
    8 6.719987 0.000030 -0.000015 -0.659276 -0.000002 0.000001
    9 3.500862 -5.725745 -0.640568 0.000000 -1.570795 3.141592
    10 -2.186730 3.179637 -0.996149 0.000000 0.000000 0.000000
    11 4.409998 -0.000001 0.000004 -0.321510 0.196080 0.366849
    12 10.079982 0.000014 0.000025 0.000004 0.000046 -0.730648
    13 0.000001 0.000004 0.000000 0.262142 -0.000001 0.000010
    14 3.359994 0.000032 0.000015 0.524299 -0.000007 0.000004
    15 6.719987 0.000057 0.000028 0.786429 0.000003 0.000003
    16 0.000000 0.000000 0.000000 1.568843 0.000000 -3.141592
    17 9.525443 -18.308257 -9.051773 2.262797 0.056072 -1.703708
    18 -0.118055 -0.108981 0.513327 -0.000047 -0.086523 0.000009
    19 4.409994 -0.000012 0.000012 0.000000 0.000000 0.000000
    20 -3.422661 1.711283 0.470872 0.018364 -0.593174 -0.075895
    21 1.410028 0.000010 0.000007 0.000006 0.000009 -0.987481
    22 0.993011 -0.000001 0.000006 0.000001 -0.000006 -0.761963
    23 -1.022532 1.571291 -0.406268 0.562009 -1.088038 -0.422346
    24 1.337718 0.000005 0.000002 -3.141591 -1.497669 3.135755
    25 1.180473 -0.000093 -0.000003 2.322271 -1.447922 -2.264049
    26 -0.666712 0.565948 -0.425195 0.276535 -1.168921 -0.243380
    27 1.311736 0.000006 0.000004 -3.109347 -1.501840 3.110658
    28 1.132875 -0.000003 -0.000005 -2.277655 -1.482347 2.251198
    29 -0.835869 -0.375753 -0.250998 -0.232083 -1.169899 0.124274
    30 1.303124 0.000019 0.000004 2.990854 -1.546793 -2.976011
    31 1.094648 -0.000011 -0.000003 -0.062804 -1.544912 0.032862
    32 -1.144743 -1.304737 0.171518 -0.974001 -1.088390 0.663341
    33 1.052849 0.000000 -0.000004 3.124857 -1.425270 3.135795
    34 0.916342 -0.000031 0.000001 3.141553 -1.536954 -3.129942
    35 -7.779457 -18.287500 -8.989081 0.863376 -0.067956 -1.570916
    36 -0.117880 -0.102734 -0.180849 0.000013 0.017066 0.000000
    37 4.409983 -0.000034 0.000004 0.000000 0.000000 0.000000
    38 -3.459356 1.711287 -0.541797 0.125169 -0.669906 3.034105
    39 -1.410028 -0.000005 -0.000014 0.000004 0.000001 -0.911659
    40 -0.993008 0.000010 -0.000011 0.000012 -0.000006 -0.908928
    41 -1.077398 1.571280 0.162236 0.351673 -1.124156 2.999846
    42 -1.337713 0.000003 -0.000002 3.078234 -1.322288 -3.107495
    43 -1.180471 0.000072 0.000002 0.222705 -1.503459 -0.194122
    44 -0.719599 0.565946 0.238754 -0.061928 -1.418387 -3.057514
    45 -1.311414 -0.000009 -0.000267 0.002810 -1.315827 0.001501
    46 -1.132872 0.000005 -0.000066 3.139362 -1.176202 -3.092139
    47 -1.239075 -1.304744 -0.314278 -1.430303 -0.982760 -2.003829
    48 -1.052850 0.000005 -0.000004 2.863323 -1.535755 3.140266
    49 -0.916342 0.000033 0.000003 3.130054 -1.386235 -3.118064
    50 -0.900585 -0.375762 0.090056 -0.779868 -1.244725 -2.521915
    51 -1.303123 -0.000014 0.000008 -0.004240 -1.451229 -0.001012
    52 -1.094650 0.000007 0.000003 -2.577326 -1.476285 2.574417
    53 0.000000 0.000000 0.000000 0.000000 0.000000 0.000000
    54 0.000000 0.000000 0.000000 0.000000 0.000000 -1.570796
    55 0.000000 0.000000 0.000000 0.000000 0.000000 -1.570796
    56 -2.000000 0.000000 0.000000 -1.570796 0.000000 0.174533
    57 -1.500000 0.000002 0.000000 -1.570796 0.000000 0.000000
    58 0.000000 0.500000 0.000000 -1.570796 0.261799 0.000000
    59 -0.000001 0.000000 0.000000 -3.141593 0.174533 0.000000
    60 0.000000 0.000000 -0.000001 -3.141593 0.174533 0.174533
    61 0.000000 0.000000 0.000000 -3.141593 0.349066 -0.174533
    62 0.000000 0.000000 0.000000 -1.570796 0.000000 0.000000
    63 0.000000 0.000000 0.000000 -1.570796 0.000000 0.000000
    64 0.000000 0.000000 0.000000 -1.570796 0.000000 0.000000
    65 0.000000 0.000000 0.000002 -1.570796 0.000000 0.000000
    66 0.000000 0.000000 0.000000 -1.570796 0.000000 0.000000
    67 0.000000 0.000001 0.000000 -1.570796 0.000000 0.000000
    68 0.000000 0.000000 0.000000 -1.570796 0.000000 0.000000
    69 0.000000 0.000000 0.000000 -1.570796 0.000000 0.000000
    70 0.000000 0.000000 0.000000 -1.570796 0.000000 0.000000
    71 0.000000 0.000000 0.000000 -1.570796 0.000000 0.000000
    72 0.000000 0.000000 0.000000 -1.570796 0.000000 0.000000
    73 0.000000 0.000000 0.000000 -1.570796 0.000000 0.000000
    74 -2.000000 0.000000 0.000000 1.570796 0.000000 0.174533
    75 -1.500000 -0.000001 -0.250000 1.570796 0.000000 0.000000
    76 -1.000000 0.250000 0.500000 1.570796 0.000000 0.000000
    77 0.000000 0.000000 0.000000 2.094395 0.000000 -3.141593
    78 0.000000 0.000000 0.000000 2.094395 0.000000 -3.141593
    79 0.000000 -0.200001 -0.200000 1.745329 0.000000 -3.141593
    80 0.000000 -0.000001 -0.000002 1.570796 0.000000 3.141593
    81 0.000000 0.000000 0.000000 1.570796 0.000000 -3.141593
    82 0.000000 0.000000 -0.000002 1.570796 0.000000 -3.141593
    83 0.000000 0.000000 0.000000 1.570796 0.000000 3.141593
    84 -0.000002 0.000000 0.000000 1.570796 0.000000 3.141593
    85 0.000000 0.000000 0.000000 1.570796 0.000000 3.141593
    86 0.000000 0.000000 0.000000 1.570796 0.000000 3.141593
    87 0.000000 0.000000 0.000000 1.570796 0.000000 -3.141593
    88 0.000000 0.000000 0.000000 1.570796 0.000000 -3.141593
    89 0.000000 0.000000 0.000000 1.570796 0.000000 3.141593
    90 0.000000 0.000000 0.000000 1.570796 0.000000 -3.141593
    91 0.000000 0.000000 0.000000 1.570796 0.000000 -3.141593
  time 43
    0 0.000000 0.000000 0.000000 0.000000 0.000000 -0.000007
    1 0.000000 2.709942 -10.591393 0.000000 -1.570796 1.570796
    2 3.500857 9.013945 -0.640573 0.000000 -1.570796 0.000000
    3 -2.289403 -1.496114 0.973094 0.000000 0.000000 0.000000
    4 4.409996 0.000005 -0.000003 0.128372 -0.095773 0.274366
    5 10.079981 -0.000003 -0.000001 -0.000002 -0.000003 -0.533350
    6 0.000000 -0.000001 0.000000 -0.218402 0.000005 0.000001
    7 3.359990 0.000014 -0.000007 -0.436839 0.000000 0.000003
    8 6.719987 0.000030 -0.000015 -0.655258 -0.000002 0.000001
    9 3.500862 -5.725745 -0.640568 0.000000 -1.570795 3.141592
    10 -2.186730 3.179637 -0.996149 0.000000 0.000000 0.000000
    11 4.409998 -0.000001 0.000004 -0.321152 0.196047 0.366421
    12 10.079982 0.000014 0.000025 0.000004 0.000046 -0.729702
    13 0.000001 0.000004 0.000000 0.262178 -0.000001 0.000010
    14 3.359994 0.000032 0.000015 0.524375 -0.000007 0.000004
    15 6.719987 0.000057 0.000028 0.786543 0.000003 0.000003
    16 0.000000 0.000000 0.000000 1.568399 0.000000 -3.141592
    17 9.525443 -18.308257 -9.055679 2.263033 0.055197 -1.702595
    18 -0.118055 -0.108981 0.513327 -0.000047 -0.086523 0.000009
    19 4.409994 -0.000012 0.000012 0.000000 0.000000 0.000000
    20 -3.422661 1.711283 0.470872 0.018364 -0.593174 -0.075895
    21 1.410028 0.000010 0.000007 0.000006 0.000009 -0.987481
    22 0.993011 -0.000001 0.000006 0.000001 -0.000006 -0.761963
    23 -1.022532 1.571291 -0.406268 0.562009 -1.088038 -0.422346
    24 1.337718 0.000005 0.000002 -3.141591 -1.497669 3.135755
    25 1.180473 -0.000093 -0.000003 2.322271 -1.447922 -2.264049
    26 -0.666712 0.565948 -0.425195 0.276535 -1.168921 -0.243380
    27 1.311736 0.000006 0.000004 -3.109347 -1.501840 3.110658
    28 1.132875 -0.000003 -0.000005 -2.277655 -1.482347 2.251198
    29 -0.835869 -0.375753 -0.250998 -0.232083 -1.169899 0.124274
    30 1.303124 0.000019 0.000004 2.990854 -1.546793 -2.976011
    31 1.094648 -0.000011 -0.000003 -0.062792 -1.544912 0.032874
    32 -1.144743 -1.304737 0.171518 -0.974001 -1.088390 0.663341
    33 1.052849 0.000000 -0.000004 3.124857 -1.425270 3.135795
    34 0.916342 -0.000031 0.000001 3.141553 -1.536954 -3.129942
    35 -7.779457 -18.287500 -9.000800 0.868522 -0.067475 -1.571255
    36 -0.117880 -0.102734 -0.180849 0.000013 0.017066 0.000000
    37 4.409983 -0.000034 0.000004 0.000000 0.000000 0.000000
    38 -3.459356 1.711287 -0.541797 0.125169 -0.669906 3.034105
    39 -1.410028 -0.000005 -0.000014 0.000004 0.000001 -0.911659
    40 -0.993008 0.000010 -0.000011 0.000012 -0.000006 -0.908928
    41 -1.077398 1.571280 0.162236 0.351673 -1.124156 2.999846
    42 -1.337713 0.000003 -0.000002 3.078234 -1.322288 -3.107495
    43 -1.180471 0.000072 0.000002 0.222693 -1.503459 -0.194122
    44 -0.719599 0.565946 0.238754 -0.061928 -1.418387 -3.057514
    45 -1.311414 -0.000009 -0.000267 0.002810 -1.315827 0.001501
    46 -1.132872 0.000005 -0.000066 3.139362 -1.176202 -3.092139
    47 -1.239075 -1.304744 -0.314278 -1.430303 -0.982760 -2.003829
    48 -1.052850 0.000005 -0.000004 2.863323 -1.535755 3.140266
    49 -0.916342 0.000033 0.000003 3.130054 -1.386235 -3.118064
    50 -0.900585 -0.375762 0.090056 -0.779868 -1.244725 -2.521915
    51 -1.303123 -0.000014 0.000008 -0.004240 -1.451229 -0.001012
    52 -1.094650 0.000007 0.000003 -2.577326 -1.476285 2.574417
    53 0.000000 0.000000 0.000000 0.000000 0.000000 0.000000
    54 0.000000 0.000000 0.000000 0.000000 0.000000 -1.570796
    55 0.000000 0.000000 0.000000 0.000000 0.000000 -1.570796
    56 -2.000000 0.000000 0.000000 -1.570796 0.000000 0.174533
    57 -1.500000 0.000002 0.000000 -1.570796 0.000000 0.000000
    58 0.000000 0.500000 0.000000 -1.570796 0.261799 0.000000
    59 -0.000001 0.000000 0.000000 -3.141593 0.174533 0.000000
    60 0.000000 0.000000 -0.000001 -3.141593 0.174533 0.174533
    61 0.000000 0.000000 0.000000 -3.141593 0.349066 -0.174533
    62 0.000000 0.000000 0.000000 -1.570796 0.000000 0.000000
    63 0.000000 0.000000 0.000000 -1.570796 0.000000 0.000000
    64 0.000000 0.000000 0.000000 -1.570796 0.000000 0.000000
    65 0.000000 0.000000 0.000002 -1.570796 0.000000 0.000000
    66 0.000000 0.000000 0.000000 -1.570796 0.000000 0.000000
    67 0.000000 0.000001 0.000000 -1.570796 0.000000 0.000000
    68 0.000000 0.000000 0.000000 -1.570796 0.000000 0.000000
    69 0.000000 0.000000 0.000000 -1.570796 0.000000 0.000000
    70 0.000000 0.000000 0.000000 -1.570796 0.000000 0.000000
    71 0.000000 0.000000 0.000000 -1.570796 0.000000 0.000000
    72 0.000000 0.000000 0.000000 -1.570796 0.000000 0.000000
    73 0.000000 0.000000 0.000000 -1.570796 0.000000 0.000000
    74 -2.000000 0.000000 0.000000 1.570796 0.000000 0.174533
    75 -1.500000 -0.000001 -0.250000 1.570796 0.000000 0.000000
    76 -1.000000 0.250000 0.500000 1.570796 0.000000 0.000000
    77 0.000000 0.000000 0.000000 2.094395 0.000000 -3.141593
    78 0.000000 0.000000 0.000000 2.094395 0.000000 -3.141593
    79 0.000000 -0.200001 -0.200000 1.745329 0.000000 -3.141593
    80 0.000000 -0.000001 -0.000002 1.570796 0.000000 3.141593
    81 0.000000 0.000000 0.000000 1.570796 0.000000 -3.141593
    82 0.000000 0.000000 -0.000002 1.570796 0.000000 -3.141593
    83 0.000000 0.000000 0.000000 1.570796 0.000000 3.141593
    84 -0.000002 0.000000 0.000000 1.570796 0.000000 3.141593
    85 0.000000 0.000000 0.000000 1.570796 0.000000 3.141593
    86 0.000000 0.000000 0.000000 1.570796 0.000000 3.141593
    87 0.000000 0.000000 0.000000 1.570796 0.000000 -3.141593
    88 0.000000 0.000000 0.000000 1.570796 0.000000 -3.141593
    89 0.000000 0.000000 0.000000 1.570796 0.000000 3.141593
    90 0.000000 0.000000 0.000000 1.570796 0.000000 -3.141593
    91 0.000000 0.000000 0.000000 1.570796 0.000000 -3.141593
  time 44
    0 0.000000 0.000000 0.000000 0.000000 0.000000 -0.000007
    1 0.000000 2.709942 -10.591393 0.000000 -1.570796 1.570796
    2 3.500857 9.013945 -0.640573 0.000000 -1.570796 0.000000
    3 -2.289403 -1.496114 0.973094 0.000000 0.000000 0.000000
    4 4.409996 0.000005 -0.000003 0.128005 -0.096161 0.274193
    5 10.079981 -0.000003 -0.000001 -0.000002 -0.000003 -0.533245
    6 0.000000 -0.000001 0.000000 -0.217140 0.000005 0.000001
    7 3.359990 0.000014 -0.000007 -0.434315 0.000000 0.000003
    8 6.719987 0.000030 -0.000015 -0.651433 -0.000002 0.000001
    9 3.500862 -5.725745 -0.640568 0.000000 -1.570795 3.141592
    10 -2.186730 3.179637 -0.996149 0.000000 0.000000 0.000000
    11 4.409998 -0.000001 0.000004 -0.320816 0.195916 0.365565
    12 10.079982 0.000014 0.000025 0.000004 0.000046 -0.728378
    13 0.000001 0.000004 0.000000 0.262190 -0.000001 0.000010
    14 3.359994 0.000032 0.000015 0.524394 -0.000007 0.000004
    15 6.719987 0.000057 0.000028 0.786600 0.000003 0.000003
    16 0.000000 0.000000 0.000000 1.568016 0.000000 -3.141592
    17 9.521536 -18.312163 -9.055679 2.263151 0.054322 -1.701315
    18 -0.118055 -0.108981 0.513327 -0.000047 -0.086523 0.000009
    19 4.409994 -0.000012 0.000012 0.000000 0.000000 0.000000
    20 -3.422661 1.711283 0.470872 0.018364 -0.593174 -0.075895
    21 1.410028 0.000010 0.000007 0.000006 0.000009 -0.987481
    22 0.993011 -0.000001 0.000006 0.000001 -0.000006 -0.761963
    23 -1.022532 1.571291 -0.406268 0.562009 -1.088038 -0.422346
    24 1.337718 0.000005 0.000002 -3.141591 -1.497669 3.135755
    25 1.180473 -0.000093 -0.000003 2.322271 -1.447922 -2.264049
    26 -0.666712 0.565948 -0.425195 0.276535 -1.168921 -0.243380
    27 1.311736 0.000006 0.000004 -3.109347 -1.501840 3.110658
    28 1.132875 -0.000003 -0.000005 -2.277655 -1.482347 2.251198
    29 -0.835869 -0.375753 -0.250998 -0.232083 -1.169899 0.124274
    30 1.303124 0.000019 0.000004 2.990854 -1.546793 -2.976011
    31 1.094648 -0.000011 -0.000003 -0.062792 -1.544912 0.032862
    32 -1.144743 -1.304737 0.171518 -0.974001 -1.088390 0.663341
    33 1.052849 0.000000 -0.000004 3.124857 -1.425270 3.135795
    34 0.916342 -0.000031 0.000001 3.141553 -1.536954 -3.129942
    35 -7.779457 -18.287500 -9.004706 0.873258 -0.066773 -1.571763
    36 -0.117880 -0.102734 -0.180849 0.000013 0.017066 0.000000
    37 4.409983 -0.000034 0.000004 0.000000 0.000000 0.000000
    38 -3.459356 1.711287 -0.541797 0.125169 -0.669906 3.034105
    39 -1.410028 -0.000005 -0.000014 0.000004 0.000001 -0.911659
    40 -0.993008 0.000010 -0.000011 0.000012 -0.000006 -0.908928
    41 -1.077398 1.571280 0.162236 0.351673 -1.124156 2.999846
    42 -1.337713 0.000003 -0.000002 3.078234 -1.322288 -3.107495
    43 -1.180471 0.000072 0.000002 0.222705 -1.503459 -0.194122
    44 -0.719599 0.565946 0.238754 -0.061928 -1.418387 -3.057514
    45 -1.311414 -0.000009 -0.000267 0.002810 -1.315827 0.001501
    46 -1.132872 0.000005 -0.000066 3.139362 -1.176202 -3.092139
    47 -1.239075 -1.304744 -0.314278 -1.430303 -0.982760 -2.003829
    48 -1.052850 0.000005 -0.000004 2.863323 -1.535755 3.140266
    49 -0.916342 0.000033 0.000003 3.130054 -1.386235 -3.118064
    50 -0.900585 -0.375762 0.090056 -0.779868 -1.244725 -2.521915
    51 -1.303123 -0.000014 0.000008 -0.004240 -1.451229 -0.001012
    52 -1.094650 0.000007 0.000003 -2.577326 -1.476285 2.574417
    53 0.000000 0.000000 0.000000 0.000000 0.000000 0.000000
    54 0.000000 0.000000 0.000000 0.000000 0.000000 -1.570796
    55 0.000000 0.000000 0.000000 0.000000 0.000000 -1.570796
    56 -2.000000 0.000000 0.000000 -1.570796 0.000000 0.174533
    57 -1.500000 0.000002 0.000000 -1.570796 0.000000 0.000000
    58 0.000000 0.500000 0.000000 -1.570796 0.261799 0.000000
    59 -0.000001 0.000000 0.000000 -3.141593 0.174533 0.000000
    60 0.000000 0.000000 -0.000001 -3.141593 0.174533 0.174533
    61 0.000000 0.000000 0.000000 -3.141593 0.349066 -0.174533
    62 0.000000 0.000000 0.000000 -1.570796 0.000000 0.000000
    63 0.000000 0.000000 0.000000 -1.570796 0.000000 0.000000
    64 0.000000 0.000000 0.000000 -1.570796 0.000000 0.000000
    65 0.000000 0.000000 0.000002 -1.570796 0.000000 0.000000
    66 0.000000 0.000000 0.000000 -1.570796 0.000000 0.000000
    67 0.000000 0.000001 0.000000 -1.570796 0.000000 0.000000
    68 0.000000 0.000000 0.000000 -1.570796 0.000000 0.000000
    69 0.000000 0.000000 0.000000 -1.570796 0.000000 0.000000
    70 0.000000 0.000000 0.000000 -1.570796 0.000000 0.000000
    71 0.000000 0.000000 0.000000 -1.570796 0.000000 0.000000
    72 0.000000 0.000000 0.000000 -1.570796 0.000000 0.000000
    73 0.000000 0.000000 0.000000 -1.570796 0.000000 0.000000
    74 -2.000000 0.000000 0.000000 1.570796 0.000000 0.174533
    75 -1.500000 -0.000001 -0.250000 1.570796 0.000000 0.000000
    76 -1.000000 0.250000 0.500000 1.570796 0.000000 0.000000
    77 0.000000 0.000000 0.000000 2.094395 0.000000 -3.141593
    78 0.000000 0.000000 0.000000 2.094395 0.000000 -3.141593
    79 0.000000 -0.200001 -0.200000 1.745329 0.000000 -3.141593
    80 0.000000 -0.000001 -0.000002 1.570796 0.000000 3.141593
    81 0.000000 0.000000 0.000000 1.570796 0.000000 -3.141593
    82 0.000000 0.000000 -0.000002 1.570796 0.000000 -3.141593
    83 0.000000 0.000000 0.000000 1.570796 0.000000 3.141593
    84 -0.000002 0.000000 0.000000 1.570796 0.000000 3.141593
    85 0.000000 0.000000 0.000000 1.570796 0.000000 3.141593
    86 0.000000 0.000000 0.000000 1.570796 0.000000 3.141593
    87 0.000000 0.000000 0.000000 1.570796 0.000000 -3.141593
    88 0.000000 0.000000 0.000000 1.570796 0.000000 -3.141593
    89 0.000000 0.000000 0.000000 1.570796 0.000000 3.141593
    90 0.000000 0.000000 0.000000 1.570796 0.000000 -3.141593
    91 0.000000 0.000000 0.000000 1.570796 0.000000 -3.141593
  time 45
    0 0.000000 0.000000 0.000000 0.000000 0.000000 -0.000007
    1 0.000000 2.709942 -10.591393 0.000000 -1.570796 1.570796
    2 3.500857 9.013945 -0.640573 0.000000 -1.570796 0.000000
    3 -2.289403 -1.496114 0.973094 0.000000 0.000000 0.000000
    4 4.409996 0.000005 -0.000003 0.127565 -0.096549 0.274150
    5 10.079981 -0.000003 -0.000001 -0.000002 -0.000003 -0.533139
    6 0.000000 -0.000001 0.000000 -0.215969 0.000005 0.000001
    7 3.359990 0.000014 -0.000007 -0.431971 0.000000 0.000003
    8 6.719987 0.000030 -0.000015 -0.647956 -0.000002 0.000001
    9 3.500862 -5.725745 -0.640568 0.000000 -1.570795 3.141592
    10 -2.186730 3.179637 -0.996149 0.000000 0.000000 0.000000
    11 4.409998 -0.000001 0.000004 -0.320458 0.195687 0.364338
    12 10.079982 0.000014 0.000025 0.000004 0.000046 -0.726439
    13 0.000001 0.000004 0.000000 0.262166 -0.000001 0.000010
    14 3.359994 0.000032 0.000015 0.524356 -0.000007 0.000004
    15 6.719987 0.000057 0.000028 0.786543 0.000003 0.000003
    16 0.000000 0.000000 0.000000 1.567608 0.000000 -3.141592
    17 9.513724 -18.319976 -9.059586 2.263151 0.053411 -1.700147
    18 -0.118055 -0.108981 0.513327 -0.000047 -0.086523 0.000009
    19 4.409994 -0.000012 0.000012 0.000000 0.000000 0.000000
    20 -3.422661 1.711283 0.470872 0.018364 -0.593174 -0.075895
    21 1.410028 0.000010 0.000007 0.000006 0.000009 -0.987481
    22 0.993011 -0.000001 0.000006 0.000001 -0.000006 -0.761963
    23 -1.022532 1.571291 -0.406268 0.562009 -1.088038 -0.422346
    24 1.337718 0.000005 0.000002 -3.141591 -1.497669 3.135755
    25 1.180473 -0.000093 -0.000003 2.322271 -1.447922 -2.264049
    26 -0.666712 0.565948 -0.425195 0.276535 -1.168921 -0.243380
    27 1.311736 0.000006 0.000004 -3.109347 -1.501840 3.110658
    28 1.132875 -0.000003 -0.000005 -2.277655 -1.482347 2.251198
    29 -0.835869 -0.375753 -0.250998 -0.232083 -1.169899 0.124274
    30 1.303124 0.000019 0.000004 2.990854 -1.546793 -2.976011
    31 1.094648 -0.000011 -0.000003 -0.062792 -1.544912 0.032874
    32 -1.144743 -1.304737 0.171518 -0.974001 -1.088390 0.663341
    33 1.052849 0.000000 -0.000004 3.124857 -1.425270 3.135795
    34 0.916342 -0.000031 0.000001 3.141553 -1.536954 -3.129942
    35 -7.779457 -18.287500 -9.020332 0.877615 -0.065700 -1.572356
    36 -0.117880 -0.102734 -0.180849 0.000013 0.017066 0.000000
    37 4.409983 -0.000034 0.000004 0.000000 0.000000 0.000000
    38 -3.459356 1.711287 -0.541797 0.125169 -0.669906 3.034105
    39 -1.410028 -0.000005 -0.000014 0.000004 0.000001 -0.911659
    40 -0.993008 0.000010 -0.000011 0.000012 -0.000006 -0.908928
    41 -1.077398 1.571280 0.162236 0.351673 -1.124156 2.999846
    42 -1.337713 0.000003 -0.000002 3.078234 -1.322288 -3.107495
    43 -1.180471 0.000072 0.000002 0.222693 -1.503459 -0.194122
    44 -0.719599 0.565946 0.238754 -0.061928 -1.418387 -3.057514
    45 -1.311414 -0.000009 -0.000267 0.002810 -1.315827 0.001501
    46 -1.132872 0.000005 -0.000066 3.139362 -1.176202 -3.092139
    47 -1.239075 -1.304744 -0.314278 -1.430303 -0.982760 -2.003829
    48 -1.052850 0.000005 -0.000004 2.863323 -1.535755 3.140266
    49 -0.916342 0.000033 0.000003 3.130054 -1.386235 -3.118064
    50 -0.900585 -0.375762 0.090056 -0.779868 -1.244725 -2.521915
    51 -1.303123 -0.000014 0.000008 -0.004240 -1.451229 -0.001012
    52 -1.094650 0.000007 0.000003 -2.577326 -1.476285 2.574417
    53 0.000000 0.000000 0.000000 0.000000 0.000000 0.000000
    54 0.000000 0.000000 0.000000 0.000000 0.000000 -1.570796
    55 0.000000 0.000000 0.000000 0.000000 0.000000 -1.570796
    56 -2.000000 0.000000 0.000000 -1.570796 0.000000 0.174533
    57 -1.500000 0.000002 0.000000 -1.570796 0.000000 0.000000
    58 0.000000 0.500000 0.000000 -1.570796 0.261799 0.000000
    59 -0.000001 0.000000 0.000000 -3.141593 0.174533 0.000000
    60 0.000000 0.000000 -0.000001 -3.141593 0.174533 0.174533
    61 0.000000 0.000000 0.000000 -3.141593 0.349066 -0.174533
    62 0.000000 0.000000 0.000000 -1.570796 0.000000 0.000000
    63 0.000000 0.000000 0.000000 -1.570796 0.000000 0.000000
    64 0.000000 0.000000 0.000000 -1.570796 0.000000 0.000000
    65 0.000000 0.000000 0.000002 -1.570796 0.000000 0.000000
    66 0.000000 0.000000 0.000000 -1.570796 0.000000 0.000000
    67 0.000000 0.000001 0.000000 -1.570796 0.000000 0.000000
    68 0.000000 0.000000 0.000000 -1.570796 0.000000 0.000000
    69 0.000000 0.000000 0.000000 -1.570796 0.000000 0.000000
    70 0.000000 0.000000 0.000000 -1.570796 0.000000 0.000000
    71 0.000000 0.000000 0.000000 -1.570796 0.000000 0.000000
    72 0.000000 0.000000 0.000000 -1.570796 0.000000 0.000000
    73 0.000000 0.000000 0.000000 -1.570796 0.000000 0.000000
    74 -2.000000 0.000000 0.000000 1.570796 0.000000 0.174533
    75 -1.500000 -0.000001 -0.250000 1.570796 0.000000 0.000000
    76 -1.000000 0.250000 0.500000 1.570796 0.000000 0.000000
    77 0.000000 0.000000 0.000000 2.094395 0.000000 -3.141593
    78 0.000000 0.000000 0.000000 2.094395 0.000000 -3.141593
    79 0.000000 -0.200001 -0.200000 1.745329 0.000000 -3.141593
    80 0.000000 -0.000001 -0.000002 1.570796 0.000000 3.141593
    81 0.000000 0.000000 0.000000 1.570796 0.000000 -3.141593
    82 0.000000 0.000000 -0.000002 1.570796 0.000000 -3.141593
    83 0.000000 0.000000 0.000000 1.570796 0.000000 3.141593
    84 -0.000002 0.000000 0.000000 1.570796 0.000000 3.141593
    85 0.000000 0.000000 0.000000 1.570796 0.000000 3.141593
    86 0.000000 0.000000 0.000000 1.570796 0.000000 3.141593
    87 0.000000 0.000000 0.000000 1.570796 0.000000 -3.141593
    88 0.000000 0.000000 0.000000 1.570796 0.000000 -3.141593
    89 0.000000 0.000000 0.000000 1.570796 0.000000 3.141593
    90 0.000000 0.000000 0.000000 1.570796 0.000000 -3.141593
    91 0.000000 0.000000 0.000000 1.570796 0.000000 -3.141593
  time 46
    0 0.000000 0.000000 0.000000 0.000000 0.000000 -0.000007
    1 0.000000 2.709942 -10.591393 0.000000 -1.570796 1.570796
    2 3.500857 9.013945 -0.640573 0.000000 -1.570796 0.000000
    3 -2.289403 -1.496114 0.973094 0.000000 0.000000 0.000000
    4 4.409996 0.000005 -0.000003 0.127198 -0.096894 0.274064
    5 10.079981 -0.000003 -0.000001 -0.000002 -0.000003 -0.532980
    6 0.000000 -0.000001 0.000000 -0.214822 0.000005 0.000001
    7 3.359990 0.000014 -0.000007 -0.429679 0.000000 0.000003
    8 6.719987 0.000030 -0.000015 -0.644480 -0.000002 0.000001
    9 3.500862 -5.725745 -0.640568 0.000000 -1.570795 3.141592
    10 -2.186730 3.179637 -0.996149 0.000000 0.000000 0.000000
    11 4.409998 -0.000001 0.000004 -0.320122 0.195310 0.362712
    12 10.079982 0.000014 0.000025 0.000004 0.000046 -0.723980
    13 0.000001 0.000004 0.000000 0.262118 -0.000001 0.000010
    14 3.359994 0.000032 0.000015 0.524261 -0.000007 0.000004
    15 6.719987 0.000057 0.000028 0.786372 0.000003 0.000003
    16 0.000000 0.000000 0.000000 1.567261 0.000000 -3.141592
    17 9.505911 -18.319976 -9.071305 2.263033 0.052463 -1.698755
    18 -0.118055 -0.108981 0.513327 -0.000047 -0.086523 0.000009
    19 4.409994 -0.000012 0.000012 0.000000 0.000000 0.000000
    20 -3.422661 1.711283 0.470872 0.018364 -0.593174 -0.075895
    21 1.410028 0.000010 0.000007 0.000006 0.000009 -0.987481
    22 0.993011 -0.000001 0.000006 0.000001 -0.000006 -0.761963
    23 -1.022532 1.571291 -0.406268 0.562009 -1.088038 -0.422346
    24 1.337718 0.000005 0.000002 -3.141591 -1.497669 3.135755
    25 1.180473 -0.000093 -0.000003 2.322271 -1.447922 -2.264049
    26 -0.666712 0.565948 -0.425195 0.276535 -1.168921 -0.243380
    27 1.311736 0.000006 0.000004 -3.109347 -1.501840 3.110658
    28 1.132875 -0.000003 -0.000005 -2.277655 -1.482347 2.251198
    29 -0.835869 -0.375753 -0.250998 -0.232083 -1.169899 0.124274
    30 1.303124 0.000019 0.000004 2.990854 -1.546793 -2.976011
    31 1.094648 -0.000011 -0.000003 -0.062804 -1.544912 0.032862
    32 -1.144743 -1.304737 0.171518 -0.974001 -1.088390 0.663341
    33 1.052849 0.000000 -0.000004 3.124857 -1.425270 3.135795
    34 0.916342 -0.000031 0.000001 3.141553 -1.536954 -3.129942
    35 -7.779457 -18.287500 -9.028145 0.881814 -0.064184 -1.573457
    36 -0.117880 -0.102734 -0.180849 0.000013 0.017066 0.000000
    37 4.409983 -0.000034 0.000004 0.000000 0.000000 0.000000
    38 -3.459356 1.711287 -0.541797 0.125169 -0.669906 3.034105
    39 -1.410028 -0.000005 -0.000014 0.000004 0.000001 -0.911659
    40 -0.993008 0.000010 -0.000011 0.000012 -0.000006 -0.908928
    41 -1.077398 1.571280 0.162236 0.351673 -1.124156 2.999846
    42 -1.337713 0.000003 -0.000002 3.078234 -1.322288 -3.107495
    43 -1.180471 0.000072 0.000002 0.222693 -1.503459 -0.194134
    44 -0.719599 0.565946 0.238754 -0.061928 -1.418387 -3.057514
    45 -1.311414 -0.000009 -0.000267 0.002810 -1.315827 0.001501
    46 -1.132872 0.000005 -0.000066 3.139362 -1.176202 -3.092139
    47 -1.239075 -1.304744 -0.314278 -1.430303 -0.982760 -2.003829
    48 -1.052850 0.000005 -0.000004 2.863323 -1.535755 3.140266
    49 -0.916342 0.000033 0.000003 3.130054 -1.386235 -3.118064
    50 -0.900585 -0.375762 0.090056 -0.779868 -1.244725 -2.521915
    51 -1.303123 -0.000014 0.000008 -0.004240 -1.451229 -0.001012
    52 -1.094650 0.000007 0.000003 -2.577326 -1.476285 2.574417
    53 0.000000 0.000000 0.000000 0.000000 0.000000 0.000000
    54 0.000000 0.000000 0.000000 0.000000 0.000000 -1.570796
    55 0.000000 0.000000 0.000000 0.000000 0.000000 -1.570796
    56 -2.000000 0.000000 0.000000 -1.570796 0.000000 0.174533
    57 -1.500000 0.000002 0.000000 -1.570796 0.000000 0.000000
    58 0.000000 0.500000 0.000000 -1.570796 0.261799 0.000000
    59 -0.000001 0.000000 0.000000 -3.141593 0.174533 0.000000
    60 0.000000 0.000000 -0.000001 -3.141593 0.174533 0.174533
    61 0.000000 0.000000 0.000000 -3.141593 0.349066 -0.174533
    62 0.000000 0.000000 0.000000 -1.570796 0.000000 0.000000
    63 0.000000 0.000000 0.000000 -1.570796 0.000000 0.000000
    64 0.000000 0.000000 0.000000 -1.570796 0.000000 0.000000
    65 0.000000 0.000000 0.000002 -1.570796 0.000000 0.000000
    66 0.000000 0.000000 0.000000 -1.570796 0.000000 0.000000
    67 0.000000 0.000001 0.000000 -1.570796 0.000000 0.000000
    68 0.000000 0.000000 0.000000 -1.570796 0.000000 0.000000
    69 0.000000 0.000000 0.000000 -1.570796 0.000000 0.000000
    70 0.000000 0.000000 0.000000 -1.570796 0.000000 0.000000
    71 0.000000 0.000000 0.000000 -1.570796 0.000000 0.000000
    72 0.000000 0.000000 0.000000 -1.570796 0.000000 0.000000
    73 0.000000 0.000000 0.000000 -1.570796 0.000000 0.000000
    74 -2.000000 0.000000 0.000000 1.570796 0.000000 0.174533
    75 -1.500000 -0.000001 -0.250000 1.570796 0.000000 0.000000
    76 -1.000000 0.250000 0.500000 1.570796 0.000000 0.000000
    77 0.000000 0.000000 0.000000 2.094395 0.000000 -3.141593
    78 0.000000 0.000000 0.000000 2.094395 0.000000 -3.141593
    79 0.000000 -0.200001 -0.200000 1.745329 0.000000 -3.141593
    80 0.000000 -0.000001 -0.000002 1.570796 0.000000 3.141593
    81 0.000000 0.000000 0.000000 1.570796 0.000000 -3.141593
    82 0.000000 0.000000 -0.000002 1.570796 0.000000 -3.141593
    83 0.000000 0.000000 0.000000 1.570796 0.000000 3.141593
    84 -0.000002 0.000000 0.000000 1.570796 0.000000 3.141593
    85 0.000000 0.000000 0.000000 1.570796 0.000000 3.141593
    86 0.000000 0.000000 0.000000 1.570796 0.000000 3.141593
    87 0.000000 0.000000 0.000000 1.570796 0.000000 -3.141593
    88 0.000000 0.000000 0.000000 1.570796 0.000000 -3.141593
    89 0.000000 0.000000 0.000000 1.570796 0.000000 3.141593
    90 0.000000 0.000000 0.000000 1.570796 0.000000 -3.141593
    91 0.000000 0.000000 0.000000 1.570796 0.000000 -3.141593
  time 47
    0 0.000000 0.000000 0.000000 0.000000 0.000000 -0.000007
    1 0.000000 2.709942 -10.591393 0.000000 -1.570796 1.570796
    2 3.500857 9.013945 -0.640573 0.000000 -1.570796 0.000000
    3 -2.289403 -1.496114 0.973094 0.000000 0.000000 0.000000
    4 4.409996 0.000005 -0.000003 0.126831 -0.097196 0.273977
    5 10.079981 -0.000003 -0.000001 -0.000002 -0.000003 -0.532927
    6 0.000000 -0.000001 0.000000 -0.213586 0.000005 0.000001
    7 3.359990 0.000014 -0.000007 -0.427181 0.000000 0.000003
    8 6.719987 0.000030 -0.000015 -0.640809 -0.000002 0.000001
    9 3.500862 -5.725745 -0.640568 0.000000 -1.570795 3.141592
    10 -2.186730 3.179637 -0.996149 0.000000 0.000000 0.000000
    11 4.409998 -0.000001 0.000004 -0.319876 0.194901 0.360829
    12 10.079982 0.000014 0.000025 0.000004 0.000046 -0.721190
    13 0.000001 0.000004 0.000000 0.262058 -0.000001 0.000010
    14 3.359994 0.000032 0.000015 0.524128 -0.000007 0.000004
    15 6.719987 0.000057 0.000028 0.786201 0.000003 0.000003
    16 0.000000 0.000000 0.000000 1.566901 0.000000 -3.141592
    17 9.498098 -18.335601 -9.071305 2.262915 0.051442 -1.697364
    18 -0.118055 -0.108981 0.513327 -0.000047 -0.086523 0.000009
    19 4.409994 -0.000012 0.000012 0.000000 0.000000 0.000000
    20 -3.422661 1.711283 0.470872 0.018364 -0.593174 -0.075895
    21 1.410028 0.000010 0.000007 0.000006 0.000009 -0.987481
    22 0.993011 -0.000001 0.000006 0.000001 -0.000006 -0.761963
    23 -1.022532 1.571291 -0.406268 0.562009 -1.088038 -0.422346
    24 1.337718 0.000005 0.000002 -3.141591 -1.497669 3.135755
    25 1.180473 -0.000093 -0.000003 2.322271 -1.447922 -2.264049
    26 -0.666712 0.565948 -0.425195 0.276535 -1.168921 -0.243380
    27 1.311736 0.000006 0.000004 -3.109347 -1.501840 3.110658
    28 1.132875 -0.000003 -0.000005 -2.277655 -1.482347 2.251198
    29 -0.835869 -0.375753 -0.250998 -0.232083 -1.169899 0.124274
    30 1.303124 0.000019 0.000004 2.990854 -1.546793 -2.976011
    31 1.094648 -0.000011 -0.000003 -0.062804 -1.544912 0.032862
    32 -1.144743 -1.304737 0.171518 -0.974001 -1.088390 0.663341
    33 1.052849 0.000000 -0.000004 3.124857 -1.425270 3.135795
    34 0.916342 -0.000031 0.000001 3.141553 -1.536954 -3.129942
    35 -7.779457 -18.287500 -9.035957 0.886234 -0.062151 -1.574897
    36 -0.117880 -0.102734 -0.180849 0.000013 0.017066 0.000000
    37 4.409983 -0.000034 0.000004 0.000000 0.000000 0.000000
    38 -3.459356 1.711287 -0.541797 0.125169 -0.669906 3.034105
    39 -1.410028 -0.000005 -0.000014 0.000004 0.000001 -0.911659
    40 -0.993008 0.000010 -0.000011 0.000012 -0.000006 -0.908928
    41 -1.077398 1.571280 0.162236 0.351673 -1.124156 2.999846
    42 -1.337713 0.000003 -0.000002 3.078234 -1.322288 -3.107495
    43 -1.180471 0.000072 0.000002 0.222693 -1.503459 -0.194122
    44 -0.719599 0.565946 0.238754 -0.061928 -1.418387 -3.057514
    45 -1.311414 -0.000009 -0.000267 0.002810 -1.315827 0.001501
    46 -1.132872 0.000005 -0.000066 3.139362 -1.176202 -3.092139
    47 -1.239075 -1.304744 -0.314278 -1.430303 -0.982760 -2.003829
    48 -1.052850 0.000005 -0.000004 2.863323 -1.535755 3.140266
    49 -0.916342 0.000033 0.000003 3.130054 -1.386235 -3.118064
    50 -0.900585 -0.375762 0.090056 -0.779868 -1.244725 -2.521915
    51 -1.303123 -0.000014 0.000008 -0.004240 -1.451229 -0.001012
    52 -1.094650 0.000007 0.000003 -2.577326 -1.476285 2.574417
    53 0.000000 0.000000 0.000000 0.000000 0.000000 0.000000
    54 0.000000 0.000000 0.000000 0.000000 0.000000 -1.570796
    55 0.000000 0.000000 0.000000 0.000000 0.000000 -1.570796
    56 -2.000000 0.000000 0.000000 -1.570796 0.000000 0.174533
    57 -1.500000 0.000002 0.000000 -1.570796 0.000000 0.000000
    58 0.000000 0.500000 0.000000 -1.570796 0.261799 0.000000
    59 -0.000001 0.000000 0.000000 -3.141593 0.174533 0.000000
    60 0.000000 0.000000 -0.000001 -3.141593 0.174533 0.174533
    61 0.000000 0.000000 0.000000 -3.141593 0.349066 -0.174533
    62 0.000000 0.000000 0.000000 -1.570796 0.000000 0.000000
    63 0.000000 0.000000 0.000000 -1.570796 0.000000 0.000000
    64 0.000000 0.000000 0.000000 -1.570796 0.000000 0.000000
    65 0.000000 0.000000 0.000002 -1.570796 0.000000 0.000000
    66 0.000000 0.000000 0.000000 -1.570796 0.000000 0.000000
    67 0.000000 0.000001 0.000000 -1.570796 0.000000 0.000000
    68 0.000000 0.000000 0.000000 -1.570796 0.000000 0.000000
    69 0.000000 0.000000 0.000000 -1.570796 0.000000 0.000000
    70 0.000000 0.000000 0.000000 -1.570796 0.000000 0.000000
    71 0.000000 0.000000 0.000000 -1.570796 0.000000 0.000000
    72 0.000000 0.000000 0.000000 -1.570796 0.000000 0.000000
    73 0.000000 0.000000 0.000000 -1.570796 0.000000 0.000000
    74 -2.000000 0.000000 0.000000 1.570796 0.000000 0.174533
    75 -1.500000 -0.000001 -0.250000 1.570796 0.000000 0.000000
    76 -1.000000 0.250000 0.500000 1.570796 0.000000 0.000000
    77 0.000000 0.000000 0.000000 2.094395 0.000000 -3.141593
    78 0.000000 0.000000 0.000000 2.094395 0.000000 -3.141593
    79 0.000000 -0.200001 -0.200000 1.745329 0.000000 -3.141593
    80 0.000000 -0.000001 -0.000002 1.570796 0.000000 3.141593
    81 0.000000 0.000000 0.000000 1.570796 0.000000 -3.141593
    82 0.000000 0.000000 -0.000002 1.570796 0.000000 -3.141593
    83 0.000000 0.000000 0.000000 1.570796 0.000000 3.141593
    84 -0.000002 0.000000 0.000000 1.570796 0.000000 3.141593
    85 0.000000 0.000000 0.000000 1.570796 0.000000 3.141593
    86 0.000000 0.000000 0.000000 1.570796 0.000000 3.141593
    87 0.000000 0.000000 0.000000 1.570796 0.000000 -3.141593
    88 0.000000 0.000000 0.000000 1.570796 0.000000 -3.141593
    89 0.000000 0.000000 0.000000 1.570796 0.000000 3.141593
    90 0.000000 0.000000 0.000000 1.570796 0.000000 -3.141593
    91 0.000000 0.000000 0.000000 1.570796 0.000000 -3.141593
  time 48
    0 0.000000 0.000000 0.000000 0.000000 0.000000 -0.000007
    1 0.000000 2.709942 -10.591393 0.000000 -1.570796 1.570796
    2 3.500857 9.013945 -0.640573 0.000000 -1.570796 0.000000
    3 -2.289403 -1.496114 0.973094 0.000000 0.000000 0.000000
    4 4.409996 0.000005 -0.000003 0.126611 -0.097519 0.273934
    5 10.079981 -0.000003 -0.000001 -0.000002 -0.000003 -0.532927
    6 0.000000 -0.000001 0.000000 -0.212298 0.000005 0.000001
    7 3.359990 0.000014 -0.000007 -0.424631 0.000000 0.000003
    8 6.719987 0.000030 -0.000015 -0.636908 -0.000002 0.000001
    9 3.500862 -5.725745 -0.640568 0.000000 -1.570795 3.141592
    10 -2.186730 3.179637 -0.996149 0.000000 0.000000 0.000000
    11 4.409998 -0.000001 0.000004 -0.319652 0.194393 0.358718
    12 10.079982 0.000014 0.000025 0.000004 0.000046 -0.718021
    13 0.000001 0.000004 0.000000 0.261962 -0.000001 0.000010
    14 3.359994 0.000032 0.000015 0.523938 -0.000007 0.000004
    15 6.719987 0.000057 0.000028 0.785916 0.000003 0.000003
    16 0.000000 0.000000 0.000000 1.566565 0.000000 -3.141592
    17 9.486379 -18.347320 -9.071305 2.262600 0.050421 -1.696028
    18 -0.118055 -0.108981 0.513327 -0.000047 -0.086523 0.000009
    19 4.409994 -0.000012 0.000012 0.000000 0.000000 0.000000
    20 -3.422661 1.711283 0.470872 0.018364 -0.593174 -0.075895
    21 1.410028 0.000010 0.000007 0.000006 0.000009 -0.987481
    22 0.993011 -0.000001 0.000006 0.000001 -0.000006 -0.761963
    23 -1.022532 1.571291 -0.406268 0.562009 -1.088038 -0.422346
    24 1.337718 0.000005 0.000002 -3.141591 -1.497669 3.135755
    25 1.180473 -0.000093 -0.000003 2.322271 -1.447922 -2.264049
    26 -0.666712 0.565948 -0.425195 0.276535 -1.168921 -0.243380
    27 1.311736 0.000006 0.000004 -3.109347 -1.501840 3.110658
    28 1.132875 -0.000003 -0.000005 -2.277655 -1.482347 2.251198
    29 -0.835869 -0.375753 -0.250998 -0.232083 -1.169899 0.124274
    30 1.303124 0.000019 0.000004 2.990854 -1.546793 -2.976011
    31 1.094648 -0.000011 -0.000003 -0.062804 -1.544912 0.032862
    32 -1.144743 -1.304737 0.171518 -0.974001 -1.088390 0.663341
    33 1.052849 0.000000 -0.000004 3.124857 -1.425270 3.135795
    34 0.916342 -0.000031 0.000001 3.141553 -1.536954 -3.129942
    35 -7.779457 -18.287500 -9.035957 0.890812 -0.059563 -1.576760
    36 -0.117880 -0.102734 -0.180849 0.000013 0.017066 0.000000
    37 4.409983 -0.000034 0.000004 0.000000 0.000000 0.000000
    38 -3.459356 1.711287 -0.541797 0.125169 -0.669906 3.034105
    39 -1.410028 -0.000005 -0.000014 0.000004 0.000001 -0.911659
    40 -0.993008 0.000010 -0.000011 0.000012 -0.000006 -0.908928
    41 -1.077398 1.571280 0.162236 0.351673 -1.124156 2.999846
    42 -1.337713 0.000003 -0.000002 3.078234 -1.322288 -3.107495
    43 -1.180471 0.000072 0.000002 0.222693 -1.503459 -0.194122
    44 -0.719599 0.565946 0.238754 -0.061928 -1.418387 -3.057514
    45 -1.311414 -0.000009 -0.000267 0.002810 -1.315827 0.001501
    46 -1.132872 0.000005 -0.000066 3.139362 -1.176202 -3.092139
    47 -1.239075 -1.304744 -0.314278 -1.430303 -0.982760 -2.003829
    48 -1.052850 0.000005 -0.000004 2.863323 -1.535755 3.140266
    49 -0.916342 0.000033 0.000003 3.130054 -1.386235 -3.118064
    50 -0.900585 -0.375762 0.090056 -0.779868 -1.244725 -2.521915
    51 -1.303123 -0.000014 0.000008 -0.004240 -1.451229 -0.001012
    52 -1.094650 0.000007 0.000003 -2.577326 -1.476285 2.574417
    53 0.000000 0.000000 0.000000 0.000000 0.000000 0.000000
    54 0.000000 0.000000 0.000000 0.000000 0.000000 -1.570796
    55 0.000000 0.000000 0.000000 0.000000 0.000000 -1.570796
    56 -2.000000 0.000000 0.000000 -1.570796 0.000000 0.174533
    57 -1.500000 0.000002 0.000000 -1.570796 0.000000 0.000000
    58 0.000000 0.500000 0.000000 -1.570796 0.261799 0.000000
    59 -0.000001 0.000000 0.000000 -3.141593 0.174533 0.000000
    60 0.000000 0.000000 -0.000001 -3.141593 0.174533 0.174533
    61 0.000000 0.000000 0.000000 -3.141593 0.349066 -0.174533
    62 0.000000 0.000000 0.000000 -1.570796 0.000000 0.000000
    63 0.000000 0.000000 0.000000 -1.570796 0.000000 0.000000
    64 0.000000 0.000000 0.000000 -1.570796 0.000000 0.000000
    65 0.000000 0.000000 0.000002 -1.570796 0.000000 0.000000
    66 0.000000 0.000000 0.000000 -1.570796 0.000000 0.000000
    67 0.000000 0.000001 0.000000 -1.570796 0.000000 0.000000
    68 0.000000 0.000000 0.000000 -1.570796 0.000000 0.000000
    69 0.000000 0.000000 0.000000 -1.570796 0.000000 0.000000
    70 0.000000 0.000000 0.000000 -1.570796 0.000000 0.000000
    71 0.000000 0.000000 0.000000 -1.570796 0.000000 0.000000
    72 0.000000 0.000000 0.000000 -1.570796 0.000000 0.000000
    73 0.000000 0.000000 0.000000 -1.570796 0.000000 0.000000
    74 -2.000000 0.000000 0.000000 1.570796 0.000000 0.174533
    75 -1.500000 -0.000001 -0.250000 1.570796 0.000000 0.000000
    76 -1.000000 0.250000 0.500000 1.570796 0.000000 0.000000
    77 0.000000 0.000000 0.000000 2.094395 0.000000 -3.141593
    78 0.000000 0.000000 0.000000 2.094395 0.000000 -3.141593
    79 0.000000 -0.200001 -0.200000 1.745329 0.000000 -3.141593
    80 0.000000 -0.000001 -0.000002 1.570796 0.000000 3.141593
    81 0.000000 0.000000 0.000000 1.570796 0.000000 -3.141593
    82 0.000000 0.000000 -0.000002 1.570796 0.000000 -3.141593
    83 0.000000 0.000000 0.000000 1.570796 0.000000 3.141593
    84 -0.000002 0.000000 0.000000 1.570796 0.000000 3.141593
    85 0.000000 0.000000 0.000000 1.570796 0.000000 3.141593
    86 0.000000 0.000000 0.000000 1.570796 0.000000 3.141593
    87 0.000000 0.000000 0.000000 1.570796 0.000000 -3.141593
    88 0.000000 0.000000 0.000000 1.570796 0.000000 -3.141593
    89 0.000000 0.000000 0.000000 1.570796 0.000000 3.141593
    90 0.000000 0.000000 0.000000 1.570796 0.000000 -3.141593
    91 0.000000 0.000000 0.000000 1.570796 0.000000 -3.141593
  time 49
    0 0.000000 0.000000 0.000000 0.000000 0.000000 -0.000007
    1 0.000000 2.709942 -10.591393 0.000000 -1.570796 1.570796
    2 3.500857 9.013945 -0.640573 0.000000 -1.570796 0.000000
    3 -2.289403 -1.496114 0.973094 0.000000 0.000000 0.000000
    4 4.409996 0.000005 -0.000003 0.126244 -0.097778 0.273891
    5 10.079981 -0.000003 -0.000001 -0.000002 -0.000003 -0.532927
    6 0.000000 -0.000001 0.000000 -0.210985 0.000005 0.000001
    7 3.359990 0.000014 -0.000007 -0.421927 0.000000 0.000003
    8 6.719987 0.000030 -0.000015 -0.632928 -0.000002 0.000001
    9 3.500862 -5.725745 -0.640568 0.000000 -1.570795 3.141592
    10 -2.186730 3.179637 -0.996149 0.000000 0.000000 0.000000
    11 4.409998 -0.000001 0.000004 -0.319473 0.193820 0.356464
    12 10.079982 0.000014 0.000025 0.000004 0.000046 -0.714758
    13 0.000001 0.000004 0.000000 0.261855 -0.000001 0.000010
    14 3.359994 0.000032 0.000015 0.523710 -0.000007 0.000004
    15 6.719987 0.000057 0.000028 0.785574 0.000003 0.000003
    16 0.000000 0.000000 0.000000 1.566302 0.000000 -3.141592
    17 9.470754 -18.359039 -9.079118 2.262206 0.049437 -1.694637
    18 -0.118055 -0.108981 0.513327 -0.000047 -0.086523 0.000009
    19 4.409994 -0.000012 0.000012 0.000000 0.000000 0.000000
    20 -3.422661 1.711283 0.470872 0.018364 -0.593174 -0.075895
    21 1.410028 0.000010 0.000007 0.000006 0.000009 -0.987481
    22 0.993011 -0.000001 0.000006 0.000001 -0.000006 -0.761963
    23 -1.022532 1.571291 -0.406268 0.562009 -1.088038 -0.422346
    24 1.337718 0.000005 0.000002 -3.141591 -1.497669 3.135755
    25 1.180473 -0.000093 -0.000003 2.322271 -1.447922 -2.264049
    26 -0.666712 0.565948 -0.425195 0.276535 -1.168921 -0.243380
    27 1.311736 0.000006 0.000004 -3.109347 -1.501840 3.110658
    28 1.132875 -0.000003 -0.000005 -2.277655 -1.482347 2.251198
    29 -0.835869 -0.375753 -0.250998 -0.232083 -1.169899 0.124274
    30 1.303124 0.000019 0.000004 2.990854 -1.546793 -2.976011
    31 1.094648 -0.000011 -0.000003 -0.062804 -1.544912 0.032850
    32 -1.144743 -1.304737 0.171518 -0.974001 -1.088390 0.663341
    33 1.052849 0.000000 -0.000004 3.124857 -1.425270 3.135795
    34 0.916342 -0.000031 0.000001 3.141553 -1.536954 -3.129942
    35 -7.779457 -18.287500 -9.051583 0.895390 -0.056605 -1.578878
    36 -0.117880 -0.102734 -0.180849 0.000013 0.017066 0.000000
    37 4.409983 -0.000034 0.000004 0.000000 0.000000 0.000000
    38 -3.459356 1.711287 -0.541797 0.125169 -0.669906 3.034105
    39 -1.410028 -0.000005 -0.000014 0.000004 0.000001 -0.911659
    40 -0.993008 0.000010 -0.000011 0.000012 -0.000006 -0.908928
    41 -1.077398 1.571280 0.162236 0.351673 -1.124156 2.999846
    42 -1.337713 0.000003 -0.000002 3.078234 -1.322288 -3.107495
    43 -1.180471 0.000072 0.000002 0.222705 -1.503459 -0.194122
    44 -0.719599 0.565946 0.238754 -0.061928 -1.418387 -3.057526
    45 -1.311414 -0.000009 -0.000267 0.002810 -1.315827 0.001501
    46 -1.132872 0.000005 -0.000066 3.139362 -1.176202 -3.092139
    47 -1.239075 -1.304744 -0.314278 -1.430303 -0.982760 -2.003829
    48 -1.052850 0.000005 -0.000004 2.863323 -1.535755 3.140266
    49 -0.916342 0.000033 0.000003 3.130054 -1.386235 -3.118064
    50 -0.900585 -0.375762 0.090056 -0.779868 -1.244725 -2.521915
    51 -1.303123 -0.000014 0.000008 -0.004240 -1.451229 -0.001012
    52 -1.094650 0.000007 0.000003 -2.577326 -1.476285 2.574417
    53 0.000000 0.000000 0.000000 0.000000 0.000000 0.000000
    54 0.000000 0.000000 0.000000 0.000000 0.000000 -1.570796
    55 0.000000 0.000000 0.000000 0.000000 0.000000 -1.570796
    56 -2.000000 0.000000 0.000000 -1.570796 0.000000 0.174533
    57 -1.500000 0.000002 0.000000 -1.570796 0.000000 0.000000
    58 0.000000 0.500000 0.000000 -1.570796 0.261799 0.000000
    59 -0.000001 0.000000 0.000000 -3.141593 0.174533 0.000000
    60 0.000000 0.000000 -0.000001 -3.141593 0.174533 0.174533
    61 0.000000 0.000000 0.000000 -3.141593 0.349066 -0.174533
    62 0.000000 0.000000 0.000000 -1.570796 0.000000 0.000000
    63 0.000000 0.000000 0.000000 -1.570796 0.000000 0.000000
    64 0.000000 0.000000 0.000000 -1.570796 0.000000 0.000000
    65 0.000000 0.000000 0.000002 -1.570796 0.000000 0.000000
    66 0.000000 0.000000 0.000000 -1.570796 0.000000 0.000000
    67 0.000000 0.000001 0.000000 -1.570796 0.000000 0.000000
    68 0.000000 0.000000 0.000000 -1.570796 0.000000 0.000000
    69 0.000000 0.000000 0.000000 -1.570796 0.000000 0.000000
    70 0.000000 0.000000 0.000000 -1.570796 0.000000 0.000000
    71 0.000000 0.000000 0.000000 -1.570796 0.000000 0.000000
    72 0.000000 0.000000 0.000000 -1.570796 0.000000 0.000000
    73 0.000000 0.000000 0.000000 -1.570796 0.000000 0.000000
    74 -2.000000 0.000000 0.000000 1.570796 0.000000 0.174533
    75 -1.500000 -0.000001 -0.250000 1.570796 0.000000 0.000000
    76 -1.000000 0.250000 0.500000 1.570796 0.000000 0.000000
    77 0.000000 0.000000 0.000000 2.094395 0.000000 -3.141593
    78 0.000000 0.000000 0.000000 2.094395 0.000000 -3.141593
    79 0.000000 -0.200001 -0.200000 1.745329 0.000000 -3.141593
    80 0.000000 -0.000001 -0.000002 1.570796 0.000000 3.141593
    81 0.000000 0.000000 0.000000 1.570796 0.000000 -3.141593
    82 0.000000 0.000000 -0.000002 1.570796 0.000000 -3.141593
    83 0.000000 0.000000 0.000000 1.570796 0.000000 3.141593
    84 -0.000002 0.000000 0.000000 1.570796 0.000000 3.141593
    85 0.000000 0.000000 0.000000 1.570796 0.000000 3.141593
    86 0.000000 0.000000 0.000000 1.570796 0.000000 3.141593
    87 0.000000 0.000000 0.000000 1.570796 0.000000 -3.141593
    88 0.000000 0.000000 0.000000 1.570796 0.000000 -3.141593
    89 0.000000 0.000000 0.000000 1.570796 0.000000 3.141593
    90 0.000000 0.000000 0.000000 1.570796 0.000000 -3.141593
    91 0.000000 0.000000 0.000000 1.570796 0.000000 -3.141593
  time 50
    0 0.000000 0.000000 0.000000 0.000000 0.000000 -0.000007
    1 0.000000 2.709942 -10.591393 0.000000 -1.570796 1.570796
    2 3.500857 9.013945 -0.640573 0.000000 -1.570796 0.000000
    3 -2.289403 -1.496114 0.973094 0.000000 0.000000 0.000000
    4 4.409996 0.000005 -0.000003 0.126024 -0.098015 0.273891
    5 10.079981 -0.000003 -0.000001 -0.000002 -0.000003 -0.532980
    6 0.000000 -0.000001 0.000000 -0.209633 0.000005 0.000001
    7 3.359990 0.000014 -0.000007 -0.419274 0.000000 0.000003
    8 6.719987 0.000030 -0.000015 -0.628911 -0.000002 0.000001
    9 3.500862 -5.725745 -0.640568 0.000000 -1.570795 3.141592
    10 -2.186730 3.179637 -0.996149 0.000000 0.000000 0.000000
    11 4.409998 -0.000001 0.000004 -0.319361 0.193214 0.354096
    12 10.079982 0.000014 0.000025 0.000004 0.000046 -0.711353
    13 0.000001 0.000004 0.000000 0.261723 -0.000001 0.000010
    14 3.359994 0.000032 0.000015 0.523444 -0.000007 0.000004
    15 6.719987 0.000057 0.000028 0.785175 0.000003 0.000003
    16 0.000000 0.000000 0.000000 1.566002 0.000000 -3.141592
    17 9.459034 -18.370758 -9.083024 2.261734 0.048343 -1.693190
    18 -0.118055 -0.108981 0.513327 -0.000047 -0.086523 0.000009
    19 4.409994 -0.000012 0.000012 0.000000 0.000000 0.000000
    20 -3.422661 1.711283 0.470872 0.018364 -0.593174 -0.075895
    21 1.410028 0.000010 0.000007 0.000006 0.000009 -0.987481
    22 0.993011 -0.000001 0.000006 0.000001 -0.000006 -0.761963
    23 -1.022532 1.571291 -0.406268 0.562009 -1.088038 -0.422346
    24 1.337718 0.000005 0.000002 -3.141591 -1.497669 3.135755
    25 1.180473 -0.000093 -0.000003 2.322271 -1.447922 -2.264049
    26 -0.666712 0.565948 -0.425195 0.276535 -1.168921 -0.243380
    27 1.311736 0.000006 0.000004 -3.109347 -1.501840 3.110658
    28 1.132875 -0.000003 -0.000005 -2.277655 -1.482347 2.251198
    29 -0.835869 -0.375753 -0.250998 -0.232083 -1.169899 0.124274
    30 1.303124 0.000019 0.000004 2.990854 -1.546793 -2.976011
    31 1.094648 -0.000011 -0.000003 -0.062804 -1.544912 0.032850
    32 -1.144743 -1.304737 0.171518 -0.973982 -1.088390 0.663341
    33 1.052849 0.000000 -0.000004 3.124857 -1.425270 3.135795
    34 0.916342 -0.000031 0.000001 3.141553 -1.536954 -3.129942
    35 -7.779457 -18.287500 -9.059396 0.900031 -0.053277 -1.581164
    36 -0.117880 -0.102734 -0.180849 0.000013 0.017066 0.000000
    37 4.409983 -0.000034 0.000004 0.000000 0.000000 0.000000
    38 -3.459356 1.711287 -0.541797 0.125169 -0.669906 3.034105
    39 -1.410028 -0.000005 -0.000014 0.000004 0.000001 -0.911659
    40 -0.993008 0.000010 -0.000011 0.000012 -0.000006 -0.908928
    41 -1.077398 1.571280 0.162236 0.351673 -1.124156 2.999846
    42 -1.337713 0.000003 -0.000002 3.078234 -1.322288 -3.107495
    43 -1.180471 0.000072 0.000002 0.222693 -1.503459 -0.194122
    44 -0.719599 0.565946 0.238754 -0.061928 -1.418387 -3.057514
    45 -1.311414 -0.000009 -0.000267 0.002810 -1.315827 0.001501
    46 -1.132872 0.000005 -0.000066 3.139362 -1.176202 -3.092139
    47 -1.239075 -1.304744 -0.314278 -1.430303 -0.982760 -2.003829
    48 -1.052850 0.000005 -0.000004 2.863323 -1.535755 3.140266
    49 -0.916342 0.000033 0.000003 3.130054 -1.386235 -3.118064
    50 -0.900585 -0.375762 0.090056 -0.779868 -1.244725 -2.521915
    51 -1.303123 -0.000014 0.000008 -0.004240 -1.451229 -0.001012
    52 -1.094650 0.000007 0.000003 -2.577326 -1.476285 2.574417
    53 0.000000 0.000000 0.000000 0.000000 0.000000 0.000000
    54 0.000000 0.000000 0.000000 0.000000 0.000000 -1.570796
    55 0.000000 0.000000 0.000000 0.000000 0.000000 -1.570796
    56 -2.000000 0.000000 0.000000 -1.570796 0.000000 0.174533
    57 -1.500000 0.000002 0.000000 -1.570796 0.000000 0.000000
    58 0.000000 0.500000 0.000000 -1.570796 0.261799 0.000000
    59 -0.000001 0.000000 0.000000 -3.141593 0.174533 0.000000
    60 0.000000 0.000000 -0.000001 -3.141593 0.174533 0.174533
    61 0.000000 0.000000 0.000000 -3.141593 0.349066 -0.174533
    62 0.000000 0.000000 0.000000 -1.570796 0.000000 0.000000
    63 0.000000 0.000000 0.000000 -1.570796 0.000000 0.000000
    64 0.000000 0.000000 0.000000 -1.570796 0.000000 0.000000
    65 0.000000 0.000000 0.000002 -1.570796 0.000000 0.000000
    66 0.000000 0.000000 0.000000 -1.570796 0.000000 0.000000
    67 0.000000 0.000001 0.000000 -1.570796 0.000000 0.000000
    68 0.000000 0.000000 0.000000 -1.570796 0.000000 0.000000
    69 0.000000 0.000000 0.000000 -1.570796 0.000000 0.000000
    70 0.000000 0.000000 0.000000 -1.570796 0.000000 0.000000
    71 0.000000 0.000000 0.000000 -1.570796 0.000000 0.000000
    72 0.000000 0.000000 0.000000 -1.570796 0.000000 0.000000
    73 0.000000 0.000000 0.000000 -1.570796 0.000000 0.000000
    74 -2.000000 0.000000 0.000000 1.570796 0.000000 0.174533
    75 -1.500000 -0.000001 -0.250000 1.570796 0.000000 0.000000
    76 -1.000000 0.250000 0.500000 1.570796 0.000000 0.000000
    77 0.000000 0.000000 0.000000 2.094395 0.000000 -3.141593
    78 0.000000 0.000000 0.000000 2.094395 0.000000 -3.141593
    79 0.000000 -0.200001 -0.200000 1.745329 0.000000 -3.141593
    80 0.000000 -0.000001 -0.000002 1.570796 0.000000 3.141593
    81 0.000000 0.000000 0.000000 1.570796 0.000000 -3.141593
    82 0.000000 0.000000 -0.000002 1.570796 0.000000 -3.141593
    83 0.000000 0.000000 0.000000 1.570796 0.000000 3.141593
    84 -0.000002 0.000000 0.000000 1.570796 0.000000 3.141593
    85 0.000000 0.000000 0.000000 1.570796 0.000000 3.141593
    86 0.000000 0.000000 0.000000 1.570796 0.000000 3.141593
    87 0.000000 0.000000 0.000000 1.570796 0.000000 -3.141593
    88 0.000000 0.000000 0.000000 1.570796 0.000000 -3.141593
    89 0.000000 0.000000 0.000000 1.570796 0.000000 3.141593
    90 0.000000 0.000000 0.000000 1.570796 0.000000 -3.141593
    91 0.000000 0.000000 0.000000 1.570796 0.000000 -3.141593
  time 51
    0 0.000000 0.000000 0.000000 0.000000 0.000000 -0.000007
    1 0.000000 2.709942 -10.591393 0.000000 -1.570796 1.570796
    2 3.500857 9.013945 -0.640573 0.000000 -1.570796 0.000000
    3 -2.289403 -1.496114 0.973094 0.000000 0.000000 0.000000
    4 4.409996 0.000005 -0.000003 0.125804 -0.098209 0.273891
    5 10.079981 -0.000003 -0.000001 -0.000002 -0.000003 -0.533139
    6 0.000000 -0.000001 0.000000 -0.208294 0.000005 0.000001
    7 3.359990 0.000014 -0.000007 -0.416570 0.000000 0.000003
    8 6.719987 0.000030 -0.000015 -0.624893 -0.000002 0.000001
    9 3.500862 -5.725745 -0.640568 0.000000 -1.570795 3.141592
    10 -2.186730 3.179637 -0.996149 0.000000 0.000000 0.000000
    11 4.409998 -0.000001 0.000004 -0.319361 0.192592 0.351728
    12 10.079982 0.000014 0.000025 0.000004 0.000046 -0.707948
    13 0.000001 0.000004 0.000000 0.261579 -0.000001 0.000010
    14 3.359994 0.000032 0.000015 0.523159 -0.000007 0.000004
    15 6.719987 0.000057 0.000028 0.784747 0.000003 0.000003
    16 0.000000 0.000000 0.000000 1.565774 0.000000 -3.141592
    17 9.447315 -18.382478 -9.083024 2.261183 0.047359 -1.691743
    18 -0.118055 -0.108981 0.513327 -0.000047 -0.086523 0.000009
    19 4.409994 -0.000012 0.000012 0.000000 0.000000 0.000000
    20 -3.422661 1.711283 0.470872 0.018364 -0.593174 -0.075895
    21 1.410028 0.000010 0.000007 0.000006 0.000009 -0.987481
    22 0.993011 -0.000001 0.000006 0.000001 -0.000006 -0.761963
    23 -1.022532 1.571291 -0.406268 0.562009 -1.088038 -0.422346
    24 1.337718 0.000005 0.000002 -3.141591 -1.497669 3.135755
    25 1.180473 -0.000093 -0.000003 2.322271 -1.447922 -2.264049
    26 -0.666712 0.565948 -0.425195 0.276535 -1.168921 -0.243380
    27 1.311736 0.000006 0.000004 -3.109347 -1.501840 3.110658
    28 1.132875 -0.000003 -0.000005 -2.277655 -1.482347 2.251198
    29 -0.835869 -0.375753 -0.250998 -0.232083 -1.169899 0.124274
    30 1.303124 0.000019 0.000004 2.990854 -1.546793 -2.976011
    31 1.094648 -0.000011 -0.000003 -0.062804 -1.544912 0.032874
    32 -1.144743 -1.304737 0.171518 -0.974001 -1.088390 0.663341
    33 1.052849 0.000000 -0.000004 3.124857 -1.425270 3.135795
    34 0.916342 -0.000031 0.000001 3.141553 -1.536954 -3.129942
    35 -7.779457 -18.287500 -9.063302 0.904515 -0.049765 -1.583621
    36 -0.117880 -0.102734 -0.180849 0.000013 0.017066 0.000000
    37 4.409983 -0.000034 0.000004 0.000000 0.000000 0.000000
    38 -3.459356 1.711287 -0.541797 0.125169 -0.669906 3.034105
    39 -1.410028 -0.000005 -0.000014 0.000004 0.000001 -0.911659
    40 -0.993008 0.000010 -0.000011 0.000012 -0.000006 -0.908928
    41 -1.077398 1.571280 0.162236 0.351673 -1.124156 2.999846
    42 -1.337713 0.000003 -0.000002 3.078234 -1.322288 -3.107495
    43 -1.180471 0.000072 0.000002 0.222693 -1.503459 -0.194122
    44 -0.719599 0.565946 0.238754 -0.061928 -1.418387 -3.057514
    45 -1.311414 -0.000009 -0.000267 0.002810 -1.315827 0.001501
    46 -1.132872 0.000005 -0.000066 3.139362 -1.176202 -3.092139
    47 -1.239075 -1.304744 -0.314278 -1.430303 -0.982760 -2.003829
    48 -1.052850 0.000005 -0.000004 2.863323 -1.535755 3.140266
    49 -0.916342 0.000033 0.000003 3.130054 -1.386235 -3.118064
    50 -0.900585 -0.375762 0.090056 -0.779868 -1.244725 -2.521915
    51 -1.303123 -0.000014 0.000008 -0.004240 -1.451229 -0.001012
    52 -1.094650 0.000007 0.000003 -2.577326 -1.476285 2.574417
    53 0.000000 0.000000 0.000000 0.000000 0.000000 0.000000
    54 0.000000 0.000000 0.000000 0.000000 0.000000 -1.570796
    55 0.000000 0.000000 0.000000 0.000000 0.000000 -1.570796
    56 -2.000000 0.000000 0.000000 -1.570796 0.000000 0.174533
    57 -1.500000 0.000002 0.000000 -1.570796 0.000000 0.000000
    58 0.000000 0.500000 0.000000 -1.570796 0.261799 0.000000
    59 -0.000001 0.000000 0.000000 -3.141593 0.174533 0.000000
    60 0.000000 0.000000 -0.000001 -3.141593 0.174533 0.174533
    61 0.000000 0.000000 0.000000 -3.141593 0.349066 -0.174533
    62 0.000000 0.000000 0.000000 -1.570796 0.000000 0.000000
    63 0.000000 0.000000 0.000000 -1.570796 0.000000 0.000000
    64 0.000000 0.000000 0.000000 -1.570796 0.000000 0.000000
    65 0.000000 0.000000 0.000002 -1.570796 0.000000 0.000000
    66 0.000000 0.000000 0.000000 -1.570796 0.000000 0.000000
    67 0.000000 0.000001 0.000000 -1.570796 0.000000 0.000000
    68 0.000000 0.000000 0.000000 -1.570796 0.000000 0.000000
    69 0.000000 0.000000 0.000000 -1.570796 0.000000 0.000000
    70 0.000000 0.000000 0.000000 -1.570796 0.000000 0.000000
    71 0.000000 0.000000 0.000000 -1.570796 0.000000 0.000000
    72 0.000000 0.000000 0.000000 -1.570796 0.000000 0.000000
    73 0.000000 0.000000 0.000000 -1.570796 0.000000 0.000000
    74 -2.000000 0.000000 0.000000 1.570796 0.000000 0.174533
    75 -1.500000 -0.000001 -0.250000 1.570796 0.000000 0.000000
    76 -1.000000 0.250000 0.500000 1.570796 0.000000 0.000000
    77 0.000000 0.000000 0.000000 2.094395 0.000000 -3.141593
    78 0.000000 0.000000 0.000000 2.094395 0.000000 -3.141593
    79 0.000000 -0.200001 -0.200000 1.745329 0.000000 -3.141593
    80 0.000000 -0.000001 -0.000002 1.570796 0.000000 3.141593
    81 0.000000 0.000000 0.000000 1.570796 0.000000 -3.141593
    82 0.000000 0.000000 -0.000002 1.570796 0.000000 -3.141593
    83 0.000000 0.000000 0.000000 1.570796 0.000000 3.141593
    84 -0.000002 0.000000 0.000000 1.570796 0.000000 3.141593
    85 0.000000 0.000000 0.000000 1.570796 0.000000 3.141593
    86 0.000000 0.000000 0.000000 1.570796 0.000000 3.141593
    87 0.000000 0.000000 0.000000 1.570796 0.000000 -3.141593
    88 0.000000 0.000000 0.000000 1.570796 0.000000 -3.141593
    89 0.000000 0.000000 0.000000 1.570796 0.000000 3.141593
    90 0.000000 0.000000 0.000000 1.570796 0.000000 -3.141593
    91 0.000000 0.000000 0.000000 1.570796 0.000000 -3.141593
  time 52
    0 0.000000 0.000000 0.000000 0.000000 0.000000 -0.000007
    1 0.000000 2.709942 -10.591393 0.000000 -1.570796 1.570796
    2 3.500857 9.013945 -0.640573 0.000000 -1.570796 0.000000
    3 -2.289403 -1.496114 0.973094 0.000000 0.000000 0.000000
    4 4.409996 0.000005 -0.000003 0.125657 -0.098403 0.273891
    5 10.079981 -0.000003 -0.000001 -0.000002 -0.000003 -0.533245
    6 0.000000 -0.000001 0.000000 -0.206993 0.000005 0.000001
    7 3.359990 0.000014 -0.000007 -0.413968 0.000000 0.000003
    8 6.719987 0.000030 -0.000015 -0.620991 -0.000002 0.000001
    9 3.500862 -5.725745 -0.640568 0.000000 -1.570795 3.141592
    10 -2.186730 3.179637 -0.996149 0.000000 0.000000 0.000000
    11 4.409998 -0.000001 0.000004 -0.319383 0.191953 0.349389
    12 10.079982 0.000014 0.000025 0.000004 0.000046 -0.704685
    13 0.000001 0.000004 0.000000 0.261411 -0.000001 0.000010
    14 3.359994 0.000032 0.000015 0.522855 -0.000007 0.000004
    15 6.719987 0.000057 0.000028 0.784291 0.000003 0.000003
    16 0.000000 0.000000 0.000000 1.565607 0.000000 -3.141592
    17 9.431690 -18.382478 -9.083024 2.260435 0.046338 -1.690352
    18 -0.118055 -0.108981 0.513327 -0.000047 -0.086523 0.000009
    19 4.409994 -0.000012 0.000012 0.000000 0.000000 0.000000
    20 -3.422661 1.711283 0.470872 0.018364 -0.593174 -0.075895
    21 1.410028 0.000010 0.000007 0.000006 0.000009 -0.987481
    22 0.993011 -0.000001 0.000006 0.000001 -0.000006 -0.761963
    23 -1.022532 1.571291 -0.406268 0.562009 -1.088038 -0.422346
    24 1.337718 0.000005 0.000002 -3.141591 -1.497669 3.135755
    25 1.180473 -0.000093 -0.000003 2.322271 -1.447922 -2.264049
    26 -0.666712 0.565948 -0.425195 0.276535 -1.168921 -0.243380
    27 1.311736 0.000006 0.000004 -3.109347 -1.501840 3.110658
    28 1.132875 -0.000003 -0.000005 -2.277655 -1.482347 2.251198
    29 -0.835869 -0.375753 -0.250998 -0.232083 -1.169899 0.124274
    30 1.303124 0.000019 0.000004 2.990854 -1.546793 -2.976011
    31 1.094648 -0.000011 -0.000003 -0.062804 -1.544912 0.032862
    32 -1.144743 -1.304737 0.171518 -0.974001 -1.088390 0.663341
    33 1.052849 0.000000 -0.000004 3.124857 -1.425270 3.135795
    34 0.916342 -0.000031 0.000001 3.141553 -1.536954 -3.129942
    35 -7.779457 -18.287500 -9.067208 0.908998 -0.046068 -1.586161
    36 -0.117880 -0.102734 -0.180849 0.000013 0.017066 0.000000
    37 4.409983 -0.000034 0.000004 0.000000 0.000000 0.000000
    38 -3.459356 1.711287 -0.541797 0.125169 -0.669906 3.034105
    39 -1.410028 -0.000005 -0.000014 0.000004 0.000001 -0.911659
    40 -0.993008 0.000010 -0.000011 0.000012 -0.000006 -0.908928
    41 -1.077398 1.571280 0.162236 0.351673 -1.124156 2.999846
    42 -1.337713 0.000003 -0.000002 3.078234 -1.322288 -3.107495
    43 -1.180471 0.000072 0.000002 0.222693 -1.503459 -0.194122
    44 -0.719599 0.565946 0.238754 -0.061928 -1.418387 -3.057526
    45 -1.311414 -0.000009 -0.000267 0.002810 -1.315827 0.001501
    46 -1.132872 0.000005 -0.000066 3.139362 -1.176202 -3.092139
    47 -1.239075 -1.304744 -0.314278 -1.430303 -0.982760 -2.003829
    48 -1.052850 0.000005 -0.000004 2.863323 -1.535755 3.140266
    49 -0.916342 0.000033 0.000003 3.130054 -1.386235 -3.118064
    50 -0.900585 -0.375762 0.090056 -0.779868 -1.244725 -2.521915
    51 -1.303123 -0.000014 0.000008 -0.004240 -1.451229 -0.001012
    52 -1.094650 0.000007 0.000003 -2.577326 -1.476285 2.574417
    53 0.000000 0.000000 0.000000 0.000000 0.000000 0.000000
    54 0.000000 0.000000 0.000000 0.000000 0.000000 -1.570796
    55 0.000000 0.000000 0.000000 0.000000 0.000000 -1.570796
    56 -2.000000 0.000000 0.000000 -1.570796 0.000000 0.174533
    57 -1.500000 0.000002 0.000000 -1.570796 0.000000 0.000000
    58 0.000000 0.500000 0.000000 -1.570796 0.261799 0.000000
    59 -0.000001 0.000000 0.000000 -3.141593 0.174533 0.000000
    60 0.000000 0.000000 -0.000001 -3.141593 0.174533 0.174533
    61 0.000000 0.000000 0.000000 -3.141593 0.349066 -0.174533
    62 0.000000 0.000000 0.000000 -1.570796 0.000000 0.000000
    63 0.000000 0.000000 0.000000 -1.570796 0.000000 0.000000
    64 0.000000 0.000000 0.000000 -1.570796 0.000000 0.000000
    65 0.000000 0.000000 0.000002 -1.570796 0.000000 0.000000
    66 0.000000 0.000000 0.000000 -1.570796 0.000000 0.000000
    67 0.000000 0.000001 0.000000 -1.570796 0.000000 0.000000
    68 0.000000 0.000000 0.000000 -1.570796 0.000000 0.000000
    69 0.000000 0.000000 0.000000 -1.570796 0.000000 0.000000
    70 0.000000 0.000000 0.000000 -1.570796 0.000000 0.000000
    71 0.000000 0.000000 0.000000 -1.570796 0.000000 0.000000
    72 0.000000 0.000000 0.000000 -1.570796 0.000000 0.000000
    73 0.000000 0.000000 0.000000 -1.570796 0.000000 0.000000
    74 -2.000000 0.000000 0.000000 1.570796 0.000000 0.174533
    75 -1.500000 -0.000001 -0.250000 1.570796 0.000000 0.000000
    76 -1.000000 0.250000 0.500000 1.570796 0.000000 0.000000
    77 0.000000 0.000000 0.000000 2.094395 0.000000 -3.141593
    78 0.000000 0.000000 0.000000 2.094395 0.000000 -3.141593
    79 0.000000 -0.200001 -0.200000 1.745329 0.000000 -3.141593
    80 0.000000 -0.000001 -0.000002 1.570796 0.000000 3.141593
    81 0.000000 0.000000 0.000000 1.570796 0.000000 -3.141593
    82 0.000000 0.000000 -0.000002 1.570796 0.000000 -3.141593
    83 0.000000 0.000000 0.000000 1.570796 0.000000 3.141593
    84 -0.000002 0.000000 0.000000 1.570796 0.000000 3.141593
    85 0.000000 0.000000 0.000000 1.570796 0.000000 3.141593
    86 0.000000 0.000000 0.000000 1.570796 0.000000 3.141593
    87 0.000000 0.000000 0.000000 1.570796 0.000000 -3.141593
    88 0.000000 0.000000 0.000000 1.570796 0.000000 -3.141593
    89 0.000000 0.000000 0.000000 1.570796 0.000000 3.141593
    90 0.000000 0.000000 0.000000 1.570796 0.000000 -3.141593
    91 0.000000 0.000000 0.000000 1.570796 0.000000 -3.141593
  time 53
    0 0.000000 0.000000 0.000000 0.000000 0.000000 -0.000007
    1 0.000000 2.709942 -10.591393 0.000000 -1.570796 1.570796
    2 3.500857 9.013945 -0.640573 0.000000 -1.570796 0.000000
    3 -2.289403 -1.496114 0.973094 0.000000 0.000000 0.000000
    4 4.409996 0.000005 -0.000003 0.125437 -0.098554 0.273891
    5 10.079981 -0.000003 -0.000001 -0.000002 -0.000003 -0.533297
    6 0.000000 -0.000001 0.000000 -0.205705 0.000005 0.000001
    7 3.359990 0.000014 -0.000007 -0.411444 0.000000 0.000003
    8 6.719987 0.000030 -0.000015 -0.617167 -0.000002 0.000001
    9 3.500862 -5.725745 -0.640568 0.000000 -1.570795 3.141592
    10 -2.186730 3.179637 -0.996149 0.000000 0.000000 0.000000
    11 4.409998 -0.000001 0.000004 -0.319540 0.191298 0.347192
    12 10.079982 0.000014 0.000025 0.000004 0.000046 -0.701564
    13 0.000001 0.000004 0.000000 0.261255 -0.000001 0.000010
    14 3.359994 0.000032 0.000015 0.522532 -0.000007 0.000004
    15 6.719987 0.000057 0.000028 0.783779 0.000003 0.000003
    16 0.000000 0.000000 0.000000 1.565439 0.000000 -3.141592
    17 9.419971 -18.398103 -9.079118 2.259687 0.045317 -1.689016
    18 -0.118055 -0.108981 0.513327 -0.000047 -0.086523 0.000009
    19 4.409994 -0.000012 0.000012 0.000000 0.000000 0.000000
    20 -3.422661 1.711283 0.470872 0.018364 -0.593174 -0.075895
    21 1.410028 0.000010 0.000007 0.000006 0.000009 -0.987481
    22 0.993011 -0.000001 0.000006 0.000001 -0.000006 -0.761963
    23 -1.022532 1.571291 -0.406268 0.562009 -1.088038 -0.422346
    24 1.337718 0.000005 0.000002 -3.141591 -1.497669 3.135755
    25 1.180473 -0.000093 -0.000003 2.322271 -1.447922 -2.264049
    26 -0.666712 0.565948 -0.425195 0.276535 -1.168921 -0.243380
    27 1.311736 0.000006 0.000004 -3.109347 -1.501840 3.110658
    28 1.132875 -0.000003 -0.000005 -2.277655 -1.482347 2.251198
    29 -0.835869 -0.375753 -0.250998 -0.232083 -1.169899 0.124274
    30 1.303124 0.000019 0.000004 2.990854 -1.546793 -2.976011
    31 1.094648 -0.000011 -0.000003 -0.062804 -1.544912 0.032862
    32 -1.144743 -1.304737 0.171518 -0.974001 -1.088390 0.663341
    33 1.052849 0.000000 -0.000004 3.124857 -1.425270 3.135795
    34 0.916342 -0.000031 0.000001 3.141553 -1.536954 -3.129942
    35 -7.779457 -18.287500 -9.067208 0.913292 -0.042370 -1.588787
    36 -0.117880 -0.102734 -0.180849 0.000013 0.017066 0.000000
    37 4.409983 -0.000034 0.000004 0.000000 0.000000 0.000000
    38 -3.459356 1.711287 -0.541797 0.125169 -0.669906 3.034105
    39 -1.410028 -0.000005 -0.000014 0.000004 0.000001 -0.911659
    40 -0.993008 0.000010 -0.000011 0.000012 -0.000006 -0.908928
    41 -1.077398 1.571280 0.162236 0.351673 -1.124156 2.999846
    42 -1.337713 0.000003 -0.000002 3.078234 -1.322288 -3.107495
    43 -1.180471 0.000072 0.000002 0.222705 -1.503459 -0.194122
    44 -0.719599 0.565946 0.238754 -0.061928 -1.418387 -3.057538
    45 -1.311414 -0.000009 -0.000267 0.002810 -1.315827 0.001501
    46 -1.132872 0.000005 -0.000066 3.139362 -1.176202 -3.092139
    47 -1.239075 -1.304744 -0.314278 -1.430303 -0.982760 -2.003829
    48 -1.052850 0.000005 -0.000004 2.863323 -1.535755 3.140266
    49 -0.916342 0.000033 0.000003 3.130054 -1.386235 -3.118064
    50 -0.900585 -0.375762 0.090056 -0.779868 -1.244725 -2.521915
    51 -1.303123 -0.000014 0.000008 -0.004240 -1.451229 -0.001012
    52 -1.094650 0.000007 0.000003 -2.577326 -1.476285 2.574417
    53 0.000000 0.000000 0.000000 0.000000 0.000000 0.000000
    54 0.000000 0.000000 0.000000 0.000000 0.000000 -1.570796
    55 0.000000 0.000000 0.000000 0.000000 0.000000 -1.570796
    56 -2.000000 0.000000 0.000000 -1.570796 0.000000 0.174533
    57 -1.500000 0.000002 0.000000 -1.570796 0.000000 0.000000
    58 0.000000 0.500000 0.000000 -1.570796 0.261799 0.000000
    59 -0.000001 0.000000 0.000000 -3.141593 0.174533 0.000000
    60 0.000000 0.000000 -0.000001 -3.141593 0.174533 0.174533
    61 0.000000 0.000000 0.000000 -3.141593 0.349066 -0.174533
    62 0.000000 0.000000 0.000000 -1.570796 0.000000 0.000000
    63 0.000000 0.000000 0.000000 -1.570796 0.000000 0.000000
    64 0.000000 0.000000 0.000000 -1.570796 0.000000 0.000000
    65 0.000000 0.000000 0.000002 -1.570796 0.000000 0.000000
    66 0.000000 0.000000 0.000000 -1.570796 0.000000 0.000000
    67 0.000000 0.000001 0.000000 -1.570796 0.000000 0.000000
    68 0.000000 0.000000 0.000000 -1.570796 0.000000 0.000000
    69 0.000000 0.000000 0.000000 -1.570796 0.000000 0.000000
    70 0.000000 0.000000 0.000000 -1.570796 0.000000 0.000000
    71 0.000000 0.000000 0.000000 -1.570796 0.000000 0.000000
    72 0.000000 0.000000 0.000000 -1.570796 0.000000 0.000000
    73 0.000000 0.000000 0.000000 -1.570796 0.000000 0.000000
    74 -2.000000 0.000000 0.000000 1.570796 0.000000 0.174533
    75 -1.500000 -0.000001 -0.250000 1.570796 0.000000 0.000000
    76 -1.000000 0.250000 0.500000 1.570796 0.000000 0.000000
    77 0.000000 0.000000 0.000000 2.094395 0.000000 -3.141593
    78 0.000000 0.000000 0.000000 2.094395 0.000000 -3.141593
    79 0.000000 -0.200001 -0.200000 1.745329 0.000000 -3.141593
    80 0.000000 -0.000001 -0.000002 1.570796 0.000000 3.141593
    81 0.000000 0.000000 0.000000 1.570796 0.000000 -3.141593
    82 0.000000 0.000000 -0.000002 1.570796 0.000000 -3.141593
    83 0.000000 0.000000 0.000000 1.570796 0.000000 3.141593
    84 -0.000002 0.000000 0.000000 1.570796 0.000000 3.141593
    85 0.000000 0.000000 0.000000 1.570796 0.000000 3.141593
    86 0.000000 0.000000 0.000000 1.570796 0.000000 3.141593
    87 0.000000 0.000000 0.000000 1.570796 0.000000 -3.141593
    88 0.000000 0.000000 0.000000 1.570796 0.000000 -3.141593
    89 0.000000 0.000000 0.000000 1.570796 0.000000 3.141593
    90 0.000000 0.000000 0.000000 1.570796 0.000000 -3.141593
    91 0.000000 0.000000 0.000000 1.570796 0.000000 -3.141593
  time 54
    0 0.000000 0.000000 0.000000 0.000000 0.000000 -0.000007
    1 0.000000 2.709942 -10.591393 0.000000 -1.570796 1.570796
    2 3.500857 9.013945 -0.640573 0.000000 -1.570796 0.000000
    3 -2.289403 -1.496114 0.973094 0.000000 0.000000 0.000000
    4 4.409996 0.000005 -0.000003 0.125437 -0.098640 0.273934
    5 10.079981 -0.000003 -0.000001 -0.000002 -0.000003 -0.533509
    6 0.000000 -0.000001 0.000000 -0.204508 0.000005 0.000001
    7 3.359990 0.000014 -0.000007 -0.409023 0.000000 0.000003
    8 6.719987 0.000030 -0.000015 -0.613535 -0.000002 0.000001
    9 3.500862 -5.725745 -0.640568 0.000000 -1.570795 3.141592
    10 -2.186730 3.179637 -0.996149 0.000000 0.000000 0.000000
    11 4.409998 -0.000001 0.000004 -0.319831 0.190676 0.345195
    12 10.079982 0.000014 0.000025 0.000004 0.000046 -0.698726
    13 0.000001 0.000004 0.000000 0.261099 -0.000001 0.000010
    14 3.359994 0.000032 0.000015 0.522190 -0.000007 0.000004
    15 6.719987 0.000057 0.000028 0.783266 0.000003 0.000003
    16 0.000000 0.000000 0.000000 1.565295 0.000000 -3.141592
    17 9.408252 -18.413728 -9.079118 2.258821 0.044333 -1.687625
    18 -0.118055 -0.108981 0.513327 -0.000047 -0.086523 0.000009
    19 4.409994 -0.000012 0.000012 0.000000 0.000000 0.000000
    20 -3.422661 1.711283 0.470872 0.018364 -0.593174 -0.075895
    21 1.410028 0.000010 0.000007 0.000006 0.000009 -0.987481
    22 0.993011 -0.000001 0.000006 0.000001 -0.000006 -0.761963
    23 -1.022532 1.571291 -0.406268 0.562009 -1.088038 -0.422346
    24 1.337718 0.000005 0.000002 -3.141591 -1.497669 3.135755
    25 1.180473 -0.000093 -0.000003 2.322271 -1.447922 -2.264049
    26 -0.666712 0.565948 -0.425195 0.276535 -1.168921 -0.243380
    27 1.311736 0.000006 0.000004 -3.109347 -1.501840 3.110658
    28 1.132875 -0.000003 -0.000005 -2.277655 -1.482347 2.251198
    29 -0.835869 -0.375753 -0.250998 -0.232083 -1.169899 0.124274
    30 1.303124 0.000019 0.000004 2.990854 -1.546793 -2.976011
    31 1.094648 -0.000011 -0.000003 -0.062804 -1.544912 0.032862
    32 -1.144743 -1.304737 0.171518 -0.974001 -1.088390 0.663341
    33 1.052849 0.000000 -0.000004 3.124857 -1.425270 3.135795
    34 0.916342 -0.000031 0.000001 3.141553 -1.536954 -3.129942
    35 -7.779457 -18.287500 -9.067208 0.917270 -0.038710 -1.591243
    36 -0.117880 -0.102734 -0.180849 0.000013 0.017066 0.000000
    37 4.409983 -0.000034 0.000004 0.000000 0.000000 0.000000
    38 -3.459356 1.711287 -0.541797 0.125169 -0.669906 3.034105
    39 -1.410028 -0.000005 -0.000014 0.000004 0.000001 -0.911659
    40 -0.993008 0.000010 -0.000011 0.000012 -0.000006 -0.908928
    41 -1.077398 1.571280 0.162236 0.351673 -1.124156 2.999846
    42 -1.337713 0.000003 -0.000002 3.078234 -1.322288 -3.107495
    43 -1.180471 0.000072 0.000002 0.222693 -1.503459 -0.194122
    44 -0.719599 0.565946 0.238754 -0.061928 -1.418387 -3.057514
    45 -1.311414 -0.000009 -0.000267 0.002810 -1.315827 0.001501
    46 -1.132872 0.000005 -0.000066 3.139362 -1.176202 -3.092139
    47 -1.239075 -1.304744 -0.314278 -1.430303 -0.982760 -2.003829
    48 -1.052850 0.000005 -0.000004 2.863323 -1.535755 3.140266
    49 -0.916342 0.000033 0.000003 3.130054 -1.386235 -3.118064
    50 -0.900585 -0.375762 0.090056 -0.779868 -1.244725 -2.521915
    51 -1.303123 -0.000014 0.000008 -0.004240 -1.451229 -0.001012
    52 -1.094650 0.000007 0.000003 -2.577326 -1.476285 2.574417
    53 0.000000 0.000000 0.000000 0.000000 0.000000 0.000000
    54 0.000000 0.000000 0.000000 0.000000 0.000000 -1.570796
    55 0.000000 0.000000 0.000000 0.000000 0.000000 -1.570796
    56 -2.000000 0.000000 0.000000 -1.570796 0.000000 0.174533
    57 -1.500000 0.000002 0.000000 -1.570796 0.000000 0.000000
    58 0.000000 0.500000 0.000000 -1.570796 0.261799 0.000000
    59 -0.000001 0.000000 0.000000 -3.141593 0.174533 0.000000
    60 0.000000 0.000000 -0.000001 -3.141593 0.174533 0.174533
    61 0.000000 0.000000 0.000000 -3.141593 0.349066 -0.174533
    62 0.000000 0.000000 0.000000 -1.570796 0.000000 0.000000
    63 0.000000 0.000000 0.000000 -1.570796 0.000000 0.000000
    64 0.000000 0.000000 0.000000 -1.570796 0.000000 0.000000
    65 0.000000 0.000000 0.000002 -1.570796 0.000000 0.000000
    66 0.000000 0.000000 0.000000 -1.570796 0.000000 0.000000
    67 0.000000 0.000001 0.000000 -1.570796 0.000000 0.000000
    68 0.000000 0.000000 0.000000 -1.570796 0.000000 0.000000
    69 0.000000 0.000000 0.000000 -1.570796 0.000000 0.000000
    70 0.000000 0.000000 0.000000 -1.570796 0.000000 0.000000
    71 0.000000 0.000000 0.000000 -1.570796 0.000000 0.000000
    72 0.000000 0.000000 0.000000 -1.570796 0.000000 0.000000
    73 0.000000 0.000000 0.000000 -1.570796 0.000000 0.000000
    74 -2.000000 0.000000 0.000000 1.570796 0.000000 0.174533
    75 -1.500000 -0.000001 -0.250000 1.570796 0.000000 0.000000
    76 -1.000000 0.250000 0.500000 1.570796 0.000000 0.000000
    77 0.000000 0.000000 0.000000 2.094395 0.000000 -3.141593
    78 0.000000 0.000000 0.000000 2.094395 0.000000 -3.141593
    79 0.000000 -0.200001 -0.200000 1.745329 0.000000 -3.141593
    80 0.000000 -0.000001 -0.000002 1.570796 0.000000 3.141593
    81 0.000000 0.000000 0.000000 1.570796 0.000000 -3.141593
    82 0.000000 0.000000 -0.000002 1.570796 0.000000 -3.141593
    83 0.000000 0.000000 0.000000 1.570796 0.000000 3.141593
    84 -0.000002 0.000000 0.000000 1.570796 0.000000 3.141593
    85 0.000000 0.000000 0.000000 1.570796 0.000000 3.141593
    86 0.000000 0.000000 0.000000 1.570796 0.000000 3.141593
    87 0.000000 0.000000 0.000000 1.570796 0.000000 -3.141593
    88 0.000000 0.000000 0.000000 1.570796 0.000000 -3.141593
    89 0.000000 0.000000 0.000000 1.570796 0.000000 3.141593
    90 0.000000 0.000000 0.000000 1.570796 0.000000 -3.141593
    91 0.000000 0.000000 0.000000 1.570796 0.000000 -3.141593
  time 55
    0 0.000000 0.000000 0.000000 0.000000 0.000000 -0.000007
    1 0.000000 2.709942 -10.591393 0.000000 -1.570796 1.570796
    2 3.500857 9.013945 -0.640573 0.000000 -1.570796 0.000000
    3 -2.289403 -1.496114 0.973094 0.000000 0.000000 0.000000
    4 4.409996 0.000005 -0.000003 0.125364 -0.098705 0.273934
    5 10.079981 -0.000003 -0.000001 -0.000002 -0.000003 -0.533614
    6 0.000000 -0.000001 0.000000 -0.203375 0.000005 0.000001
    7 3.359990 0.000014 -0.000007 -0.406705 0.000000 0.000003
    8 6.719987 0.000030 -0.000015 -0.610135 -0.000002 0.000001
    9 3.500862 -5.725745 -0.640568 0.000000 -1.570795 3.141592
    10 -2.186730 3.179637 -0.996149 0.000000 0.000000 0.000000
    11 4.409998 -0.000001 0.000004 -0.320189 0.190119 0.343426
    12 10.079982 0.000014 0.000025 0.000004 0.000046 -0.696551
    13 0.000001 0.000004 0.000000 0.260932 -0.000001 0.000010
    14 3.359994 0.000032 0.000015 0.521848 -0.000007 0.000004
    15 6.719987 0.000057 0.000028 0.782753 0.000003 0.000003
    16 0.000000 0.000000 0.000000 1.565223 0.000000 -3.141592
    17 9.400439 -18.421541 -9.071305 2.257916 0.043385 -1.686345
    18 -0.118055 -0.108981 0.513327 -0.000047 -0.086523 0.000009
    19 4.409994 -0.000012 0.000012 0.000000 0.000000 0.000000
    20 -3.422661 1.711283 0.470872 0.018364 -0.593174 -0.075895
    21 1.410028 0.000010 0.000007 0.000006 0.000009 -0.987481
    22 0.993011 -0.000001 0.000006 0.000001 -0.000006 -0.761963
    23 -1.022532 1.571291 -0.406268 0.562009 -1.088038 -0.422346
    24 1.337718 0.000005 0.000002 -3.141591 -1.497669 3.135755
    25 1.180473 -0.000093 -0.000003 2.322271 -1.447922 -2.264049
    26 -0.666712 0.565948 -0.425195 0.276535 -1.168921 -0.243380
    27 1.311736 0.000006 0.000004 -3.109347 -1.501840 3.110658
    28 1.132875 -0.000003 -0.000005 -2.277655 -1.482347 2.251198
    29 -0.835869 -0.375753 -0.250998 -0.232083 -1.169899 0.124274
    30 1.303124 0.000019 0.000004 2.990854 -1.546793 -2.976011
    31 1.094648 -0.000011 -0.000003 -0.062804 -1.544912 0.032862
    32 -1.144743 -1.304737 0.171518 -0.974001 -1.088390 0.663341
    33 1.052849 0.000000 -0.000004 3.124857 -1.425270 3.135795
    34 0.916342 -0.000031 0.000001 3.141553 -1.536954 -3.129942
    35 -7.779457 -18.287500 -9.071115 0.920964 -0.035086 -1.593784
    36 -0.117880 -0.102734 -0.180849 0.000013 0.017066 0.000000
    37 4.409983 -0.000034 0.000004 0.000000 0.000000 0.000000
    38 -3.459356 1.711287 -0.541797 0.125169 -0.669906 3.034105
    39 -1.410028 -0.000005 -0.000014 0.000004 0.000001 -0.911659
    40 -0.993008 0.000010 -0.000011 0.000012 -0.000006 -0.908928
    41 -1.077398 1.571280 0.162236 0.351673 -1.124156 2.999846
    42 -1.337713 0.000003 -0.000002 3.078234 -1.322288 -3.107495
    43 -1.180471 0.000072 0.000002 0.222693 -1.503459 -0.194122
    44 -0.719599 0.565946 0.238754 -0.061928 -1.418387 -3.057538
    45 -1.311414 -0.000009 -0.000267 0.002810 -1.315827 0.001501
    46 -1.132872 0.000005 -0.000066 3.139362 -1.176202 -3.092139
    47 -1.239075 -1.304744 -0.314278 -1.430303 -0.982760 -2.003829
    48 -1.052850 0.000005 -0.000004 2.863323 -1.535755 3.140266
    49 -0.916342 0.000033 0.000003 3.130054 -1.386235 -3.118064
    50 -0.900585 -0.375762 0.090056 -0.779868 -1.244725 -2.521915
    51 -1.303123 -0.000014 0.000008 -0.004240 -1.451229 -0.001012
    52 -1.094650 0.000007 0.000003 -2.577326 -1.476285 2.574417
    53 0.000000 0.000000 0.000000 0.000000 0.000000 0.000000
    54 0.000000 0.000000 0.000000 0.000000 0.000000 -1.570796
    55 0.000000 0.000000 0.000000 0.000000 0.000000 -1.570796
    56 -2.000000 0.000000 0.000000 -1.570796 0.000000 0.174533
    57 -1.500000 0.000002 0.000000 -1.570796 0.000000 0.000000
    58 0.000000 0.500000 0.000000 -1.570796 0.261799 0.000000
    59 -0.000001 0.000000 0.000000 -3.141593 0.174533 0.000000
    60 0.000000 0.000000 -0.000001 -3.141593 0.174533 0.174533
    61 0.000000 0.000000 0.000000 -3.141593 0.349066 -0.174533
    62 0.000000 0.000000 0.000000 -1.570796 0.000000 0.000000
    63 0.000000 0.000000 0.000000 -1.570796 0.000000 0.000000
    64 0.000000 0.000000 0.000000 -1.570796 0.000000 0.000000
    65 0.000000 0.000000 0.000002 -1.570796 0.000000 0.000000
    66 0.000000 0.000000 0.000000 -1.570796 0.000000 0.000000
    67 0.000000 0.000001 0.000000 -1.570796 0.000000 0.000000
    68 0.000000 0.000000 0.000000 -1.570796 0.000000 0.000000
    69 0.000000 0.000000 0.000000 -1.570796 0.000000 0.000000
    70 0.000000 0.000000 0.000000 -1.570796 0.000000 0.000000
    71 0.000000 0.000000 0.000000 -1.570796 0.000000 0.000000
    72 0.000000 0.000000 0.000000 -1.570796 0.000000 0.000000
    73 0.000000 0.000000 0.000000 -1.570796 0.000000 0.000000
    74 -2.000000 0.000000 0.000000 1.570796 0.000000 0.174533
    75 -1.500000 -0.000001 -0.250000 1.570796 0.000000 0.000000
    76 -1.000000 0.250000 0.500000 1.570796 0.000000 0.000000
    77 0.000000 0.000000 0.000000 2.094395 0.000000 -3.141593
    78 0.000000 0.000000 0.000000 2.094395 0.000000 -3.141593
    79 0.000000 -0.200001 -0.200000 1.745329 0.000000 -3.141593
    80 0.000000 -0.000001 -0.000002 1.570796 0.000000 3.141593
    81 0.000000 0.000000 0.000000 1.570796 0.000000 -3.141593
    82 0.000000 0.000000 -0.000002 1.570796 0.000000 -3.141593
    83 0.000000 0.000000 0.000000 1.570796 0.000000 3.141593
    84 -0.000002 0.000000 0.000000 1.570796 0.000000 3.141593
    85 0.000000 0.000000 0.000000 1.570796 0.000000 3.141593
    86 0.000000 0.000000 0.000000 1.570796 0.000000 3.141593
    87 0.000000 0.000000 0.000000 1.570796 0.000000 -3.141593
    88 0.000000 0.000000 0.000000 1.570796 0.000000 -3.141593
    89 0.000000 0.000000 0.000000 1.570796 0.000000 3.141593
    90 0.000000 0.000000 0.000000 1.570796 0.000000 -3.141593
    91 0.000000 0.000000 0.000000 1.570796 0.000000 -3.141593
  time 56
    0 0.000000 0.000000 0.000000 0.000000 0.000000 -0.000007
    1 0.000000 2.709942 -10.591393 0.000000 -1.570796 1.570796
    2 3.500857 9.013945 -0.640573 0.000000 -1.570796 0.000000
    3 -2.289403 -1.496114 0.973094 0.000000 0.000000 0.000000
    4 4.409996 0.000005 -0.000003 0.125364 -0.098705 0.273977
    5 10.079981 -0.000003 -0.000001 -0.000002 -0.000003 -0.533773
    6 0.000000 -0.000001 0.000000 -0.202331 0.000005 0.000001
    7 3.359990 0.000014 -0.000007 -0.404697 0.000000 0.000003
    8 6.719987 0.000030 -0.000015 -0.607006 -0.000002 0.000001
    9 3.500862 -5.725745 -0.640568 0.000000 -1.570795 3.141592
    10 -2.186730 3.179637 -0.996149 0.000000 0.000000 0.000000
    11 4.409998 -0.000001 0.000004 -0.320704 0.189595 0.341999
    12 10.079982 0.000014 0.000025 0.000004 0.000046 -0.694659
    13 0.000001 0.000004 0.000000 0.260764 -0.000001 0.000010
    14 3.359994 0.000032 0.000015 0.521506 -0.000007 0.000004
    15 6.719987 0.000057 0.000028 0.782240 0.000003 0.000003
    16 0.000000 0.000000 0.000000 1.565187 0.000000 -3.141592
    17 9.392626 -18.425448 -9.059586 2.256853 0.042510 -1.685177
    18 -0.118055 -0.108981 0.513327 -0.000047 -0.086523 0.000009
    19 4.409994 -0.000012 0.000012 0.000000 0.000000 0.000000
    20 -3.422661 1.711283 0.470872 0.018364 -0.593174 -0.075895
    21 1.410028 0.000010 0.000007 0.000006 0.000009 -0.987481
    22 0.993011 -0.000001 0.000006 0.000001 -0.000006 -0.761963
    23 -1.022532 1.571291 -0.406268 0.562009 -1.088038 -0.422346
    24 1.337718 0.000005 0.000002 -3.141591 -1.497669 3.135755
    25 1.180473 -0.000093 -0.000003 2.322271 -1.447922 -2.264049
    26 -0.666712 0.565948 -0.425195 0.276535 -1.168921 -0.243380
    27 1.311736 0.000006 0.000004 -3.109347 -1.501840 3.110658
    28 1.132875 -0.000003 -0.000005 -2.277655 -1.482347 2.251198
    29 -0.835869 -0.375753 -0.250998 -0.232083 -1.169899 0.124274
    30 1.303124 0.000019 0.000004 2.990854 -1.546793 -2.976011
    31 1.094648 -0.000011 -0.000003 -0.062792 -1.544912 0.032874
    32 -1.144743 -1.304737 0.171518 -0.974001 -1.088390 0.663341
    33 1.052849 0.000000 -0.000004 3.124857 -1.425270 3.135795
    34 0.916342 -0.000031 0.000001 3.141553 -1.536954 -3.129942
    35 -7.779457 -18.287500 -9.071115 0.924311 -0.031722 -1.596240
    36 -0.117880 -0.102734 -0.180849 0.000013 0.017066 0.000000
    37 4.409983 -0.000034 0.000004 0.000000 0.000000 0.000000
    38 -3.459356 1.711287 -0.541797 0.125169 -0.669906 3.034105
    39 -1.410028 -0.000005 -0.000014 0.000004 0.000001 -0.911659
    40 -0.993008 0.000010 -0.000011 0.000012 -0.000006 -0.908928
    41 -1.077398 1.571280 0.162236 0.351673 -1.124156 2.999846
    42 -1.337713 0.000003 -0.000002 3.078234 -1.322288 -3.107495
    43 -1.180471 0.000072 0.000002 0.222693 -1.503459 -0.194122
    44 -0.719599 0.565946 0.238754 -0.061928 -1.418387 -3.057514
    45 -1.311414 -0.000009 -0.000267 0.002810 -1.315827 0.001501
    46 -1.132872 0.000005 -0.000066 3.139362 -1.176202 -3.092139
    47 -1.239075 -1.304744 -0.314278 -1.430303 -0.982760 -2.003829
    48 -1.052850 0.000005 -0.000004 2.863323 -1.535755 3.140266
    49 -0.916342 0.000033 0.000003 3.130054 -1.386235 -3.118064
    50 -0.900585 -0.375762 0.090056 -0.779868 -1.244725 -2.521915
    51 -1.303123 -0.000014 0.000008 -0.004240 -1.451229 -0.001012
    52 -1.094650 0.000007 0.000003 -2.577326 -1.476285 2.574417
    53 0.000000 0.000000 0.000000 0.000000 0.000000 0.000000
    54 0.000000 0.000000 0.000000 0.000000 0.000000 -1.570796
    55 0.000000 0.000000 0.000000 0.000000 0.000000 -1.570796
    56 -2.000000 0.000000 0.000000 -1.570796 0.000000 0.174533
    57 -1.500000 0.000002 0.000000 -1.570796 0.000000 0.000000
    58 0.000000 0.500000 0.000000 -1.570796 0.261799 0.000000
    59 -0.000001 0.000000 0.000000 -3.141593 0.174533 0.000000
    60 0.000000 0.000000 -0.000001 -3.141593 0.174533 0.174533
    61 0.000000 0.000000 0.000000 -3.141593 0.349066 -0.174533
    62 0.000000 0.000000 0.000000 -1.570796 0.000000 0.000000
    63 0.000000 0.000000 0.000000 -1.570796 0.000000 0.000000
    64 0.000000 0.000000 0.000000 -1.570796 0.000000 0.000000
    65 0.000000 0.000000 0.000002 -1.570796 0.000000 0.000000
    66 0.000000 0.000000 0.000000 -1.570796 0.000000 0.000000
    67 0.000000 0.000001 0.000000 -1.570796 0.000000 0.000000
    68 0.000000 0.000000 0.000000 -1.570796 0.000000 0.000000
    69 0.000000 0.000000 0.000000 -1.570796 0.000000 0.000000
    70 0.000000 0.000000 0.000000 -1.570796 0.000000 0.000000
    71 0.000000 0.000000 0.000000 -1.570796 0.000000 0.000000
    72 0.000000 0.000000 0.000000 -1.570796 0.000000 0.000000
    73 0.000000 0.000000 0.000000 -1.570796 0.000000 0.000000
    74 -2.000000 0.000000 0.000000 1.570796 0.000000 0.174533
    75 -1.500000 -0.000001 -0.250000 1.570796 0.000000 0.000000
    76 -1.000000 0.250000 0.500000 1.570796 0.000000 0.000000
    77 0.000000 0.000000 0.000000 2.094395 0.000000 -3.141593
    78 0.000000 0.000000 0.000000 2.094395 0.000000 -3.141593
    79 0.000000 -0.200001 -0.200000 1.745329 0.000000 -3.141593
    80 0.000000 -0.000001 -0.000002 1.570796 0.000000 3.141593
    81 0.000000 0.000000 0.000000 1.570796 0.000000 -3.141593
    82 0.000000 0.000000 -0.000002 1.570796 0.000000 -3.141593
    83 0.000000 0.000000 0.000000 1.570796 0.000000 3.141593
    84 -0.000002 0.000000 0.000000 1.570796 0.000000 3.141593
    85 0.000000 0.000000 0.000000 1.570796 0.000000 3.141593
    86 0.000000 0.000000 0.000000 1.570796 0.000000 3.141593
    87 0.000000 0.000000 0.000000 1.570796 0.000000 -3.141593
    88 0.000000 0.000000 0.000000 1.570796 0.000000 -3.141593
    89 0.000000 0.000000 0.000000 1.570796 0.000000 3.141593
    90 0.000000 0.000000 0.000000 1.570796 0.000000 -3.141593
    91 0.000000 0.000000 0.000000 1.570796 0.000000 -3.141593
  time 57
    0 0.000000 0.000000 0.000000 0.000000 0.000000 -0.000007
    1 0.000000 2.709942 -10.591393 0.000000 -1.570796 1.570796
    2 3.500857 9.013945 -0.640573 0.000000 -1.570796 0.000000
    3 -2.289403 -1.496114 0.973094 0.000000 0.000000 0.000000
    4 4.409996 0.000005 -0.000003 0.125364 -0.098705 0.274064
    5 10.079981 -0.000003 -0.000001 -0.000002 -0.000003 -0.533984
    6 0.000000 -0.000001 0.000000 -0.201430 0.000005 0.000001
    7 3.359990 0.000014 -0.000007 -0.402842 0.000000 0.000003
    8 6.719987 0.000030 -0.000015 -0.604341 -0.000002 0.000001
    9 3.500862 -5.725745 -0.640568 0.000000 -1.570795 3.141592
    10 -2.186730 3.179637 -0.996149 0.000000 0.000000 0.000000
    11 4.409998 -0.000001 0.000004 -0.321286 0.189120 0.341001
    12 10.079982 0.000014 0.000025 0.000004 0.000046 -0.693477
    13 0.000001 0.000004 0.000000 0.260584 -0.000001 0.000010
    14 3.359994 0.000032 0.000015 0.521183 -0.000007 0.000004
    15 6.719987 0.000057 0.000028 0.781784 0.000003 0.000003
    16 0.000000 0.000000 0.000000 1.565211 0.000000 -3.141592
    17 9.388720 -18.429354 -9.055679 2.255751 0.041635 -1.683952
    18 -0.118055 -0.108981 0.513327 -0.000047 -0.086523 0.000009
    19 4.409994 -0.000012 0.000012 0.000000 0.000000 0.000000
    20 -3.422661 1.711283 0.470872 0.018364 -0.593174 -0.075895
    21 1.410028 0.000010 0.000007 0.000006 0.000009 -0.987481
    22 0.993011 -0.000001 0.000006 0.000001 -0.000006 -0.761963
    23 -1.022532 1.571291 -0.406268 0.562009 -1.088038 -0.422346
    24 1.337718 0.000005 0.000002 -3.141591 -1.497669 3.135755
    25 1.180473 -0.000093 -0.000003 2.322271 -1.447922 -2.264049
    26 -0.666712 0.565948 -0.425195 0.276535 -1.168921 -0.243380
    27 1.311736 0.000006 0.000004 -3.109347 -1.501840 3.110658
    28 1.132875 -0.000003 -0.000005 -2.277655 -1.482347 2.251198
    29 -0.835869 -0.375753 -0.250998 -0.232083 -1.169899 0.124274
    30 1.303124 0.000019 0.000004 2.990854 -1.546793 -2.976011
    31 1.094648 -0.000011 -0.000003 -0.062792 -1.544912 0.032862
    32 -1.144743 -1.304737 0.171518 -0.974001 -1.088390 0.663341
    33 1.052849 0.000000 -0.000004 3.124857 -1.425270 3.135795
    34 0.916342 -0.000031 0.000001 3.141553 -1.536954 -3.129942
    35 -7.779457 -18.287500 -9.071115 0.927120 -0.028579 -1.598442
    36 -0.117880 -0.102734 -0.180849 0.000013 0.017066 0.000000
    37 4.409983 -0.000034 0.000004 0.000000 0.000000 0.000000
    38 -3.459356 1.711287 -0.541797 0.125169 -0.669906 3.034105
    39 -1.410028 -0.000005 -0.000014 0.000004 0.000001 -0.911659
    40 -0.993008 0.000010 -0.000011 0.000012 -0.000006 -0.908928
    41 -1.077398 1.571280 0.162236 0.351673 -1.124156 2.999846
    42 -1.337713 0.000003 -0.000002 3.078234 -1.322288 -3.107495
    43 -1.180471 0.000072 0.000002 0.222705 -1.503459 -0.194122
    44 -0.719599 0.565946 0.238754 -0.061928 -1.418387 -3.057514
    45 -1.311414 -0.000009 -0.000267 0.002810 -1.315827 0.001501
    46 -1.132872 0.000005 -0.000066 3.139362 -1.176202 -3.092139
    47 -1.239075 -1.304744 -0.314278 -1.430303 -0.982760 -2.003829
    48 -1.052850 0.000005 -0.000004 2.863323 -1.535755 3.140266
    49 -0.916342 0.000033 0.000003 3.130054 -1.386235 -3.118064
    50 -0.900585 -0.375762 0.090056 -0.779868 -1.244725 -2.521915
    51 -1.303123 -0.000014 0.000008 -0.004240 -1.451229 -0.001012
    52 -1.094650 0.000007 0.000003 -2.577326 -1.476285 2.574417
    53 0.000000 0.000000 0.000000 0.000000 0.000000 0.000000
    54 0.000000 0.000000 0.000000 0.000000 0.000000 -1.570796
    55 0.000000 0.000000 0.000000 0.000000 0.000000 -1.570796
    56 -2.000000 0.000000 0.000000 -1.570796 0.000000 0.174533
    57 -1.500000 0.000002 0.000000 -1.570796 0.000000 0.000000
    58 0.000000 0.500000 0.000000 -1.570796 0.261799 0.000000
    59 -0.000001 0.000000 0.000000 -3.141593 0.174533 0.000000
    60 0.000000 0.000000 -0.000001 -3.141593 0.174533 0.174533
    61 0.000000 0.000000 0.000000 -3.141593 0.349066 -0.174533
    62 0.000000 0.000000 0.000000 -1.570796 0.000000 0.000000
    63 0.000000 0.000000 0.000000 -1.570796 0.000000 0.000000
    64 0.000000 0.000000 0.000000 -1.570796 0.000000 0.000000
    65 0.000000 0.000000 0.000002 -1.570796 0.000000 0.000000
    66 0.000000 0.000000 0.000000 -1.570796 0.000000 0.000000
    67 0.000000 0.000001 0.000000 -1.570796 0.000000 0.000000
    68 0.000000 0.000000 0.000000 -1.570796 0.000000 0.000000
    69 0.000000 0.000000 0.000000 -1.570796 0.000000 0.000000
    70 0.000000 0.000000 0.000000 -1.570796 0.000000 0.000000
    71 0.000000 0.000000 0.000000 -1.570796 0.000000 0.000000
    72 0.000000 0.000000 0.000000 -1.570796 0.000000 0.000000
    73 0.000000 0.000000 0.000000 -1.570796 0.000000 0.000000
    74 -2.000000 0.000000 0.000000 1.570796 0.000000 0.174533
    75 -1.500000 -0.000001 -0.250000 1.570796 0.000000 0.000000
    76 -1.000000 0.250000 0.500000 1.570796 0.000000 0.000000
    77 0.000000 0.000000 0.000000 2.094395 0.000000 -3.141593
    78 0.000000 0.000000 0.000000 2.094395 0.000000 -3.141593
    79 0.000000 -0.200001 -0.200000 1.745329 0.000000 -3.141593
    80 0.000000 -0.000001 -0.000002 1.570796 0.000000 3.141593
    81 0.000000 0.000000 0.000000 1.570796 0.000000 -3.141593
    82 0.000000 0.000000 -0.000002 1.570796 0.000000 -3.141593
    83 0.000000 0.000000 0.000000 1.570796 0.000000 3.141593
    84 -0.000002 0.000000 0.000000 1.570796 0.000000 3.141593
    85 0.000000 0.000000 0.000000 1.570796 0.000000 3.141593
    86 0.000000 0.000000 0.000000 1.570796 0.000000 3.141593
    87 0.000000 0.000000 0.000000 1.570796 0.000000 -3.141593
    88 0.000000 0.000000 0.000000 1.570796 0.000000 -3.141593
    89 0.000000 0.000000 0.000000 1.570796 0.000000 3.141593
    90 0.000000 0.000000 0.000000 1.570796 0.000000 -3.141593
    91 0.000000 0.000000 0.000000 1.570796 0.000000 -3.141593
  time 58
    0 0.000000 0.000000 0.000000 0.000000 0.000000 -0.000007
    1 0.000000 2.709942 -10.591393 0.000000 -1.570796 1.570796
    2 3.500857 9.013945 -0.640573 0.000000 -1.570796 0.000000
    3 -2.289403 -1.496114 0.973094 0.000000 0.000000 0.000000
    4 4.409996 0.000005 -0.000003 0.125437 -0.098597 0.274150
    5 10.079981 -0.000003 -0.000001 -0.000002 -0.000003 -0.534196
    6 0.000000 -0.000001 0.000000 -0.200696 0.000005 0.000001
    7 3.359990 0.000014 -0.000007 -0.401374 0.000000 0.000003
    8 6.719987 0.000030 -0.000015 -0.602139 -0.000002 0.000001
    9 3.500862 -5.725745 -0.640568 0.000000 -1.570795 3.141592
    10 -2.186730 3.179637 -0.996149 0.000000 0.000000 0.000000
    11 4.409998 -0.000001 0.000004 -0.322092 0.188711 0.340402
    12 10.079982 0.000014 0.000025 0.000004 0.000046 -0.692815
    13 0.000001 0.000004 0.000000 0.260428 -0.000001 0.000010
    14 3.359994 0.000032 0.000015 0.520879 -0.000007 0.000004
    15 6.719987 0.000057 0.000028 0.781328 0.000003 0.000003
    16 0.000000 0.000000 0.000000 1.565271 0.000000 -3.141592
    17 9.384813 -18.433260 -9.047867 2.254570 0.040833 -1.682839
    18 -0.118055 -0.108981 0.513327 -0.000047 -0.086523 0.000009
    19 4.409994 -0.000012 0.000012 0.000000 0.000000 0.000000
    20 -3.422661 1.711283 0.470872 0.018364 -0.593174 -0.075895
    21 1.410028 0.000010 0.000007 0.000006 0.000009 -0.987481
    22 0.993011 -0.000001 0.000006 0.000001 -0.000006 -0.761963
    23 -1.022532 1.571291 -0.406268 0.562009 -1.088038 -0.422346
    24 1.337718 0.000005 0.000002 -3.141591 -1.497669 3.135755
    25 1.180473 -0.000093 -0.000003 2.322271 -1.447922 -2.264049
    26 -0.666712 0.565948 -0.425195 0.276535 -1.168921 -0.243380
    27 1.311736 0.000006 0.000004 -3.109347 -1.501840 3.110658
    28 1.132875 -0.000003 -0.000005 -2.277655 -1.482347 2.251198
    29 -0.835869 -0.375753 -0.250998 -0.232083 -1.169899 0.124274
    30 1.303124 0.000019 0.000004 2.990854 -1.546793 -2.976011
    31 1.094648 -0.000011 -0.000003 -0.062816 -1.544912 0.032850
    32 -1.144743 -1.304737 0.171518 -0.974001 -1.088390 0.663341
    33 1.052849 0.000000 -0.000004 3.124857 -1.425270 3.135795
    34 0.916342 -0.000031 0.000001 3.141553 -1.536954 -3.129942
    35 -7.779457 -18.287500 -9.067208 0.929457 -0.025806 -1.600305
    36 -0.117880 -0.102734 -0.180849 0.000013 0.017066 0.000000
    37 4.409983 -0.000034 0.000004 0.000000 0.000000 0.000000
    38 -3.459356 1.711287 -0.541797 0.125169 -0.669906 3.034105
    39 -1.410028 -0.000005 -0.000014 0.000004 0.000001 -0.911659
    40 -0.993008 0.000010 -0.000011 0.000012 -0.000006 -0.908928
    41 -1.077398 1.571280 0.162236 0.351673 -1.124156 2.999846
    42 -1.337713 0.000003 -0.000002 3.078234 -1.322288 -3.107495
    43 -1.180471 0.000072 0.000002 0.222693 -1.503459 -0.194122
    44 -0.719599 0.565946 0.238754 -0.061928 -1.418387 -3.057514
    45 -1.311414 -0.000009 -0.000267 0.002810 -1.315827 0.001501
    46 -1.132872 0.000005 -0.000066 3.139362 -1.176202 -3.092139
    47 -1.239075 -1.304744 -0.314278 -1.430303 -0.982760 -2.003829
    48 -1.052850 0.000005 -0.000004 2.863323 -1.535755 3.140266
    49 -0.916342 0.000033 0.000003 3.130054 -1.386235 -3.118064
    50 -0.900585 -0.375762 0.090056 -0.779868 -1.244725 -2.521915
    51 -1.303123 -0.000014 0.000008 -0.004240 -1.451229 -0.001012
    52 -1.094650 0.000007 0.000003 -2.577326 -1.476285 2.574417
    53 0.000000 0.000000 0.000000 0.000000 0.000000 0.000000
    54 0.000000 0.000000 0.000000 0.000000 0.000000 -1.570796
    55 0.000000 0.000000 0.000000 0.000000 0.000000 -1.570796
    56 -2.000000 0.000000 0.000000 -1.570796 0.000000 0.174533
    57 -1.500000 0.000002 0.000000 -1.570796 0.000000 0.000000
    58 0.000000 0.500000 0.000000 -1.570796 0.261799 0.000000
    59 -0.000001 0.000000 0.000000 -3.141593 0.174533 0.000000
    60 0.000000 0.000000 -0.000001 -3.141593 0.174533 0.174533
    61 0.000000 0.000000 0.000000 -3.141593 0.349066 -0.174533
    62 0.000000 0.000000 0.000000 -1.570796 0.000000 0.000000
    63 0.000000 0.000000 0.000000 -1.570796 0.000000 0.000000
    64 0.000000 0.000000 0.000000 -1.570796 0.000000 0.000000
    65 0.000000 0.000000 0.000002 -1.570796 0.000000 0.000000
    66 0.000000 0.000000 0.000000 -1.570796 0.000000 0.000000
    67 0.000000 0.000001 0.000000 -1.570796 0.000000 0.000000
    68 0.000000 0.000000 0.000000 -1.570796 0.000000 0.000000
    69 0.000000 0.000000 0.000000 -1.570796 0.000000 0.000000
    70 0.000000 0.000000 0.000000 -1.570796 0.000000 0.000000
    71 0.000000 0.000000 0.000000 -1.570796 0.000000 0.000000
    72 0.000000 0.000000 0.000000 -1.570796 0.000000 0.000000
    73 0.000000 0.000000 0.000000 -1.570796 0.000000 0.000000
    74 -2.000000 0.000000 0.000000 1.570796 0.000000 0.174533
    75 -1.500000 -0.000001 -0.250000 1.570796 0.000000 0.000000
    76 -1.000000 0.250000 0.500000 1.570796 0.000000 0.000000
    77 0.000000 0.000000 0.000000 2.094395 0.000000 -3.141593
    78 0.000000 0.000000 0.000000 2.094395 0.000000 -3.141593
    79 0.000000 -0.200001 -0.200000 1.745329 0.000000 -3.141593
    80 0.000000 -0.000001 -0.000002 1.570796 0.000000 3.141593
    81 0.000000 0.000000 0.000000 1.570796 0.000000 -3.141593
    82 0.000000 0.000000 -0.000002 1.570796 0.000000 -3.141593
    83 0.000000 0.000000 0.000000 1.570796 0.000000 3.141593
    84 -0.000002 0.000000 0.000000 1.570796 0.000000 3.141593
    85 0.000000 0.000000 0.000000 1.570796 0.000000 3.141593
    86 0.000000 0.000000 0.000000 1.570796 0.000000 3.141593
    87 0.000000 0.000000 0.000000 1.570796 0.000000 -3.141593
    88 0.000000 0.000000 0.000000 1.570796 0.000000 -3.141593
    89 0.000000 0.000000 0.000000 1.570796 0.000000 3.141593
    90 0.000000 0.000000 0.000000 1.570796 0.000000 -3.141593
    91 0.000000 0.000000 0.000000 1.570796 0.000000 -3.141593
  time 59
    0 0.000000 0.000000 0.000000 0.000000 0.000000 -0.000007
    1 0.000000 2.709942 -10.591393 0.000000 -1.570796 1.570796
    2 3.500857 9.013945 -0.640573 0.000000 -1.570796 0.000000
    3 -2.289403 -1.496114 0.973094 0.000000 0.000000 0.000000
    4 4.409996 0.000005 -0.000003 0.125584 -0.098489 0.274150
    5 10.079981 -0.000003 -0.000001 -0.000002 -0.000003 -0.534354
    6 0.000000 -0.000001 0.000000 -0.200129 0.000005 0.000001
    7 3.359990 0.000014 -0.000007 -0.400292 0.000000 0.000003
    8 6.719987 0.000030 -0.000015 -0.600400 -0.000002 0.000001
    9 3.500862 -5.725745 -0.640568 0.000000 -1.570795 3.141592
    10 -2.186730 3.179637 -0.996149 0.000000 0.000000 0.000000
    11 4.409998 -0.000001 0.000004 -0.323122 0.188318 0.340031
    12 10.079982 0.000014 0.000025 0.000004 0.000046 -0.692578
    13 0.000001 0.000004 0.000000 0.260297 -0.000001 0.000010
    14 3.359994 0.000032 0.000015 0.520575 -0.000007 0.000004
    15 6.719987 0.000057 0.000028 0.780872 0.000003 0.000003
    16 0.000000 0.000000 0.000000 1.565391 0.000000 -3.141592
    17 9.384813 -18.433260 -9.028335 2.253271 0.040067 -1.681893
    18 -0.118055 -0.108981 0.513327 -0.000047 -0.086523 0.000009
    19 4.409994 -0.000012 0.000012 0.000000 0.000000 0.000000
    20 -3.422661 1.711283 0.470872 0.018364 -0.593174 -0.075895
    21 1.410028 0.000010 0.000007 0.000006 0.000009 -0.987481
    22 0.993011 -0.000001 0.000006 0.000001 -0.000006 -0.761963
    23 -1.022532 1.571291 -0.406268 0.562009 -1.088038 -0.422346
    24 1.337718 0.000005 0.000002 -3.141591 -1.497669 3.135755
    25 1.180473 -0.000093 -0.000003 2.322271 -1.447922 -2.264049
    26 -0.666712 0.565948 -0.425195 0.276535 -1.168921 -0.243380
    27 1.311736 0.000006 0.000004 -3.109347 -1.501840 3.110658
    28 1.132875 -0.000003 -0.000005 -2.277655 -1.482347 2.251198
    29 -0.835869 -0.375753 -0.250998 -0.232083 -1.169899 0.124274
    30 1.303124 0.000019 0.000004 2.990854 -1.546793 -2.976011
    31 1.094648 -0.000011 -0.000003 -0.062804 -1.544912 0.032850
    32 -1.144743 -1.304737 0.171518 -0.974001 -1.088390 0.663341
    33 1.052849 0.000000 -0.000004 3.124857 -1.425270 3.135795
    34 0.916342 -0.000031 0.000001 3.141553 -1.536954 -3.129942
    35 -7.779457 -18.287500 -9.067208 0.931225 -0.023551 -1.601830
    36 -0.117880 -0.102734 -0.180849 0.000013 0.017066 0.000000
    37 4.409983 -0.000034 0.000004 0.000000 0.000000 0.000000
    38 -3.459356 1.711287 -0.541797 0.125169 -0.669906 3.034105
    39 -1.410028 -0.000005 -0.000014 0.000004 0.000001 -0.911659
    40 -0.993008 0.000010 -0.000011 0.000012 -0.000006 -0.908928
    41 -1.077398 1.571280 0.162236 0.351673 -1.124156 2.999846
    42 -1.337713 0.000003 -0.000002 3.078234 -1.322288 -3.107495
    43 -1.180471 0.000072 0.000002 0.222693 -1.503459 -0.194122
    44 -0.719599 0.565946 0.238754 -0.061928 -1.418387 -3.057514
    45 -1.311414 -0.000009 -0.000267 0.002810 -1.315827 0.001501
    46 -1.132872 0.000005 -0.000066 3.139362 -1.176202 -3.092139
    47 -1.239075 -1.304744 -0.314278 -1.430303 -0.982760 -2.003829
    48 -1.052850 0.000005 -0.000004 2.863323 -1.535755 3.140266
    49 -0.916342 0.000033 0.000003 3.130054 -1.386235 -3.118064
    50 -0.900585 -0.375762 0.090056 -0.779868 -1.244725 -2.521915
    51 -1.303123 -0.000014 0.000008 -0.004240 -1.451229 -0.001012
    52 -1.094650 0.000007 0.000003 -2.577326 -1.476285 2.574417
    53 0.000000 0.000000 0.000000 0.000000 0.000000 0.000000
    54 0.000000 0.000000 0.000000 0.000000 0.000000 -1.570796
    55 0.000000 0.000000 0.000000 0.000000 0.000000 -1.570796
    56 -2.000000 0.000000 0.000000 -1.570796 0.000000 0.174533
    57 -1.500000 0.000002 0.000000 -1.570796 0.000000 0.000000
    58 0.000000 0.500000 0.000000 -1.570796 0.261799 0.000000
    59 -0.000001 0.000000 0.000000 -3.141593 0.174533 0.000000
    60 0.000000 0.000000 -0.000001 -3.141593 0.174533 0.174533
    61 0.000000 0.000000 0.000000 -3.141593 0.349066 -0.174533
    62 0.000000 0.000000 0.000000 -1.570796 0.000000 0.000000
    63 0.000000 0.000000 0.000000 -1.570796 0.000000 0.000000
    64 0.000000 0.000000 0.000000 -1.570796 0.000000 0.000000
    65 0.000000 0.000000 0.000002 -1.570796 0.000000 0.000000
    66 0.000000 0.000000 0.000000 -1.570796 0.000000 0.000000
    67 0.000000 0.000001 0.000000 -1.570796 0.000000 0.000000
    68 0.000000 0.000000 0.000000 -1.570796 0.000000 0.000000
    69 0.000000 0.000000 0.000000 -1.570796 0.000000 0.000000
    70 0.000000 0.000000 0.000000 -1.570796 0.000000 0.000000
    71 0.000000 0.000000 0.000000 -1.570796 0.000000 0.000000
    72 0.000000 0.000000 0.000000 -1.570796 0.000000 0.000000
    73 0.000000 0.000000 0.000000 -1.570796 0.000000 0.000000
    74 -2.000000 0.000000 0.000000 1.570796 0.000000 0.174533
    75 -1.500000 -0.000001 -0.250000 1.570796 0.000000 0.000000
    76 -1.000000 0.250000 0.500000 1.570796 0.000000 0.000000
    77 0.000000 0.000000 0.000000 2.094395 0.000000 -3.141593
    78 0.000000 0.000000 0.000000 2.094395 0.000000 -3.141593
    79 0.000000 -0.200001 -0.200000 1.745329 0.000000 -3.141593
    80 0.000000 -0.000001 -0.000002 1.570796 0.000000 3.141593
    81 0.000000 0.000000 0.000000 1.570796 0.000000 -3.141593
    82 0.000000 0.000000 -0.000002 1.570796 0.000000 -3.141593
    83 0.000000 0.000000 0.000000 1.570796 0.000000 3.141593
    84 -0.000002 0.000000 0.000000 1.570796 0.000000 3.141593
    85 0.000000 0.000000 0.000000 1.570796 0.000000 3.141593
    86 0.000000 0.000000 0.000000 1.570796 0.000000 3.141593
    87 0.000000 0.000000 0.000000 1.570796 0.000000 -3.141593
    88 0.000000 0.000000 0.000000 1.570796 0.000000 -3.141593
    89 0.000000 0.000000 0.000000 1.570796 0.000000 3.141593
    90 0.000000 0.000000 0.000000 1.570796 0.000000 -3.141593
    91 0.000000 0.000000 0.000000 1.570796 0.000000 -3.141593
  time 60
    0 0.000000 0.000000 0.000000 0.000000 0.000000 -0.000007
    1 0.000000 2.709942 -10.591393 0.000000 -1.570796 1.570796
    2 3.500857 9.013945 -0.640573 0.000000 -1.570796 0.000000
    3 -2.289403 -1.496114 0.973094 0.000000 0.000000 0.000000
    4 4.409996 0.000005 -0.000003 0.125804 -0.098317 0.274236
    5 10.079981 -0.000003 -0.000001 -0.000002 -0.000003 -0.534566
    6 0.000000 -0.000001 0.000000 -0.199769 0.000005 0.000001
    7 3.359990 0.000014 -0.000007 -0.399494 0.000000 0.000003
    8 6.719987 0.000030 -0.000015 -0.599318 -0.000002 0.000001
    9 3.500862 -5.725745 -0.640568 0.000000 -1.570795 3.141592
    10 -2.186730 3.179637 -0.996149 0.000000 0.000000 0.000000
    11 4.409998 -0.000001 0.000004 -0.324219 0.187941 0.339860
    12 10.079982 0.000014 0.000025 0.000004 0.000046 -0.692673
    13 0.000001 0.000004 0.000000 0.260141 -0.000001 0.000010
    14 3.359994 0.000032 0.000015 0.520271 -0.000007 0.000004
    15 6.719987 0.000057 0.000028 0.780416 0.000003 0.000003
    16 0.000000 0.000000 0.000000 1.565595 0.000000 -3.141592
    17 9.384813 -18.433260 -9.024428 2.251854 0.039411 -1.680947
    18 -0.118055 -0.108981 0.513327 -0.000047 -0.086523 0.000009
    19 4.409994 -0.000012 0.000012 0.000000 0.000000 0.000000
    20 -3.422661 1.711283 0.470872 0.018364 -0.593174 -0.075895
    21 1.410028 0.000010 0.000007 0.000006 0.000009 -0.987481
    22 0.993011 -0.000001 0.000006 0.000001 -0.000006 -0.761963
    23 -1.022532 1.571291 -0.406268 0.562009 -1.088038 -0.422346
    24 1.337718 0.000005 0.000002 -3.141591 -1.497669 3.135755
    25 1.180473 -0.000093 -0.000003 2.322271 -1.447922 -2.264049
    26 -0.666712 0.565948 -0.425195 0.276535 -1.168921 -0.243380
    27 1.311736 0.000006 0.000004 -3.109347 -1.501840 3.110658
    28 1.132875 -0.000003 -0.000005 -2.277655 -1.482347 2.251198
    29 -0.835869 -0.375753 -0.250998 -0.232083 -1.169899 0.124274
    30 1.303124 0.000019 0.000004 2.990854 -1.546793 -2.976011
    31 1.094648 -0.000011 -0.000003 -0.062816 -1.544912 0.032862
    32 -1.144743 -1.304737 0.171518 -0.974001 -1.088390 0.663341
    33 1.052849 0.000000 -0.000004 3.124857 -1.425270 3.135795
    34 0.916342 -0.000031 0.000001 3.141553 -1.536954 -3.129942
    35 -7.779457 -18.287500 -9.067208 0.932330 -0.021850 -1.603185
    36 -0.117880 -0.102734 -0.180849 0.000013 0.017066 0.000000
    37 4.409983 -0.000034 0.000004 0.000000 0.000000 0.000000
    38 -3.459356 1.711287 -0.541797 0.125169 -0.669906 3.034105
    39 -1.410028 -0.000005 -0.000014 0.000004 0.000001 -0.911659
    40 -0.993008 0.000010 -0.000011 0.000000 -0.000006 -0.908928
    41 -1.077398 1.571280 0.162236 0.351673 -1.124156 2.999846
    42 -1.337713 0.000003 -0.000002 3.078234 -1.322288 -3.107495
    43 -1.180471 0.000072 0.000002 0.222705 -1.503459 -0.194110
    44 -0.719599 0.565946 0.238754 -0.061928 -1.418387 -3.057514
    45 -1.311414 -0.000009 -0.000267 0.002810 -1.315827 0.001501
    46 -1.132872 0.000005 -0.000066 3.139362 -1.176202 -3.092139
    47 -1.239075 -1.304744 -0.314278 -1.430303 -0.982760 -2.003829
    48 -1.052850 0.000005 -0.000004 2.863323 -1.535755 3.140266
    49 -0.916342 0.000033 0.000003 3.130054 -1.386235 -3.118064
    50 -0.900585 -0.375762 0.090056 -0.779868 -1.244725 -2.521915
    51 -1.303123 -0.000014 0.000008 -0.004240 -1.451229 -0.001012
    52 -1.094650 0.000007 0.000003 -2.577326 -1.476285 2.574417
    53 0.000000 0.000000 0.000000 0.000000 0.000000 0.000000
    54 0.000000 0.000000 0.000000 0.000000 0.000000 -1.570796
    55 0.000000 0.000000 0.000000 0.000000 0.000000 -1.570796
    56 -2.000000 0.000000 0.000000 -1.570796 0.000000 0.174533
    57 -1.500000 0.000002 0.000000 -1.570796 0.000000 0.000000
    58 0.000000 0.500000 0.000000 -1.570796 0.261799 0.000000
    59 -0.000001 0.000000 0.000000 -3.141593 0.174533 0.000000
    60 0.000000 0.000000 -0.000001 -3.141593 0.174533 0.174533
    61 0.000000 0.000000 0.000000 -3.141593 0.349066 -0.174533
    62 0.000000 0.000000 0.000000 -1.570796 0.000000 0.000000
    63 0.000000 0.000000 0.000000 -1.570796 0.000000 0.000000
    64 0.000000 0.000000 0.000000 -1.570796 0.000000 0.000000
    65 0.000000 0.000000 0.000002 -1.570796 0.000000 0.000000
    66 0.000000 0.000000 0.000000 -1.570796 0.000000 0.000000
    67 0.000000 0.000001 0.000000 -1.570796 0.000000 0.000000
    68 0.000000 0.000000 0.000000 -1.570796 0.000000 0.000000
    69 0.000000 0.000000 0.000000 -1.570796 0.000000 0.000000
    70 0.000000 0.000000 0.000000 -1.570796 0.000000 0.000000
    71 0.000000 0.000000 0.000000 -1.570796 0.000000 0.000000
    72 0.000000 0.000000 0.000000 -1.570796 0.000000 0.000000
    73 0.000000 0.000000 0.000000 -1.570796 0.000000 0.000000
    74 -2.000000 0.000000 0.000000 1.570796 0.000000 0.174533
    75 -1.500000 -0.000001 -0.250000 1.570796 0.000000 0.000000
    76 -1.000000 0.250000 0.500000 1.570796 0.000000 0.000000
    77 0.000000 0.000000 0.000000 2.094395 0.000000 -3.141593
    78 0.000000 0.000000 0.000000 2.094395 0.000000 -3.141593
    79 0.000000 -0.200001 -0.200000 1.745329 0.000000 -3.141593
    80 0.000000 -0.000001 -0.000002 1.570796 0.000000 3.141593
    81 0.000000 0.000000 0.000000 1.570796 0.000000 -3.141593
    82 0.000000 0.000000 -0.000002 1.570796 0.000000 -3.141593
    83 0.000000 0.000000 0.000000 1.570796 0.000000 3.141593
    84 -0.000002 0.000000 0.000000 1.570796 0.000000 3.141593
    85 0.000000 0.000000 0.000000 1.570796 0.000000 3.141593
    86 0.000000 0.000000 0.000000 1.570796 0.000000 3.141593
    87 0.000000 0.000000 0.000000 1.570796 0.000000 -3.141593
    88 0.000000 0.000000 0.000000 1.570796 0.000000 -3.141593
    89 0.000000 0.000000 0.000000 1.570796 0.000000 3.141593
    90 0.000000 0.000000 0.000000 1.570796 0.000000 -3.141593
    91 0.000000 0.000000 0.000000 1.570796 0.000000 -3.141593
  time 61
    0 0.000000 0.000000 0.000000 0.000000 0.000000 -0.000007
    1 0.000000 2.709942 -10.591393 0.000000 -1.570796 1.570796
    2 3.500857 9.013945 -0.640573 0.000000 -1.570796 0.000000
    3 -2.289403 -1.496114 0.973094 0.000000 0.000000 0.000000
    4 4.409996 0.000005 -0.000003 0.126024 -0.098101 0.274323
    5 10.079981 -0.000003 -0.000001 -0.000002 -0.000003 -0.534724
    6 0.000000 -0.000001 0.000000 -0.199563 0.000005 0.000001
    7 3.359990 0.000014 -0.000007 -0.399133 0.000000 0.000003
    8 6.719987 0.000030 -0.000015 -0.598700 -0.000002 0.000001
    9 3.500862 -5.725745 -0.640568 0.000000 -1.570795 3.141592
    10 -2.186730 3.179637 -0.996149 0.000000 0.000000 0.000000
    11 4.409998 -0.000001 0.000004 -0.325383 0.187548 0.339860
    12 10.079982 0.000014 0.000025 0.000004 0.000046 -0.693051
    13 0.000001 0.000004 0.000000 0.259985 -0.000001 0.000010
    14 3.359994 0.000032 0.000015 0.519967 -0.000007 0.000004
    15 6.719987 0.000057 0.000028 0.779960 0.000003 0.000003
    16 0.000000 0.000000 0.000000 1.565774 0.000000 -3.141592
    17 9.384813 -18.433260 -9.008803 2.250437 0.038864 -1.680112
    18 -0.118055 -0.108981 0.513327 -0.000047 -0.086523 0.000009
    19 4.409994 -0.000012 0.000012 0.000000 0.000000 0.000000
    20 -3.422661 1.711283 0.470872 0.018364 -0.593174 -0.075895
    21 1.410028 0.000010 0.000007 0.000006 0.000009 -0.987481
    22 0.993011 -0.000001 0.000006 0.000001 -0.000006 -0.761963
    23 -1.022532 1.571291 -0.406268 0.562009 -1.088038 -0.422346
    24 1.337718 0.000005 0.000002 -3.141591 -1.497669 3.135755
    25 1.180473 -0.000093 -0.000003 2.322271 -1.447922 -2.264049
    26 -0.666712 0.565948 -0.425195 0.276535 -1.168921 -0.243380
    27 1.311736 0.000006 0.000004 -3.109347 -1.501840 3.110658
    28 1.132875 -0.000003 -0.000005 -2.277655 -1.482347 2.251198
    29 -0.835869 -0.375753 -0.250998 -0.232083 -1.169899 0.124274
    30 1.303124 0.000019 0.000004 2.990854 -1.546793 -2.976011
    31 1.094648 -0.000011 -0.000003 -0.062816 -1.544912 0.032850
    32 -1.144743 -1.304737 0.171518 -0.974001 -1.088390 0.663341
    33 1.052849 0.000000 -0.000004 3.124857 -1.425270 3.135795
    34 0.916342 -0.000031 0.000001 3.141553 -1.536954 -3.129942
    35 -7.779457 -18.287500 -9.063302 0.932867 -0.020556 -1.604032
    36 -0.117880 -0.102734 -0.180849 0.000013 0.017066 0.000000
    37 4.409983 -0.000034 0.000004 0.000000 0.000000 0.000000
    38 -3.459356 1.711287 -0.541797 0.125169 -0.669906 3.034105
    39 -1.410028 -0.000005 -0.000014 0.000004 0.000001 -0.911659
    40 -0.993008 0.000010 -0.000011 0.000012 -0.000006 -0.908928
    41 -1.077398 1.571280 0.162236 0.351673 -1.124156 2.999846
    42 -1.337713 0.000003 -0.000002 3.078234 -1.322288 -3.107495
    43 -1.180471 0.000072 0.000002 0.222693 -1.503459 -0.194110
    44 -0.719599 0.565946 0.238754 -0.061928 -1.418387 -3.057514
    45 -1.311414 -0.000009 -0.000267 0.002810 -1.315827 0.001501
    46 -1.132872 0.000005 -0.000066 3.139362 -1.176202 -3.092139
    47 -1.239075 -1.304744 -0.314278 -1.430303 -0.982760 -2.003829
    48 -1.052850 0.000005 -0.000004 2.863323 -1.535755 3.140266
    49 -0.916342 0.000033 0.000003 3.130054 -1.386235 -3.118064
    50 -0.900585 -0.375762 0.090056 -0.779868 -1.244725 -2.521915
    51 -1.303123 -0.000014 0.000008 -0.004240 -1.451229 -0.001012
    52 -1.094650 0.000007 0.000003 -2.577326 -1.476285 2.574417
    53 0.000000 0.000000 0.000000 0.000000 0.000000 0.000000
    54 0.000000 0.000000 0.000000 0.000000 0.000000 -1.570796
    55 0.000000 0.000000 0.000000 0.000000 0.000000 -1.570796
    56 -2.000000 0.000000 0.000000 -1.570796 0.000000 0.174533
    57 -1.500000 0.000002 0.000000 -1.570796 0.000000 0.000000
    58 0.000000 0.500000 0.000000 -1.570796 0.261799 0.000000
    59 -0.000001 0.000000 0.000000 -3.141593 0.174533 0.000000
    60 0.000000 0.000000 -0.000001 -3.141593 0.174533 0.174533
    61 0.000000 0.000000 0.000000 -3.141593 0.349066 -0.174533
    62 0.000000 0.000000 0.000000 -1.570796 0.000000 0.000000
    63 0.000000 0.000000 0.000000 -1.570796 0.000000 0.000000
    64 0.000000 0.000000 0.000000 -1.570796 0.000000 0.000000
    65 0.000000 0.000000 0.000002 -1.570796 0.000000 0.000000
    66 0.000000 0.000000 0.000000 -1.570796 0.000000 0.000000
    67 0.000000 0.000001 0.000000 -1.570796 0.000000 0.000000
    68 0.000000 0.000000 0.000000 -1.570796 0.000000 0.000000
    69 0.000000 0.000000 0.000000 -1.570796 0.000000 0.000000
    70 0.000000 0.000000 0.000000 -1.570796 0.000000 0.000000
    71 0.000000 0.000000 0.000000 -1.570796 0.000000 0.000000
    72 0.000000 0.000000 0.000000 -1.570796 0.000000 0.000000
    73 0.000000 0.000000 0.000000 -1.570796 0.000000 0.000000
    74 -2.000000 0.000000 0.000000 1.570796 0.000000 0.174533
    75 -1.500000 -0.000001 -0.250000 1.570796 0.000000 0.000000
    76 -1.000000 0.250000 0.500000 1.570796 0.000000 0.000000
    77 0.000000 0.000000 0.000000 2.094395 0.000000 -3.141593
    78 0.000000 0.000000 0.000000 2.094395 0.000000 -3.141593
    79 0.000000 -0.200001 -0.200000 1.745329 0.000000 -3.141593
    80 0.000000 -0.000001 -0.000002 1.570796 0.000000 3.141593
    81 0.000000 0.000000 0.000000 1.570796 0.000000 -3.141593
    82 0.000000 0.000000 -0.000002 1.570796 0.000000 -3.141593
    83 0.000000 0.000000 0.000000 1.570796 0.000000 3.141593
    84 -0.000002 0.000000 0.000000 1.570796 0.000000 3.141593
    85 0.000000 0.000000 0.000000 1.570796 0.000000 3.141593
    86 0.000000 0.000000 0.000000 1.570796 0.000000 3.141593
    87 0.000000 0.000000 0.000000 1.570796 0.000000 -3.141593
    88 0.000000 0.000000 0.000000 1.570796 0.000000 -3.141593
    89 0.000000 0.000000 0.000000 1.570796 0.000000 3.141593
    90 0.000000 0.000000 0.000000 1.570796 0.000000 -3.141593
    91 0.000000 0.000000 0.000000 1.570796 0.000000 -3.141593
  time 62
    0 0.000000 0.000000 0.000000 0.000000 0.000000 -0.000007
    1 0.000000 2.709942 -10.591393 0.000000 -1.570796 1.570796
    2 3.500857 9.013945 -0.640573 0.000000 -1.570796 0.000000
    3 -2.289403 -1.496114 0.973094 0.000000 0.000000 0.000000
    4 4.409996 0.000005 -0.000003 0.126244 -0.097864 0.274409
    5 10.079981 -0.000003 -0.000001 -0.000002 -0.000003 -0.534989
    6 0.000000 -0.000001 0.000000 -0.199473 0.000005 0.000001
    7 3.359990 0.000014 -0.000007 -0.398927 0.000000 0.000003
    8 6.719987 0.000030 -0.000015 -0.598391 -0.000002 0.000001
    9 3.500862 -5.725745 -0.640568 0.000000 -1.570795 3.141592
    10 -2.186730 3.179637 -0.996149 0.000000 0.000000 0.000000
    11 4.409998 -0.000001 0.000004 -0.326637 0.187204 0.339917
    12 10.079982 0.000014 0.000025 0.000004 0.000046 -0.693524
    13 0.000001 0.000004 0.000000 0.259793 -0.000001 0.000010
    14 3.359994 0.000032 0.000015 0.519606 -0.000007 0.000004
    15 6.719987 0.000057 0.000028 0.779390 0.000003 0.000003
    16 0.000000 0.000000 0.000000 1.566014 0.000000 -3.141592
    17 9.384813 -18.433260 -8.993177 2.248902 0.038354 -1.679500
    18 -0.118055 -0.108981 0.513327 -0.000047 -0.086523 0.000009
    19 4.409994 -0.000012 0.000012 0.000000 0.000000 0.000000
    20 -3.422661 1.711283 0.470872 0.018364 -0.593174 -0.075895
    21 1.410028 0.000010 0.000007 0.000006 0.000009 -0.987481
    22 0.993011 -0.000001 0.000006 0.000001 -0.000006 -0.761963
    23 -1.022532 1.571291 -0.406268 0.562009 -1.088038 -0.422346
    24 1.337718 0.000005 0.000002 -3.141591 -1.497669 3.135755
    25 1.180473 -0.000093 -0.000003 2.322271 -1.447922 -2.264049
    26 -0.666712 0.565948 -0.425195 0.276535 -1.168921 -0.243380
    27 1.311736 0.000006 0.000004 -3.109347 -1.501840 3.110658
    28 1.132875 -0.000003 -0.000005 -2.277655 -1.482347 2.251198
    29 -0.835869 -0.375753 -0.250998 -0.232083 -1.169899 0.124274
    30 1.303124 0.000019 0.000004 2.990854 -1.546793 -2.976011
    31 1.094648 -0.000011 -0.000003 -0.062804 -1.544912 0.032862
    32 -1.144743 -1.304737 0.171518 -0.974001 -1.088390 0.663341
    33 1.052849 0.000000 -0.000004 3.124857 -1.425270 3.135795
    34 0.916342 -0.000031 0.000001 3.141553 -1.536954 -3.129942
    35 -7.779457 -18.287500 -9.059396 0.933024 -0.019373 -1.604879
    36 -0.117880 -0.102734 -0.180849 0.000013 0.017066 0.000000
    37 4.409983 -0.000034 0.000004 0.000000 0.000000 0.000000
    38 -3.459356 1.711287 -0.541797 0.125169 -0.669906 3.034105
    39 -1.410028 -0.000005 -0.000014 0.000004 0.000001 -0.911659
    40 -0.993008 0.000010 -0.000011 0.000012 -0.000006 -0.908928
    41 -1.077398 1.571280 0.162236 0.351673 -1.124156 2.999846
    42 -1.337713 0.000003 -0.000002 3.078234 -1.322288 -3.107495
    43 -1.180471 0.000072 0.000002 0.222693 -1.503459 -0.194122
    44 -0.719599 0.565946 0.238754 -0.061928 -1.418387 -3.057538
    45 -1.311414 -0.000009 -0.000267 0.002810 -1.315827 0.001501
    46 -1.132872 0.000005 -0.000066 3.139362 -1.176202 -3.092139
    47 -1.239075 -1.304744 -0.314278 -1.430303 -0.982760 -2.003829
    48 -1.052850 0.000005 -0.000004 2.863323 -1.535755 3.140266
    49 -0.916342 0.000033 0.000003 3.130054 -1.386235 -3.118064
    50 -0.900585 -0.375762 0.090056 -0.779868 -1.244725 -2.521915
    51 -1.303123 -0.000014 0.000008 -0.004240 -1.451229 -0.001012
    52 -1.094650 0.000007 0.000003 -2.577326 -1.476285 2.574417
    53 0.000000 0.000000 0.000000 0.000000 0.000000 0.000000
    54 0.000000 0.000000 0.000000 0.000000 0.000000 -1.570796
    55 0.000000 0.000000 0.000000 0.000000 0.000000 -1.570796
    56 -2.000000 0.000000 0.000000 -1.570796 0.000000 0.174533
    57 -1.500000 0.000002 0.000000 -1.570796 0.000000 0.000000
    58 0.000000 0.500000 0.000000 -1.570796 0.261799 0.000000
    59 -0.000001 0.000000 0.000000 -3.141593 0.174533 0.000000
    60 0.000000 0.000000 -0.000001 -3.141593 0.174533 0.174533
    61 0.000000 0.000000 0.000000 -3.141593 0.349066 -0.174533
    62 0.000000 0.000000 0.000000 -1.570796 0.000000 0.000000
    63 0.000000 0.000000 0.000000 -1.570796 0.000000 0.000000
    64 0.000000 0.000000 0.000000 -1.570796 0.000000 0.000000
    65 0.000000 0.000000 0.000002 -1.570796 0.000000 0.000000
    66 0.000000 0.000000 0.000000 -1.570796 0.000000 0.000000
    67 0.000000 0.000001 0.000000 -1.570796 0.000000 0.000000
    68 0.000000 0.000000 0.000000 -1.570796 0.000000 0.000000
    69 0.000000 0.000000 0.000000 -1.570796 0.000000 0.000000
    70 0.000000 0.000000 0.000000 -1.570796 0.000000 0.000000
    71 0.000000 0.000000 0.000000 -1.570796 0.000000 0.000000
    72 0.000000 0.000000 0.000000 -1.570796 0.000000 0.000000
    73 0.000000 0.000000 0.000000 -1.570796 0.000000 0.000000
    74 -2.000000 0.000000 0.000000 1.570796 0.000000 0.174533
    75 -1.500000 -0.000001 -0.250000 1.570796 0.000000 0.000000
    76 -1.000000 0.250000 0.500000 1.570796 0.000000 0.000000
    77 0.000000 0.000000 0.000000 2.094395 0.000000 -3.141593
    78 0.000000 0.000000 0.000000 2.094395 0.000000 -3.141593
    79 0.000000 -0.200001 -0.200000 1.745329 0.000000 -3.141593
    80 0.000000 -0.000001 -0.000002 1.570796 0.000000 3.141593
    81 0.000000 0.000000 0.000000 1.570796 0.000000 -3.141593
    82 0.000000 0.000000 -0.000002 1.570796 0.000000 -3.141593
    83 0.000000 0.000000 0.000000 1.570796 0.000000 3.141593
    84 -0.000002 0.000000 0.000000 1.570796 0.000000 3.141593
    85 0.000000 0.000000 0.000000 1.570796 0.000000 3.141593
    86 0.000000 0.000000 0.000000 1.570796 0.000000 3.141593
    87 0.000000 0.000000 0.000000 1.570796 0.000000 -3.141593
    88 0.000000 0.000000 0.000000 1.570796 0.000000 -3.141593
    89 0.000000 0.000000 0.000000 1.570796 0.000000 3.141593
    90 0.000000 0.000000 0.000000 1.570796 0.000000 -3.141593
    91 0.000000 0.000000 0.000000 1.570796 0.000000 -3.141593
  time 63
    0 0.000000 0.000000 0.000000 0.000000 0.000000 -0.000007
    1 0.000000 2.709942 -10.591393 0.000000 -1.570796 1.570796
    2 3.500857 9.013945 -0.640573 0.000000 -1.570796 0.000000
    3 -2.289403 -1.496114 0.973094 0.000000 0.000000 0.000000
    4 4.409996 0.000005 -0.000003 0.126464 -0.097584 0.274452
    5 10.079981 -0.000003 -0.000001 -0.000002 -0.000003 -0.535094
    6 0.000000 -0.000001 0.000000 -0.199486 0.000005 0.000001
    7 3.359990 0.000014 -0.000007 -0.398927 0.000000 0.000003
    8 6.719987 0.000030 -0.000015 -0.598468 -0.000002 0.000001
    9 3.500862 -5.725745 -0.640568 0.000000 -1.570795 3.141592
    10 -2.186730 3.179637 -0.996149 0.000000 0.000000 0.000000
    11 4.409998 -0.000001 0.000004 -0.327846 0.186844 0.340031
    12 10.079982 0.000014 0.000025 0.000004 0.000046 -0.694044
    13 0.000001 0.000004 0.000000 0.259589 -0.000001 0.000010
    14 3.359994 0.000032 0.000015 0.519188 -0.000007 0.000004
    15 6.719987 0.000057 0.000028 0.778820 0.000003 0.000003
    16 0.000000 0.000000 0.000000 1.566290 0.000000 -3.141592
    17 9.384813 -18.433260 -8.977552 2.247249 0.037916 -1.678888
    18 -0.118055 -0.108981 0.513327 -0.000047 -0.086523 0.000009
    19 4.409994 -0.000012 0.000012 0.000000 0.000000 0.000000
    20 -3.422661 1.711283 0.470872 0.018364 -0.593174 -0.075895
    21 1.410028 0.000010 0.000007 0.000006 0.000009 -0.987481
    22 0.993011 -0.000001 0.000006 0.000001 -0.000006 -0.761963
    23 -1.022532 1.571291 -0.406268 0.562009 -1.088038 -0.422346
    24 1.337718 0.000005 0.000002 -3.141591 -1.497669 3.135755
    25 1.180473 -0.000093 -0.000003 2.322271 -1.447922 -2.264049
    26 -0.666712 0.565948 -0.425195 0.276535 -1.168921 -0.243380
    27 1.311736 0.000006 0.000004 -3.109347 -1.501840 3.110658
    28 1.132875 -0.000003 -0.000005 -2.277655 -1.482347 2.251198
    29 -0.835869 -0.375753 -0.250998 -0.232083 -1.169899 0.124274
    30 1.303124 0.000019 0.000004 2.990854 -1.546793 -2.976011
    31 1.094648 -0.000011 -0.000003 -0.062792 -1.544912 0.032862
    32 -1.144743 -1.304737 0.171518 -0.974001 -1.088390 0.663341
    33 1.052849 0.000000 -0.000004 3.124857 -1.425270 3.135795
    34 0.916342 -0.000031 0.000001 3.141553 -1.536954 -3.129942
    35 -7.779457 -18.287500 -9.051583 0.932835 -0.018375 -1.605641
    36 -0.117880 -0.102734 -0.180849 0.000013 0.017066 0.000000
    37 4.409983 -0.000034 0.000004 0.000000 0.000000 0.000000
    38 -3.459356 1.711287 -0.541797 0.125169 -0.669906 3.034105
    39 -1.410028 -0.000005 -0.000014 0.000004 0.000001 -0.911659
    40 -0.993008 0.000010 -0.000011 0.000012 -0.000006 -0.908928
    41 -1.077398 1.571280 0.162236 0.351673 -1.124156 2.999846
    42 -1.337713 0.000003 -0.000002 3.078234 -1.322288 -3.107495
    43 -1.180471 0.000072 0.000002 0.222693 -1.503459 -0.194122
    44 -0.719599 0.565946 0.238754 -0.061928 -1.418387 -3.057514
    45 -1.311414 -0.000009 -0.000267 0.002810 -1.315827 0.001501
    46 -1.132872 0.000005 -0.000066 3.139362 -1.176202 -3.092139
    47 -1.239075 -1.304744 -0.314278 -1.430303 -0.982760 -2.003829
    48 -1.052850 0.000005 -0.000004 2.863323 -1.535755 3.140266
    49 -0.916342 0.000033 0.000003 3.130054 -1.386235 -3.118064
    50 -0.900585 -0.375762 0.090056 -0.779868 -1.244725 -2.521915
    51 -1.303123 -0.000014 0.000008 -0.004240 -1.451229 -0.001012
    52 -1.094650 0.000007 0.000003 -2.577326 -1.476285 2.574417
    53 0.000000 0.000000 0.000000 0.000000 0.000000 0.000000
    54 0.000000 0.000000 0.000000 0.000000 0.000000 -1.570796
    55 0.000000 0.000000 0.000000 0.000000 0.000000 -1.570796
    56 -2.000000 0.000000 0.000000 -1.570796 0.000000 0.174533
    57 -1.500000 0.000002 0.000000 -1.570796 0.000000 0.000000
    58 0.000000 0.500000 0.000000 -1.570796 0.261799 0.000000
    59 -0.000001 0.000000 0.000000 -3.141593 0.174533 0.000000
    60 0.000000 0.000000 -0.000001 -3.141593 0.174533 0.174533
    61 0.000000 0.000000 0.000000 -3.141593 0.349066 -0.174533
    62 0.000000 0.000000 0.000000 -1.570796 0.000000 0.000000
    63 0.000000 0.000000 0.000000 -1.570796 0.000000 0.000000
    64 0.000000 0.000000 0.000000 -1.570796 0.000000 0.000000
    65 0.000000 0.000000 0.000002 -1.570796 0.000000 0.000000
    66 0.000000 0.000000 0.000000 -1.570796 0.000000 0.000000
    67 0.000000 0.000001 0.000000 -1.570796 0.000000 0.000000
    68 0.000000 0.000000 0.000000 -1.570796 0.000000 0.000000
    69 0.000000 0.000000 0.000000 -1.570796 0.000000 0.000000
    70 0.000000 0.000000 0.000000 -1.570796 0.000000 0.000000
    71 0.000000 0.000000 0.000000 -1.570796 0.000000 0.000000
    72 0.000000 0.000000 0.000000 -1.570796 0.000000 0.000000
    73 0.000000 0.000000 0.000000 -1.570796 0.000000 0.000000
    74 -2.000000 0.000000 0.000000 1.570796 0.000000 0.174533
    75 -1.500000 -0.000001 -0.250000 1.570796 0.000000 0.000000
    76 -1.000000 0.250000 0.500000 1.570796 0.000000 0.000000
    77 0.000000 0.000000 0.000000 2.094395 0.000000 -3.141593
    78 0.000000 0.000000 0.000000 2.094395 0.000000 -3.141593
    79 0.000000 -0.200001 -0.200000 1.745329 0.000000 -3.141593
    80 0.000000 -0.000001 -0.000002 1.570796 0.000000 3.141593
    81 0.000000 0.000000 0.000000 1.570796 0.000000 -3.141593
    82 0.000000 0.000000 -0.000002 1.570796 0.000000 -3.141593
    83 0.000000 0.000000 0.000000 1.570796 0.000000 3.141593
    84 -0.000002 0.000000 0.000000 1.570796 0.000000 3.141593
    85 0.000000 0.000000 0.000000 1.570796 0.000000 3.141593
    86 0.000000 0.000000 0.000000 1.570796 0.000000 3.141593
    87 0.000000 0.000000 0.000000 1.570796 0.000000 -3.141593
    88 0.000000 0.000000 0.000000 1.570796 0.000000 -3.141593
    89 0.000000 0.000000 0.000000 1.570796 0.000000 3.141593
    90 0.000000 0.000000 0.000000 1.570796 0.000000 -3.141593
    91 0.000000 0.000000 0.000000 1.570796 0.000000 -3.141593
  time 64
    0 0.000000 0.000000 0.000000 0.000000 0.000000 -0.000007
    1 0.000000 2.709942 -10.591393 0.000000 -1.570796 1.570796
    2 3.500857 9.013945 -0.640573 0.000000 -1.570796 0.000000
    3 -2.289403 -1.496114 0.973094 0.000000 0.000000 0.000000
    4 4.409996 0.000005 -0.000003 0.126831 -0.097325 0.274582
    5 10.079981 -0.000003 -0.000001 -0.000002 -0.000003 -0.535359
    6 0.000000 -0.000001 0.000000 -0.199601 0.000005 0.000001
    7 3.359990 0.000014 -0.000007 -0.399236 0.000000 0.000003
    8 6.719987 0.000030 -0.000015 -0.598816 -0.000002 0.000001
    9 3.500862 -5.725745 -0.640568 0.000000 -1.570795 3.141592
    10 -2.186730 3.179637 -0.996149 0.000000 0.000000 0.000000
    11 4.409998 -0.000001 0.000004 -0.329010 0.186533 0.340117
    12 10.079982 0.000014 0.000025 0.000004 0.000046 -0.694517
    13 0.000001 0.000004 0.000000 0.259362 -0.000001 0.000010
    14 3.359994 0.000032 0.000015 0.518732 -0.000007 0.000004
    15 6.719987 0.000057 0.000028 0.778079 0.000003 0.000003
    16 0.000000 0.000000 0.000000 1.566541 0.000000 -3.141592
    17 9.388720 -18.429354 -8.961926 2.245596 0.037661 -1.678499
    18 -0.118055 -0.108981 0.513327 -0.000047 -0.086523 0.000009
    19 4.409994 -0.000012 0.000012 0.000000 0.000000 0.000000
    20 -3.422661 1.711283 0.470872 0.018364 -0.593174 -0.075895
    21 1.410028 0.000010 0.000007 0.000006 0.000009 -0.987481
    22 0.993011 -0.000001 0.000006 0.000001 -0.000006 -0.761963
    23 -1.022532 1.571291 -0.406268 0.562009 -1.088038 -0.422346
    24 1.337718 0.000005 0.000002 -3.141591 -1.497669 3.135755
    25 1.180473 -0.000093 -0.000003 2.322271 -1.447922 -2.264049
    26 -0.666712 0.565948 -0.425195 0.276535 -1.168921 -0.243380
    27 1.311736 0.000006 0.000004 -3.109347 -1.501840 3.110658
    28 1.132875 -0.000003 -0.000005 -2.277655 -1.482347 2.251198
    29 -0.835869 -0.375753 -0.250998 -0.232083 -1.169899 0.124274
    30 1.303124 0.000019 0.000004 2.990854 -1.546793 -2.976011
    31 1.094648 -0.000011 -0.000003 -0.062804 -1.544912 0.032850
    32 -1.144743 -1.304737 0.171518 -0.974001 -1.088390 0.663341
    33 1.052849 0.000000 -0.000004 3.124857 -1.425270 3.135795
    34 0.916342 -0.000031 0.000001 3.141553 -1.536954 -3.129942
    35 -7.779457 -18.287500 -9.035957 0.932204 -0.017561 -1.606149
    36 -0.117880 -0.102734 -0.180849 0.000013 0.017066 0.000000
    37 4.409983 -0.000034 0.000004 0.000000 0.000000 0.000000
    38 -3.459356 1.711287 -0.541797 0.125169 -0.669906 3.034105
    39 -1.410028 -0.000005 -0.000014 0.000004 0.000001 -0.911659
    40 -0.993008 0.000010 -0.000011 0.000012 -0.000006 -0.908928
    41 -1.077398 1.571280 0.162236 0.351673 -1.124156 2.999846
    42 -1.337713 0.000003 -0.000002 3.078234 -1.322288 -3.107495
    43 -1.180471 0.000072 0.000002 0.222705 -1.503459 -0.194122
    44 -0.719599 0.565946 0.238754 -0.061928 -1.418387 -3.057526
    45 -1.311414 -0.000009 -0.000267 0.002810 -1.315827 0.001501
    46 -1.132872 0.000005 -0.000066 3.139362 -1.176202 -3.092139
    47 -1.239075 -1.304744 -0.314278 -1.430303 -0.982760 -2.003829
    48 -1.052850 0.000005 -0.000004 2.863323 -1.535755 3.140266
    49 -0.916342 0.000033 0.000003 3.130054 -1.386235 -3.118064
    50 -0.900585 -0.375762 0.090056 -0.779868 -1.244725 -2.521915
    51 -1.303123 -0.000014 0.000008 -0.004240 -1.451229 -0.001012
    52 -1.094650 0.000007 0.000003 -2.577326 -1.476285 2.574417
    53 0.000000 0.000000 0.000000 0.000000 0.000000 0.000000
    54 0.000000 0.000000 0.000000 0.000000 0.000000 -1.570796
    55 0.000000 0.000000 0.000000 0.000000 0.000000 -1.570796
    56 -2.000000 0.000000 0.000000 -1.570796 0.000000 0.174533
    57 -1.500000 0.000002 0.000000 -1.570796 0.000000 0.000000
    58 0.000000 0.500000 0.000000 -1.570796 0.261799 0.000000
    59 -0.000001 0.000000 0.000000 -3.141593 0.174533 0.000000
    60 0.000000 0.000000 -0.000001 -3.141593 0.174533 0.174533
    61 0.000000 0.000000 0.000000 -3.141593 0.349066 -0.174533
    62 0.000000 0.000000 0.000000 -1.570796 0.000000 0.000000
    63 0.000000 0.000000 0.000000 -1.570796 0.000000 0.000000
    64 0.000000 0.000000 0.000000 -1.570796 0.000000 0.000000
    65 0.000000 0.000000 0.000002 -1.570796 0.000000 0.000000
    66 0.000000 0.000000 0.000000 -1.570796 0.000000 0.000000
    67 0.000000 0.000001 0.000000 -1.570796 0.000000 0.000000
    68 0.000000 0.000000 0.000000 -1.570796 0.000000 0.000000
    69 0.000000 0.000000 0.000000 -1.570796 0.000000 0.000000
    70 0.000000 0.000000 0.000000 -1.570796 0.000000 0.000000
    71 0.000000 0.000000 0.000000 -1.570796 0.000000 0.000000
    72 0.000000 0.000000 0.000000 -1.570796 0.000000 0.000000
    73 0.000000 0.000000 0.000000 -1.570796 0.000000 0.000000
    74 -2.000000 0.000000 0.000000 1.570796 0.000000 0.174533
    75 -1.500000 -0.000001 -0.250000 1.570796 0.000000 0.000000
    76 -1.000000 0.250000 0.500000 1.570796 0.000000 0.000000
    77 0.000000 0.000000 0.000000 2.094395 0.000000 -3.141593
    78 0.000000 0.000000 0.000000 2.094395 0.000000 -3.141593
    79 0.000000 -0.200001 -0.200000 1.745329 0.000000 -3.141593
    80 0.000000 -0.000001 -0.000002 1.570796 0.000000 3.141593
    81 0.000000 0.000000 0.000000 1.570796 0.000000 -3.141593
    82 0.000000 0.000000 -0.000002 1.570796 0.000000 -3.141593
    83 0.000000 0.000000 0.000000 1.570796 0.000000 3.141593
    84 -0.000002 0.000000 0.000000 1.570796 0.000000 3.141593
    85 0.000000 0.000000 0.000000 1.570796 0.000000 3.141593
    86 0.000000 0.000000 0.000000 1.570796 0.000000 3.141593
    87 0.000000 0.000000 0.000000 1.570796 0.000000 -3.141593
    88 0.000000 0.000000 0.000000 1.570796 0.000000 -3.141593
    89 0.000000 0.000000 0.000000 1.570796 0.000000 3.141593
    90 0.000000 0.000000 0.000000 1.570796 0.000000 -3.141593
    91 0.000000 0.000000 0.000000 1.570796 0.000000 -3.141593
  time 65
    0 0.000000 0.000000 0.000000 0.000000 0.000000 -0.000007
    1 0.000000 2.709942 -10.591393 0.000000 -1.570796 1.570796
    2 3.500857 9.013945 -0.640573 0.000000 -1.570796 0.000000
    3 -2.289403 -1.496114 0.973094 0.000000 0.000000 0.000000
    4 4.409996 0.000005 -0.000003 0.127051 -0.097045 0.274625
    5 10.079981 -0.000003 -0.000001 -0.000002 -0.000003 -0.535570
    6 0.000000 -0.000001 0.000000 -0.199833 0.000005 0.000001
    7 3.359990 0.000014 -0.000007 -0.399674 0.000000 0.000003
    8 6.719987 0.000030 -0.000015 -0.599550 -0.000002 0.000001
    9 3.500862 -5.725745 -0.640568 0.000000 -1.570795 3.141592
    10 -2.186730 3.179637 -0.996149 0.000000 0.000000 0.000000
    11 4.409998 -0.000001 0.000004 -0.329995 0.186205 0.340117
    12 10.079982 0.000014 0.000025 0.000004 0.000046 -0.694848
    13 0.000001 0.000004 0.000000 0.259062 -0.000001 0.000010
    14 3.359994 0.000032 0.000015 0.518143 -0.000007 0.000004
    15 6.719987 0.000057 0.000028 0.777252 0.000003 0.000003
    16 0.000000 0.000000 0.000000 1.566829 0.000000 -3.141592
    17 9.388720 -18.429354 -8.946301 2.243864 0.037515 -1.678220
    18 -0.118055 -0.108981 0.513327 -0.000047 -0.086523 0.000009
    19 4.409994 -0.000012 0.000012 0.000000 0.000000 0.000000
    20 -3.422661 1.711283 0.470872 0.018364 -0.593174 -0.075895
    21 1.410028 0.000010 0.000007 0.000006 0.000009 -0.987481
    22 0.993011 -0.000001 0.000006 0.000001 -0.000006 -0.761963
    23 -1.022532 1.571291 -0.406268 0.562009 -1.088038 -0.422346
    24 1.337718 0.000005 0.000002 -3.141591 -1.497669 3.135755
    25 1.180473 -0.000093 -0.000003 2.322271 -1.447922 -2.264049
    26 -0.666712 0.565948 -0.425195 0.276535 -1.168921 -0.243380
    27 1.311736 0.000006 0.000004 -3.109347 -1.501840 3.110658
    28 1.132875 -0.000003 -0.000005 -2.277655 -1.482347 2.251198
    29 -0.835869 -0.375753 -0.250998 -0.232083 -1.169899 0.124274
    30 1.303124 0.000019 0.000004 2.990854 -1.546793 -2.976011
    31 1.094648 -0.000011 -0.000003 -0.062792 -1.544912 0.032862
    32 -1.144743 -1.304737 0.171518 -0.974001 -1.088390 0.663341
    33 1.052849 0.000000 -0.000004 3.124857 -1.425270 3.135795
    34 0.916342 -0.000031 0.000001 3.141553 -1.536954 -3.129942
    35 -7.779457 -18.287500 -9.035957 0.931225 -0.017007 -1.606573
    36 -0.117880 -0.102734 -0.180849 0.000013 0.017066 0.000000
    37 4.409983 -0.000034 0.000004 0.000000 0.000000 0.000000
    38 -3.459356 1.711287 -0.541797 0.125169 -0.669906 3.034105
    39 -1.410028 -0.000005 -0.000014 0.000004 0.000001 -0.911659
    40 -0.993008 0.000010 -0.000011 0.000012 -0.000006 -0.908928
    41 -1.077398 1.571280 0.162236 0.351673 -1.124156 2.999846
    42 -1.337713 0.000003 -0.000002 3.078234 -1.322288 -3.107495
    43 -1.180471 0.000072 0.000002 0.222705 -1.503459 -0.194122
    44 -0.719599 0.565946 0.238754 -0.061928 -1.418387 -3.057526
    45 -1.311414 -0.000009 -0.000267 0.002810 -1.315827 0.001501
    46 -1.132872 0.000005 -0.000066 3.139362 -1.176202 -3.092139
    47 -1.239075 -1.304744 -0.314278 -1.430303 -0.982760 -2.003829
    48 -1.052850 0.000005 -0.000004 2.863323 -1.535755 3.140266
    49 -0.916342 0.000033 0.000003 3.130054 -1.386235 -3.118064
    50 -0.900585 -0.375762 0.090056 -0.779868 -1.244725 -2.521915
    51 -1.303123 -0.000014 0.000008 -0.004240 -1.451229 -0.001012
    52 -1.094650 0.000007 0.000003 -2.577326 -1.476285 2.574417
    53 0.000000 0.000000 0.000000 0.000000 0.000000 0.000000
    54 0.000000 0.000000 0.000000 0.000000 0.000000 -1.570796
    55 0.000000 0.000000 0.000000 0.000000 0.000000 -1.570796
    56 -2.000000 0.000000 0.000000 -1.570796 0.000000 0.174533
    57 -1.500000 0.000002 0.000000 -1.570796 0.000000 0.000000
    58 0.000000 0.500000 0.000000 -1.570796 0.261799 0.000000
    59 -0.000001 0.000000 0.000000 -3.141593 0.174533 0.000000
    60 0.000000 0.000000 -0.000001 -3.141593 0.174533 0.174533
    61 0.000000 0.000000 0.000000 -3.141593 0.349066 -0.174533
    62 0.000000 0.000000 0.000000 -1.570796 0.000000 0.000000
    63 0.000000 0.000000 0.000000 -1.570796 0.000000 0.000000
    64 0.000000 0.000000 0.000000 -1.570796 0.000000 0.000000
    65 0.000000 0.000000 0.000002 -1.570796 0.000000 0.000000
    66 0.000000 0.000000 0.000000 -1.570796 0.000000 0.000000
    67 0.000000 0.000001 0.000000 -1.570796 0.000000 0.000000
    68 0.000000 0.000000 0.000000 -1.570796 0.000000 0.000000
    69 0.000000 0.000000 0.000000 -1.570796 0.000000 0.000000
    70 0.000000 0.000000 0.000000 -1.570796 0.000000 0.000000
    71 0.000000 0.000000 0.000000 -1.570796 0.000000 0.000000
    72 0.000000 0.000000 0.000000 -1.570796 0.000000 0.000000
    73 0.000000 0.000000 0.000000 -1.570796 0.000000 0.000000
    74 -2.000000 0.000000 0.000000 1.570796 0.000000 0.174533
    75 -1.500000 -0.000001 -0.250000 1.570796 0.000000 0.000000
    76 -1.000000 0.250000 0.500000 1.570796 0.000000 0.000000
    77 0.000000 0.000000 0.000000 2.094395 0.000000 -3.141593
    78 0.000000 0.000000 0.000000 2.094395 0.000000 -3.141593
    79 0.000000 -0.200001 -0.200000 1.745329 0.000000 -3.141593
    80 0.000000 -0.000001 -0.000002 1.570796 0.000000 3.141593
    81 0.000000 0.000000 0.000000 1.570796 0.000000 -3.141593
    82 0.000000 0.000000 -0.000002 1.570796 0.000000 -3.141593
    83 0.000000 0.000000 0.000000 1.570796 0.000000 3.141593
    84 -0.000002 0.000000 0.000000 1.570796 0.000000 3.141593
    85 0.000000 0.000000 0.000000 1.570796 0.000000 3.141593
    86 0.000000 0.000000 0.000000 1.570796 0.000000 3.141593
    87 0.000000 0.000000 0.000000 1.570796 0.000000 -3.141593
    88 0.000000 0.000000 0.000000 1.570796 0.000000 -3.141593
    89 0.000000 0.000000 0.000000 1.570796 0.000000 3.141593
    90 0.000000 0.000000 0.000000 1.570796 0.000000 -3.141593
    91 0.000000 0.000000 0.000000 1.570796 0.000000 -3.141593
  time 66
    0 0.000000 0.000000 0.000000 0.000000 0.000000 -0.000007
    1 0.000000 2.709942 -10.591393 0.000000 -1.570796 1.570796
    2 3.500857 9.013945 -0.640573 0.000000 -1.570796 0.000000
    3 -2.289403 -1.496114 0.973094 0.000000 0.000000 0.000000
    4 4.409996 0.000005 -0.000003 0.127418 -0.096743 0.274711
    5 10.079981 -0.000003 -0.000001 -0.000002 -0.000003 -0.535728
    6 0.000000 -0.000001 0.000000 -0.200194 0.000005 0.000001
    7 3.359990 0.000014 -0.000007 -0.400395 0.000000 0.000003
    8 6.719987 0.000030 -0.000015 -0.600593 -0.000002 0.000001
    9 3.500862 -5.725745 -0.640568 0.000000 -1.570795 3.141592
    10 -2.186730 3.179637 -0.996149 0.000000 0.000000 0.000000
    11 4.409998 -0.000001 0.000004 -0.330913 0.185927 0.340031
    12 10.079982 0.000014 0.000025 0.000004 0.000046 -0.695037
    13 0.000001 0.000004 0.000000 0.258751 -0.000001 0.000010
    14 3.359994 0.000032 0.000015 0.517497 -0.000007 0.000004
    15 6.719987 0.000057 0.000028 0.776284 0.000003 0.000003
    16 0.000000 0.000000 0.000000 1.567165 0.000000 -3.141592
    17 9.388720 -18.429354 -8.942395 2.242014 0.037442 -1.678053
    18 -0.118055 -0.108981 0.513327 -0.000047 -0.086523 0.000009
    19 4.409994 -0.000012 0.000012 0.000000 0.000000 0.000000
    20 -3.422661 1.711283 0.470872 0.018364 -0.593174 -0.075895
    21 1.410028 0.000010 0.000007 0.000006 0.000009 -0.987481
    22 0.993011 -0.000001 0.000006 0.000001 -0.000006 -0.761963
    23 -1.022532 1.571291 -0.406268 0.562009 -1.088038 -0.422346
    24 1.337718 0.000005 0.000002 -3.141591 -1.497669 3.135755
    25 1.180473 -0.000093 -0.000003 2.322271 -1.447922 -2.264049
    26 -0.666712 0.565948 -0.425195 0.276535 -1.168921 -0.243380
    27 1.311736 0.000006 0.000004 -3.109347 -1.501840 3.110658
    28 1.132875 -0.000003 -0.000005 -2.277655 -1.482347 2.251198
    29 -0.835869 -0.375753 -0.250998 -0.232083 -1.169899 0.124274
    30 1.303124 0.000019 0.000004 2.990854 -1.546793 -2.976011
    31 1.094648 -0.000011 -0.000003 -0.062816 -1.544912 0.032850
    32 -1.144743 -1.304737 0.171518 -0.974001 -1.088390 0.663341
    33 1.052849 0.000000 -0.000004 3.124857 -1.425270 3.135795
    34 0.916342 -0.000031 0.000001 3.141553 -1.536954 -3.129942
    35 -7.779457 -18.287500 -9.032051 0.929836 -0.016637 -1.606827
    36 -0.117880 -0.102734 -0.180849 0.000013 0.017066 0.000000
    37 4.409983 -0.000034 0.000004 0.000000 0.000000 0.000000
    38 -3.459356 1.711287 -0.541797 0.125169 -0.669906 3.034105
    39 -1.410028 -0.000005 -0.000014 0.000004 0.000001 -0.911659
    40 -0.993008 0.000010 -0.000011 0.000000 -0.000006 -0.908928
    41 -1.077398 1.571280 0.162236 0.351673 -1.124156 2.999846
    42 -1.337713 0.000003 -0.000002 3.078234 -1.322288 -3.107495
    43 -1.180471 0.000072 0.000002 0.222693 -1.503459 -0.194122
    44 -0.719599 0.565946 0.238754 -0.061928 -1.418387 -3.057526
    45 -1.311414 -0.000009 -0.000267 0.002810 -1.315827 0.001501
    46 -1.132872 0.000005 -0.000066 3.139362 -1.176202 -3.092139
    47 -1.239075 -1.304744 -0.314278 -1.430303 -0.982760 -2.003829
    48 -1.052850 0.000005 -0.000004 2.863323 -1.535755 3.140266
    49 -0.916342 0.000033 0.000003 3.130054 -1.386235 -3.118064
    50 -0.900585 -0.375762 0.090056 -0.779868 -1.244725 -2.521915
    51 -1.303123 -0.000014 0.000008 -0.004240 -1.451229 -0.001012
    52 -1.094650 0.000007 0.000003 -2.577326 -1.476285 2.574417
    53 0.000000 0.000000 0.000000 0.000000 0.000000 0.000000
    54 0.000000 0.000000 0.000000 0.000000 0.000000 -1.570796
    55 0.000000 0.000000 0.000000 0.000000 0.000000 -1.570796
    56 -2.000000 0.000000 0.000000 -1.570796 0.000000 0.174533
    57 -1.500000 0.000002 0.000000 -1.570796 0.000000 0.000000
    58 0.000000 0.500000 0.000000 -1.570796 0.261799 0.000000
    59 -0.000001 0.000000 0.000000 -3.141593 0.174533 0.000000
    60 0.000000 0.000000 -0.000001 -3.141593 0.174533 0.174533
    61 0.000000 0.000000 0.000000 -3.141593 0.349066 -0.174533
    62 0.000000 0.000000 0.000000 -1.570796 0.000000 0.000000
    63 0.000000 0.000000 0.000000 -1.570796 0.000000 0.000000
    64 0.000000 0.000000 0.000000 -1.570796 0.000000 0.000000
    65 0.000000 0.000000 0.000002 -1.570796 0.000000 0.000000
    66 0.000000 0.000000 0.000000 -1.570796 0.000000 0.000000
    67 0.000000 0.000001 0.000000 -1.570796 0.000000 0.000000
    68 0.000000 0.000000 0.000000 -1.570796 0.000000 0.000000
    69 0.000000 0.000000 0.000000 -1.570796 0.000000 0.000000
    70 0.000000 0.000000 0.000000 -1.570796 0.000000 0.000000
    71 0.000000 0.000000 0.000000 -1.570796 0.000000 0.000000
    72 0.000000 0.000000 0.000000 -1.570796 0.000000 0.000000
    73 0.000000 0.000000 0.000000 -1.570796 0.000000 0.000000
    74 -2.000000 0.000000 0.000000 1.570796 0.000000 0.174533
    75 -1.500000 -0.000001 -0.250000 1.570796 0.000000 0.000000
    76 -1.000000 0.250000 0.500000 1.570796 0.000000 0.000000
    77 0.000000 0.000000 0.000000 2.094395 0.000000 -3.141593
    78 0.000000 0.000000 0.000000 2.094395 0.000000 -3.141593
    79 0.000000 -0.200001 -0.200000 1.745329 0.000000 -3.141593
    80 0.000000 -0.000001 -0.000002 1.570796 0.000000 3.141593
    81 0.000000 0.000000 0.000000 1.570796 0.000000 -3.141593
    82 0.000000 0.000000 -0.000002 1.570796 0.000000 -3.141593
    83 0.000000 0.000000 0.000000 1.570796 0.000000 3.141593
    84 -0.000002 0.000000 0.000000 1.570796 0.000000 3.141593
    85 0.000000 0.000000 0.000000 1.570796 0.000000 3.141593
    86 0.000000 0.000000 0.000000 1.570796 0.000000 3.141593
    87 0.000000 0.000000 0.000000 1.570796 0.000000 -3.141593
    88 0.000000 0.000000 0.000000 1.570796 0.000000 -3.141593
    89 0.000000 0.000000 0.000000 1.570796 0.000000 3.141593
    90 0.000000 0.000000 0.000000 1.570796 0.000000 -3.141593
    91 0.000000 0.000000 0.000000 1.570796 0.000000 -3.141593
  time 67
    0 0.000000 0.000000 0.000000 0.000000 0.000000 -0.000007
    1 0.000000 2.709942 -10.591393 0.000000 -1.570796 1.570796
    2 3.500857 9.013945 -0.640573 0.000000 -1.570796 0.000000
    3 -2.289403 -1.496114 0.973094 0.000000 0.000000 0.000000
    4 4.409996 0.000005 -0.000003 0.127638 -0.096398 0.274841
    5 10.079981 -0.000003 -0.000001 -0.000002 -0.000003 -0.535940
    6 0.000000 -0.000001 0.000000 -0.200645 0.000005 0.000001
    7 3.359990 0.000014 -0.000007 -0.401245 0.000000 0.000003
    8 6.719987 0.000030 -0.000015 -0.601945 -0.000002 0.000001
    9 3.500862 -5.725745 -0.640568 0.000000 -1.570795 3.141592
    10 -2.186730 3.179637 -0.996149 0.000000 0.000000 0.000000
    11 4.409998 -0.000001 0.000004 -0.331764 0.185632 0.339974
    12 10.079982 0.000014 0.000025 0.000004 0.000046 -0.695274
    13 0.000001 0.000004 0.000000 0.258403 -0.000001 0.000010
    14 3.359994 0.000032 0.000015 0.516775 -0.000007 0.000004
    15 6.719987 0.000057 0.000028 0.775201 0.000003 0.000003
    16 0.000000 0.000000 0.000000 1.567464 0.000000 -3.141592
    17 9.388720 -18.429354 -8.930676 2.240046 0.037296 -1.677886
    18 -0.118055 -0.108981 0.513327 -0.000047 -0.086523 0.000009
    19 4.409994 -0.000012 0.000012 0.000000 0.000000 0.000000
    20 -3.422661 1.711283 0.470872 0.018364 -0.593174 -0.075895
    21 1.410028 0.000010 0.000007 0.000006 0.000009 -0.987481
    22 0.993011 -0.000001 0.000006 0.000001 -0.000006 -0.761963
    23 -1.022532 1.571291 -0.406268 0.562009 -1.088038 -0.422346
    24 1.337718 0.000005 0.000002 -3.141591 -1.497669 3.135755
    25 1.180473 -0.000093 -0.000003 2.322271 -1.447922 -2.264049
    26 -0.666712 0.565948 -0.425195 0.276535 -1.168921 -0.243380
    27 1.311736 0.000006 0.000004 -3.109347 -1.501840 3.110658
    28 1.132875 -0.000003 -0.000005 -2.277655 -1.482347 2.251198
    29 -0.835869 -0.375753 -0.250998 -0.232083 -1.169899 0.124274
    30 1.303124 0.000019 0.000004 2.990854 -1.546793 -2.976011
    31 1.094648 -0.000011 -0.000003 -0.062804 -1.544912 0.032862
    32 -1.144743 -1.304737 0.171518 -0.974001 -1.088390 0.663341
    33 1.052849 0.000000 -0.000004 3.124857 -1.425270 3.135795
    34 0.916342 -0.000031 0.000001 3.141553 -1.536954 -3.129942
    35 -7.779457 -18.287500 -9.020332 0.928068 -0.016452 -1.606996
    36 -0.117880 -0.102734 -0.180849 0.000013 0.017066 0.000000
    37 4.409983 -0.000034 0.000004 0.000000 0.000000 0.000000
    38 -3.459356 1.711287 -0.541797 0.125169 -0.669906 3.034105
    39 -1.410028 -0.000005 -0.000014 0.000004 0.000001 -0.911659
    40 -0.993008 0.000010 -0.000011 0.000012 -0.000006 -0.908928
    41 -1.077398 1.571280 0.162236 0.351673 -1.124156 2.999846
    42 -1.337713 0.000003 -0.000002 3.078234 -1.322288 -3.107495
    43 -1.180471 0.000072 0.000002 0.222705 -1.503459 -0.194122
    44 -0.719599 0.565946 0.238754 -0.061928 -1.418387 -3.057526
    45 -1.311414 -0.000009 -0.000267 0.002810 -1.315827 0.001501
    46 -1.132872 0.000005 -0.000066 3.139362 -1.176202 -3.092139
    47 -1.239075 -1.304744 -0.314278 -1.430303 -0.982760 -2.003829
    48 -1.052850 0.000005 -0.000004 2.863323 -1.535755 3.140266
    49 -0.916342 0.000033 0.000003 3.130054 -1.386235 -3.118064
    50 -0.900585 -0.375762 0.090056 -0.779868 -1.244725 -2.521915
    51 -1.303123 -0.000014 0.000008 -0.004240 -1.451229 -0.001012
    52 -1.094650 0.000007 0.000003 -2.577326 -1.476285 2.574417
    53 0.000000 0.000000 0.000000 0.000000 0.000000 0.000000
    54 0.000000 0.000000 0.000000 0.000000 0.000000 -1.570796
    55 0.000000 0.000000 0.000000 0.000000 0.000000 -1.570796
    56 -2.000000 0.000000 0.000000 -1.570796 0.000000 0.174533
    57 -1.500000 0.000002 0.000000 -1.570796 0.000000 0.000000
    58 0.000000 0.500000 0.000000 -1.570796 0.261799 0.000000
    59 -0.000001 0.000000 0.000000 -3.141593 0.174533 0.000000
    60 0.000000 0.000000 -0.000001 -3.141593 0.174533 0.174533
    61 0.000000 0.000000 0.000000 -3.141593 0.349066 -0.174533
    62 0.000000 0.000000 0.000000 -1.570796 0.000000 0.000000
    63 0.000000 0.000000 0.000000 -1.570796 0.000000 0.000000
    64 0.000000 0.000000 0.000000 -1.570796 0.000000 0.000000
    65 0.000000 0.000000 0.000002 -1.570796 0.000000 0.000000
    66 0.000000 0.000000 0.000000 -1.570796 0.000000 0.000000
    67 0.000000 0.000001 0.000000 -1.570796 0.000000 0.000000
    68 0.000000 0.000000 0.000000 -1.570796 0.000000 0.000000
    69 0.000000 0.000000 0.000000 -1.570796 0.000000 0.000000
    70 0.000000 0.000000 0.000000 -1.570796 0.000000 0.000000
    71 0.000000 0.000000 0.000000 -1.570796 0.000000 0.000000
    72 0.000000 0.000000 0.000000 -1.570796 0.000000 0.000000
    73 0.000000 0.000000 0.000000 -1.570796 0.000000 0.000000
    74 -2.000000 0.000000 0.000000 1.570796 0.000000 0.174533
    75 -1.500000 -0.000001 -0.250000 1.570796 0.000000 0.000000
    76 -1.000000 0.250000 0.500000 1.570796 0.000000 0.000000
    77 0.000000 0.000000 0.000000 2.094395 0.000000 -3.141593
    78 0.000000 0.000000 0.000000 2.094395 0.000000 -3.141593
    79 0.000000 -0.200001 -0.200000 1.745329 0.000000 -3.141593
    80 0.000000 -0.000001 -0.000002 1.570796 0.000000 3.141593
    81 0.000000 0.000000 0.000000 1.570796 0.000000 -3.141593
    82 0.000000 0.000000 -0.000002 1.570796 0.000000 -3.141593
    83 0.000000 0.000000 0.000000 1.570796 0.000000 3.141593
    84 -0.000002 0.000000 0.000000 1.570796 0.000000 3.141593
    85 0.000000 0.000000 0.000000 1.570796 0.000000 3.141593
    86 0.000000 0.000000 0.000000 1.570796 0.000000 3.141593
    87 0.000000 0.000000 0.000000 1.570796 0.000000 -3.141593
    88 0.000000 0.000000 0.000000 1.570796 0.000000 -3.141593
    89 0.000000 0.000000 0.000000 1.570796 0.000000 3.141593
    90 0.000000 0.000000 0.000000 1.570796 0.000000 -3.141593
    91 0.000000 0.000000 0.000000 1.570796 0.000000 -3.141593
  time 68
    0 0.000000 0.000000 0.000000 0.000000 0.000000 -0.000007
    1 0.000000 2.709942 -10.591393 0.000000 -1.570796 1.570796
    2 3.500857 9.013945 -0.640573 0.000000 -1.570796 0.000000
    3 -2.289403 -1.496114 0.973094 0.000000 0.000000 0.000000
    4 4.409996 0.000005 -0.000003 0.128005 -0.096075 0.274884
    5 10.079981 -0.000003 -0.000001 -0.000002 -0.000003 -0.536098
    6 0.000000 -0.000001 0.000000 -0.201198 0.000005 0.000001
    7 3.359990 0.000014 -0.000007 -0.402404 0.000000 0.000003
    8 6.719987 0.000030 -0.000015 -0.603645 -0.000002 0.000001
    9 3.500862 -5.725745 -0.640568 0.000000 -1.570795 3.141592
    10 -2.186730 3.179637 -0.996149 0.000000 0.000000 0.000000
    11 4.409998 -0.000001 0.000004 -0.332570 0.185370 0.339917
    12 10.079982 0.000014 0.000025 0.000004 0.000046 -0.695463
    13 0.000001 0.000004 0.000000 0.258007 -0.000001 0.000010
    14 3.359994 0.000032 0.000015 0.516015 -0.000007 0.000004
    15 6.719987 0.000057 0.000028 0.774061 0.000003 0.000003
    16 0.000000 0.000000 0.000000 1.567836 0.000000 -3.141592
    17 9.388720 -18.429354 -8.911144 2.237999 0.037296 -1.677775
    18 -0.118055 -0.108981 0.513327 -0.000047 -0.086523 0.000009
    19 4.409994 -0.000012 0.000012 0.000000 0.000000 0.000000
    20 -3.422661 1.711283 0.470872 0.018364 -0.593174 -0.075895
    21 1.410028 0.000010 0.000007 0.000006 0.000009 -0.987481
    22 0.993011 -0.000001 0.000006 0.000001 -0.000006 -0.761963
    23 -1.022532 1.571291 -0.406268 0.562009 -1.088038 -0.422346
    24 1.337718 0.000005 0.000002 -3.141591 -1.497669 3.135755
    25 1.180473 -0.000093 -0.000003 2.322271 -1.447922 -2.264049
    26 -0.666712 0.565948 -0.425195 0.276535 -1.168921 -0.243380
    27 1.311736 0.000006 0.000004 -3.109347 -1.501840 3.110658
    28 1.132875 -0.000003 -0.000005 -2.277655 -1.482347 2.251198
    29 -0.835869 -0.375753 -0.250998 -0.232083 -1.169899 0.124274
    30 1.303124 0.000019 0.000004 2.990854 -1.546793 -2.976011
    31 1.094648 -0.000011 -0.000003 -0.062804 -1.544912 0.032862
    32 -1.144743 -1.304737 0.171518 -0.974001 -1.088390 0.663341
    33 1.052849 0.000000 -0.000004 3.124857 -1.425270 3.135795
    34 0.916342 -0.000031 0.000001 3.141553 -1.536954 -3.129942
    35 -7.779457 -18.287500 -9.004706 0.925921 -0.016452 -1.606996
    36 -0.117880 -0.102734 -0.180849 0.000013 0.017066 0.000000
    37 4.409983 -0.000034 0.000004 0.000000 0.000000 0.000000
    38 -3.459356 1.711287 -0.541797 0.125169 -0.669920 3.034105
    39 -1.410028 -0.000005 -0.000014 0.000004 0.000001 -0.911659
    40 -0.993008 0.000010 -0.000011 0.000012 -0.000006 -0.908928
    41 -1.077398 1.571280 0.162236 0.351673 -1.124156 2.999846
    42 -1.337713 0.000003 -0.000002 3.078234 -1.322288 -3.107495
    43 -1.180471 0.000072 0.000002 0.222693 -1.503459 -0.194122
    44 -0.719599 0.565946 0.238754 -0.061928 -1.418387 -3.057538
    45 -1.311414 -0.000009 -0.000267 0.002810 -1.315827 0.001501
    46 -1.132872 0.000005 -0.000066 3.139362 -1.176202 -3.092139
    47 -1.239075 -1.304744 -0.314278 -1.430303 -0.982760 -2.003829
    48 -1.052850 0.000005 -0.000004 2.863323 -1.535755 3.140266
    49 -0.916342 0.000033 0.000003 3.130054 -1.386235 -3.118064
    50 -0.900585 -0.375762 0.090056 -0.779868 -1.244725 -2.521915
    51 -1.303123 -0.000014 0.000008 -0.004240 -1.451229 -0.001012
    52 -1.094650 0.000007 0.000003 -2.577326 -1.476285 2.574417
    53 0.000000 0.000000 0.000000 0.000000 0.000000 0.000000
    54 0.000000 0.000000 0.000000 0.000000 0.000000 -1.570796
    55 0.000000 0.000000 0.000000 0.000000 0.000000 -1.570796
    56 -2.000000 0.000000 0.000000 -1.570796 0.000000 0.174533
    57 -1.500000 0.000002 0.000000 -1.570796 0.000000 0.000000
    58 0.000000 0.500000 0.000000 -1.570796 0.261799 0.000000
    59 -0.000001 0.000000 0.000000 -3.141593 0.174533 0.000000
    60 0.000000 0.000000 -0.000001 -3.141593 0.174533 0.174533
    61 0.000000 0.000000 0.000000 -3.141593 0.349066 -0.174533
    62 0.000000 0.000000 0.000000 -1.570796 0.000000 0.000000
    63 0.000000 0.000000 0.000000 -1.570796 0.000000 0.000000
    64 0.000000 0.000000 0.000000 -1.570796 0.000000 0.000000
    65 0.000000 0.000000 0.000002 -1.570796 0.000000 0.000000
    66 0.000000 0.000000 0.000000 -1.570796 0.000000 0.000000
    67 0.000000 0.000001 0.000000 -1.570796 0.000000 0.000000
    68 0.000000 0.000000 0.000000 -1.570796 0.000000 0.000000
    69 0.000000 0.000000 0.000000 -1.570796 0.000000 0.000000
    70 0.000000 0.000000 0.000000 -1.570796 0.000000 0.000000
    71 0.000000 0.000000 0.000000 -1.570796 0.000000 0.000000
    72 0.000000 0.000000 0.000000 -1.570796 0.000000 0.000000
    73 0.000000 0.000000 0.000000 -1.570796 0.000000 0.000000
    74 -2.000000 0.000000 0.000000 1.570796 0.000000 0.174533
    75 -1.500000 -0.000001 -0.250000 1.570796 0.000000 0.000000
    76 -1.000000 0.250000 0.500000 1.570796 0.000000 0.000000
    77 0.000000 0.000000 0.000000 2.094395 0.000000 -3.141593
    78 0.000000 0.000000 0.000000 2.094395 0.000000 -3.141593
    79 0.000000 -0.200001 -0.200000 1.745329 0.000000 -3.141593
    80 0.000000 -0.000001 -0.000002 1.570796 0.000000 3.141593
    81 0.000000 0.000000 0.000000 1.570796 0.000000 -3.141593
    82 0.000000 0.000000 -0.000002 1.570796 0.000000 -3.141593
    83 0.000000 0.000000 0.000000 1.570796 0.000000 3.141593
    84 -0.000002 0.000000 0.000000 1.570796 0.000000 3.141593
    85 0.000000 0.000000 0.000000 1.570796 0.000000 3.141593
    86 0.000000 0.000000 0.000000 1.570796 0.000000 3.141593
    87 0.000000 0.000000 0.000000 1.570796 0.000000 -3.141593
    88 0.000000 0.000000 0.000000 1.570796 0.000000 -3.141593
    89 0.000000 0.000000 0.000000 1.570796 0.000000 3.141593
    90 0.000000 0.000000 0.000000 1.570796 0.000000 -3.141593
    91 0.000000 0.000000 0.000000 1.570796 0.000000 -3.141593
  time 69
    0 0.000000 0.000000 0.000000 0.000000 0.000000 -0.000007
    1 0.000000 2.709942 -10.591393 0.000000 -1.570796 1.570796
    2 3.500857 9.013945 -0.640573 0.000000 -1.570796 0.000000
    3 -2.289403 -1.496114 0.973094 0.000000 0.000000 0.000000
    4 4.409996 0.000005 -0.000003 0.128372 -0.095730 0.274970
    5 10.079981 -0.000003 -0.000001 -0.000002 -0.000003 -0.536310
    6 0.000000 -0.000001 0.000000 -0.201894 0.000005 0.000001
    7 3.359990 0.000014 -0.000007 -0.403769 0.000000 0.000003
    8 6.719987 0.000030 -0.000015 -0.605654 -0.000002 0.000001
    9 3.500862 -5.725745 -0.640568 0.000000 -1.570795 3.141592
    10 -2.186730 3.179637 -0.996149 0.000000 0.000000 0.000000
    11 4.409998 -0.000001 0.000004 -0.333376 0.185108 0.339860
    12 10.079982 0.000014 0.000025 0.000004 0.000046 -0.695652
    13 0.000001 0.000004 0.000000 0.257600 -0.000001 0.000010
    14 3.359994 0.000032 0.000015 0.515179 -0.000007 0.000004
    15 6.719987 0.000057 0.000028 0.772807 0.000003 0.000003
    16 0.000000 0.000000 0.000000 1.568183 0.000000 -3.141592
    17 9.388720 -18.429354 -8.911144 2.235913 0.037223 -1.677719
    18 -0.118055 -0.108981 0.513327 -0.000047 -0.086523 0.000009
    19 4.409994 -0.000012 0.000012 0.000000 0.000000 0.000000
    20 -3.422661 1.711283 0.470872 0.018364 -0.593174 -0.075895
    21 1.410028 0.000010 0.000007 0.000006 0.000009 -0.987481
    22 0.993011 -0.000001 0.000006 0.000001 -0.000006 -0.761963
    23 -1.022532 1.571291 -0.406268 0.562009 -1.088038 -0.422346
    24 1.337718 0.000005 0.000002 -3.141591 -1.497669 3.135755
    25 1.180473 -0.000093 -0.000003 2.322271 -1.447922 -2.264049
    26 -0.666712 0.565948 -0.425195 0.276535 -1.168921 -0.243380
    27 1.311736 0.000006 0.000004 -3.109347 -1.501840 3.110658
    28 1.132875 -0.000003 -0.000005 -2.277655 -1.482347 2.251198
    29 -0.835869 -0.375753 -0.250998 -0.232083 -1.169899 0.124274
    30 1.303124 0.000019 0.000004 2.990854 -1.546793 -2.976011
    31 1.094648 -0.000011 -0.000003 -0.062804 -1.544912 0.032862
    32 -1.144743 -1.304737 0.171518 -0.974001 -1.088390 0.663341
    33 1.052849 0.000000 -0.000004 3.124857 -1.425270 3.135795
    34 0.916342 -0.000031 0.000001 3.141553 -1.536954 -3.129942
    35 -7.779457 -18.287500 -9.004706 0.923395 -0.016637 -1.606827
    36 -0.117880 -0.102734 -0.180849 0.000013 0.017066 0.000000
    37 4.409983 -0.000034 0.000004 0.000000 0.000000 0.000000
    38 -3.459356 1.711287 -0.541797 0.125169 -0.669906 3.034105
    39 -1.410028 -0.000005 -0.000014 0.000004 0.000001 -0.911659
    40 -0.993008 0.000010 -0.000011 0.000012 -0.000006 -0.908928
    41 -1.077398 1.571280 0.162236 0.351673 -1.124156 2.999846
    42 -1.337713 0.000003 -0.000002 3.078234 -1.322288 -3.107495
    43 -1.180471 0.000072 0.000002 0.222705 -1.503459 -0.194122
    44 -0.719599 0.565946 0.238754 -0.061928 -1.418387 -3.057538
    45 -1.311414 -0.000009 -0.000267 0.002810 -1.315827 0.001501
    46 -1.132872 0.000005 -0.000066 3.139362 -1.176202 -3.092139
    47 -1.239075 -1.304744 -0.314278 -1.430303 -0.982760 -2.003829
    48 -1.052850 0.000005 -0.000004 2.863323 -1.535755 3.140266
    49 -0.916342 0.000033 0.000003 3.130054 -1.386235 -3.118064
    50 -0.900585 -0.375762 0.090056 -0.779868 -1.244725 -2.521915
    51 -1.303123 -0.000014 0.000008 -0.004240 -1.451229 -0.001012
    52 -1.094650 0.000007 0.000003 -2.577326 -1.476285 2.574417
    53 0.000000 0.000000 0.000000 0.000000 0.000000 0.000000
    54 0.000000 0.000000 0.000000 0.000000 0.000000 -1.570796
    55 0.000000 0.000000 0.000000 0.000000 0.000000 -1.570796
    56 -2.000000 0.000000 0.000000 -1.570796 0.000000 0.174533
    57 -1.500000 0.000002 0.000000 -1.570796 0.000000 0.000000
    58 0.000000 0.500000 0.000000 -1.570796 0.261799 0.000000
    59 -0.000001 0.000000 0.000000 -3.141593 0.174533 0.000000
    60 0.000000 0.000000 -0.000001 -3.141593 0.174533 0.174533
    61 0.000000 0.000000 0.000000 -3.141593 0.349066 -0.174533
    62 0.000000 0.000000 0.000000 -1.570796 0.000000 0.000000
    63 0.000000 0.000000 0.000000 -1.570796 0.000000 0.000000
    64 0.000000 0.000000 0.000000 -1.570796 0.000000 0.000000
    65 0.000000 0.000000 0.000002 -1.570796 0.000000 0.000000
    66 0.000000 0.000000 0.000000 -1.570796 0.000000 0.000000
    67 0.000000 0.000001 0.000000 -1.570796 0.000000 0.000000
    68 0.000000 0.000000 0.000000 -1.570796 0.000000 0.000000
    69 0.000000 0.000000 0.000000 -1.570796 0.000000 0.000000
    70 0.000000 0.000000 0.000000 -1.570796 0.000000 0.000000
    71 0.000000 0.000000 0.000000 -1.570796 0.000000 0.000000
    72 0.000000 0.000000 0.000000 -1.570796 0.000000 0.000000
    73 0.000000 0.000000 0.000000 -1.570796 0.000000 0.000000
    74 -2.000000 0.000000 0.000000 1.570796 0.000000 0.174533
    75 -1.500000 -0.000001 -0.250000 1.570796 0.000000 0.000000
    76 -1.000000 0.250000 0.500000 1.570796 0.000000 0.000000
    77 0.000000 0.000000 0.000000 2.094395 0.000000 -3.141593
    78 0.000000 0.000000 0.000000 2.094395 0.000000 -3.141593
    79 0.000000 -0.200001 -0.200000 1.745329 0.000000 -3.141593
    80 0.000000 -0.000001 -0.000002 1.570796 0.000000 3.141593
    81 0.000000 0.000000 0.000000 1.570796 0.000000 -3.141593
    82 0.000000 0.000000 -0.000002 1.570796 0.000000 -3.141593
    83 0.000000 0.000000 0.000000 1.570796 0.000000 3.141593
    84 -0.000002 0.000000 0.000000 1.570796 0.000000 3.141593
    85 0.000000 0.000000 0.000000 1.570796 0.000000 3.141593
    86 0.000000 0.000000 0.000000 1.570796 0.000000 3.141593
    87 0.000000 0.000000 0.000000 1.570796 0.000000 -3.141593
    88 0.000000 0.000000 0.000000 1.570796 0.000000 -3.141593
    89 0.000000 0.000000 0.000000 1.570796 0.000000 3.141593
    90 0.000000 0.000000 0.000000 1.570796 0.000000 -3.141593
    91 0.000000 0.000000 0.000000 1.570796 0.000000 -3.141593
  time 70
    0 0.000000 0.000000 0.000000 0.000000 0.000000 -0.000007
    1 0.000000 2.709942 -10.591393 0.000000 -1.570796 1.570796
    2 3.500857 9.013945 -0.640573 0.000000 -1.570796 0.000000
    3 -2.289403 -1.496114 0.973094 0.000000 0.000000 0.000000
    4 4.409996 0.000005 -0.000003 0.128812 -0.095342 0.275143
    5 10.079981 -0.000003 -0.000001 -0.000002 -0.000003 -0.536468
    6 0.000000 -0.000001 0.000000 -0.202666 0.000005 0.000001
    7 3.359990 0.000014 -0.000007 -0.405340 0.000000 0.000003
    8 6.719987 0.000030 -0.000015 -0.608049 -0.000002 0.000001
    9 3.500862 -5.725745 -0.640568 0.000000 -1.570795 3.141592
    10 -2.186730 3.179637 -0.996149 0.000000 0.000000 0.000000
    11 4.409998 -0.000001 0.000004 -0.334092 0.184846 0.339803
    12 10.079982 0.000014 0.000025 0.000004 0.000046 -0.695841
    13 0.000001 0.000004 0.000000 0.257157 -0.000001 0.000010
    14 3.359994 0.000032 0.000015 0.514305 -0.000007 0.000004
    15 6.719987 0.000057 0.000028 0.771496 0.000003 0.000003
    16 0.000000 0.000000 0.000000 1.568591 0.000000 -3.141592
    17 9.388720 -18.429354 -8.899425 2.233669 0.037223 -1.677719
    18 -0.118055 -0.108981 0.513327 -0.000047 -0.086523 0.000009
    19 4.409994 -0.000012 0.000012 0.000000 0.000000 0.000000
    20 -3.422661 1.711283 0.470872 0.018364 -0.593174 -0.075895
    21 1.410028 0.000010 0.000007 0.000006 0.000009 -0.987481
    22 0.993011 -0.000001 0.000006 0.000001 -0.000006 -0.761963
    23 -1.022532 1.571291 -0.406268 0.562009 -1.088038 -0.422346
    24 1.337718 0.000005 0.000002 -3.141591 -1.497669 3.135755
    25 1.180473 -0.000093 -0.000003 2.322271 -1.447922 -2.264049
    26 -0.666712 0.565948 -0.425195 0.276535 -1.168921 -0.243380
    27 1.311736 0.000006 0.000004 -3.109347 -1.501840 3.110658
    28 1.132875 -0.000003 -0.000005 -2.277655 -1.482347 2.251198
    29 -0.835869 -0.375753 -0.250998 -0.232083 -1.169899 0.124274
    30 1.303124 0.000019 0.000004 2.990854 -1.546793 -2.976011
    31 1.094648 -0.000011 -0.000003 -0.062804 -1.544912 0.032874
    32 -1.144743 -1.304737 0.171518 -0.974001 -1.088390 0.663341
    33 1.052849 0.000000 -0.000004 3.124857 -1.425270 3.135795
    34 0.916342 -0.000031 0.000001 3.141553 -1.536954 -3.129942
    35 -7.779457 -18.287500 -8.996894 0.920459 -0.017007 -1.606573
    36 -0.117880 -0.102734 -0.180849 0.000013 0.017066 0.000000
    37 4.409983 -0.000034 0.000004 0.000000 0.000000 0.000000
    38 -3.459356 1.711287 -0.541797 0.125169 -0.669906 3.034105
    39 -1.410028 -0.000005 -0.000014 0.000004 0.000001 -0.911659
    40 -0.993008 0.000010 -0.000011 0.000012 -0.000006 -0.908928
    41 -1.077398 1.571280 0.162236 0.351673 -1.124156 2.999846
    42 -1.337713 0.000003 -0.000002 3.078234 -1.322288 -3.107495
    43 -1.180471 0.000072 0.000002 0.222693 -1.503459 -0.194122
    44 -0.719599 0.565946 0.238754 -0.061928 -1.418387 -3.057526
    45 -1.311414 -0.000009 -0.000267 0.002810 -1.315827 0.001501
    46 -1.132872 0.000005 -0.000066 3.139362 -1.176202 -3.092139
    47 -1.239075 -1.304744 -0.314278 -1.430303 -0.982760 -2.003829
    48 -1.052850 0.000005 -0.000004 2.863323 -1.535755 3.140266
    49 -0.916342 0.000033 0.000003 3.130054 -1.386235 -3.118064
    50 -0.900585 -0.375762 0.090056 -0.779868 -1.244725 -2.521915
    51 -1.303123 -0.000014 0.000008 -0.004240 -1.451229 -0.001012
    52 -1.094650 0.000007 0.000003 -2.577326 -1.476285 2.574417
    53 0.000000 0.000000 0.000000 0.000000 0.000000 0.000000
    54 0.000000 0.000000 0.000000 0.000000 0.000000 -1.570796
    55 0.000000 0.000000 0.000000 0.000000 0.000000 -1.570796
    56 -2.000000 0.000000 0.000000 -1.570796 0.000000 0.174533
    57 -1.500000 0.000002 0.000000 -1.570796 0.000000 0.000000
    58 0.000000 0.500000 0.000000 -1.570796 0.261799 0.000000
    59 -0.000001 0.000000 0.000000 -3.141593 0.174533 0.000000
    60 0.000000 0.000000 -0.000001 -3.141593 0.174533 0.174533
    61 0.000000 0.000000 0.000000 -3.141593 0.349066 -0.174533
    62 0.000000 0.000000 0.000000 -1.570796 0.000000 0.000000
    63 0.000000 0.000000 0.000000 -1.570796 0.000000 0.000000
    64 0.000000 0.000000 0.000000 -1.570796 0.000000 0.000000
    65 0.000000 0.000000 0.000002 -1.570796 0.000000 0.000000
    66 0.000000 0.000000 0.000000 -1.570796 0.000000 0.000000
    67 0.000000 0.000001 0.000000 -1.570796 0.000000 0.000000
    68 0.000000 0.000000 0.000000 -1.570796 0.000000 0.000000
    69 0.000000 0.000000 0.000000 -1.570796 0.000000 0.000000
    70 0.000000 0.000000 0.000000 -1.570796 0.000000 0.000000
    71 0.000000 0.000000 0.000000 -1.570796 0.000000 0.000000
    72 0.000000 0.000000 0.000000 -1.570796 0.000000 0.000000
    73 0.000000 0.000000 0.000000 -1.570796 0.000000 0.000000
    74 -2.000000 0.000000 0.000000 1.570796 0.000000 0.174533
    75 -1.500000 -0.000001 -0.250000 1.570796 0.000000 0.000000
    76 -1.000000 0.250000 0.500000 1.570796 0.000000 0.000000
    77 0.000000 0.000000 0.000000 2.094395 0.000000 -3.141593
    78 0.000000 0.000000 0.000000 2.094395 0.000000 -3.141593
    79 0.000000 -0.200001 -0.200000 1.745329 0.000000 -3.141593
    80 0.000000 -0.000001 -0.000002 1.570796 0.000000 3.141593
    81 0.000000 0.000000 0.000000 1.570796 0.000000 -3.141593
    82 0.000000 0.000000 -0.000002 1.570796 0.000000 -3.141593
    83 0.000000 0.000000 0.000000 1.570796 0.000000 3.141593
    84 -0.000002 0.000000 0.000000 1.570796 0.000000 3.141593
    85 0.000000 0.000000 0.000000 1.570796 0.000000 3.141593
    86 0.000000 0.000000 0.000000 1.570796 0.000000 3.141593
    87 0.000000 0.000000 0.000000 1.570796 0.000000 -3.141593
    88 0.000000 0.000000 0.000000 1.570796 0.000000 -3.141593
    89 0.000000 0.000000 0.000000 1.570796 0.000000 3.141593
    90 0.000000 0.000000 0.000000 1.570796 0.000000 -3.141593
    91 0.000000 0.000000 0.000000 1.570796 0.000000 -3.141593
  time 71
    0 0.000000 0.000000 0.000000 0.000000 0.000000 -0.000007
    1 0.000000 2.709942 -10.591393 0.000000 -1.570796 1.570796
    2 3.500857 9.013945 -0.640573 0.000000 -1.570796 0.000000
    3 -2.289403 -1.496114 0.973094 0.000000 0.000000 0.000000
    4 4.409996 0.000005 -0.000003 0.129179 -0.094954 0.275186
    5 10.079981 -0.000003 -0.000001 -0.000002 -0.000003 -0.536680
    6 0.000000 -0.000001 0.000000 -0.203581 0.000005 0.000001
    7 3.359990 0.000014 -0.000007 -0.407143 0.000000 0.000003
    8 6.719987 0.000030 -0.000015 -0.610754 -0.000002 0.000001
    9 3.500862 -5.725745 -0.640568 0.000000 -1.570795 3.141592
    10 -2.186730 3.179637 -0.996149 0.000000 0.000000 0.000000
    11 4.409998 -0.000001 0.000004 -0.334786 0.184617 0.339746
    12 10.079982 0.000014 0.000025 0.000004 0.000046 -0.696078
    13 0.000001 0.000004 0.000000 0.256677 -0.000001 0.000010
    14 3.359994 0.000032 0.000015 0.513375 -0.000007 0.000004
    15 6.719987 0.000057 0.000028 0.770071 0.000003 0.000003
    16 0.000000 0.000000 0.000000 1.568974 0.000000 -3.141592
    17 9.388720 -18.429354 -8.895518 2.231426 0.037223 -1.677719
    18 -0.118055 -0.108981 0.513327 -0.000047 -0.086523 0.000009
    19 4.409994 -0.000012 0.000012 0.000000 0.000000 0.000000
    20 -3.422661 1.711283 0.470872 0.018364 -0.593174 -0.075895
    21 1.410028 0.000010 0.000007 0.000006 0.000009 -0.987481
    22 0.993011 -0.000001 0.000006 0.000001 -0.000006 -0.761963
    23 -1.022532 1.571291 -0.406268 0.562009 -1.088038 -0.422346
    24 1.337718 0.000005 0.000002 -3.141591 -1.497669 3.135755
    25 1.180473 -0.000093 -0.000003 2.322271 -1.447922 -2.264049
    26 -0.666712 0.565948 -0.425195 0.276535 -1.168921 -0.243380
    27 1.311736 0.000006 0.000004 -3.109347 -1.501840 3.110658
    28 1.132875 -0.000003 -0.000005 -2.277655 -1.482347 2.251198
    29 -0.835869 -0.375753 -0.250998 -0.232083 -1.169899 0.124274
    30 1.303124 0.000019 0.000004 2.990854 -1.546793 -2.976011
    31 1.094648 -0.000011 -0.000003 -0.062792 -1.544912 0.032862
    32 -1.144743 -1.304737 0.171518 -0.974001 -1.088390 0.663341
    33 1.052849 0.000000 -0.000004 3.124857 -1.425270 3.135795
    34 0.916342 -0.000031 0.000001 3.141553 -1.536954 -3.129942
    35 -7.779457 -18.287500 -8.985175 0.917144 -0.017561 -1.606149
    36 -0.117880 -0.102734 -0.180849 0.000013 0.017066 0.000000
    37 4.409983 -0.000034 0.000004 0.000000 0.000000 0.000000
    38 -3.459356 1.711287 -0.541797 0.125169 -0.669906 3.034105
    39 -1.410028 -0.000005 -0.000014 0.000004 0.000001 -0.911659
    40 -0.993008 0.000010 -0.000011 0.000012 -0.000006 -0.908928
    41 -1.077398 1.571280 0.162236 0.351673 -1.124156 2.999846
    42 -1.337713 0.000003 -0.000002 3.078234 -1.322288 -3.107495
    43 -1.180471 0.000072 0.000002 0.222693 -1.503459 -0.194122
    44 -0.719599 0.565946 0.238754 -0.061928 -1.418387 -3.057526
    45 -1.311414 -0.000009 -0.000267 0.002810 -1.315827 0.001501
    46 -1.132872 0.000005 -0.000066 3.139362 -1.176202 -3.092139
    47 -1.239075 -1.304744 -0.314278 -1.430303 -0.982760 -2.003829
    48 -1.052850 0.000005 -0.000004 2.863323 -1.535755 3.140266
    49 -0.916342 0.000033 0.000003 3.130054 -1.386235 -3.118064
    50 -0.900585 -0.375762 0.090056 -0.779868 -1.244725 -2.521915
    51 -1.303123 -0.000014 0.000008 -0.004240 -1.451229 -0.001012
    52 -1.094650 0.000007 0.000003 -2.577326 -1.476285 2.574417
    53 0.000000 0.000000 0.000000 0.000000 0.000000 0.000000
    54 0.000000 0.000000 0.000000 0.000000 0.000000 -1.570796
    55 0.000000 0.000000 0.000000 0.000000 0.000000 -1.570796
    56 -2.000000 0.000000 0.000000 -1.570796 0.000000 0.174533
    57 -1.500000 0.000002 0.000000 -1.570796 0.000000 0.000000
    58 0.000000 0.500000 0.000000 -1.570796 0.261799 0.000000
    59 -0.000001 0.000000 0.000000 -3.141593 0.174533 0.000000
    60 0.000000 0.000000 -0.000001 -3.141593 0.174533 0.174533
    61 0.000000 0.000000 0.000000 -3.141593 0.349066 -0.174533
    62 0.000000 0.000000 0.000000 -1.570796 0.000000 0.000000
    63 0.000000 0.000000 0.000000 -1.570796 0.000000 0.000000
    64 0.000000 0.000000 0.000000 -1.570796 0.000000 0.000000
    65 0.000000 0.000000 0.000002 -1.570796 0.000000 0.000000
    66 0.000000 0.000000 0.000000 -1.570796 0.000000 0.000000
    67 0.000000 0.000001 0.000000 -1.570796 0.000000 0.000000
    68 0.000000 0.000000 0.000000 -1.570796 0.000000 0.000000
    69 0.000000 0.000000 0.000000 -1.570796 0.000000 0.000000
    70 0.000000 0.000000 0.000000 -1.570796 0.000000 0.000000
    71 0.000000 0.000000 0.000000 -1.570796 0.000000 0.000000
    72 0.000000 0.000000 0.000000 -1.570796 0.000000 0.000000
    73 0.000000 0.000000 0.000000 -1.570796 0.000000 0.000000
    74 -2.000000 0.000000 0.000000 1.570796 0.000000 0.174533
    75 -1.500000 -0.000001 -0.250000 1.570796 0.000000 0.000000
    76 -1.000000 0.250000 0.500000 1.570796 0.000000 0.000000
    77 0.000000 0.000000 0.000000 2.094395 0.000000 -3.141593
    78 0.000000 0.000000 0.000000 2.094395 0.000000 -3.141593
    79 0.000000 -0.200001 -0.200000 1.745329 0.000000 -3.141593
    80 0.000000 -0.000001 -0.000002 1.570796 0.000000 3.141593
    81 0.000000 0.000000 0.000000 1.570796 0.000000 -3.141593
    82 0.000000 0.000000 -0.000002 1.570796 0.000000 -3.141593
    83 0.000000 0.000000 0.000000 1.570796 0.000000 3.141593
    84 -0.000002 0.000000 0.000000 1.570796 0.000000 3.141593
    85 0.000000 0.000000 0.000000 1.570796 0.000000 3.141593
    86 0.000000 0.000000 0.000000 1.570796 0.000000 3.141593
    87 0.000000 0.000000 0.000000 1.570796 0.000000 -3.141593
    88 0.000000 0.000000 0.000000 1.570796 0.000000 -3.141593
    89 0.000000 0.000000 0.000000 1.570796 0.000000 3.141593
    90 0.000000 0.000000 0.000000 1.570796 0.000000 -3.141593
    91 0.000000 0.000000 0.000000 1.570796 0.000000 -3.141593
  time 72
    0 0.000000 0.000000 0.000000 0.000000 0.000000 -0.000007
    1 0.000000 2.709942 -10.591393 0.000000 -1.570796 1.570796
    2 3.500857 9.013945 -0.640573 0.000000 -1.570796 0.000000
    3 -2.289403 -1.496114 0.973094 0.000000 0.000000 0.000000
    4 4.409996 0.000005 -0.000003 0.129619 -0.094566 0.275359
    5 10.079981 -0.000003 -0.000001 -0.000002 -0.000003 -0.536838
    6 0.000000 -0.000001 0.000000 -0.204598 0.000005 0.000001
    7 3.359990 0.000014 -0.000007 -0.409152 0.000000 0.000003
    8 6.719987 0.000030 -0.000015 -0.613806 -0.000002 0.000001
    9 3.500862 -5.725745 -0.640568 0.000000 -1.570795 3.141592
    10 -2.186730 3.179637 -0.996149 0.000000 0.000000 0.000000
    11 4.409998 -0.000001 0.000004 -0.335480 0.184404 0.339689
    12 10.079982 0.000014 0.000025 0.000004 0.000046 -0.696267
    13 0.000001 0.000004 0.000000 0.256186 -0.000001 0.000010
    14 3.359994 0.000032 0.000015 0.512368 -0.000007 0.000004
    15 6.719987 0.000057 0.000028 0.768561 0.000003 0.000003
    16 0.000000 0.000000 0.000000 1.569430 0.000000 -3.141592
    17 9.388720 -18.429354 -8.879893 2.228985 0.037296 -1.677775
    18 -0.118055 -0.108981 0.513327 -0.000047 -0.086523 0.000009
    19 4.409994 -0.000012 0.000012 0.000000 0.000000 0.000000
    20 -3.422661 1.711283 0.470872 0.018364 -0.593174 -0.075895
    21 1.410028 0.000010 0.000007 0.000006 0.000009 -0.987481
    22 0.993011 -0.000001 0.000006 0.000001 -0.000006 -0.761963
    23 -1.022532 1.571291 -0.406268 0.562009 -1.088038 -0.422346
    24 1.337718 0.000005 0.000002 -3.141591 -1.497669 3.135755
    25 1.180473 -0.000093 -0.000003 2.322271 -1.447922 -2.264049
    26 -0.666712 0.565948 -0.425195 0.276535 -1.168921 -0.243380
    27 1.311736 0.000006 0.000004 -3.109347 -1.501840 3.110658
    28 1.132875 -0.000003 -0.000005 -2.277655 -1.482347 2.251198
    29 -0.835869 -0.375753 -0.250998 -0.232083 -1.169899 0.124274
    30 1.303124 0.000019 0.000004 2.990854 -1.546793 -2.976011
    31 1.094648 -0.000011 -0.000003 -0.062792 -1.544912 0.032862
    32 -1.144743 -1.304737 0.171518 -0.974001 -1.088390 0.663341
    33 1.052849 0.000000 -0.000004 3.124857 -1.425270 3.135795
    34 0.916342 -0.000031 0.000001 3.141553 -1.536954 -3.129942
    35 -7.779457 -18.287500 -8.973455 0.913450 -0.018375 -1.605641
    36 -0.117880 -0.102734 -0.180849 0.000013 0.017066 0.000000
    37 4.409983 -0.000034 0.000004 0.000000 0.000000 0.000000
    38 -3.459356 1.711287 -0.541797 0.125169 -0.669906 3.034105
    39 -1.410028 -0.000005 -0.000014 0.000004 0.000001 -0.911659
    40 -0.993008 0.000010 -0.000011 0.000012 -0.000006 -0.908928
    41 -1.077398 1.571280 0.162236 0.351673 -1.124156 2.999846
    42 -1.337713 0.000003 -0.000002 3.078234 -1.322288 -3.107495
    43 -1.180471 0.000072 0.000002 0.222693 -1.503459 -0.194122
    44 -0.719599 0.565946 0.238754 -0.061928 -1.418387 -3.057514
    45 -1.311414 -0.000009 -0.000267 0.002810 -1.315827 0.001501
    46 -1.132872 0.000005 -0.000066 3.139362 -1.176202 -3.092139
    47 -1.239075 -1.304744 -0.314278 -1.430303 -0.982760 -2.003829
    48 -1.052850 0.000005 -0.000004 2.863323 -1.535755 3.140266
    49 -0.916342 0.000033 0.000003 3.130054 -1.386235 -3.118064
    50 -0.900585 -0.375762 0.090056 -0.779868 -1.244725 -2.521915
    51 -1.303123 -0.000014 0.000008 -0.004240 -1.451229 -0.001012
    52 -1.094650 0.000007 0.000003 -2.577326 -1.476285 2.574417
    53 0.000000 0.000000 0.000000 0.000000 0.000000 0.000000
    54 0.000000 0.000000 0.000000 0.000000 0.000000 -1.570796
    55 0.000000 0.000000 0.000000 0.000000 0.000000 -1.570796
    56 -2.000000 0.000000 0.000000 -1.570796 0.000000 0.174533
    57 -1.500000 0.000002 0.000000 -1.570796 0.000000 0.000000
    58 0.000000 0.500000 0.000000 -1.570796 0.261799 0.000000
    59 -0.000001 0.000000 0.000000 -3.141593 0.174533 0.000000
    60 0.000000 0.000000 -0.000001 -3.141593 0.174533 0.174533
    61 0.000000 0.000000 0.000000 -3.141593 0.349066 -0.174533
    62 0.000000 0.000000 0.000000 -1.570796 0.000000 0.000000
    63 0.000000 0.000000 0.000000 -1.570796 0.000000 0.000000
    64 0.000000 0.000000 0.000000 -1.570796 0.000000 0.000000
    65 0.000000 0.000000 0.000002 -1.570796 0.000000 0.000000
    66 0.000000 0.000000 0.000000 -1.570796 0.000000 0.000000
    67 0.000000 0.000001 0.000000 -1.570796 0.000000 0.000000
    68 0.000000 0.000000 0.000000 -1.570796 0.000000 0.000000
    69 0.000000 0.000000 0.000000 -1.570796 0.000000 0.000000
    70 0.000000 0.000000 0.000000 -1.570796 0.000000 0.000000
    71 0.000000 0.000000 0.000000 -1.570796 0.000000 0.000000
    72 0.000000 0.000000 0.000000 -1.570796 0.000000 0.000000
    73 0.000000 0.000000 0.000000 -1.570796 0.000000 0.000000
    74 -2.000000 0.000000 0.000000 1.570796 0.000000 0.174533
    75 -1.500000 -0.000001 -0.250000 1.570796 0.000000 0.000000
    76 -1.000000 0.250000 0.500000 1.570796 0.000000 0.000000
    77 0.000000 0.000000 0.000000 2.094395 0.000000 -3.141593
    78 0.000000 0.000000 0.000000 2.094395 0.000000 -3.141593
    79 0.000000 -0.200001 -0.200000 1.745329 0.000000 -3.141593
    80 0.000000 -0.000001 -0.000002 1.570796 0.000000 3.141593
    81 0.000000 0.000000 0.000000 1.570796 0.000000 -3.141593
    82 0.000000 0.000000 -0.000002 1.570796 0.000000 -3.141593
    83 0.000000 0.000000 0.000000 1.570796 0.000000 3.141593
    84 -0.000002 0.000000 0.000000 1.570796 0.000000 3.141593
    85 0.000000 0.000000 0.000000 1.570796 0.000000 3.141593
    86 0.000000 0.000000 0.000000 1.570796 0.000000 3.141593
    87 0.000000 0.000000 0.000000 1.570796 0.000000 -3.141593
    88 0.000000 0.000000 0.000000 1.570796 0.000000 -3.141593
    89 0.000000 0.000000 0.000000 1.570796 0.000000 3.141593
    90 0.000000 0.000000 0.000000 1.570796 0.000000 -3.141593
    91 0.000000 0.000000 0.000000 1.570796 0.000000 -3.141593
  time 73
    0 0.000000 0.000000 0.000000 0.000000 0.000000 -0.000007
    1 0.000000 2.709942 -10.591393 0.000000 -1.570796 1.570796
    2 3.500857 9.013945 -0.640573 0.000000 -1.570796 0.000000
    3 -2.289403 -1.496114 0.973094 0.000000 0.000000 0.000000
    4 4.409996 0.000005 -0.000003 0.130206 -0.094113 0.275402
    5 10.079981 -0.000003 -0.000001 -0.000002 -0.000003 -0.537050
    6 0.000000 -0.000001 0.000000 -0.205705 0.000005 0.000001
    7 3.359990 0.000014 -0.000007 -0.411444 0.000000 0.000003
    8 6.719987 0.000030 -0.000015 -0.617167 -0.000002 0.000001
    9 3.500862 -5.725745 -0.640568 0.000000 -1.570795 3.141592
    10 -2.186730 3.179637 -0.996149 0.000000 0.000000 0.000000
    11 4.409998 -0.000001 0.000004 -0.336107 0.184191 0.339632
    12 10.079982 0.000014 0.000025 0.000004 0.000046 -0.696456
    13 0.000001 0.000004 0.000000 0.255646 -0.000001 0.000010
    14 3.359994 0.000032 0.000015 0.511304 -0.000007 0.000004
    15 6.719987 0.000057 0.000028 0.766965 0.000003 0.000003
    16 0.000000 0.000000 0.000000 1.569849 0.000000 -3.141592
    17 9.388720 -18.429354 -8.879893 2.226545 0.037296 -1.677886
    18 -0.118055 -0.108981 0.513327 -0.000047 -0.086523 0.000009
    19 4.409994 -0.000012 0.000012 0.000000 0.000000 0.000000
    20 -3.422661 1.711283 0.470872 0.018364 -0.593174 -0.075895
    21 1.410028 0.000010 0.000007 0.000006 0.000009 -0.987481
    22 0.993011 -0.000001 0.000006 0.000001 -0.000006 -0.761963
    23 -1.022532 1.571291 -0.406268 0.562009 -1.088038 -0.422346
    24 1.337718 0.000005 0.000002 -3.141591 -1.497669 3.135755
    25 1.180473 -0.000093 -0.000003 2.322271 -1.447922 -2.264049
    26 -0.666712 0.565948 -0.425195 0.276535 -1.168921 -0.243380
    27 1.311736 0.000006 0.000004 -3.109347 -1.501840 3.110658
    28 1.132875 -0.000003 -0.000005 -2.277655 -1.482347 2.251198
    29 -0.835869 -0.375753 -0.250998 -0.232083 -1.169899 0.124274
    30 1.303124 0.000019 0.000004 2.990854 -1.546793 -2.976011
    31 1.094648 -0.000011 -0.000003 -0.062792 -1.544912 0.032862
    32 -1.144743 -1.304737 0.171518 -0.974001 -1.088390 0.663341
    33 1.052849 0.000000 -0.000004 3.124857 -1.425270 3.135795
    34 0.916342 -0.000031 0.000001 3.141553 -1.536954 -3.129942
    35 -7.779457 -18.287500 -8.957830 0.909377 -0.019373 -1.604879
    36 -0.117880 -0.102734 -0.180849 0.000013 0.017066 0.000000
    37 4.409983 -0.000034 0.000004 0.000000 0.000000 0.000000
    38 -3.459356 1.711287 -0.541797 0.125169 -0.669906 3.034105
    39 -1.410028 -0.000005 -0.000014 0.000004 0.000001 -0.911659
    40 -0.993008 0.000010 -0.000011 0.000012 -0.000006 -0.908928
    41 -1.077398 1.571280 0.162236 0.351673 -1.124156 2.999846
    42 -1.337713 0.000003 -0.000002 3.078234 -1.322288 -3.107495
    43 -1.180471 0.000072 0.000002 0.222693 -1.503459 -0.194110
    44 -0.719599 0.565946 0.238754 -0.061928 -1.418387 -3.057526
    45 -1.311414 -0.000009 -0.000267 0.002810 -1.315827 0.001501
    46 -1.132872 0.000005 -0.000066 3.139362 -1.176202 -3.092139
    47 -1.239075 -1.304744 -0.314278 -1.430303 -0.982760 -2.003829
    48 -1.052850 0.000005 -0.000004 2.863323 -1.535755 3.140266
    49 -0.916342 0.000033 0.000003 3.130054 -1.386235 -3.118064
    50 -0.900585 -0.375762 0.090056 -0.779868 -1.244725 -2.521915
    51 -1.303123 -0.000014 0.000008 -0.004240 -1.451229 -0.001012
    52 -1.094650 0.000007 0.000003 -2.577326 -1.476285 2.574417
    53 0.000000 0.000000 0.000000 0.000000 0.000000 0.000000
    54 0.000000 0.000000 0.000000 0.000000 0.000000 -1.570796
    55 0.000000 0.000000 0.000000 0.000000 0.000000 -1.570796
    56 -2.000000 0.000000 0.000000 -1.570796 0.000000 0.174533
    57 -1.500000 0.000002 0.000000 -1.570796 0.000000 0.000000
    58 0.000000 0.500000 0.000000 -1.570796 0.261799 0.000000
    59 -0.000001 0.000000 0.000000 -3.141593 0.174533 0.000000
    60 0.000000 0.000000 -0.000001 -3.141593 0.174533 0.174533
    61 0.000000 0.000000 0.000000 -3.141593 0.349066 -0.174533
    62 0.000000 0.000000 0.000000 -1.570796 0.000000 0.000000
    63 0.000000 0.000000 0.000000 -1.570796 0.000000 0.000000
    64 0.000000 0.000000 0.000000 -1.570796 0.000000 0.000000
    65 0.000000 0.000000 0.000002 -1.570796 0.000000 0.000000
    66 0.000000 0.000000 0.000000 -1.570796 0.000000 0.000000
    67 0.000000 0.000001 0.000000 -1.570796 0.000000 0.000000
    68 0.000000 0.000000 0.000000 -1.570796 0.000000 0.000000
    69 0.000000 0.000000 0.000000 -1.570796 0.000000 0.000000
    70 0.000000 0.000000 0.000000 -1.570796 0.000000 0.000000
    71 0.000000 0.000000 0.000000 -1.570796 0.000000 0.000000
    72 0.000000 0.000000 0.000000 -1.570796 0.000000 0.000000
    73 0.000000 0.000000 0.000000 -1.570796 0.000000 0.000000
    74 -2.000000 0.000000 0.000000 1.570796 0.000000 0.174533
    75 -1.500000 -0.000001 -0.250000 1.570796 0.000000 0.000000
    76 -1.000000 0.250000 0.500000 1.570796 0.000000 0.000000
    77 0.000000 0.000000 0.000000 2.094395 0.000000 -3.141593
    78 0.000000 0.000000 0.000000 2.094395 0.000000 -3.141593
    79 0.000000 -0.200001 -0.200000 1.745329 0.000000 -3.141593
    80 0.000000 -0.000001 -0.000002 1.570796 0.000000 3.141593
    81 0.000000 0.000000 0.000000 1.570796 0.000000 -3.141593
    82 0.000000 0.000000 -0.000002 1.570796 0.000000 -3.141593
    83 0.000000 0.000000 0.000000 1.570796 0.000000 3.141593
    84 -0.000002 0.000000 0.000000 1.570796 0.000000 3.141593
    85 0.000000 0.000000 0.000000 1.570796 0.000000 3.141593
    86 0.000000 0.000000 0.000000 1.570796 0.000000 3.141593
    87 0.000000 0.000000 0.000000 1.570796 0.000000 -3.141593
    88 0.000000 0.000000 0.000000 1.570796 0.000000 -3.141593
    89 0.000000 0.000000 0.000000 1.570796 0.000000 3.141593
    90 0.000000 0.000000 0.000000 1.570796 0.000000 -3.141593
    91 0.000000 0.000000 0.000000 1.570796 0.000000 -3.141593
  time 74
    0 0.000000 0.000000 0.000000 0.000000 0.000000 -0.000007
    1 0.000000 2.709942 -10.591393 0.000000 -1.570796 1.570796
    2 3.500857 9.013945 -0.640573 0.000000 -1.570796 0.000000
    3 -2.289403 -1.496114 0.973094 0.000000 0.000000 0.000000
    4 4.409996 0.000005 -0.000003 0.130573 -0.093682 0.275575
    5 10.079981 -0.000003 -0.000001 -0.000002 -0.000003 -0.537155
    6 0.000000 -0.000001 0.000000 -0.206942 0.000005 0.000001
    7 3.359990 0.000014 -0.000007 -0.413865 0.000000 0.000003
    8 6.719987 0.000030 -0.000015 -0.620837 -0.000002 0.000001
    9 3.500862 -5.725745 -0.640568 0.000000 -1.570795 3.141592
    10 -2.186730 3.179637 -0.996149 0.000000 0.000000 0.000000
    11 4.409998 -0.000001 0.000004 -0.336689 0.184011 0.339632
    12 10.079982 0.000014 0.000025 0.000004 0.000046 -0.696598
    13 0.000001 0.000004 0.000000 0.255071 -0.000001 0.000010
    14 3.359994 0.000032 0.000015 0.510164 -0.000007 0.000004
    15 6.719987 0.000057 0.000028 0.765255 0.000003 0.000003
    16 0.000000 0.000000 0.000000 1.570341 0.000000 -3.141592
    17 9.388720 -18.429354 -8.868174 2.223947 0.037442 -1.678053
    18 -0.118055 -0.108981 0.513327 -0.000047 -0.086523 0.000009
    19 4.409994 -0.000012 0.000012 0.000000 0.000000 0.000000
    20 -3.422661 1.711283 0.470872 0.018364 -0.593174 -0.075895
    21 1.410028 0.000010 0.000007 0.000006 0.000009 -0.987481
    22 0.993011 -0.000001 0.000006 0.000001 -0.000006 -0.761963
    23 -1.022532 1.571291 -0.406268 0.562009 -1.088038 -0.422346
    24 1.337718 0.000005 0.000002 -3.141591 -1.497669 3.135755
    25 1.180473 -0.000093 -0.000003 2.322271 -1.447922 -2.264049
    26 -0.666712 0.565948 -0.425195 0.276535 -1.168921 -0.243380
    27 1.311736 0.000006 0.000004 -3.109347 -1.501840 3.110658
    28 1.132875 -0.000003 -0.000005 -2.277655 -1.482347 2.251198
    29 -0.835869 -0.375753 -0.250998 -0.232083 -1.169899 0.124274
    30 1.303124 0.000019 0.000004 2.990854 -1.546793 -2.976011
    31 1.094648 -0.000011 -0.000003 -0.062792 -1.544912 0.032862
    32 -1.144743 -1.304737 0.171518 -0.974001 -1.088390 0.663341
    33 1.052849 0.000000 -0.000004 3.124857 -1.425270 3.135795
    34 0.916342 -0.000031 0.000001 3.141553 -1.536954 -3.129942
    35 -7.779457 -18.287500 -8.953924 0.904894 -0.020556 -1.604032
    36 -0.117880 -0.102734 -0.180849 0.000013 0.017066 0.000000
    37 4.409983 -0.000034 0.000004 0.000000 0.000000 0.000000
    38 -3.459356 1.711287 -0.541797 0.125169 -0.669906 3.034105
    39 -1.410028 -0.000005 -0.000014 0.000004 0.000001 -0.911659
    40 -0.993008 0.000010 -0.000011 0.000012 -0.000006 -0.908928
    41 -1.077398 1.571280 0.162236 0.351673 -1.124156 2.999846
    42 -1.337713 0.000003 -0.000002 3.078234 -1.322288 -3.107495
    43 -1.180471 0.000072 0.000002 0.222693 -1.503459 -0.194122
    44 -0.719599 0.565946 0.238754 -0.061928 -1.418387 -3.057526
    45 -1.311414 -0.000009 -0.000267 0.002810 -1.315827 0.001501
    46 -1.132872 0.000005 -0.000066 3.139362 -1.176202 -3.092139
    47 -1.239075 -1.304744 -0.314278 -1.430303 -0.982760 -2.003829
    48 -1.052850 0.000005 -0.000004 2.863323 -1.535755 3.140266
    49 -0.916342 0.000033 0.000003 3.130054 -1.386235 -3.118064
    50 -0.900585 -0.375762 0.090056 -0.779868 -1.244725 -2.521915
    51 -1.303123 -0.000014 0.000008 -0.004240 -1.451229 -0.001012
    52 -1.094650 0.000007 0.000003 -2.577326 -1.476285 2.574417
    53 0.000000 0.000000 0.000000 0.000000 0.000000 0.000000
    54 0.000000 0.000000 0.000000 0.000000 0.000000 -1.570796
    55 0.000000 0.000000 0.000000 0.000000 0.000000 -1.570796
    56 -2.000000 0.000000 0.000000 -1.570796 0.000000 0.174533
    57 -1.500000 0.000002 0.000000 -1.570796 0.000000 0.000000
    58 0.000000 0.500000 0.000000 -1.570796 0.261799 0.000000
    59 -0.000001 0.000000 0.000000 -3.141593 0.174533 0.000000
    60 0.000000 0.000000 -0.000001 -3.141593 0.174533 0.174533
    61 0.000000 0.000000 0.000000 -3.141593 0.349066 -0.174533
    62 0.000000 0.000000 0.000000 -1.570796 0.000000 0.000000
    63 0.000000 0.000000 0.000000 -1.570796 0.000000 0.000000
    64 0.000000 0.000000 0.000000 -1.570796 0.000000 0.000000
    65 0.000000 0.000000 0.000002 -1.570796 0.000000 0.000000
    66 0.000000 0.000000 0.000000 -1.570796 0.000000 0.000000
    67 0.000000 0.000001 0.000000 -1.570796 0.000000 0.000000
    68 0.000000 0.000000 0.000000 -1.570796 0.000000 0.000000
    69 0.000000 0.000000 0.000000 -1.570796 0.000000 0.000000
    70 0.000000 0.000000 0.000000 -1.570796 0.000000 0.000000
    71 0.000000 0.000000 0.000000 -1.570796 0.000000 0.000000
    72 0.000000 0.000000 0.000000 -1.570796 0.000000 0.000000
    73 0.000000 0.000000 0.000000 -1.570796 0.000000 0.000000
    74 -2.000000 0.000000 0.000000 1.570796 0.000000 0.174533
    75 -1.500000 -0.000001 -0.250000 1.570796 0.000000 0.000000
    76 -1.000000 0.250000 0.500000 1.570796 0.000000 0.000000
    77 0.000000 0.000000 0.000000 2.094395 0.000000 -3.141593
    78 0.000000 0.000000 0.000000 2.094395 0.000000 -3.141593
    79 0.000000 -0.200001 -0.200000 1.745329 0.000000 -3.141593
    80 0.000000 -0.000001 -0.000002 1.570796 0.000000 3.141593
    81 0.000000 0.000000 0.000000 1.570796 0.000000 -3.141593
    82 0.000000 0.000000 -0.000002 1.570796 0.000000 -3.141593
    83 0.000000 0.000000 0.000000 1.570796 0.000000 3.141593
    84 -0.000002 0.000000 0.000000 1.570796 0.000000 3.141593
    85 0.000000 0.000000 0.000000 1.570796 0.000000 3.141593
    86 0.000000 0.000000 0.000000 1.570796 0.000000 3.141593
    87 0.000000 0.000000 0.000000 1.570796 0.000000 -3.141593
    88 0.000000 0.000000 0.000000 1.570796 0.000000 -3.141593
    89 0.000000 0.000000 0.000000 1.570796 0.000000 3.141593
    90 0.000000 0.000000 0.000000 1.570796 0.000000 -3.141593
    91 0.000000 0.000000 0.000000 1.570796 0.000000 -3.141593
  time 75
    0 0.000000 0.000000 0.000000 0.000000 0.000000 -0.000007
    1 0.000000 2.709942 -10.591393 0.000000 -1.570796 1.570796
    2 3.500857 9.013945 -0.640573 0.000000 -1.570796 0.000000
    3 -2.289403 -1.496114 0.973094 0.000000 0.000000 0.000000
    4 4.409996 0.000005 -0.000003 0.130940 -0.093229 0.275618
    5 10.079981 -0.000003 -0.000001 -0.000002 -0.000003 -0.537314
    6 0.000000 -0.000001 0.000000 -0.208255 0.000005 0.000001
    7 3.359990 0.000014 -0.000007 -0.416518 0.000000 0.000003
    8 6.719987 0.000030 -0.000015 -0.624777 -0.000002 0.000001
    9 3.500862 -5.725745 -0.640568 0.000000 -1.570795 3.141592
    10 -2.186730 3.179637 -0.996149 0.000000 0.000000 0.000000
    11 4.409998 -0.000001 0.000004 -0.337182 0.183847 0.339603
    12 10.079982 0.000014 0.000025 0.000004 0.000046 -0.696740
    13 0.000001 0.000004 0.000000 0.254496 -0.000001 0.000010
    14 3.359994 0.000032 0.000015 0.508986 -0.000007 0.000004
    15 6.719987 0.000057 0.000028 0.763488 0.000003 0.000003
    16 0.000000 0.000000 0.000000 1.570796 0.000000 -3.141592
    17 9.388720 -18.429354 -8.868174 2.221349 0.037515 -1.678220
    18 -0.118055 -0.108981 0.513327 -0.000047 -0.086523 0.000009
    19 4.409994 -0.000012 0.000012 0.000000 0.000000 0.000000
    20 -3.422661 1.711283 0.470872 0.018364 -0.593174 -0.075895
    21 1.410028 0.000010 0.000007 0.000006 0.000009 -0.987481
    22 0.993011 -0.000001 0.000006 0.000001 -0.000006 -0.761963
    23 -1.022532 1.571291 -0.406268 0.562009 -1.088038 -0.422346
    24 1.337718 0.000005 0.000002 -3.141591 -1.497669 3.135755
    25 1.180473 -0.000093 -0.000003 2.322271 -1.447922 -2.264049
    26 -0.666712 0.565948 -0.425195 0.276535 -1.168921 -0.243380
    27 1.311736 0.000006 0.000004 -3.109347 -1.501840 3.110658
    28 1.132875 -0.000003 -0.000005 -2.277655 -1.482347 2.251198
    29 -0.835869 -0.375753 -0.250998 -0.232083 -1.169899 0.124274
    30 1.303124 0.000019 0.000004 2.990854 -1.546793 -2.976011
    31 1.094648 -0.000011 -0.000003 -0.062804 -1.544912 0.032862
    32 -1.144743 -1.304737 0.171518 -0.974001 -1.088390 0.663341
    33 1.052849 0.000000 -0.000004 3.124857 -1.425270 3.135795
    34 0.916342 -0.000031 0.000001 3.141553 -1.536954 -3.129942
    35 -7.779457 -18.287500 -8.942204 0.900063 -0.021850 -1.603185
    36 -0.117880 -0.102734 -0.180849 0.000013 0.017066 0.000000
    37 4.409983 -0.000034 0.000004 0.000000 0.000000 0.000000
    38 -3.459356 1.711287 -0.541797 0.125169 -0.669906 3.034105
    39 -1.410028 -0.000005 -0.000014 0.000004 0.000001 -0.911659
    40 -0.993008 0.000010 -0.000011 0.000000 -0.000006 -0.908928
    41 -1.077398 1.571280 0.162236 0.351673 -1.124156 2.999846
    42 -1.337713 0.000003 -0.000002 3.078234 -1.322288 -3.107495
    43 -1.180471 0.000072 0.000002 0.222693 -1.503459 -0.194122
    44 -0.719599 0.565946 0.238754 -0.061928 -1.418387 -3.057538
    45 -1.311414 -0.000009 -0.000267 0.002810 -1.315827 0.001501
    46 -1.132872 0.000005 -0.000066 3.139362 -1.176202 -3.092139
    47 -1.239075 -1.304744 -0.314278 -1.430303 -0.982760 -2.003829
    48 -1.052850 0.000005 -0.000004 2.863323 -1.535755 3.140266
    49 -0.916342 0.000033 0.000003 3.130054 -1.386235 -3.118064
    50 -0.900585 -0.375762 0.090056 -0.779868 -1.244725 -2.521915
    51 -1.303123 -0.000014 0.000008 -0.004240 -1.451229 -0.001012
    52 -1.094650 0.000007 0.000003 -2.577326 -1.476285 2.574417
    53 0.000000 0.000000 0.000000 0.000000 0.000000 0.000000
    54 0.000000 0.000000 0.000000 0.000000 0.000000 -1.570796
    55 0.000000 0.000000 0.000000 0.000000 0.000000 -1.570796
    56 -2.000000 0.000000 0.000000 -1.570796 0.000000 0.174533
    57 -1.500000 0.000002 0.000000 -1.570796 0.000000 0.000000
    58 0.000000 0.500000 0.000000 -1.570796 0.261799 0.000000
    59 -0.000001 0.000000 0.000000 -3.141593 0.174533 0.000000
    60 0.000000 0.000000 -0.000001 -3.141593 0.174533 0.174533
    61 0.000000 0.000000 0.000000 -3.141593 0.349066 -0.174533
    62 0.000000 0.000000 0.000000 -1.570796 0.000000 0.000000
    63 0.000000 0.000000 0.000000 -1.570796 0.000000 0.000000
    64 0.000000 0.000000 0.000000 -1.570796 0.000000 0.000000
    65 0.000000 0.000000 0.000002 -1.570796 0.000000 0.000000
    66 0.000000 0.000000 0.000000 -1.570796 0.000000 0.000000
    67 0.000000 0.000001 0.000000 -1.570796 0.000000 0.000000
    68 0.000000 0.000000 0.000000 -1.570796 0.000000 0.000000
    69 0.000000 0.000000 0.000000 -1.570796 0.000000 0.000000
    70 0.000000 0.000000 0.000000 -1.570796 0.000000 0.000000
    71 0.000000 0.000000 0.000000 -1.570796 0.000000 0.000000
    72 0.000000 0.000000 0.000000 -1.570796 0.000000 0.000000
    73 0.000000 0.000000 0.000000 -1.570796 0.000000 0.000000
    74 -2.000000 0.000000 0.000000 1.570796 0.000000 0.174533
    75 -1.500000 -0.000001 -0.250000 1.570796 0.000000 0.000000
    76 -1.000000 0.250000 0.500000 1.570796 0.000000 0.000000
    77 0.000000 0.000000 0.000000 2.094395 0.000000 -3.141593
    78 0.000000 0.000000 0.000000 2.094395 0.000000 -3.141593
    79 0.000000 -0.200001 -0.200000 1.745329 0.000000 -3.141593
    80 0.000000 -0.000001 -0.000002 1.570796 0.000000 3.141593
    81 0.000000 0.000000 0.000000 1.570796 0.000000 -3.141593
    82 0.000000 0.000000 -0.000002 1.570796 0.000000 -3.141593
    83 0.000000 0.000000 0.000000 1.570796 0.000000 3.141593
    84 -0.000002 0.000000 0.000000 1.570796 0.000000 3.141593
    85 0.000000 0.000000 0.000000 1.570796 0.000000 3.141593
    86 0.000000 0.000000 0.000000 1.570796 0.000000 3.141593
    87 0.000000 0.000000 0.000000 1.570796 0.000000 -3.141593
    88 0.000000 0.000000 0.000000 1.570796 0.000000 -3.141593
    89 0.000000 0.000000 0.000000 1.570796 0.000000 3.141593
    90 0.000000 0.000000 0.000000 1.570796 0.000000 -3.141593
    91 0.000000 0.000000 0.000000 1.570796 0.000000 -3.141593
end
