// Created by Crowbar 0.74
version 1
nodes
  0 "NMRiH_FPS_Arms_Control_World" -1
  1 "NMRiH_FPS_Arms_Control_Root" 0
  2 "NMRiH_FPS_Arms_Control_RightCollar-Brk" 1
  3 "NMRiH_FPS_Arms_Control_RightCollar" 2
  4 "NMRiH_FPS_Arms_Control_RightShoulder" 3
  5 "NMRiH_FPS_Arms_Control_RightElbow" 4
  6 "NMRiH_FPS_Arms_Control_RightElbowTwist1" 5
  7 "NMRiH_FPS_Arms_Control_RightElbowTwist2" 5
  8 "NMRiH_FPS_Arms_Control_RightElbowTwist3" 5
  9 "NMRiH_FPS_Arms_Control_LeftCollar-Brk" 1
  10 "NMRiH_FPS_Arms_Control_LeftCollar" 9
  11 "NMRiH_FPS_Arms_Control_LeftShoulder" 10
  12 "NMRiH_FPS_Arms_Control_LeftElbow" 11
  13 "NMRiH_FPS_Arms_Control_LeftElbowTwist1" 12
  14 "NMRiH_FPS_Arms_Control_LeftElbowTwist2" 12
  15 "NMRiH_FPS_Arms_Control_LeftElbowTwist3" 12
  16 "camera_bone" 0
  17 "SphereGizmo01" -1
  18 "NMRiH_FPS_Arms_Control_LeftWrist" 17
  19 "NMRiH_FPS_Arms_Control_PSNULL47" 18
  20 "Thumb1" 19
  21 "Thumb2" 20
  22 "Thumb3" 21
  23 "Index1" 19
  24 "Index2" 23
  25 "Index3" 24
  26 "Middle1" 19
  27 "Middle2" 26
  28 "Middle3" 27
  29 "Ring1" 19
  30 "Ring2" 29
  31 "Ring3" 30
  32 "Pinky1" 19
  33 "Pinky2" 32
  34 "Pinky3" 33
  35 "SphereGizmo02" -1
  36 "NMRiH_FPS_Arms_Control_RightWrist" 35
  37 "NMRiH_FPS_Arms_Control_PSNULL20" 36
  38 "Thumb04" 37
  39 "Thumb05" 38
  40 "Thumb06" 39
  41 "Index06" 37
  42 "Index04" 41
  43 "Index05" 42
  44 "Middle06" 37
  45 "Middle04" 44
  46 "Middle05" 45
  47 "Pinky04" 37
  48 "Pinky05" 47
  49 "Pinky06" 48
  50 "Ring06" 37
  51 "Ring04" 50
  52 "Ring05" 51
  53 "ValveBiped.Bip01_Spine4" 1
  54 "ValveBiped.Bip01_L_Clavicle" -1
  55 "ValveBiped.Bip01_R_Clavicle" -1
  56 "ValveBiped.Bip01_L_UpperArm" 11
  57 "ValveBiped.Bip01_L_Forearm" 12
  58 "ValveBiped.Bip01_L_Hand" 18
  59 "ValveBiped.Bip01_L_Finger0" 20
  60 "ValveBiped.Bip01_L_Finger01" 21
  61 "ValveBiped.Bip01_L_Finger02" 22
  62 "ValveBiped.Bip01_L_Finger1" 23
  63 "ValveBiped.Bip01_L_Finger11" 24
  64 "ValveBiped.Bip01_L_Finger12" 25
  65 "ValveBiped.Bip01_L_Finger2" 26
  66 "ValveBiped.Bip01_L_Finger21" 27
  67 "ValveBiped.Bip01_L_Finger22" 28
  68 "ValveBiped.Bip01_L_Finger3" 29
  69 "ValveBiped.Bip01_L_Finger31" 30
  70 "ValveBiped.Bip01_L_Finger32" 31
  71 "ValveBiped.Bip01_L_Finger4" 32
  72 "ValveBiped.Bip01_L_Finger41" 33
  73 "ValveBiped.Bip01_L_Finger42" 34
  74 "ValveBiped.Bip01_R_UpperArm" 4
  75 "ValveBiped.Bip01_R_Forearm" 5
  76 "ValveBiped.Bip01_R_Hand" 36
  77 "ValveBiped.Bip01_R_Finger0" 38
  78 "ValveBiped.Bip01_R_Finger01" 39
  79 "ValveBiped.Bip01_R_Finger02" 40
  80 "ValveBiped.Bip01_R_Finger1" 41
  81 "ValveBiped.Bip01_R_Finger11" 42
  82 "ValveBiped.Bip01_R_Finger12" 43
  83 "ValveBiped.Bip01_R_Finger2" 44
  84 "ValveBiped.Bip01_R_Finger21" 45
  85 "ValveBiped.Bip01_R_Finger22" 46
  86 "ValveBiped.Bip01_R_Finger3" 50
  87 "ValveBiped.Bip01_R_Finger31" 51
  88 "ValveBiped.Bip01_R_Finger32" 52
  89 "ValveBiped.Bip01_R_Finger4" 47
  90 "ValveBiped.Bip01_R_Finger41" 48
  91 "ValveBiped.Bip01_R_Finger42" 49
end
skeleton
  time 0
    0 0.000000 0.000000 0.000000 0.000000 0.000000 -0.000007
    1 0.000000 2.709942 -10.591393 0.000000 -1.570796 1.570796
    2 3.500857 9.013945 -0.640573 0.000000 -1.570796 0.000000
    3 -2.289403 -1.496114 0.973094 0.000000 0.000000 0.000000
    4 4.409996 0.000005 -0.000003 0.130940 -0.093229 0.275618
    5 10.079981 -0.000003 -0.000001 -0.000002 -0.000003 -0.537314
    6 0.000000 -0.000001 0.000000 -0.208255 0.000005 0.000001
    7 3.359990 0.000014 -0.000007 -0.416518 0.000000 0.000003
    8 6.719987 0.000030 -0.000015 -0.624777 -0.000002 0.000001
    9 3.500862 -5.725745 -0.640568 0.000000 -1.570795 3.141592
    10 -2.186730 3.179637 -0.996149 0.000000 0.000000 0.000000
    11 4.409998 -0.000001 0.000004 -0.337182 0.183847 0.339603
    12 10.079982 0.000014 0.000025 0.000004 0.000046 -0.696740
    13 0.000001 0.000004 0.000000 0.254496 -0.000001 0.000010
    14 3.359994 0.000032 0.000015 0.508986 -0.000007 0.000004
    15 6.719987 0.000057 0.000028 0.763488 0.000003 0.000003
    16 0.000000 0.000000 0.000000 1.570796 0.000000 -3.141592
    17 9.388720 -18.429354 -8.868174 2.221349 0.037515 -1.678220
    18 -0.118055 -0.108981 0.513327 -0.000047 -0.086523 0.000009
    19 4.409994 -0.000012 0.000012 0.000000 0.000000 0.000000
    20 -3.422661 1.711283 0.470872 0.018364 -0.593174 -0.075895
    21 1.410028 0.000010 0.000007 0.000006 0.000009 -0.987481
    22 0.993011 -0.000001 0.000006 0.000001 -0.000006 -0.761963
    23 -1.022532 1.571291 -0.406268 0.562009 -1.088038 -0.422346
    24 1.337718 0.000005 0.000002 -3.141591 -1.497669 3.135755
    25 1.180473 -0.000093 -0.000003 2.322271 -1.447922 -2.264049
    26 -0.666712 0.565948 -0.425195 0.276535 -1.168921 -0.243380
    27 1.311736 0.000006 0.000004 -3.109347 -1.501840 3.110658
    28 1.132875 -0.000003 -0.000005 -2.277655 -1.482347 2.251198
    29 -0.835869 -0.375753 -0.250998 -0.232083 -1.169899 0.124274
    30 1.303124 0.000019 0.000004 2.990988 -1.546786 -2.976046
    31 1.094648 -0.000011 -0.000003 -0.062804 -1.544912 0.032862
    32 -1.144743 -1.304737 0.171518 -0.974001 -1.088390 0.663341
    33 1.052849 0.000000 -0.000004 3.124857 -1.425270 3.135795
    34 0.916342 -0.000031 0.000001 3.141553 -1.536954 -3.129942
    35 -7.779457 -18.287500 -8.942204 0.900063 -0.021850 -1.603185
    36 -0.117880 -0.102734 -0.180849 0.000013 0.017066 0.000000
    37 4.409983 -0.000034 0.000004 0.000000 0.000000 0.000000
    38 -3.459356 1.711287 -0.541797 0.125169 -0.669906 3.034105
    39 -1.410028 -0.000005 -0.000014 0.000004 0.000001 -0.911659
    40 -0.993008 0.000010 -0.000011 0.000000 -0.000006 -0.908928
    41 -1.077398 1.571280 0.162236 0.351673 -1.124156 2.999846
    42 -1.337713 0.000003 -0.000002 3.078234 -1.322288 -3.107495
    43 -1.180471 0.000072 0.000002 0.222693 -1.503459 -0.194122
    44 -0.719599 0.565946 0.238754 -0.061928 -1.418387 -3.057538
    45 -1.311414 -0.000009 -0.000267 0.002810 -1.315827 0.001501
    46 -1.132872 0.000005 -0.000066 3.139358 -1.176144 -3.092134
    47 -1.239075 -1.304744 -0.314278 -1.430303 -0.982760 -2.003829
    48 -1.052850 0.000005 -0.000004 2.863452 -1.535746 3.140220
    49 -0.916342 0.000033 0.000003 3.130054 -1.386235 -3.118064
    50 -0.900585 -0.375762 0.090056 -0.779868 -1.244725 -2.521915
    51 -1.303123 -0.000014 0.000008 -0.004266 -1.451231 -0.000993
    52 -1.094650 0.000007 0.000003 -2.577326 -1.476285 2.574417
    53 0.000000 0.000000 0.000000 0.000000 0.000000 0.000000
    54 0.000000 0.000000 0.000000 0.000000 0.000000 -1.570796
    55 0.000000 0.000000 0.000000 0.000000 0.000000 -1.570796
    56 -2.000000 0.000000 0.000000 -1.570796 0.000000 0.174533
    57 -1.500000 0.000002 0.000000 -1.570796 0.000000 0.000000
    58 0.000000 0.500000 0.000000 -1.570796 0.261799 0.000000
    59 -0.000001 0.000000 0.000000 -3.141593 0.174533 0.000000
    60 0.000000 0.000000 -0.000001 -3.141593 0.174533 0.174533
    61 0.000000 0.000000 0.000000 -3.141593 0.349066 -0.174533
    62 0.000000 0.000000 0.000000 -1.570796 0.000000 0.000000
    63 0.000000 0.000000 0.000000 -1.570796 0.000000 0.000000
    64 0.000000 0.000000 0.000000 -1.570796 0.000000 0.000000
    65 0.000000 0.000000 0.000002 -1.570796 0.000000 0.000000
    66 0.000000 0.000000 0.000000 -1.570796 0.000000 0.000000
    67 0.000000 0.000001 0.000000 -1.570796 0.000000 0.000000
    68 0.000000 0.000000 0.000000 -1.570796 0.000000 0.000000
    69 0.000000 0.000000 0.000000 -1.570796 0.000000 0.000000
    70 0.000000 0.000000 0.000000 -1.570796 0.000000 0.000000
    71 0.000000 0.000000 0.000000 -1.570796 0.000000 0.000000
    72 0.000000 0.000000 0.000000 -1.570796 0.000000 0.000000
    73 0.000000 0.000000 0.000000 -1.570796 0.000000 0.000000
    74 -2.000000 0.000000 0.000000 1.570796 0.000000 0.174533
    75 -1.500000 -0.000001 -0.250000 1.570796 0.000000 0.000000
    76 -1.000000 0.250000 0.500000 1.570796 0.000000 0.000000
    77 0.000000 0.000000 0.000000 2.094395 0.000000 -3.141593
    78 0.000000 0.000000 0.000000 2.094395 0.000000 -3.141593
    79 0.000000 -0.200001 -0.200000 1.745329 0.000000 -3.141593
    80 0.000000 -0.000001 -0.000002 1.570796 0.000000 3.141593
    81 0.000000 0.000000 0.000000 1.570796 0.000000 -3.141593
    82 0.000000 0.000000 -0.000002 1.570796 0.000000 -3.141593
    83 0.000000 0.000000 0.000000 1.570796 0.000000 3.141593
    84 -0.000002 0.000000 0.000000 1.570796 0.000000 3.141593
    85 0.000000 0.000000 0.000000 1.570796 0.000000 3.141593
    86 0.000000 0.000000 0.000000 1.570796 0.000000 3.141593
    87 0.000000 0.000000 0.000000 1.570796 0.000000 -3.141593
    88 0.000000 0.000000 0.000000 1.570796 0.000000 -3.141593
    89 0.000000 0.000000 0.000000 1.570796 0.000000 3.141593
    90 0.000000 0.000000 0.000000 1.570796 0.000000 -3.141593
    91 0.000000 0.000000 0.000000 1.570796 0.000000 -3.141593
  time 1
    0 0.000000 0.000000 0.000000 0.000000 0.000000 -0.000007
    1 0.000000 2.709942 -10.591393 0.000000 -1.570796 1.570796
    2 3.500857 9.013945 -0.640573 0.000000 -1.570796 0.000000
    3 -1.722979 -1.558616 1.480922 0.000000 0.000000 0.000000
    4 4.409996 0.000005 -0.000003 0.086991 -0.122698 0.826221
    5 10.079981 -0.000003 -0.000001 -0.000002 -0.000003 -1.480427
    6 0.000000 -0.000001 0.000000 -0.318936 0.000005 0.000001
    7 3.359990 0.000014 -0.000007 -0.637830 0.000000 0.000003
    8 6.719987 0.000030 -0.000015 -0.956822 -0.000002 0.000001
    9 3.500862 -5.725745 -0.640568 0.000000 -1.570795 3.141592
    10 -1.546085 3.179637 -1.496164 0.000000 0.000000 0.000000
    11 4.409998 -0.000001 0.000004 -0.254010 0.311741 0.868964
    12 10.079982 0.000014 0.000025 0.000004 0.000046 -1.573047
    13 0.000001 0.000004 0.000000 0.307959 -0.000001 0.000010
    14 3.359994 0.000032 0.000015 0.615908 -0.000007 0.000004
    15 6.719987 0.000057 0.000028 0.923875 0.000003 0.000003
    16 0.000000 0.000000 0.000000 1.559063 0.006136 -3.141760
    17 10.666103 -14.269071 -8.805672 2.457793 -0.015786 -1.710219
    18 -0.118055 -0.108981 0.513327 -0.000047 -0.086523 0.000009
    19 4.409994 -0.000012 0.000012 0.000000 0.000000 0.000000
    20 -3.422661 1.711283 0.470872 -0.041859 -0.508564 -0.030833
    21 1.410028 0.000010 0.000007 0.000006 0.000009 -0.977590
    22 0.993011 -0.000001 0.000006 0.000001 -0.000006 -0.752093
    23 -1.022532 1.571291 -0.406268 0.560367 -1.063726 -0.415443
    24 1.337718 0.000005 0.000002 -0.000184 -1.534241 6.277251
    25 1.180473 -0.000093 -0.000003 2.400078 -1.559502 -2.344319
    26 -0.666712 0.565948 -0.425195 0.271861 -1.117444 -0.238251
    27 1.311736 0.000006 0.000004 0.029228 -1.525031 -0.026286
    28 1.132875 -0.000003 -0.000005 0.784796 -1.542084 -0.809151
    29 -0.835869 -0.375753 -0.250998 -0.228152 -1.100888 0.115358
    30 1.303124 0.000019 0.000004 -0.136771 -1.471946 0.141875
    31 1.094648 -0.000011 -0.000003 -0.065740 -1.422291 0.042654
    32 -1.144743 -1.304737 0.171518 -0.971462 -1.043852 0.624782
    33 1.052849 0.000000 -0.000004 -0.015118 -1.554427 -0.001100
    34 0.916342 -0.000031 0.000001 0.004342 -1.464016 0.006674
    35 -8.783394 -14.213157 -8.821107 0.570133 -0.279961 -1.452004
    36 -0.117880 -0.102734 -0.180849 0.000013 0.017066 0.000000
    37 4.409983 -0.000034 0.000004 0.000000 0.000000 0.000000
    38 -3.459356 1.711287 -0.541797 0.109349 -0.616142 3.024698
    39 -1.410028 -0.000005 -0.000014 0.000004 0.000001 -0.887607
    40 -0.993008 0.000010 -0.000011 0.000012 -0.000006 -0.884848
    41 -1.077398 1.571280 0.162236 0.352907 -1.145836 2.983703
    42 -1.337713 0.000003 -0.000002 3.082903 -1.425496 -3.107495
    43 -1.180471 0.000072 0.000002 0.199215 -1.422910 -0.170320
    44 -0.719599 0.565946 0.238754 -0.050950 -1.414024 -3.067677
    45 -1.311414 -0.000009 -0.000267 0.002810 -1.250810 0.001501
    46 -1.132872 0.000005 -0.000066 3.146152 -1.278797 -3.109387
    47 -1.239075 -1.304744 -0.314278 -1.387480 -0.960499 -2.016687
    48 -1.052850 0.000005 -0.000004 -0.251722 -1.484393 0.000949
    49 -0.916342 0.000033 0.000003 3.152134 -1.470785 -3.131173
    50 -0.900585 -0.375762 0.090056 -0.753118 -1.241168 -2.542852
    51 -1.303123 -0.000014 0.000008 -0.004266 -1.368195 -0.000993
    52 -1.094650 0.000007 0.000003 -2.621757 -1.558232 2.626451
    53 0.000000 0.000000 0.000000 0.000000 0.000000 0.000000
    54 0.000000 0.000000 0.000000 0.000000 0.000000 -1.570796
    55 0.000000 0.000000 0.000000 0.000000 0.000000 -1.570796
    56 -2.000000 0.000000 0.000000 -1.570796 0.000000 0.174533
    57 -1.500000 0.000002 0.000000 -1.570796 0.000000 0.000000
    58 0.000000 0.500000 0.000000 -1.570796 0.261799 0.000000
    59 -0.000001 0.000000 0.000000 -3.141593 0.174533 0.000000
    60 0.000000 0.000000 -0.000001 -3.141593 0.174533 0.174533
    61 0.000000 0.000000 0.000000 -3.141593 0.349066 -0.174533
    62 0.000000 0.000000 0.000000 -1.570796 0.000000 0.000000
    63 0.000000 0.000000 0.000000 -1.570796 0.000000 0.000000
    64 0.000000 0.000000 0.000000 -1.570796 0.000000 0.000000
    65 0.000000 0.000000 0.000002 -1.570796 0.000000 0.000000
    66 0.000000 0.000000 0.000000 -1.570796 0.000000 0.000000
    67 0.000000 0.000001 0.000000 -1.570796 0.000000 0.000000
    68 0.000000 0.000000 0.000000 -1.570796 0.000000 0.000000
    69 0.000000 0.000000 0.000000 -1.570796 0.000000 0.000000
    70 0.000000 0.000000 0.000000 -1.570796 0.000000 0.000000
    71 0.000000 0.000000 0.000000 -1.570796 0.000000 0.000000
    72 0.000000 0.000000 0.000000 -1.570796 0.000000 0.000000
    73 0.000000 0.000000 0.000000 -1.570796 0.000000 0.000000
    74 -2.000000 0.000000 0.000000 1.570796 0.000000 0.174533
    75 -1.500000 -0.000001 -0.250000 1.570796 0.000000 0.000000
    76 -1.000000 0.250000 0.500000 1.570796 0.000000 0.000000
    77 0.000000 0.000000 0.000000 2.094395 0.000000 -3.141593
    78 0.000000 0.000000 0.000000 2.094395 0.000000 -3.141593
    79 0.000000 -0.200001 -0.200000 1.745329 0.000000 -3.141593
    80 0.000000 -0.000001 -0.000002 1.570796 0.000000 3.141593
    81 0.000000 0.000000 0.000000 1.570796 0.000000 -3.141593
    82 0.000000 0.000000 -0.000002 1.570796 0.000000 -3.141593
    83 0.000000 0.000000 0.000000 1.570796 0.000000 3.141593
    84 -0.000002 0.000000 0.000000 1.570796 0.000000 3.141593
    85 0.000000 0.000000 0.000000 1.570796 0.000000 3.141593
    86 0.000000 0.000000 0.000000 1.570796 0.000000 3.141593
    87 0.000000 0.000000 0.000000 1.570796 0.000000 -3.141593
    88 0.000000 0.000000 0.000000 1.570796 0.000000 -3.141593
    89 0.000000 0.000000 0.000000 1.570796 0.000000 3.141593
    90 0.000000 0.000000 0.000000 1.570796 0.000000 -3.141593
    91 0.000000 0.000000 0.000000 1.570796 0.000000 -3.141593
  time 2
    0 0.000000 0.000000 0.000000 0.000000 0.000000 -0.000007
    1 0.000000 2.709942 -10.591393 0.000000 -1.570796 1.570796
    2 3.500857 9.013945 -0.640573 0.000000 -1.570796 0.000000
    3 -0.738574 -1.679713 2.355948 0.000000 0.000000 0.000000
    4 4.409996 0.000005 -0.000003 0.152951 -0.104094 1.081986
    5 10.079981 -0.000003 -0.000001 -0.000002 -0.000003 -1.881825
    6 0.000000 -0.000001 0.000000 -0.396908 0.000005 0.000001
    7 3.359990 0.000014 -0.000007 -0.793827 0.000000 0.000003
    8 6.719987 0.000030 -0.000015 -1.190740 -0.000002 0.000001
    9 3.500862 -5.725745 -0.640568 0.000000 -1.570795 3.141592
    10 -0.436676 3.179637 -2.375097 0.000000 0.000000 0.000000
    11 4.409998 -0.000001 0.000004 -0.303622 0.364110 1.118310
    12 10.079982 0.000014 0.000025 0.000004 0.000046 -1.975968
    13 0.000001 0.000004 0.000000 0.360080 -0.000001 0.000010
    14 3.359994 0.000032 0.000015 0.720171 -0.000007 0.000004
    15 6.719987 0.000057 0.000028 1.080272 0.000003 0.000003
    16 0.000000 0.000000 0.000000 1.543447 0.014034 -3.142000
    17 11.091897 -12.046347 -8.485349 2.682507 -0.127456 -1.753237
    18 -0.118055 -0.108981 0.513327 -0.000047 -0.086523 0.000009
    19 4.409994 -0.000012 0.000012 0.000000 0.000000 0.000000
    20 -3.422661 1.711283 0.470872 -0.144075 -0.326096 0.148557
    21 1.410028 0.000010 0.000007 0.000006 0.000009 -0.844189
    22 0.993011 -0.000001 0.000006 0.000001 -0.000006 -0.618671
    23 -1.022532 1.571291 -0.406268 0.459661 -0.827565 -0.297351
    24 1.337718 0.000005 0.000002 -0.000184 -1.152238 6.277251
    25 1.180473 -0.000093 -0.000003 -0.474836 -1.190253 0.504380
    26 -0.666712 0.565948 -0.425195 0.215833 -0.848853 -0.180401
    27 1.311736 0.000006 0.000004 0.019170 -1.156303 -0.016802
    28 1.132875 -0.000003 -0.000005 0.509010 -1.164728 -0.511277
    29 -0.835869 -0.375753 -0.250998 -0.181640 -0.836381 0.064016
    30 1.303124 0.000019 0.000004 -0.088632 -1.122729 0.087548
    31 1.094648 -0.000011 -0.000003 -0.059113 -1.073312 0.044056
    32 -1.144743 -1.304737 0.171518 -0.795859 -0.847331 0.424524
    33 1.052849 0.000000 -0.000004 -0.009847 -1.151270 0.000817
    34 0.916342 -0.000031 0.000001 0.010474 -1.093246 -0.000801
    35 -9.115435 -12.025591 -8.496878 0.309946 -0.515591 -1.341731
    36 -0.117880 -0.102734 -0.180849 0.000013 0.017066 0.000000
    37 4.409983 -0.000034 0.000004 0.000000 0.000000 0.000000
    38 -3.459356 1.711287 -0.541797 0.043865 -0.491676 3.135246
    39 -1.410028 -0.000005 -0.000014 0.000004 0.000001 -0.726784
    40 -0.993008 0.000010 -0.000011 0.000012 -0.000006 -0.724018
    41 -1.077398 1.571280 0.162236 0.303315 -1.011716 3.026823
    42 -1.337713 0.000003 -0.000002 -0.032734 -1.306169 0.013695
    43 -1.180471 0.000072 0.000002 0.123137 -1.107573 -0.110853
    44 -0.719599 0.565946 0.238754 -0.042740 -1.238304 -3.066683
    45 -1.311414 -0.000009 -0.000267 0.002810 -0.994395 0.001501
    46 -1.132872 0.000005 -0.000066 0.015613 -1.422909 0.005355
    47 -1.239075 -1.304744 -0.314278 -1.158955 -0.836052 -2.239064
    48 -1.052850 0.000005 -0.000004 -0.162141 -1.132289 0.004303
    49 -0.916342 0.000033 0.000003 0.051854 -1.275406 -0.015793
    50 -0.900585 -0.375762 0.090056 -0.615958 -1.118215 -2.686221
    51 -1.303123 -0.000014 0.000008 -0.004266 -1.070444 -0.000993
    52 -1.094650 0.000007 0.000003 0.340004 -1.249862 -0.329386
    53 0.000000 0.000000 0.000000 0.000000 0.000000 0.000000
    54 0.000000 0.000000 0.000000 0.000000 0.000000 -1.570796
    55 0.000000 0.000000 0.000000 0.000000 0.000000 -1.570796
    56 -2.000000 0.000000 0.000000 -1.570796 0.000000 0.174533
    57 -1.500000 0.000002 0.000000 -1.570796 0.000000 0.000000
    58 0.000000 0.500000 0.000000 -1.570796 0.261799 0.000000
    59 -0.000001 0.000000 0.000000 -3.141593 0.174533 0.000000
    60 0.000000 0.000000 -0.000001 -3.141593 0.174533 0.174533
    61 0.000000 0.000000 0.000000 -3.141593 0.349066 -0.174533
    62 0.000000 0.000000 0.000000 -1.570796 0.000000 0.000000
    63 0.000000 0.000000 0.000000 -1.570796 0.000000 0.000000
    64 0.000000 0.000000 0.000000 -1.570796 0.000000 0.000000
    65 0.000000 0.000000 0.000002 -1.570796 0.000000 0.000000
    66 0.000000 0.000000 0.000000 -1.570796 0.000000 0.000000
    67 0.000000 0.000001 0.000000 -1.570796 0.000000 0.000000
    68 0.000000 0.000000 0.000000 -1.570796 0.000000 0.000000
    69 0.000000 0.000000 0.000000 -1.570796 0.000000 0.000000
    70 0.000000 0.000000 0.000000 -1.570796 0.000000 0.000000
    71 0.000000 0.000000 0.000000 -1.570796 0.000000 0.000000
    72 0.000000 0.000000 0.000000 -1.570796 0.000000 0.000000
    73 0.000000 0.000000 0.000000 -1.570796 0.000000 0.000000
    74 -2.000000 0.000000 0.000000 1.570796 0.000000 0.174533
    75 -1.500000 -0.000001 -0.250000 1.570796 0.000000 0.000000
    76 -1.000000 0.250000 0.500000 1.570796 0.000000 0.000000
    77 0.000000 0.000000 0.000000 2.094395 0.000000 -3.141593
    78 0.000000 0.000000 0.000000 2.094395 0.000000 -3.141593
    79 0.000000 -0.200001 -0.200000 1.745329 0.000000 -3.141593
    80 0.000000 -0.000001 -0.000002 1.570796 0.000000 3.141593
    81 0.000000 0.000000 0.000000 1.570796 0.000000 -3.141593
    82 0.000000 0.000000 -0.000002 1.570796 0.000000 -3.141593
    83 0.000000 0.000000 0.000000 1.570796 0.000000 3.141593
    84 -0.000002 0.000000 0.000000 1.570796 0.000000 3.141593
    85 0.000000 0.000000 0.000000 1.570796 0.000000 3.141593
    86 0.000000 0.000000 0.000000 1.570796 0.000000 3.141593
    87 0.000000 0.000000 0.000000 1.570796 0.000000 -3.141593
    88 0.000000 0.000000 0.000000 1.570796 0.000000 -3.141593
    89 0.000000 0.000000 0.000000 1.570796 0.000000 3.141593
    90 0.000000 0.000000 0.000000 1.570796 0.000000 -3.141593
    91 0.000000 0.000000 0.000000 1.570796 0.000000 -3.141593
  time 3
    0 0.000000 0.000000 0.000000 0.000000 0.000000 -0.000007
    1 0.000000 2.709942 -10.591393 0.000000 -1.570796 1.570796
    2 3.500857 9.013945 -0.640573 0.000000 -1.570796 0.000000
    3 0.437243 -1.820342 3.410668 0.000000 0.000000 0.000000
    4 4.409996 0.000005 -0.000003 0.302920 -0.063652 1.137940
    5 10.079981 -0.000003 -0.000001 -0.000002 -0.000003 -2.025050
    6 0.000000 -0.000001 0.000000 -0.442455 0.000005 0.000001
    7 3.359990 0.000014 -0.000007 -0.884922 0.000000 0.000003
    8 6.719987 0.000030 -0.000015 -1.327383 -0.000002 0.000001
    9 3.500862 -5.725745 -0.640568 0.000000 -1.570795 3.141592
    10 0.903208 3.179637 -3.422004 0.000000 0.000000 0.000000
    11 4.409998 -0.000001 0.000004 -0.451048 0.341332 1.125157
    12 10.079982 0.000014 0.000025 0.000004 0.000046 -2.129286
    13 0.000001 0.000004 0.000000 0.402194 -0.000001 0.000010
    14 3.359994 0.000032 0.000015 0.804390 -0.000007 0.000004
    15 6.719987 0.000057 0.000028 1.206575 0.000003 0.000003
    16 0.000000 0.000000 0.000000 1.536065 0.015388 -3.142095
    17 10.666103 -11.784620 -7.918926 2.895373 -0.297421 -1.807440
    18 -0.118055 -0.108981 0.513327 -0.000047 -0.086523 0.000009
    19 4.409994 -0.000012 0.000012 0.000000 0.000000 0.000000
    20 -3.422661 1.711283 0.470872 -0.246543 -0.129575 0.365498
    21 1.410028 0.000010 0.000007 0.000006 0.000009 -0.669443
    22 0.993011 -0.000001 0.000006 0.000001 -0.000006 -0.443947
    23 -1.022532 1.571291 -0.406268 0.333751 -0.515917 -0.145733
    24 1.337718 0.000005 0.000002 -0.000184 -0.692786 6.277251
    25 1.180473 -0.000093 -0.000003 -0.174401 -0.719662 0.172247
    26 -0.666712 0.565948 -0.425195 0.147533 -0.507269 -0.107343
    27 1.311736 0.000006 0.000004 0.007674 -0.715431 -0.006743
    28 1.132875 -0.000003 -0.000005 0.197390 -0.714098 -0.171758
    29 -0.835869 -0.375753 -0.250998 -0.124940 -0.507132 0.001097
    30 1.303124 0.000019 0.000004 -0.034190 -0.709950 0.029402
    31 1.094648 -0.000011 -0.000003 -0.050232 -0.660656 0.041132
    32 -1.144743 -1.304737 0.171518 -0.574729 -0.595155 0.178744
    33 1.052849 0.000000 -0.000004 -0.003715 -0.687038 0.001296
    34 0.916342 -0.000031 0.000001 0.016989 -0.661039 -0.007605
    35 -8.783394 -11.728706 -7.946080 0.119597 -0.728817 -1.272451
    36 -0.117880 -0.102734 -0.180849 0.000013 0.017066 0.000000
    37 4.409983 -0.000034 0.000004 0.000000 0.000000 0.000000
    38 -3.459356 1.711287 -0.541797 -0.036180 -0.356181 3.296093
    39 -1.410028 -0.000005 -0.000014 0.000004 0.000001 -0.517566
    40 -0.993008 0.000010 -0.000011 0.000012 -0.000006 -0.514817
    41 -1.077398 1.571280 0.162236 0.238215 -0.800198 3.094225
    42 -1.337713 0.000003 -0.000002 -0.002341 -0.801182 -0.011983
    43 -1.180471 0.000072 0.000002 0.037387 -0.711583 -0.048413
    44 -0.719599 0.565946 0.238754 -0.036473 -0.985118 -3.062308
    45 -1.311414 -0.000009 -0.000267 0.002810 -0.665656 0.001501
    46 -1.132872 0.000005 -0.000066 0.026904 -0.880690 -0.021049
    47 -1.239075 -1.304744 -0.314278 -0.883891 -0.661699 -2.534300
    48 -1.052850 0.000005 -0.000004 -0.061040 -0.707537 0.007657
    49 -0.916342 0.000033 0.000003 0.098278 -0.781650 -0.039237
    50 -0.900585 -0.375762 0.090056 -0.449409 -0.932070 -2.868630
    51 -1.303123 -0.000014 0.000008 -0.004266 -0.697513 -0.000993
    52 -1.094650 0.000007 0.000003 0.134487 -0.831972 -0.118322
    53 0.000000 0.000000 0.000000 0.000000 0.000000 0.000000
    54 0.000000 0.000000 0.000000 0.000000 0.000000 -1.570796
    55 0.000000 0.000000 0.000000 0.000000 0.000000 -1.570796
    56 -2.000000 0.000000 0.000000 -1.570796 0.000000 0.174533
    57 -1.500000 0.000002 0.000000 -1.570796 0.000000 0.000000
    58 0.000000 0.500000 0.000000 -1.570796 0.261799 0.000000
    59 -0.000001 0.000000 0.000000 -3.141593 0.174533 0.000000
    60 0.000000 0.000000 -0.000001 -3.141593 0.174533 0.174533
    61 0.000000 0.000000 0.000000 -3.141593 0.349066 -0.174533
    62 0.000000 0.000000 0.000000 -1.570796 0.000000 0.000000
    63 0.000000 0.000000 0.000000 -1.570796 0.000000 0.000000
    64 0.000000 0.000000 0.000000 -1.570796 0.000000 0.000000
    65 0.000000 0.000000 0.000002 -1.570796 0.000000 0.000000
    66 0.000000 0.000000 0.000000 -1.570796 0.000000 0.000000
    67 0.000000 0.000001 0.000000 -1.570796 0.000000 0.000000
    68 0.000000 0.000000 0.000000 -1.570796 0.000000 0.000000
    69 0.000000 0.000000 0.000000 -1.570796 0.000000 0.000000
    70 0.000000 0.000000 0.000000 -1.570796 0.000000 0.000000
    71 0.000000 0.000000 0.000000 -1.570796 0.000000 0.000000
    72 0.000000 0.000000 0.000000 -1.570796 0.000000 0.000000
    73 0.000000 0.000000 0.000000 -1.570796 0.000000 0.000000
    74 -2.000000 0.000000 0.000000 1.570796 0.000000 0.174533
    75 -1.500000 -0.000001 -0.250000 1.570796 0.000000 0.000000
    76 -1.000000 0.250000 0.500000 1.570796 0.000000 0.000000
    77 0.000000 0.000000 0.000000 2.094395 0.000000 -3.141593
    78 0.000000 0.000000 0.000000 2.094395 0.000000 -3.141593
    79 0.000000 -0.200001 -0.200000 1.745329 0.000000 -3.141593
    80 0.000000 -0.000001 -0.000002 1.570796 0.000000 3.141593
    81 0.000000 0.000000 0.000000 1.570796 0.000000 -3.141593
    82 0.000000 0.000000 -0.000002 1.570796 0.000000 -3.141593
    83 0.000000 0.000000 0.000000 1.570796 0.000000 3.141593
    84 -0.000002 0.000000 0.000000 1.570796 0.000000 3.141593
    85 0.000000 0.000000 0.000000 1.570796 0.000000 3.141593
    86 0.000000 0.000000 0.000000 1.570796 0.000000 3.141593
    87 0.000000 0.000000 0.000000 1.570796 0.000000 -3.141593
    88 0.000000 0.000000 0.000000 1.570796 0.000000 -3.141593
    89 0.000000 0.000000 0.000000 1.570796 0.000000 3.141593
    90 0.000000 0.000000 0.000000 1.570796 0.000000 -3.141593
    91 0.000000 0.000000 0.000000 1.570796 0.000000 -3.141593
  time 4
    0 0.000000 0.000000 0.000000 0.000000 0.000000 -0.000007
    1 0.000000 2.709942 -10.591393 0.000000 -1.570796 1.570796
    2 3.500857 9.013945 -0.640573 0.000000 -1.570796 0.000000
    3 1.589622 -1.960972 4.434137 0.000000 0.000000 0.000000
    4 4.409996 0.000005 -0.000003 0.410628 0.054935 1.008762
    5 10.079981 -0.000003 -0.000001 -0.000002 -0.000003 -1.920142
    6 0.000000 -0.000001 0.000000 -0.473013 0.000005 0.000001
    7 3.359990 0.000014 -0.000007 -0.946064 0.000000 0.000003
    8 6.719987 0.000030 -0.000015 -1.419057 -0.000002 0.000001
    9 3.500862 -5.725745 -0.640568 0.000000 -1.570795 3.141592
    10 2.200123 3.179637 -4.445473 0.000000 0.000000 0.000000
    11 4.409998 -0.000001 0.000004 -0.532003 0.151898 0.958774
    12 10.079982 0.000014 0.000025 0.000004 0.000046 -2.028934
    13 0.000001 0.000004 0.000000 0.451139 -0.000001 0.000010
    14 3.359994 0.000032 0.000015 0.902288 -0.000007 0.000004
    15 6.719987 0.000057 0.000028 1.353454 0.000003 0.000003
    16 0.000000 0.000000 0.000000 1.536964 0.008952 -3.143641
    17 9.388720 -13.460452 -7.118120 3.096549 -0.525682 -1.872551
    18 -0.118055 -0.108981 0.513327 -0.000047 -0.086523 0.000009
    19 4.409994 -0.000012 0.000012 0.000000 0.000000 0.000000
    20 -3.422661 1.711283 0.470872 -0.307509 -0.002908 0.523336
    21 1.410028 0.000010 0.000007 0.000006 0.000009 -0.535621
    22 0.993011 -0.000001 0.000006 0.000001 -0.000006 -0.310085
    23 -1.022532 1.571291 -0.406268 0.256426 -0.264991 -0.038297
    24 1.337718 0.000005 0.000002 -0.000184 -0.351117 6.277251
    25 1.180473 -0.000093 -0.000003 0.005897 -0.371412 -0.027070
    26 -0.666712 0.565948 -0.425195 0.106054 -0.236684 -0.056612
    27 1.311736 0.000006 0.000004 0.000872 -0.384983 -0.000708
    28 1.132875 -0.000003 -0.000005 0.011374 -0.377787 0.034686
    29 -0.835869 -0.375753 -0.250998 -0.090437 -0.243893 -0.042503
    30 1.303124 0.000019 0.000004 -0.001429 -0.396347 -0.005542
    31 1.094648 -0.000011 -0.000003 -0.046553 -0.347053 0.037932
    32 -1.144743 -1.304737 0.171518 -0.435611 -0.383549 0.003805
    33 1.052849 0.000000 -0.000004 -0.000169 -0.342476 0.001488
    34 0.916342 -0.000031 0.000001 0.021684 -0.335759 -0.010671
    35 -7.779457 -13.314692 -7.192151 -0.001072 -0.919488 -1.244162
    36 -0.117880 -0.102734 -0.180849 0.000013 0.017066 0.000000
    37 4.409983 -0.000034 0.000004 0.000000 0.000000 0.000000
    38 -3.459356 1.711287 -0.541797 -0.095599 -0.269458 3.437543
    39 -1.410028 -0.000005 -0.000014 0.000004 0.000001 -0.348302
    40 -0.993008 0.000010 -0.000011 0.000012 -0.000006 -0.345572
    41 -1.077398 1.571280 0.162236 0.193057 -0.589649 3.150708
    42 -1.337713 0.000003 -0.000002 0.015857 -0.413405 -0.027313
    43 -1.180471 0.000072 0.000002 -0.015093 -0.389282 -0.015647
    44 -0.719599 0.565946 0.238754 -0.031271 -0.748320 -3.062392
    45 -1.311414 -0.000009 -0.000267 0.002810 -0.383530 0.001501
    46 -1.132872 0.000005 -0.000066 0.035708 -0.470482 -0.037445
    47 -1.239075 -1.304744 -0.314278 -0.701424 -0.489488 -2.765911
    48 -1.052850 0.000005 -0.000004 -0.000494 -0.367908 0.009574
    49 -0.916342 0.000033 0.000003 0.136776 -0.401845 -0.044787
    50 -0.900585 -0.375762 0.090056 -0.334492 -0.739101 -3.006770
    51 -1.303123 -0.000014 0.000008 -0.004266 -0.388936 -0.000993
    52 -1.094650 0.000007 0.000003 0.012065 -0.496317 0.010677
    53 0.000000 0.000000 0.000000 0.000000 0.000000 0.000000
    54 0.000000 0.000000 0.000000 0.000000 0.000000 -1.570796
    55 0.000000 0.000000 0.000000 0.000000 0.000000 -1.570796
    56 -2.000000 0.000000 0.000000 -1.570796 0.000000 0.174533
    57 -1.500000 0.000002 0.000000 -1.570796 0.000000 0.000000
    58 0.000000 0.500000 0.000000 -1.570796 0.261799 0.000000
    59 -0.000001 0.000000 0.000000 -3.141593 0.174533 0.000000
    60 0.000000 0.000000 -0.000001 -3.141593 0.174533 0.174533
    61 0.000000 0.000000 0.000000 -3.141593 0.349066 -0.174533
    62 0.000000 0.000000 0.000000 -1.570796 0.000000 0.000000
    63 0.000000 0.000000 0.000000 -1.570796 0.000000 0.000000
    64 0.000000 0.000000 0.000000 -1.570796 0.000000 0.000000
    65 0.000000 0.000000 0.000002 -1.570796 0.000000 0.000000
    66 0.000000 0.000000 0.000000 -1.570796 0.000000 0.000000
    67 0.000000 0.000001 0.000000 -1.570796 0.000000 0.000000
    68 0.000000 0.000000 0.000000 -1.570796 0.000000 0.000000
    69 0.000000 0.000000 0.000000 -1.570796 0.000000 0.000000
    70 0.000000 0.000000 0.000000 -1.570796 0.000000 0.000000
    71 0.000000 0.000000 0.000000 -1.570796 0.000000 0.000000
    72 0.000000 0.000000 0.000000 -1.570796 0.000000 0.000000
    73 0.000000 0.000000 0.000000 -1.570796 0.000000 0.000000
    74 -2.000000 0.000000 0.000000 1.570796 0.000000 0.174533
    75 -1.500000 -0.000001 -0.250000 1.570796 0.000000 0.000000
    76 -1.000000 0.250000 0.500000 1.570796 0.000000 0.000000
    77 0.000000 0.000000 0.000000 2.094395 0.000000 -3.141593
    78 0.000000 0.000000 0.000000 2.094395 0.000000 -3.141593
    79 0.000000 -0.200001 -0.200000 1.745329 0.000000 -3.141593
    80 0.000000 -0.000001 -0.000002 1.570796 0.000000 3.141593
    81 0.000000 0.000000 0.000000 1.570796 0.000000 -3.141593
    82 0.000000 0.000000 -0.000002 1.570796 0.000000 -3.141593
    83 0.000000 0.000000 0.000000 1.570796 0.000000 3.141593
    84 -0.000002 0.000000 0.000000 1.570796 0.000000 3.141593
    85 0.000000 0.000000 0.000000 1.570796 0.000000 3.141593
    86 0.000000 0.000000 0.000000 1.570796 0.000000 3.141593
    87 0.000000 0.000000 0.000000 1.570796 0.000000 -3.141593
    88 0.000000 0.000000 0.000000 1.570796 0.000000 -3.141593
    89 0.000000 0.000000 0.000000 1.570796 0.000000 3.141593
    90 0.000000 0.000000 0.000000 1.570796 0.000000 -3.141593
    91 0.000000 0.000000 0.000000 1.570796 0.000000 -3.141593
  time 5
    0 0.000000 0.000000 0.000000 0.000000 0.000000 -0.000007
    1 0.000000 2.709942 -10.591393 0.000000 -1.570796 1.570796
    2 3.500857 9.013945 -0.640573 0.000000 -1.570796 0.000000
    3 2.488087 -2.070350 5.234942 0.000000 0.000000 0.000000
    4 4.409996 0.000005 -0.000003 0.343494 0.266585 0.609183
    5 10.079981 -0.000003 -0.000001 -0.000002 -0.000003 -1.344708
    6 0.000000 -0.000001 0.000000 -0.484860 0.000005 0.000001
    7 3.359990 0.000014 -0.000007 -0.969733 0.000000 0.000003
    8 6.719987 0.000030 -0.000015 -1.454561 -0.000002 0.000001
    9 3.500862 -5.725745 -0.640568 0.000000 -1.570795 3.141592
    10 3.227498 3.179637 -5.250185 0.000000 0.000000 0.000000
    11 4.409998 -0.000001 0.000004 -0.437033 -0.160877 0.542532
    12 10.079982 0.000014 0.000025 0.000004 0.000046 -1.412635
    13 0.000001 0.000004 0.000000 0.522771 -0.000001 0.000010
    14 3.359994 0.000032 0.000015 1.045516 -0.000007 0.000004
    15 6.719987 0.000057 0.000028 1.568300 0.000003 0.000003
    16 0.000000 0.000000 0.000000 1.553946 -0.006819 -3.141892
    17 6.619104 -18.081687 -5.551666 3.342361 -0.981584 -2.001604
    18 -0.118055 -0.108981 0.513327 -0.000047 -0.086523 0.000009
    19 4.409994 -0.000012 0.000012 0.000000 0.000000 0.000000
    20 -3.422661 1.711283 0.470872 -0.312998 0.031039 0.604163
    21 1.410028 0.000010 0.000007 0.000006 0.000009 -0.454515
    22 0.993011 -0.000001 0.000006 0.000001 -0.000006 -0.228979
    23 -1.022532 1.571291 -0.406268 0.245748 -0.089900 0.010410
    24 1.337718 0.000005 0.000002 -0.000184 -0.161229 6.277251
    25 1.180473 -0.000093 -0.000003 0.023072 -0.180815 -0.045897
    26 -0.666712 0.565948 -0.425195 0.101261 -0.055177 -0.035711
    27 1.311736 0.000006 0.000004 0.000202 -0.195913 -0.000037
    28 1.132875 -0.000003 -0.000005 -0.004197 -0.188266 0.060234
    29 -0.835869 -0.375753 -0.250998 -0.086314 -0.062258 -0.060492
    30 1.303124 0.000019 0.000004 0.001627 -0.208383 -0.009075
    31 1.094648 -0.000011 -0.000003 -0.050268 -0.159278 0.034480
    32 -1.144743 -1.304737 0.171518 -0.408539 -0.219730 -0.077902
    33 1.052849 0.000000 -0.000004 0.000214 -0.150862 0.001775
    34 0.916342 -0.000031 0.000001 0.024079 -0.146336 -0.008659
    35 -5.603609 -17.744515 -5.719450 -0.040695 -1.183403 -1.268046
    36 -0.117880 -0.102734 -0.180849 0.000013 0.017066 0.000000
    37 4.409983 -0.000034 0.000004 0.000000 0.000000 0.000000
    38 -3.459356 1.711287 -0.541797 -0.128389 -0.247666 3.556891
    39 -1.410028 -0.000005 -0.000014 0.000004 0.000001 -0.228439
    40 -0.993008 0.000010 -0.000011 0.000012 -0.000006 -0.225677
    41 -1.077398 1.571280 0.162236 0.174684 -0.372018 3.193481
    42 -1.337713 0.000003 -0.000002 0.017381 -0.174475 -0.028558
    43 -1.180471 0.000072 0.000002 -0.022632 -0.156729 -0.023557
    44 -0.719599 0.565946 0.238754 -0.027137 -0.524800 -3.069187
    45 -1.311414 -0.000009 -0.000267 0.002810 -0.154398 0.001501
    46 -1.132872 0.000005 -0.000066 0.041353 -0.229749 -0.040114
    47 -1.239075 -1.304744 -0.314278 -0.643044 -0.312182 -2.916230
    48 -1.052850 0.000005 -0.000004 0.005313 -0.132437 0.009862
    49 -0.916342 0.000033 0.000003 0.166026 -0.167217 -0.024788
    50 -0.900585 -0.375762 0.090056 -0.288206 -0.527706 -3.087768
    51 -1.303123 -0.000014 0.000008 -0.004266 -0.157151 -0.000993
    52 -1.094650 0.000007 0.000003 0.002800 -0.262366 0.028337
    53 0.000000 0.000000 0.000000 0.000000 0.000000 0.000000
    54 0.000000 0.000000 0.000000 0.000000 0.000000 -1.570796
    55 0.000000 0.000000 0.000000 0.000000 0.000000 -1.570796
    56 -2.000000 0.000000 0.000000 -1.570796 0.000000 0.174533
    57 -1.500000 0.000002 0.000000 -1.570796 0.000000 0.000000
    58 0.000000 0.500000 0.000000 -1.570796 0.261799 0.000000
    59 -0.000001 0.000000 0.000000 -3.141593 0.174533 0.000000
    60 0.000000 0.000000 -0.000001 -3.141593 0.174533 0.174533
    61 0.000000 0.000000 0.000000 -3.141593 0.349066 -0.174533
    62 0.000000 0.000000 0.000000 -1.570796 0.000000 0.000000
    63 0.000000 0.000000 0.000000 -1.570796 0.000000 0.000000
    64 0.000000 0.000000 0.000000 -1.570796 0.000000 0.000000
    65 0.000000 0.000000 0.000002 -1.570796 0.000000 0.000000
    66 0.000000 0.000000 0.000000 -1.570796 0.000000 0.000000
    67 0.000000 0.000001 0.000000 -1.570796 0.000000 0.000000
    68 0.000000 0.000000 0.000000 -1.570796 0.000000 0.000000
    69 0.000000 0.000000 0.000000 -1.570796 0.000000 0.000000
    70 0.000000 0.000000 0.000000 -1.570796 0.000000 0.000000
    71 0.000000 0.000000 0.000000 -1.570796 0.000000 0.000000
    72 0.000000 0.000000 0.000000 -1.570796 0.000000 0.000000
    73 0.000000 0.000000 0.000000 -1.570796 0.000000 0.000000
    74 -2.000000 0.000000 0.000000 1.570796 0.000000 0.174533
    75 -1.500000 -0.000001 -0.250000 1.570796 0.000000 0.000000
    76 -1.000000 0.250000 0.500000 1.570796 0.000000 0.000000
    77 0.000000 0.000000 0.000000 2.094395 0.000000 -3.141593
    78 0.000000 0.000000 0.000000 2.094395 0.000000 -3.141593
    79 0.000000 -0.200001 -0.200000 1.745329 0.000000 -3.141593
    80 0.000000 -0.000001 -0.000002 1.570796 0.000000 3.141593
    81 0.000000 0.000000 0.000000 1.570796 0.000000 -3.141593
    82 0.000000 0.000000 -0.000002 1.570796 0.000000 -3.141593
    83 0.000000 0.000000 0.000000 1.570796 0.000000 3.141593
    84 -0.000002 0.000000 0.000000 1.570796 0.000000 3.141593
    85 0.000000 0.000000 0.000000 1.570796 0.000000 3.141593
    86 0.000000 0.000000 0.000000 1.570796 0.000000 3.141593
    87 0.000000 0.000000 0.000000 1.570796 0.000000 -3.141593
    88 0.000000 0.000000 0.000000 1.570796 0.000000 -3.141593
    89 0.000000 0.000000 0.000000 1.570796 0.000000 3.141593
    90 0.000000 0.000000 0.000000 1.570796 0.000000 -3.141593
    91 0.000000 0.000000 0.000000 1.570796 0.000000 -3.141593
  time 6
    0 0.000000 0.000000 0.000000 0.000000 0.000000 -0.000007
    1 0.000000 2.709942 -10.591393 0.000000 -1.570796 1.570796
    2 3.500857 9.013945 -0.640573 0.000000 -1.570796 0.000000
    3 2.921694 -2.121133 5.625579 0.000000 0.000000 0.000000
    4 4.409996 0.000005 -0.000003 0.084203 0.377562 -0.043700
    5 10.079981 -0.000003 -0.000001 -0.000002 -0.000003 -0.226501
    6 0.000000 -0.000001 0.000000 -0.405948 0.000005 0.000001
    7 3.359990 0.000014 -0.000007 -0.811907 0.000000 0.000003
    8 6.719987 0.000030 -0.000015 -1.217822 -0.000002 0.000001
    9 3.500862 -5.725745 -0.640568 0.000000 -1.570795 3.141592
    10 3.715794 3.179637 -5.633009 0.000000 0.000000 0.000000
    11 4.409998 -0.000001 0.000004 -0.170592 -0.352750 -0.124255
    12 10.079982 0.000014 0.000025 0.000004 0.000022 -0.221983
    13 0.000001 0.000004 0.000000 0.465605 -0.000001 0.000010
    14 3.359994 0.000032 0.000015 0.931184 -0.000007 0.000004
    15 6.719987 0.000057 0.000028 1.396828 0.000003 0.000003
    16 0.000000 0.000000 0.000000 1.598780 -0.036397 -3.132040
    17 4.275283 -22.648233 -4.766486 3.463515 -1.157127 -2.035996
    18 -0.118055 -0.108981 0.513327 -0.000047 -0.086523 0.000009
    19 4.409994 -0.000012 0.000012 0.000000 0.000000 0.000000
    20 -3.422661 1.711283 0.470872 -0.304860 0.040903 0.661701
    21 1.410028 0.000010 0.000007 0.000006 0.000009 -0.390507
    22 0.993011 -0.000001 0.000006 0.000001 -0.000006 -0.164992
    23 -1.022532 1.571291 -0.406268 0.247665 0.054696 0.044091
    24 1.337718 0.000005 0.000002 -0.000184 -0.021226 6.277251
    25 1.180473 -0.000093 -0.000003 0.005897 -0.041458 -0.027070
    26 -0.666712 0.565948 -0.425195 0.103538 0.091405 -0.022168
    27 1.311736 0.000006 0.000004 0.000872 -0.055118 -0.000708
    28 1.132875 -0.000003 -0.000005 0.015783 -0.048221 0.047600
    29 -0.835869 -0.375753 -0.250998 -0.088076 0.084723 -0.071890
    30 1.303124 0.000019 0.000004 -0.001429 -0.066470 -0.005542
    31 1.094648 -0.000011 -0.000003 -0.054762 -0.017468 0.030765
    32 -1.144743 -1.304737 0.171518 -0.403499 -0.081738 -0.133815
    33 1.052849 0.000000 -0.000004 -0.000169 -0.012551 0.001488
    34 0.916342 -0.000031 0.000001 0.025708 -0.005930 -0.005592
    35 -3.759803 -22.146993 -5.035835 -0.032960 -1.233391 -1.310394
    36 -0.117880 -0.102734 -0.180849 0.000013 0.017066 0.000000
    37 4.409983 -0.000034 0.000004 0.000000 0.000000 0.000000
    38 -3.459356 1.711287 -0.541797 -0.152658 -0.242242 3.662076
    39 -1.410028 -0.000005 -0.000014 0.000004 0.000001 -0.129400
    40 -0.993008 0.000010 -0.000011 0.000012 -0.000006 -0.126660
    41 -1.077398 1.571280 0.162236 0.162544 -0.171758 3.230957
    42 -1.337713 0.000003 -0.000002 0.015857 0.010986 -0.027313
    43 -1.180471 0.000072 0.000002 -0.020307 0.034354 -0.039173
    44 -0.719599 0.565946 0.238754 -0.024188 -0.324079 -3.075971
    45 -1.311414 -0.000009 -0.000267 0.002810 0.040931 0.001501
    46 -1.132872 0.000005 -0.000066 0.045563 -0.046173 -0.039256
    47 -1.239075 -1.304744 -0.314278 -0.613960 -0.151435 -3.038011
    48 -1.052850 0.000005 -0.000004 -0.000494 0.056574 0.009574
    49 -0.916342 0.000033 0.000003 0.189804 0.016008 -0.001248
    50 -0.900585 -0.375762 0.090056 -0.259605 -0.332525 -3.150244
    51 -1.303123 -0.000014 0.000008 -0.004266 0.035458 -0.000993
    52 -1.094650 0.000007 0.000003 0.016508 -0.072146 0.022104
    53 0.000000 0.000000 0.000000 0.000000 0.000000 0.000000
    54 0.000000 0.000000 0.000000 0.000000 0.000000 -1.570796
    55 0.000000 0.000000 0.000000 0.000000 0.000000 -1.570796
    56 -2.000000 0.000000 0.000000 -1.570796 0.000000 0.174533
    57 -1.500000 0.000002 0.000000 -1.570796 0.000000 0.000000
    58 0.000000 0.500000 0.000000 -1.570796 0.261799 0.000000
    59 -0.000001 0.000000 0.000000 -3.141593 0.174533 0.000000
    60 0.000000 0.000000 -0.000001 -3.141593 0.174533 0.174533
    61 0.000000 0.000000 0.000000 -3.141593 0.349066 -0.174533
    62 0.000000 0.000000 0.000000 -1.570796 0.000000 0.000000
    63 0.000000 0.000000 0.000000 -1.570796 0.000000 0.000000
    64 0.000000 0.000000 0.000000 -1.570796 0.000000 0.000000
    65 0.000000 0.000000 0.000002 -1.570796 0.000000 0.000000
    66 0.000000 0.000000 0.000000 -1.570796 0.000000 0.000000
    67 0.000000 0.000001 0.000000 -1.570796 0.000000 0.000000
    68 0.000000 0.000000 0.000000 -1.570796 0.000000 0.000000
    69 0.000000 0.000000 0.000000 -1.570796 0.000000 0.000000
    70 0.000000 0.000000 0.000000 -1.570796 0.000000 0.000000
    71 0.000000 0.000000 0.000000 -1.570796 0.000000 0.000000
    72 0.000000 0.000000 0.000000 -1.570796 0.000000 0.000000
    73 0.000000 0.000000 0.000000 -1.570796 0.000000 0.000000
    74 -2.000000 0.000000 0.000000 1.570796 0.000000 0.174533
    75 -1.500000 -0.000001 -0.250000 1.570796 0.000000 0.000000
    76 -1.000000 0.250000 0.500000 1.570796 0.000000 0.000000
    77 0.000000 0.000000 0.000000 2.094395 0.000000 -3.141593
    78 0.000000 0.000000 0.000000 2.094395 0.000000 -3.141593
    79 0.000000 -0.200001 -0.200000 1.745329 0.000000 -3.141593
    80 0.000000 -0.000001 -0.000002 1.570796 0.000000 3.141593
    81 0.000000 0.000000 0.000000 1.570796 0.000000 -3.141593
    82 0.000000 0.000000 -0.000002 1.570796 0.000000 -3.141593
    83 0.000000 0.000000 0.000000 1.570796 0.000000 3.141593
    84 -0.000002 0.000000 0.000000 1.570796 0.000000 3.141593
    85 0.000000 0.000000 0.000000 1.570796 0.000000 3.141593
    86 0.000000 0.000000 0.000000 1.570796 0.000000 3.141593
    87 0.000000 0.000000 0.000000 1.570796 0.000000 -3.141593
    88 0.000000 0.000000 0.000000 1.570796 0.000000 -3.141593
    89 0.000000 0.000000 0.000000 1.570796 0.000000 3.141593
    90 0.000000 0.000000 0.000000 1.570796 0.000000 -3.141593
    91 0.000000 0.000000 0.000000 1.570796 0.000000 -3.141593
  time 7
    0 0.000000 0.000000 0.000000 0.000000 0.000000 -0.000007
    1 0.000000 2.709942 -10.591393 0.000000 -1.570796 1.570796
    2 3.500857 9.013945 -0.640573 0.000000 -1.570796 0.000000
    3 2.921694 -2.121133 5.625579 0.000000 0.000000 0.000000
    4 4.409996 0.000005 -0.000003 0.027194 0.285512 -0.152586
    5 10.079981 -0.000003 -0.000001 -0.000002 -0.000003 -0.000514
    6 0.000000 -0.000001 0.000000 -0.389284 0.000005 0.000001
    7 3.359990 0.000014 -0.000007 -0.778606 0.000000 0.000003
    8 6.719987 0.000030 -0.000015 -1.167909 -0.000002 0.000001
    9 3.500862 -5.725745 -0.640568 0.000000 -1.570795 3.141592
    10 3.715794 3.179637 -5.633009 0.000000 0.000000 0.000000
    11 4.409998 -0.000001 0.000004 -0.098816 -0.282810 -0.224906
    12 10.079982 0.000014 0.000025 0.000004 0.000010 -0.000471
    13 0.000001 0.000004 0.000000 0.451654 -0.000001 0.000010
    14 3.359994 0.000032 0.000015 0.903295 -0.000007 0.000004
    15 6.719987 0.000057 0.000028 1.354964 0.000003 0.000003
    16 0.000000 0.000000 0.000000 1.610597 -0.037344 -3.128493
    17 4.275283 -24.144372 -6.289970 3.290719 -0.544093 -1.817290
    18 -0.118055 -0.108981 0.513327 -0.000155 -0.097836 0.001172
    19 4.409994 -0.000012 0.000012 0.000000 0.000000 0.000000
    20 -3.422661 1.711283 0.470872 -0.308180 0.058609 0.702310
    21 1.410028 0.000010 0.000007 0.000006 0.000009 -0.350084
    22 0.993011 -0.000001 0.000006 0.000001 -0.000006 -0.124569
    23 -1.022532 1.571291 -0.406268 0.241865 0.141546 0.068568
    24 1.337718 0.000005 0.000002 -0.000184 0.073842 6.277251
    25 1.180473 -0.000093 -0.000003 0.015845 0.053959 -0.038029
    26 -0.666712 0.565948 -0.425195 0.100853 0.181713 -0.011622
    27 1.311736 0.000006 0.000004 0.000489 0.039442 -0.000324
    28 1.132875 -0.000003 -0.000005 0.006496 0.046684 0.061825
    29 -0.835869 -0.375753 -0.250998 -0.085787 0.175033 -0.080974
    30 1.303124 0.000019 0.000004 0.000386 0.027512 -0.007548
    31 1.094648 -0.000011 -0.000003 -0.056536 0.076394 0.029087
    32 -1.144743 -1.304737 0.171518 -0.389232 -0.000564 -0.174879
    33 1.052849 0.000000 -0.000004 0.000118 0.083518 0.001680
    34 0.916342 -0.000031 0.000001 0.026858 0.088781 -0.004634
    35 -3.759803 -23.643133 -6.653072 -0.011491 -0.781873 -1.337835
    36 -0.117880 -0.102734 -0.180849 -0.000670 0.075994 -0.009168
    37 4.409983 -0.000034 0.000004 0.000000 0.000000 0.000000
    38 -3.459356 1.711287 -0.541797 -0.169065 -0.230839 3.721026
    39 -1.410028 -0.000005 -0.000014 0.000004 0.000001 -0.069918
    40 -0.993008 0.000010 -0.000011 0.000012 -0.000006 -0.067149
    41 -1.077398 1.571280 0.162236 0.153280 -0.064629 3.252110
    42 -1.337713 0.000003 -0.000002 0.016715 0.130175 -0.027984
    43 -1.180471 0.000072 0.000002 -0.024453 0.149825 -0.042672
    44 -0.719599 0.565946 0.238754 -0.022103 -0.213875 -3.079290
    45 -1.311414 -0.000009 -0.000267 0.002810 0.154364 0.001501
    46 -1.132872 0.000005 -0.000066 0.048434 0.074054 -0.040686
    47 -1.239075 -1.304744 -0.314278 -0.584101 -0.064041 -3.112752
    48 -1.052850 0.000005 -0.000004 0.002933 0.173745 0.009670
    49 -0.916342 0.000033 0.000003 0.204335 0.132937 0.008321
    50 -0.900585 -0.375762 0.090056 -0.236197 -0.228477 -3.190670
    51 -1.303123 -0.000014 0.000008 -0.004266 0.150570 -0.000993
    52 -1.094650 0.000007 0.000003 0.010836 0.044038 0.031831
    53 0.000000 0.000000 0.000000 0.000000 0.000000 0.000000
    54 0.000000 0.000000 0.000000 0.000000 0.000000 -1.570796
    55 0.000000 0.000000 0.000000 0.000000 0.000000 -1.570796
    56 -2.000000 0.000000 0.000000 -1.570796 0.000000 0.174533
    57 -1.500000 0.000002 0.000000 -1.570796 0.000000 0.000000
    58 0.000000 0.500000 0.000000 -1.570796 0.261799 0.000000
    59 -0.000001 0.000000 0.000000 -3.141593 0.174533 0.000000
    60 0.000000 0.000000 -0.000001 -3.141593 0.174533 0.174533
    61 0.000000 0.000000 0.000000 -3.141593 0.349066 -0.174533
    62 0.000000 0.000000 0.000000 -1.570796 0.000000 0.000000
    63 0.000000 0.000000 0.000000 -1.570796 0.000000 0.000000
    64 0.000000 0.000000 0.000000 -1.570796 0.000000 0.000000
    65 0.000000 0.000000 0.000002 -1.570796 0.000000 0.000000
    66 0.000000 0.000000 0.000000 -1.570796 0.000000 0.000000
    67 0.000000 0.000001 0.000000 -1.570796 0.000000 0.000000
    68 0.000000 0.000000 0.000000 -1.570796 0.000000 0.000000
    69 0.000000 0.000000 0.000000 -1.570796 0.000000 0.000000
    70 0.000000 0.000000 0.000000 -1.570796 0.000000 0.000000
    71 0.000000 0.000000 0.000000 -1.570796 0.000000 0.000000
    72 0.000000 0.000000 0.000000 -1.570796 0.000000 0.000000
    73 0.000000 0.000000 0.000000 -1.570796 0.000000 0.000000
    74 -2.000000 0.000000 0.000000 1.570796 0.000000 0.174533
    75 -1.500000 -0.000001 -0.250000 1.570796 0.000000 0.000000
    76 -1.000000 0.250000 0.500000 1.570796 0.000000 0.000000
    77 0.000000 0.000000 0.000000 2.094395 0.000000 -3.141593
    78 0.000000 0.000000 0.000000 2.094395 0.000000 -3.141593
    79 0.000000 -0.200001 -0.200000 1.745329 0.000000 -3.141593
    80 0.000000 -0.000001 -0.000002 1.570796 0.000000 3.141593
    81 0.000000 0.000000 0.000000 1.570796 0.000000 -3.141593
    82 0.000000 0.000000 -0.000002 1.570796 0.000000 -3.141593
    83 0.000000 0.000000 0.000000 1.570796 0.000000 3.141593
    84 -0.000002 0.000000 0.000000 1.570796 0.000000 3.141593
    85 0.000000 0.000000 0.000000 1.570796 0.000000 3.141593
    86 0.000000 0.000000 0.000000 1.570796 0.000000 3.141593
    87 0.000000 0.000000 0.000000 1.570796 0.000000 -3.141593
    88 0.000000 0.000000 0.000000 1.570796 0.000000 -3.141593
    89 0.000000 0.000000 0.000000 1.570796 0.000000 3.141593
    90 0.000000 0.000000 0.000000 1.570796 0.000000 -3.141593
    91 0.000000 0.000000 0.000000 1.570796 0.000000 -3.141593
  time 8
    0 0.000000 0.000000 0.000000 0.000000 0.000000 -0.000007
    1 0.000000 2.709942 -10.591393 0.000000 -1.570796 1.570796
    2 3.500857 9.013945 -0.640573 0.000000 -1.570796 0.000000
    3 2.921694 -2.121133 5.625579 0.000000 0.000000 0.000000
    4 4.409996 0.000005 -0.000003 0.016042 0.216766 -0.149909
    5 10.079981 -0.000003 -0.000001 -0.000002 -0.000003 -0.000514
    6 0.000000 -0.000001 0.000000 -0.392259 0.000005 0.000001
    7 3.359990 0.000014 -0.000007 -0.784504 0.000000 0.000003
    8 6.719987 0.000030 -0.000015 -1.176756 -0.000002 0.000001
    9 3.500862 -5.725745 -0.640568 0.000000 -1.570795 3.141592
    10 3.715794 3.179637 -5.633009 0.000000 0.000000 0.000000
    11 4.409998 -0.000001 0.000004 -0.082495 -0.226183 -0.191698
    12 10.079982 0.000014 0.000025 0.000004 0.000010 -0.068334
    13 0.000001 0.000004 0.000000 0.425456 -0.000001 0.000010
    14 3.359994 0.000032 0.000015 0.850917 -0.000007 0.000004
    15 6.719987 0.000057 0.000028 1.276395 0.000003 0.000003
    16 0.000000 0.000000 0.000000 1.597486 -0.017438 -3.129667
    17 4.275283 -24.460788 -7.645480 3.211090 -0.023588 -1.702706
    18 -0.118055 -0.108981 0.513327 -0.000047 -0.086523 0.000009
    19 4.409994 -0.000012 0.000012 0.000000 0.000000 0.000000
    20 -3.422661 1.711283 0.470872 -0.315934 0.075201 0.724107
    21 1.410028 0.000010 0.000007 0.000006 0.000009 -0.331444
    22 0.993011 -0.000001 0.000006 0.000001 -0.000006 -0.105929
    23 -1.022532 1.571291 -0.406268 0.233979 0.178458 0.082235
    24 1.337718 0.000005 0.000002 -0.000184 0.122687 6.277251
    25 1.180473 -0.000093 -0.000003 0.035837 0.103445 -0.059946
    26 -0.666712 0.565948 -0.425195 0.096599 0.221647 -0.005270
    27 1.311736 0.000006 0.000004 -0.000277 0.087328 0.000346
    28 1.132875 -0.000003 -0.000005 -0.013953 0.095100 0.084940
    29 -0.835869 -0.375753 -0.250998 -0.082227 0.214842 -0.086571
    30 1.303124 0.000019 0.000004 0.004015 0.074008 -0.011749
    31 1.094648 -0.000011 -0.000003 -0.056584 0.122969 0.028836
    32 -1.144743 -1.304737 0.171518 -0.374482 0.032480 -0.198115
    33 1.052849 0.000000 -0.000004 0.000502 0.134199 0.001871
    34 0.916342 -0.000031 0.000001 0.027624 0.136980 -0.004921
    35 -3.759803 -23.967361 -8.067178 -0.000914 -0.332648 -1.351979
    36 -0.117880 -0.102734 -0.180849 -0.000167 0.027049 -0.006843
    37 4.409983 -0.000034 0.000004 0.000000 0.000000 0.000000
    38 -3.459356 1.711287 -0.541797 -0.177430 -0.219685 3.742694
    39 -1.410028 -0.000005 -0.000014 0.000004 0.000001 -0.044649
    40 -0.993008 0.000010 -0.000011 0.000012 -0.000006 -0.041879
    41 -1.077398 1.571280 0.162236 0.147827 -0.029588 3.259995
    42 -1.337713 0.000003 -0.000002 0.018620 0.186776 -0.029517
    43 -1.180471 0.000072 0.000002 -0.030494 0.199350 -0.039592
    44 -0.719599 0.565946 0.238754 -0.020988 -0.175142 -3.080117
    45 -1.311414 -0.000009 -0.000267 0.002810 0.199404 0.001501
    46 -1.132872 0.000005 -0.000066 0.049869 0.132729 -0.042878
    47 -1.239075 -1.304744 -0.314278 -0.561754 -0.034225 -3.145610
    48 -1.052850 0.000005 -0.000004 0.009597 0.226227 0.010053
    49 -0.916342 0.000033 0.000003 0.210657 0.187895 0.008895
    50 -0.900585 -0.375762 0.090056 -0.221408 -0.194735 -3.210053
    51 -1.303123 -0.000014 0.000008 -0.004266 0.198760 -0.000993
    52 -1.094650 0.000007 0.000003 -0.002305 0.094914 0.046468
    53 0.000000 0.000000 0.000000 0.000000 0.000000 0.000000
    54 0.000000 0.000000 0.000000 0.000000 0.000000 -1.570796
    55 0.000000 0.000000 0.000000 0.000000 0.000000 -1.570796
    56 -2.000000 0.000000 0.000000 -1.570796 0.000000 0.174533
    57 -1.500000 0.000002 0.000000 -1.570796 0.000000 0.000000
    58 0.000000 0.500000 0.000000 -1.570796 0.261799 0.000000
    59 -0.000001 0.000000 0.000000 -3.141593 0.174533 0.000000
    60 0.000000 0.000000 -0.000001 -3.141593 0.174533 0.174533
    61 0.000000 0.000000 0.000000 -3.141593 0.349066 -0.174533
    62 0.000000 0.000000 0.000000 -1.570796 0.000000 0.000000
    63 0.000000 0.000000 0.000000 -1.570796 0.000000 0.000000
    64 0.000000 0.000000 0.000000 -1.570796 0.000000 0.000000
    65 0.000000 0.000000 0.000002 -1.570796 0.000000 0.000000
    66 0.000000 0.000000 0.000000 -1.570796 0.000000 0.000000
    67 0.000000 0.000001 0.000000 -1.570796 0.000000 0.000000
    68 0.000000 0.000000 0.000000 -1.570796 0.000000 0.000000
    69 0.000000 0.000000 0.000000 -1.570796 0.000000 0.000000
    70 0.000000 0.000000 0.000000 -1.570796 0.000000 0.000000
    71 0.000000 0.000000 0.000000 -1.570796 0.000000 0.000000
    72 0.000000 0.000000 0.000000 -1.570796 0.000000 0.000000
    73 0.000000 0.000000 0.000000 -1.570796 0.000000 0.000000
    74 -2.000000 0.000000 0.000000 1.570796 0.000000 0.174533
    75 -1.500000 -0.000001 -0.250000 1.570796 0.000000 0.000000
    76 -1.000000 0.250000 0.500000 1.570796 0.000000 0.000000
    77 0.000000 0.000000 0.000000 2.094395 0.000000 -3.141593
    78 0.000000 0.000000 0.000000 2.094395 0.000000 -3.141593
    79 0.000000 -0.200001 -0.200000 1.745329 0.000000 -3.141593
    80 0.000000 -0.000001 -0.000002 1.570796 0.000000 3.141593
    81 0.000000 0.000000 0.000000 1.570796 0.000000 -3.141593
    82 0.000000 0.000000 -0.000002 1.570796 0.000000 -3.141593
    83 0.000000 0.000000 0.000000 1.570796 0.000000 3.141593
    84 -0.000002 0.000000 0.000000 1.570796 0.000000 3.141593
    85 0.000000 0.000000 0.000000 1.570796 0.000000 3.141593
    86 0.000000 0.000000 0.000000 1.570796 0.000000 3.141593
    87 0.000000 0.000000 0.000000 1.570796 0.000000 -3.141593
    88 0.000000 0.000000 0.000000 1.570796 0.000000 -3.141593
    89 0.000000 0.000000 0.000000 1.570796 0.000000 3.141593
    90 0.000000 0.000000 0.000000 1.570796 0.000000 -3.141593
    91 0.000000 0.000000 0.000000 1.570796 0.000000 -3.141593
  time 9
    0 0.000000 0.000000 0.000000 0.000000 0.000000 -0.000007
    1 0.000000 2.709942 -10.591393 0.000000 -1.570796 1.570796
    2 3.500857 9.013945 -0.640573 0.000000 -1.570796 0.000000
    3 2.921694 -2.121133 5.625579 0.000000 0.000000 0.000000
    4 4.409996 0.000005 -0.000003 0.026901 0.149550 -0.002900
    5 10.079981 -0.000003 -0.000001 -0.000002 -0.000003 -0.296845
    6 0.000000 -0.000001 0.000000 -0.385022 0.000005 0.000001
    7 3.359990 0.000014 -0.000007 -0.770004 0.000000 0.000003
    8 6.719987 0.000030 -0.000015 -1.155083 -0.000002 0.000001
    9 3.500862 -5.725745 -0.640568 0.000000 -1.570795 3.141592
    10 3.715794 3.179637 -5.633009 0.000000 0.000000 0.000000
    11 4.409998 -0.000001 0.000004 -0.097070 -0.156308 0.047263
    12 10.079982 0.000014 0.000025 0.000004 0.000046 -0.558602
    13 0.000001 0.000004 0.000000 0.353057 -0.000001 0.000010
    14 3.359994 0.000032 0.000015 0.706150 -0.000007 0.000004
    15 6.719987 0.000057 0.000028 1.059212 0.000003 0.000003
    16 0.000000 0.000000 0.000000 1.584027 -0.000252 -3.131058
    17 4.275283 -24.062338 -9.055679 3.179405 0.376826 -1.645721
    18 -0.118055 -0.108981 0.513327 -0.000047 -0.086523 0.000009
    19 4.409994 -0.000012 0.000012 0.000000 0.000000 0.000000
    20 -3.422661 1.711283 0.470872 -0.322046 0.083022 0.725697
    21 1.410028 0.000010 0.000007 0.000006 0.000009 -0.333066
    22 0.993011 -0.000001 0.000006 0.000001 -0.000006 -0.107551
    23 -1.022532 1.571291 -0.406268 0.229017 0.171810 0.083671
    24 1.337718 0.000005 0.000002 -0.000184 0.123924 6.277251
    25 1.180473 -0.000093 -0.000003 0.050854 0.105246 -0.076337
    26 -0.666712 0.565948 -0.425195 0.093650 0.216385 -0.004191
    27 1.311736 0.000006 0.000004 -0.000948 0.087910 0.000921
    28 1.132875 -0.000003 -0.000005 -0.029712 0.096208 0.101036
    29 -0.835869 -0.375753 -0.250998 -0.079818 0.209475 -0.087601
    30 1.303124 0.000019 0.000004 0.006690 0.073464 -0.014804
    31 1.094648 -0.000011 -0.000003 -0.055733 0.122460 0.029411
    32 -1.144743 -1.304737 0.171518 -0.366848 0.024886 -0.200884
    33 1.052849 0.000000 -0.000004 0.000789 0.136964 0.001967
    34 0.916342 -0.000031 0.000001 0.027720 0.137849 -0.005688
    35 -3.759803 -23.565005 -9.516441 0.003854 0.044332 -1.358670
    36 -0.117880 -0.102734 -0.180849 0.000013 0.017066 0.000000
    37 4.409983 -0.000034 0.000004 0.000000 0.000000 0.000000
    38 -3.459356 1.711287 -0.541797 -0.177598 -0.214220 3.734866
    39 -1.410028 -0.000005 -0.000014 0.000004 0.000001 -0.049200
    40 -0.993008 0.000010 -0.000011 0.000012 -0.000006 -0.046430
    41 -1.077398 1.571280 0.162236 0.147000 -0.048094 3.257323
    42 -1.337713 0.000003 -0.000002 0.020049 0.183552 -0.030666
    43 -1.180471 0.000072 0.000002 -0.034460 0.190879 -0.034763
    44 -0.719599 0.565946 0.238754 -0.020917 -0.191644 -3.079290
    45 -1.311414 -0.000009 -0.000267 0.002810 0.187612 0.001501
    46 -1.132872 0.000005 -0.000066 0.049869 0.131211 -0.044403
    47 -1.239075 -1.304744 -0.314278 -0.554403 -0.048091 -3.141046
    48 -1.052850 0.000005 -0.000004 0.014738 0.219936 0.010149
    49 -0.916342 0.000033 0.000003 0.209808 0.184196 0.004781
    50 -0.900585 -0.375762 0.090056 -0.218358 -0.213032 -3.209129
    51 -1.303123 -0.000014 0.000008 -0.004266 0.189394 -0.000993
    52 -1.094650 0.000007 0.000003 -0.012609 0.087482 0.056195
    53 0.000000 0.000000 0.000000 0.000000 0.000000 0.000000
    54 0.000000 0.000000 0.000000 0.000000 0.000000 -1.570796
    55 0.000000 0.000000 0.000000 0.000000 0.000000 -1.570796
    56 -2.000000 0.000000 0.000000 -1.570796 0.000000 0.174533
    57 -1.500000 0.000002 0.000000 -1.570796 0.000000 0.000000
    58 0.000000 0.500000 0.000000 -1.570796 0.261799 0.000000
    59 -0.000001 0.000000 0.000000 -3.141593 0.174533 0.000000
    60 0.000000 0.000000 -0.000001 -3.141593 0.174533 0.174533
    61 0.000000 0.000000 0.000000 -3.141593 0.349066 -0.174533
    62 0.000000 0.000000 0.000000 -1.570796 0.000000 0.000000
    63 0.000000 0.000000 0.000000 -1.570796 0.000000 0.000000
    64 0.000000 0.000000 0.000000 -1.570796 0.000000 0.000000
    65 0.000000 0.000000 0.000002 -1.570796 0.000000 0.000000
    66 0.000000 0.000000 0.000000 -1.570796 0.000000 0.000000
    67 0.000000 0.000001 0.000000 -1.570796 0.000000 0.000000
    68 0.000000 0.000000 0.000000 -1.570796 0.000000 0.000000
    69 0.000000 0.000000 0.000000 -1.570796 0.000000 0.000000
    70 0.000000 0.000000 0.000000 -1.570796 0.000000 0.000000
    71 0.000000 0.000000 0.000000 -1.570796 0.000000 0.000000
    72 0.000000 0.000000 0.000000 -1.570796 0.000000 0.000000
    73 0.000000 0.000000 0.000000 -1.570796 0.000000 0.000000
    74 -2.000000 0.000000 0.000000 1.570796 0.000000 0.174533
    75 -1.500000 -0.000001 -0.250000 1.570796 0.000000 0.000000
    76 -1.000000 0.250000 0.500000 1.570796 0.000000 0.000000
    77 0.000000 0.000000 0.000000 2.094395 0.000000 -3.141593
    78 0.000000 0.000000 0.000000 2.094395 0.000000 -3.141593
    79 0.000000 -0.200001 -0.200000 1.745329 0.000000 -3.141593
    80 0.000000 -0.000001 -0.000002 1.570796 0.000000 3.141593
    81 0.000000 0.000000 0.000000 1.570796 0.000000 -3.141593
    82 0.000000 0.000000 -0.000002 1.570796 0.000000 -3.141593
    83 0.000000 0.000000 0.000000 1.570796 0.000000 3.141593
    84 -0.000002 0.000000 0.000000 1.570796 0.000000 3.141593
    85 0.000000 0.000000 0.000000 1.570796 0.000000 3.141593
    86 0.000000 0.000000 0.000000 1.570796 0.000000 3.141593
    87 0.000000 0.000000 0.000000 1.570796 0.000000 -3.141593
    88 0.000000 0.000000 0.000000 1.570796 0.000000 -3.141593
    89 0.000000 0.000000 0.000000 1.570796 0.000000 3.141593
    90 0.000000 0.000000 0.000000 1.570796 0.000000 -3.141593
    91 0.000000 0.000000 0.000000 1.570796 0.000000 -3.141593
  time 10
    0 0.000000 0.000000 0.000000 0.000000 0.000000 -0.000007
    1 0.000000 2.709942 -10.591393 0.000000 -1.570796 1.570796
    2 3.500857 9.013945 -0.640573 0.000000 -1.570796 0.000000
    3 2.921694 -2.121133 5.625579 0.000000 0.000000 0.000000
    4 4.409996 0.000005 -0.000003 0.008705 0.058772 0.194105
    5 10.079981 -0.000003 -0.000001 -0.000002 -0.000003 -0.705695
    6 0.000000 -0.000001 0.000000 -0.362100 0.000005 0.000001
    7 3.359990 0.000014 -0.000007 -0.724211 0.000000 0.000003
    8 6.719987 0.000030 -0.000015 -1.086356 -0.000002 0.000001
    9 3.500862 -5.725745 -0.640568 0.000000 -1.570795 3.141592
    10 3.715794 3.179637 -5.633009 0.000000 0.000000 0.000000
    11 4.409998 -0.000001 0.000004 -0.045913 -0.076264 0.182236
    12 10.079982 0.000014 0.000025 0.000004 0.000046 -0.857294
    13 0.000001 0.000004 0.000000 0.291325 -0.000001 0.000010
    14 3.359994 0.000032 0.000015 0.582642 -0.000007 0.000004
    15 6.719987 0.000057 0.000028 0.873975 0.000003 0.000003
    16 0.000000 0.000000 0.000000 1.577687 0.005165 -3.131094
    17 4.275283 -23.261533 -10.993238 3.159527 0.561119 -1.612720
    18 -0.118055 -0.108981 0.513327 -0.000047 -0.086523 0.000009
    19 4.409994 -0.000012 0.000012 0.000000 0.000000 0.000000
    20 -3.422661 1.711283 0.470872 -0.320380 0.074169 0.705368
    21 1.410028 0.000010 0.000007 0.000006 0.000009 -0.353247
    22 0.993011 -0.000001 0.000006 0.000001 -0.000006 -0.127732
    23 -1.022532 1.571291 -0.406268 0.231942 0.128366 0.071425
    24 1.337718 0.000005 0.000002 -0.000184 0.076266 6.277251
    25 1.180473 -0.000093 -0.000003 0.045879 0.057514 -0.070905
    26 -0.666712 0.565948 -0.425195 0.095005 0.171230 -0.009489
    27 1.311736 0.000006 0.000004 -0.000660 0.040558 0.000729
    28 1.132875 -0.000003 -0.000005 -0.025116 0.048755 0.093830
    29 -0.835869 -0.375753 -0.250998 -0.080945 0.164299 -0.083059
    30 1.303124 0.000019 0.000004 0.005830 0.026473 -0.013754
    31 1.094648 -0.000011 -0.000003 -0.054846 0.075478 0.030250
    32 -1.144743 -1.304737 0.171518 -0.374000 -0.015718 -0.180286
    33 1.052849 0.000000 -0.000004 0.000693 0.088906 0.001967
    34 0.916342 -0.000031 0.000001 0.027145 0.090417 -0.006167
    35 -3.759803 -22.756387 -11.465719 0.006316 0.222137 -1.361973
    36 -0.117880 -0.102734 -0.180849 0.000013 0.017066 0.000000
    37 4.409983 -0.000034 0.000004 0.000000 0.000000 0.000000
    38 -3.459356 1.711287 -0.541797 -0.169376 -0.219964 3.705391
    39 -1.410028 -0.000005 -0.000014 0.000004 0.000001 -0.078967
    40 -0.993008 0.000010 -0.000011 0.000012 -0.000006 -0.076225
    41 -1.077398 1.571280 0.162236 0.151638 -0.101675 3.246753
    42 -1.337713 0.000003 -0.000002 0.019668 0.124050 -0.030283
    43 -1.180471 0.000072 0.000002 -0.032399 0.133248 -0.033001
    44 -0.719599 0.565946 0.238754 -0.021947 -0.246765 -3.077637
    45 -1.311414 -0.000009 -0.000267 0.002810 0.130919 0.001501
    46 -1.132872 0.000005 -0.000066 0.048434 0.071138 -0.043641
    47 -1.239075 -1.304744 -0.314278 -0.569399 -0.091773 -3.103658
    48 -1.052850 0.000005 -0.000004 0.012929 0.161431 0.010053
    49 -0.916342 0.000033 0.000003 0.202542 0.125731 -0.000100
    50 -0.900585 -0.375762 0.090056 -0.230079 -0.265040 -3.188969
    51 -1.303123 -0.000014 0.000008 -0.004266 0.131838 -0.000993
    52 -1.094650 0.000007 0.000003 -0.009773 0.029365 0.051285
    53 0.000000 0.000000 0.000000 0.000000 0.000000 0.000000
    54 0.000000 0.000000 0.000000 0.000000 0.000000 -1.570796
    55 0.000000 0.000000 0.000000 0.000000 0.000000 -1.570796
    56 -2.000000 0.000000 0.000000 -1.570796 0.000000 0.174533
    57 -1.500000 0.000002 0.000000 -1.570796 0.000000 0.000000
    58 0.000000 0.500000 0.000000 -1.570796 0.261799 0.000000
    59 -0.000001 0.000000 0.000000 -3.141593 0.174533 0.000000
    60 0.000000 0.000000 -0.000001 -3.141593 0.174533 0.174533
    61 0.000000 0.000000 0.000000 -3.141593 0.349066 -0.174533
    62 0.000000 0.000000 0.000000 -1.570796 0.000000 0.000000
    63 0.000000 0.000000 0.000000 -1.570796 0.000000 0.000000
    64 0.000000 0.000000 0.000000 -1.570796 0.000000 0.000000
    65 0.000000 0.000000 0.000002 -1.570796 0.000000 0.000000
    66 0.000000 0.000000 0.000000 -1.570796 0.000000 0.000000
    67 0.000000 0.000001 0.000000 -1.570796 0.000000 0.000000
    68 0.000000 0.000000 0.000000 -1.570796 0.000000 0.000000
    69 0.000000 0.000000 0.000000 -1.570796 0.000000 0.000000
    70 0.000000 0.000000 0.000000 -1.570796 0.000000 0.000000
    71 0.000000 0.000000 0.000000 -1.570796 0.000000 0.000000
    72 0.000000 0.000000 0.000000 -1.570796 0.000000 0.000000
    73 0.000000 0.000000 0.000000 -1.570796 0.000000 0.000000
    74 -2.000000 0.000000 0.000000 1.570796 0.000000 0.174533
    75 -1.500000 -0.000001 -0.250000 1.570796 0.000000 0.000000
    76 -1.000000 0.250000 0.500000 1.570796 0.000000 0.000000
    77 0.000000 0.000000 0.000000 2.094395 0.000000 -3.141593
    78 0.000000 0.000000 0.000000 2.094395 0.000000 -3.141593
    79 0.000000 -0.200001 -0.200000 1.745329 0.000000 -3.141593
    80 0.000000 -0.000001 -0.000002 1.570796 0.000000 3.141593
    81 0.000000 0.000000 0.000000 1.570796 0.000000 -3.141593
    82 0.000000 0.000000 -0.000002 1.570796 0.000000 -3.141593
    83 0.000000 0.000000 0.000000 1.570796 0.000000 3.141593
    84 -0.000002 0.000000 0.000000 1.570796 0.000000 3.141593
    85 0.000000 0.000000 0.000000 1.570796 0.000000 3.141593
    86 0.000000 0.000000 0.000000 1.570796 0.000000 3.141593
    87 0.000000 0.000000 0.000000 1.570796 0.000000 -3.141593
    88 0.000000 0.000000 0.000000 1.570796 0.000000 -3.141593
    89 0.000000 0.000000 0.000000 1.570796 0.000000 3.141593
    90 0.000000 0.000000 0.000000 1.570796 0.000000 -3.141593
    91 0.000000 0.000000 0.000000 1.570796 0.000000 -3.141593
  time 11
    0 0.000000 0.000000 0.000000 0.000000 0.000000 -0.000007
    1 0.000000 2.709942 -10.591393 0.000000 -1.570796 1.570796
    2 3.500857 9.013945 -0.640573 0.000000 -1.570796 0.000000
    3 2.851379 -2.117226 5.625579 0.000000 0.000000 0.000000
    4 4.409996 0.000005 -0.000003 -0.041554 -0.021335 0.296644
    5 10.079981 -0.000003 -0.000001 -0.000002 -0.000003 -0.927983
    6 0.000000 -0.000001 0.000000 -0.360259 0.000005 0.000001
    7 3.359990 0.000014 -0.000007 -0.720529 0.000000 0.000003
    8 6.719987 0.000030 -0.000015 -1.080793 -0.000002 0.000001
    9 3.500862 -5.725745 -0.640568 0.000000 -1.570795 3.141592
    10 3.446255 3.179637 -5.633009 0.000000 0.000000 0.000000
    11 4.409998 -0.000001 0.000004 0.033251 -0.006078 0.252189
    12 10.079982 0.000014 0.000025 0.000004 0.000046 -1.018084
    13 0.000001 0.000004 0.000000 0.283882 -0.000001 0.000010
    14 3.359994 0.000032 0.000015 0.567786 -0.000007 0.000004
    15 6.719987 0.000057 0.000028 0.851661 0.000003 0.000003
    16 0.000000 0.000000 0.000000 1.570257 0.006520 -3.131321
    17 4.275283 -22.308379 -12.778449 3.168541 0.524479 -1.622069
    18 -0.118055 -0.108981 0.513327 -0.000047 -0.086523 0.000009
    19 4.409994 -0.000012 0.000012 0.000000 0.000000 0.000000
    20 -3.422661 1.711283 0.470872 -0.304860 0.040903 0.661701
    21 1.410028 0.000010 0.000007 0.000006 0.000009 -0.390507
    22 0.993011 -0.000001 0.000006 0.000001 -0.000006 -0.164992
    23 -1.022532 1.571291 -0.406268 0.247665 0.054696 0.044091
    24 1.337718 0.000005 0.000002 -0.000184 -0.021276 6.277251
    25 1.180473 -0.000093 -0.000003 0.005897 -0.041458 -0.027070
    26 -0.666712 0.565948 -0.425195 0.103538 0.091405 -0.022168
    27 1.311736 0.000006 0.000004 0.000872 -0.055118 -0.000708
    28 1.132875 -0.000003 -0.000005 0.015783 -0.048221 0.047600
    29 -0.835869 -0.375753 -0.250998 -0.088076 0.084723 -0.071890
    30 1.303124 0.000019 0.000004 -0.001429 -0.066470 -0.005542
    31 1.094648 -0.000011 -0.000003 -0.054762 -0.017468 0.030765
    32 -1.144743 -1.304737 0.171518 -0.403499 -0.081738 -0.133815
    33 1.052849 0.000000 -0.000004 -0.000169 -0.012551 0.001488
    34 0.916342 -0.000031 0.000001 0.025708 -0.005930 -0.005592
    35 -3.759803 -21.807139 -13.243117 0.004548 0.212598 -1.359687
    36 -0.117880 -0.102734 -0.180849 0.000013 0.017066 0.000000
    37 4.409983 -0.000034 0.000004 0.000000 0.000000 0.000000
    38 -3.459356 1.711287 -0.541797 -0.152658 -0.242242 3.662076
    39 -1.410028 -0.000005 -0.000014 0.000004 0.000001 -0.129400
    40 -0.993008 0.000010 -0.000011 0.000012 -0.000006 -0.126660
    41 -1.077398 1.571280 0.162236 0.162544 -0.171758 3.230957
    42 -1.337713 0.000003 -0.000002 0.015857 0.010986 -0.027313
    43 -1.180471 0.000072 0.000002 -0.020307 0.034354 -0.039173
    44 -0.719599 0.565946 0.238754 -0.024188 -0.324079 -3.075971
    45 -1.311414 -0.000009 -0.000267 0.002810 0.040931 0.001501
    46 -1.132872 0.000005 -0.000066 0.045563 -0.046173 -0.039256
    47 -1.239075 -1.304744 -0.314278 -0.613960 -0.151435 -3.038011
    48 -1.052850 0.000005 -0.000004 -0.000494 0.056574 0.009574
    49 -0.916342 0.000033 0.000003 0.189804 0.016008 -0.001248
    50 -0.900585 -0.375762 0.090056 -0.259605 -0.332525 -3.150244
    51 -1.303123 -0.000014 0.000008 -0.004266 0.035458 -0.000993
    52 -1.094650 0.000007 0.000003 0.016508 -0.072146 0.022104
    53 0.000000 0.000000 0.000000 0.000000 0.000000 0.000000
    54 0.000000 0.000000 0.000000 0.000000 0.000000 -1.570796
    55 0.000000 0.000000 0.000000 0.000000 0.000000 -1.570796
    56 -2.000000 0.000000 0.000000 -1.570796 0.000000 0.174533
    57 -1.500000 0.000002 0.000000 -1.570796 0.000000 0.000000
    58 0.000000 0.500000 0.000000 -1.570796 0.261799 0.000000
    59 -0.000001 0.000000 0.000000 -3.141593 0.174533 0.000000
    60 0.000000 0.000000 -0.000001 -3.141593 0.174533 0.174533
    61 0.000000 0.000000 0.000000 -3.141593 0.349066 -0.174533
    62 0.000000 0.000000 0.000000 -1.570796 0.000000 0.000000
    63 0.000000 0.000000 0.000000 -1.570796 0.000000 0.000000
    64 0.000000 0.000000 0.000000 -1.570796 0.000000 0.000000
    65 0.000000 0.000000 0.000002 -1.570796 0.000000 0.000000
    66 0.000000 0.000000 0.000000 -1.570796 0.000000 0.000000
    67 0.000000 0.000001 0.000000 -1.570796 0.000000 0.000000
    68 0.000000 0.000000 0.000000 -1.570796 0.000000 0.000000
    69 0.000000 0.000000 0.000000 -1.570796 0.000000 0.000000
    70 0.000000 0.000000 0.000000 -1.570796 0.000000 0.000000
    71 0.000000 0.000000 0.000000 -1.570796 0.000000 0.000000
    72 0.000000 0.000000 0.000000 -1.570796 0.000000 0.000000
    73 0.000000 0.000000 0.000000 -1.570796 0.000000 0.000000
    74 -2.000000 0.000000 0.000000 1.570796 0.000000 0.174533
    75 -1.500000 -0.000001 -0.250000 1.570796 0.000000 0.000000
    76 -1.000000 0.250000 0.500000 1.570796 0.000000 0.000000
    77 0.000000 0.000000 0.000000 2.094395 0.000000 -3.141593
    78 0.000000 0.000000 0.000000 2.094395 0.000000 -3.141593
    79 0.000000 -0.200001 -0.200000 1.745329 0.000000 -3.141593
    80 0.000000 -0.000001 -0.000002 1.570796 0.000000 3.141593
    81 0.000000 0.000000 0.000000 1.570796 0.000000 -3.141593
    82 0.000000 0.000000 -0.000002 1.570796 0.000000 -3.141593
    83 0.000000 0.000000 0.000000 1.570796 0.000000 3.141593
    84 -0.000002 0.000000 0.000000 1.570796 0.000000 3.141593
    85 0.000000 0.000000 0.000000 1.570796 0.000000 3.141593
    86 0.000000 0.000000 0.000000 1.570796 0.000000 3.141593
    87 0.000000 0.000000 0.000000 1.570796 0.000000 -3.141593
    88 0.000000 0.000000 0.000000 1.570796 0.000000 -3.141593
    89 0.000000 0.000000 0.000000 1.570796 0.000000 3.141593
    90 0.000000 0.000000 0.000000 1.570796 0.000000 -3.141593
    91 0.000000 0.000000 0.000000 1.570796 0.000000 -3.141593
  time 12
    0 0.000000 0.000000 0.000000 0.000000 0.000000 -0.000007
    1 0.000000 2.709942 -10.591393 0.000000 -1.570796 1.570796
    2 3.500857 9.013945 -0.640573 0.000000 -1.570796 0.000000
    3 2.781064 -2.121133 5.625579 0.000000 0.000000 0.000000
    4 4.409996 0.000005 -0.000003 -0.076111 -0.060785 0.351260
    5 10.079981 -0.000003 -0.000001 -0.000002 -0.000003 -1.048218
    6 0.000000 -0.000001 0.000000 -0.378854 0.000005 0.000001
    7 3.359990 0.000014 -0.000007 -0.757719 0.000000 0.000003
    8 6.719987 0.000030 -0.000015 -1.136539 -0.000002 0.000001
    9 3.500862 -5.725745 -0.640568 0.000000 -1.570795 3.141592
    10 3.184528 3.179637 -5.633009 0.000000 0.000000 0.000000
    11 4.409998 -0.000001 0.000004 0.087296 0.030194 0.284570
    12 10.079982 0.000014 0.000025 0.000004 0.000046 -1.092095
    13 0.000001 0.000004 0.000000 0.319500 -0.000001 0.000010
    14 3.359994 0.000032 0.000015 0.638991 -0.000007 0.000004
    15 6.719987 0.000057 0.000028 0.958500 0.000003 0.000003
    16 0.000000 0.000000 0.000000 1.562419 0.005117 -3.131777
    17 4.275283 -21.566168 -13.680820 3.195228 0.349519 -1.657685
    18 -0.118055 -0.108981 0.513327 -0.000047 -0.086523 0.000009
    19 4.409994 -0.000012 0.000012 0.000000 0.000000 0.000000
    20 -3.422661 1.711283 0.470872 -0.264988 -0.037309 0.570697
    21 1.410028 0.000010 0.000007 0.000006 0.000009 -0.464145
    22 0.993011 -0.000001 0.000006 0.000001 -0.000006 -0.238649
    23 -1.022532 1.571291 -0.406268 0.286448 -0.086305 -0.013449
    24 1.337718 0.000005 0.000002 -0.000184 -0.221407 6.277251
    25 1.180473 -0.000093 -0.000003 -0.095938 -0.245280 0.084577
    26 -0.666712 0.565948 -0.425195 0.124870 -0.064089 -0.049457
    27 1.311736 0.000006 0.000004 0.004704 -0.250640 -0.004444
    28 1.132875 -0.000003 -0.000005 0.120376 -0.246944 -0.068068
    29 -0.835869 -0.375753 -0.250998 -0.105837 -0.070077 -0.047693
    30 1.303124 0.000019 0.000004 -0.019863 -0.254978 0.015558
    31 1.094648 -0.000011 -0.000003 -0.055757 -0.205853 0.031029
    32 -1.144743 -1.304737 0.171518 -0.473892 -0.205979 -0.035466
    33 1.052849 0.000000 -0.000004 -0.002181 -0.222759 0.000721
    34 0.916342 -0.000031 0.000001 0.022546 -0.203173 -0.003580
    35 -3.759803 -21.072742 -14.129863 0.000254 0.084115 -1.353758
    36 -0.117880 -0.102734 -0.180849 0.000013 0.017066 0.000000
    37 4.409983 -0.000034 0.000004 0.000000 0.000000 0.000000
    38 -3.459356 1.711287 -0.541797 -0.118382 -0.295019 3.584615
    39 -1.410028 -0.000005 -0.000014 0.000004 0.000001 -0.225899
    40 -0.993008 0.000010 -0.000011 0.000012 -0.000006 -0.223137
    41 -1.077398 1.571280 0.162236 0.185878 -0.289208 3.202434
    42 -1.337713 0.000003 -0.000002 0.005948 -0.214818 -0.019744
    43 -1.180471 0.000072 0.000002 0.009667 -0.155274 -0.058300
    44 -0.719599 0.565946 0.238754 -0.028850 -0.459094 -3.073694
    45 -1.311414 -0.000009 -0.000267 0.002810 -0.126514 0.001501
    46 -1.132872 0.000005 -0.000066 0.039726 -0.282952 -0.028294
    47 -1.239075 -1.304744 -0.314278 -0.714710 -0.253968 -2.910411
    48 -1.052850 0.000005 -0.000004 -0.034670 -0.148569 0.008328
    49 -0.916342 0.000033 0.000003 0.164894 -0.202575 0.001718
    50 -0.900585 -0.375762 0.090056 -0.323816 -0.445064 -3.072732
    51 -1.303123 -0.000014 0.000008 -0.004266 -0.147936 -0.000993
    52 -1.094650 0.000007 0.000003 0.084005 -0.268744 -0.050612
    53 0.000000 0.000000 0.000000 0.000000 0.000000 0.000000
    54 0.000000 0.000000 0.000000 0.000000 0.000000 -1.570796
    55 0.000000 0.000000 0.000000 0.000000 0.000000 -1.570796
    56 -2.000000 0.000000 0.000000 -1.570796 0.000000 0.174533
    57 -1.500000 0.000002 0.000000 -1.570796 0.000000 0.000000
    58 0.000000 0.500000 0.000000 -1.570796 0.261799 0.000000
    59 -0.000001 0.000000 0.000000 -3.141593 0.174533 0.000000
    60 0.000000 0.000000 -0.000001 -3.141593 0.174533 0.174533
    61 0.000000 0.000000 0.000000 -3.141593 0.349066 -0.174533
    62 0.000000 0.000000 0.000000 -1.570796 0.000000 0.000000
    63 0.000000 0.000000 0.000000 -1.570796 0.000000 0.000000
    64 0.000000 0.000000 0.000000 -1.570796 0.000000 0.000000
    65 0.000000 0.000000 0.000002 -1.570796 0.000000 0.000000
    66 0.000000 0.000000 0.000000 -1.570796 0.000000 0.000000
    67 0.000000 0.000001 0.000000 -1.570796 0.000000 0.000000
    68 0.000000 0.000000 0.000000 -1.570796 0.000000 0.000000
    69 0.000000 0.000000 0.000000 -1.570796 0.000000 0.000000
    70 0.000000 0.000000 0.000000 -1.570796 0.000000 0.000000
    71 0.000000 0.000000 0.000000 -1.570796 0.000000 0.000000
    72 0.000000 0.000000 0.000000 -1.570796 0.000000 0.000000
    73 0.000000 0.000000 0.000000 -1.570796 0.000000 0.000000
    74 -2.000000 0.000000 0.000000 1.570796 0.000000 0.174533
    75 -1.500000 -0.000001 -0.250000 1.570796 0.000000 0.000000
    76 -1.000000 0.250000 0.500000 1.570796 0.000000 0.000000
    77 0.000000 0.000000 0.000000 2.094395 0.000000 -3.141593
    78 0.000000 0.000000 0.000000 2.094395 0.000000 -3.141593
    79 0.000000 -0.200001 -0.200000 1.745329 0.000000 -3.141593
    80 0.000000 -0.000001 -0.000002 1.570796 0.000000 3.141593
    81 0.000000 0.000000 0.000000 1.570796 0.000000 -3.141593
    82 0.000000 0.000000 -0.000002 1.570796 0.000000 -3.141593
    83 0.000000 0.000000 0.000000 1.570796 0.000000 3.141593
    84 -0.000002 0.000000 0.000000 1.570796 0.000000 3.141593
    85 0.000000 0.000000 0.000000 1.570796 0.000000 3.141593
    86 0.000000 0.000000 0.000000 1.570796 0.000000 3.141593
    87 0.000000 0.000000 0.000000 1.570796 0.000000 -3.141593
    88 0.000000 0.000000 0.000000 1.570796 0.000000 -3.141593
    89 0.000000 0.000000 0.000000 1.570796 0.000000 3.141593
    90 0.000000 0.000000 0.000000 1.570796 0.000000 -3.141593
    91 0.000000 0.000000 0.000000 1.570796 0.000000 -3.141593
  time 13
    0 0.000000 0.000000 0.000000 0.000000 0.000000 -0.000007
    1 0.000000 2.709942 -10.591393 0.000000 -1.570796 1.570796
    2 3.500857 9.013945 -0.640573 0.000000 -1.570796 0.000000
    3 2.781064 -2.121133 5.625579 0.000000 0.000000 0.000000
    4 4.409996 0.000005 -0.000003 -0.091079 -0.070766 0.398881
    5 10.079981 -0.000003 -0.000001 -0.000002 -0.000003 -1.155662
    6 0.000000 -0.000001 0.000000 -0.408227 0.000005 0.000001
    7 3.359990 0.000014 -0.000007 -0.816440 0.000000 0.000003
    8 6.719987 0.000030 -0.000015 -1.224660 -0.000002 0.000001
    9 3.500862 -5.725745 -0.640568 0.000000 -1.570795 3.141592
    10 3.184528 3.179637 -5.633009 0.000000 0.000000 0.000000
    11 4.409998 -0.000001 0.000004 0.113490 0.042705 0.323998
    12 10.079982 0.000014 0.000025 0.000004 0.000046 -1.183840
    13 0.000001 0.000004 0.000000 0.375864 -0.000001 0.000010
    14 3.359994 0.000032 0.000015 0.751727 -0.000007 0.000004
    15 6.719987 0.000057 0.000028 1.127607 0.000003 0.000003
    16 0.000000 0.000000 0.000000 1.555036 0.002421 -3.132304
    17 4.275283 -20.933337 -13.946454 3.228567 0.118597 -1.703708
    18 -0.118055 -0.108981 0.513327 -0.000047 -0.086523 0.000009
    19 4.409994 -0.000012 0.000012 0.000000 0.000000 0.000000
    20 -3.422661 1.711283 0.470872 -0.202716 -0.159477 0.428589
    21 1.410028 0.000010 0.000007 0.000006 0.000009 -0.579147
    22 0.993011 -0.000001 0.000006 0.000001 -0.000006 -0.353631
    23 -1.022532 1.571291 -0.406268 0.347018 -0.306426 -0.103327
    24 1.337718 0.000005 0.000002 -0.000184 -0.534027 6.277155
    25 1.180473 -0.000093 -0.000003 -0.254836 -0.563573 0.258793
    26 -0.666712 0.565948 -0.425195 0.158199 -0.306919 -0.092074
    27 1.311736 0.000006 0.000004 0.010740 -0.555859 -0.010192
    28 1.132875 -0.000003 -0.000005 0.283784 -0.557336 -0.248777
    29 -0.835869 -0.375753 -0.250998 -0.133581 -0.311763 -0.009869
    30 1.303124 0.000019 0.000004 -0.048612 -0.549488 0.048498
    31 1.094648 -0.000011 -0.000003 -0.057315 -0.500113 0.031436
    32 -1.144743 -1.304737 0.171518 -0.583790 -0.399900 0.118110
    33 1.052849 0.000000 -0.000004 -0.005344 -0.550968 -0.000621
    34 0.916342 -0.000031 0.000001 0.017660 -0.511126 -0.000226
    35 -3.759803 -20.436003 -14.364245 -0.004924 -0.094761 -1.346728
    36 -0.117880 -0.102734 -0.180849 0.000013 0.017066 0.000000
    37 4.409983 -0.000034 0.000004 0.000000 0.000000 0.000000
    38 -3.459356 1.711287 -0.541797 -0.064859 -0.377389 3.463644
    39 -1.410028 -0.000005 -0.000014 0.000004 0.000001 -0.376614
    40 -0.993008 0.000010 -0.000011 0.000012 -0.000006 -0.373859
    41 -1.077398 1.571280 0.162236 0.222311 -0.472733 3.157911
    42 -1.337713 0.000003 -0.000002 -0.009201 -0.567410 -0.007959
    43 -1.180471 0.000072 0.000002 0.056491 -0.451591 -0.088154
    44 -0.719599 0.565946 0.238754 -0.036113 -0.669944 -3.070122
    45 -1.311414 -0.000009 -0.000267 0.002810 -0.387877 0.001501
    46 -1.132872 0.000005 -0.000066 0.030540 -0.652739 -0.011136
    47 -1.239075 -1.304744 -0.314278 -0.871969 -0.414166 -2.711170
    48 -1.052850 0.000005 -0.000004 -0.088267 -0.468786 0.006124
    49 -0.916342 0.000033 0.000003 0.126208 -0.543804 0.006407
    50 -0.900585 -0.375762 0.090056 -0.424047 -0.620794 -2.951665
    51 -1.303123 -0.000014 0.000008 -0.004266 -0.434407 -0.001005
    52 -1.094650 0.000007 0.000003 0.189506 -0.575676 -0.164123
    53 0.000000 0.000000 0.000000 0.000000 0.000000 0.000000
    54 0.000000 0.000000 0.000000 0.000000 0.000000 -1.570796
    55 0.000000 0.000000 0.000000 0.000000 0.000000 -1.570796
    56 -2.000000 0.000000 0.000000 -1.570796 0.000000 0.174533
    57 -1.500000 0.000002 0.000000 -1.570796 0.000000 0.000000
    58 0.000000 0.500000 0.000000 -1.570796 0.261799 0.000000
    59 -0.000001 0.000000 0.000000 -3.141593 0.174533 0.000000
    60 0.000000 0.000000 -0.000001 -3.141593 0.174533 0.174533
    61 0.000000 0.000000 0.000000 -3.141593 0.349066 -0.174533
    62 0.000000 0.000000 0.000000 -1.570796 0.000000 0.000000
    63 0.000000 0.000000 0.000000 -1.570796 0.000000 0.000000
    64 0.000000 0.000000 0.000000 -1.570796 0.000000 0.000000
    65 0.000000 0.000000 0.000002 -1.570796 0.000000 0.000000
    66 0.000000 0.000000 0.000000 -1.570796 0.000000 0.000000
    67 0.000000 0.000001 0.000000 -1.570796 0.000000 0.000000
    68 0.000000 0.000000 0.000000 -1.570796 0.000000 0.000000
    69 0.000000 0.000000 0.000000 -1.570796 0.000000 0.000000
    70 0.000000 0.000000 0.000000 -1.570796 0.000000 0.000000
    71 0.000000 0.000000 0.000000 -1.570796 0.000000 0.000000
    72 0.000000 0.000000 0.000000 -1.570796 0.000000 0.000000
    73 0.000000 0.000000 0.000000 -1.570796 0.000000 0.000000
    74 -2.000000 0.000000 0.000000 1.570796 0.000000 0.174533
    75 -1.500000 -0.000001 -0.250000 1.570796 0.000000 0.000000
    76 -1.000000 0.250000 0.500000 1.570796 0.000000 0.000000
    77 0.000000 0.000000 0.000000 2.094395 0.000000 -3.141593
    78 0.000000 0.000000 0.000000 2.094395 0.000000 -3.141593
    79 0.000000 -0.200001 -0.200000 1.745329 0.000000 -3.141593
    80 0.000000 -0.000001 -0.000002 1.570796 0.000000 3.141593
    81 0.000000 0.000000 0.000000 1.570796 0.000000 -3.141593
    82 0.000000 0.000000 -0.000002 1.570796 0.000000 -3.141593
    83 0.000000 0.000000 0.000000 1.570796 0.000000 3.141593
    84 -0.000002 0.000000 0.000000 1.570796 0.000000 3.141593
    85 0.000000 0.000000 0.000000 1.570796 0.000000 3.141593
    86 0.000000 0.000000 0.000000 1.570796 0.000000 3.141593
    87 0.000000 0.000000 0.000000 1.570796 0.000000 -3.141593
    88 0.000000 0.000000 0.000000 1.570796 0.000000 -3.141593
    89 0.000000 0.000000 0.000000 1.570796 0.000000 3.141593
    90 0.000000 0.000000 0.000000 1.570796 0.000000 -3.141593
    91 0.000000 0.000000 0.000000 1.570796 0.000000 -3.141593
  time 14
    0 0.000000 0.000000 0.000000 0.000000 0.000000 -0.000007
    1 0.000000 2.709942 -10.591393 0.000000 -1.570796 1.570796
    2 3.500857 9.013945 -0.640573 0.000000 -1.570796 0.000000
    3 2.570120 -2.093788 5.426354 0.000000 0.000000 0.000000
    4 4.409996 0.000005 -0.000003 -0.092106 -0.079971 0.413431
    5 10.079981 -0.000003 -0.000001 -0.000002 -0.000003 -1.192288
    6 0.000000 -0.000001 0.000000 -0.437098 0.000005 0.000001
    7 3.359990 0.000014 -0.000007 -0.874208 0.000000 0.000003
    8 6.719987 0.000030 -0.000015 -1.311235 -0.000002 0.000001
    9 3.500862 -5.725745 -0.640568 0.000000 -1.570795 3.141592
    10 2.954052 3.179637 -5.437691 0.000000 0.000000 0.000000
    11 4.409998 -0.000001 0.000004 0.116042 0.060260 0.333783
    12 10.079982 0.000014 0.000025 0.000004 0.000046 -1.203182
    13 0.000001 0.000004 0.000000 0.433881 -0.000001 0.000010
    14 3.359994 0.000032 0.000015 0.867768 -0.000007 0.000004
    15 6.719987 0.000057 0.000028 1.301673 0.000003 0.000003
    16 0.000000 0.000000 0.000000 1.548972 -0.000240 -3.132891
    17 4.275283 -20.460666 -13.895671 3.257616 -0.085639 -1.744110
    18 -0.118055 -0.108981 0.513327 -0.000047 -0.086523 0.000009
    19 4.409994 -0.000012 0.000012 0.000000 0.000000 0.000000
    20 -3.422661 1.711283 0.470872 -0.130640 -0.300837 0.264171
    21 1.410028 0.000010 0.000007 0.000006 0.000009 -0.712269
    22 0.993011 -0.000001 0.000006 0.000001 -0.000006 -0.486752
    23 -1.022532 1.571291 -0.406268 0.417092 -0.561217 -0.207319
    24 1.337718 0.000005 0.000002 -0.000184 -0.895838 6.277155
    25 1.180473 -0.000093 -0.000003 -0.438795 -0.932016 0.460358
    26 -0.666712 0.565948 -0.425195 0.196790 -0.587859 -0.141403
    27 1.311736 0.000006 0.000004 0.017637 -0.909207 -0.016898
    28 1.132875 -0.000003 -0.000005 0.472801 -0.916530 -0.457841
    29 -0.835869 -0.375753 -0.250998 -0.165688 -0.591483 0.033838
    30 1.303124 0.000019 0.000004 -0.081851 -0.890247 0.086594
    31 1.094648 -0.000011 -0.000003 -0.059113 -0.840693 0.031916
    32 -1.144743 -1.304737 0.171518 -0.710995 -0.624334 0.295871
    33 1.052849 0.000000 -0.000004 -0.009081 -0.930811 -0.002250
    34 0.916342 -0.000031 0.000001 0.011911 -0.867636 0.003608
    35 -3.759803 -19.959426 -14.282211 -0.009407 -0.255965 -1.340630
    36 -0.117880 -0.102734 -0.180849 0.000013 0.017066 0.000000
    37 4.409983 -0.000034 0.000004 0.000000 0.000000 0.000000
    38 -3.459356 1.711287 -0.541797 -0.002910 -0.472762 3.323622
    39 -1.410028 -0.000005 -0.000014 0.000004 0.000001 -0.551011
    40 -0.993008 0.000010 -0.000011 0.000012 -0.000006 -0.548290
    41 -1.077398 1.571280 0.162236 0.264485 -0.685086 3.106389
    42 -1.337713 0.000003 -0.000002 -0.026827 -0.975498 0.005742
    43 -1.180471 0.000072 0.000002 0.110673 -0.794523 -0.122706
    44 -0.719599 0.565946 0.238754 -0.044538 -0.913911 -3.065999
    45 -1.311414 -0.000009 -0.000267 0.002810 -0.690396 0.001501
    46 -1.132872 0.000005 -0.000066 0.019919 -1.080562 0.008596
    47 -1.239075 -1.304744 -0.314278 -1.053955 -0.599490 -2.480570
    48 -1.052850 0.000005 -0.000004 -0.150146 -0.839496 0.003728
    49 -0.916342 0.000033 0.000003 0.081388 -0.938693 0.011957
    50 -0.900585 -0.375762 0.090056 -0.540026 -0.824178 -2.811572
    51 -1.303123 -0.000014 0.000008 -0.004266 -0.765845 -0.000993
    52 -1.094650 0.000007 0.000003 0.311644 -0.930798 -0.295483
    53 0.000000 0.000000 0.000000 0.000000 0.000000 0.000000
    54 0.000000 0.000000 0.000000 0.000000 0.000000 -1.570796
    55 0.000000 0.000000 0.000000 0.000000 0.000000 -1.570796
    56 -2.000000 0.000000 0.000000 -1.570796 0.000000 0.174533
    57 -1.500000 0.000002 0.000000 -1.570796 0.000000 0.000000
    58 0.000000 0.500000 0.000000 -1.570796 0.261799 0.000000
    59 -0.000001 0.000000 0.000000 -3.141593 0.174533 0.000000
    60 0.000000 0.000000 -0.000001 -3.141593 0.174533 0.174533
    61 0.000000 0.000000 0.000000 -3.141593 0.349066 -0.174533
    62 0.000000 0.000000 0.000000 -1.570796 0.000000 0.000000
    63 0.000000 0.000000 0.000000 -1.570796 0.000000 0.000000
    64 0.000000 0.000000 0.000000 -1.570796 0.000000 0.000000
    65 0.000000 0.000000 0.000002 -1.570796 0.000000 0.000000
    66 0.000000 0.000000 0.000000 -1.570796 0.000000 0.000000
    67 0.000000 0.000001 0.000000 -1.570796 0.000000 0.000000
    68 0.000000 0.000000 0.000000 -1.570796 0.000000 0.000000
    69 0.000000 0.000000 0.000000 -1.570796 0.000000 0.000000
    70 0.000000 0.000000 0.000000 -1.570796 0.000000 0.000000
    71 0.000000 0.000000 0.000000 -1.570796 0.000000 0.000000
    72 0.000000 0.000000 0.000000 -1.570796 0.000000 0.000000
    73 0.000000 0.000000 0.000000 -1.570796 0.000000 0.000000
    74 -2.000000 0.000000 0.000000 1.570796 0.000000 0.174533
    75 -1.500000 -0.000001 -0.250000 1.570796 0.000000 0.000000
    76 -1.000000 0.250000 0.500000 1.570796 0.000000 0.000000
    77 0.000000 0.000000 0.000000 2.094395 0.000000 -3.141593
    78 0.000000 0.000000 0.000000 2.094395 0.000000 -3.141593
    79 0.000000 -0.200001 -0.200000 1.745329 0.000000 -3.141593
    80 0.000000 -0.000001 -0.000002 1.570796 0.000000 3.141593
    81 0.000000 0.000000 0.000000 1.570796 0.000000 -3.141593
    82 0.000000 0.000000 -0.000002 1.570796 0.000000 -3.141593
    83 0.000000 0.000000 0.000000 1.570796 0.000000 3.141593
    84 -0.000002 0.000000 0.000000 1.570796 0.000000 3.141593
    85 0.000000 0.000000 0.000000 1.570796 0.000000 3.141593
    86 0.000000 0.000000 0.000000 1.570796 0.000000 3.141593
    87 0.000000 0.000000 0.000000 1.570796 0.000000 -3.141593
    88 0.000000 0.000000 0.000000 1.570796 0.000000 -3.141593
    89 0.000000 0.000000 0.000000 1.570796 0.000000 3.141593
    90 0.000000 0.000000 0.000000 1.570796 0.000000 -3.141593
    91 0.000000 0.000000 0.000000 1.570796 0.000000 -3.141593
  time 15
    0 0.000000 0.000000 0.000000 0.000000 0.000000 -0.000007
    1 0.000000 2.709942 -10.591393 0.000000 -1.570796 1.570796
    2 3.500857 9.013945 -0.640573 0.000000 -1.570796 0.000000
    3 2.093543 -2.035193 4.988841 0.000000 0.000000 0.000000
    4 4.409996 0.000005 -0.000003 -0.090492 -0.105797 0.386965
    5 10.079981 -0.000003 -0.000001 -0.000002 -0.000003 -1.137905
    6 0.000000 -0.000001 0.000000 -0.449962 0.000005 0.000001
    7 3.359990 0.000014 -0.000007 -0.899963 0.000000 0.000003
    8 6.719987 0.000030 -0.000015 -1.349906 -0.000002 0.000001
    9 3.500862 -5.725745 -0.640568 0.000000 -1.570795 3.141592
    10 2.454037 3.179637 -5.004084 0.000000 0.000000 0.000000
    11 4.409998 -0.000001 0.000004 0.107602 0.095631 0.309333
    12 10.079982 0.000014 0.000025 0.000004 0.000046 -1.138440
    13 0.000001 0.000004 0.000000 0.462117 -0.000001 0.000010
    14 3.359994 0.000032 0.000015 0.924231 -0.000007 0.000004
    15 6.719987 0.000057 0.000028 1.386369 0.000003 0.000003
    16 0.000000 0.000000 0.000000 1.545041 -0.001462 -3.133514
    17 4.275283 -20.218471 -13.844888 3.271235 -0.180866 -1.763031
    18 -0.118055 -0.108981 0.513327 -0.000047 -0.086523 0.000009
    19 4.409994 -0.000012 0.000012 0.000000 0.000000 0.000000
    20 -3.422661 1.711283 0.470872 -0.061369 -0.436749 0.106113
    21 1.410028 0.000010 0.000007 0.000006 0.000009 -0.840205
    22 0.993011 -0.000001 0.000006 0.000001 -0.000006 -0.614667
    23 -1.022532 1.571291 -0.406268 0.484469 -0.806113 -0.307250
    24 1.337718 0.000005 0.000002 -0.000184 -1.243594 6.277251
    25 1.180473 -0.000093 -0.000003 -0.615620 -1.286049 0.654242
    26 -0.666712 0.565948 -0.425195 0.233846 -0.857977 -0.188802
    27 1.311736 0.000006 0.000004 0.024343 -1.248776 -0.023316
    28 1.132875 -0.000003 -0.000005 0.654595 -1.261801 -0.658764
    29 -0.835869 -0.375753 -0.250998 -0.196560 -0.860343 0.075868
    30 1.303124 0.000019 0.000004 -0.113848 -1.217700 0.123257
    31 1.094648 -0.000011 -0.000003 -0.060838 -1.167988 0.032371
    32 -1.144743 -1.304737 0.171518 -0.833233 -0.840045 0.466643
    33 1.052849 0.000000 -0.000004 -0.012626 -1.295969 -0.003784
    34 0.916342 -0.000031 0.000001 0.006450 -1.210140 0.007345
    35 -3.759803 -19.717232 -14.211897 -0.011491 -0.330799 -1.337835
    36 -0.117880 -0.102734 -0.180849 0.000013 0.017066 0.000000
    37 4.409983 -0.000034 0.000004 0.000000 0.000000 0.000000
    38 -3.459356 1.711287 -0.541797 0.056617 -0.564409 3.189049
    39 -1.410028 -0.000005 -0.000014 0.000004 0.000001 -0.718661
    40 -0.993008 0.000010 -0.000011 0.000012 -0.000006 -0.715921
    41 -1.077398 1.571280 0.162236 0.305017 -0.889188 3.056869
    42 -1.337713 0.000003 -0.000002 -0.043786 -1.367559 0.018965
    43 -1.180471 0.000072 0.000002 0.162758 -1.124047 -0.155915
    44 -0.719599 0.565946 0.238754 -0.052640 -1.148395 -3.062057
    45 -1.311414 -0.000009 -0.000267 0.002810 -0.981123 0.001501
    46 -1.132872 0.000005 -0.000066 0.009776 -1.491770 0.027565
    47 -1.239075 -1.304744 -0.314278 -1.228910 -0.777635 -2.258960
    48 -1.052850 0.000005 -0.000004 -0.209550 -1.195740 0.001428
    49 -0.916342 0.000033 0.000003 0.038173 -1.318306 0.017412
    50 -0.900585 -0.375762 0.090056 -0.651533 -1.019647 -2.676918
    51 -1.303123 -0.000014 0.000008 -0.004266 -1.084443 -0.000993
    52 -1.094650 0.000007 0.000003 0.428961 -1.272255 -0.421744
    53 0.000000 0.000000 0.000000 0.000000 0.000000 0.000000
    54 0.000000 0.000000 0.000000 0.000000 0.000000 -1.570796
    55 0.000000 0.000000 0.000000 0.000000 0.000000 -1.570796
    56 -2.000000 0.000000 0.000000 -1.570796 0.000000 0.174533
    57 -1.500000 0.000002 0.000000 -1.570796 0.000000 0.000000
    58 0.000000 0.500000 0.000000 -1.570796 0.261799 0.000000
    59 -0.000001 0.000000 0.000000 -3.141593 0.174533 0.000000
    60 0.000000 0.000000 -0.000001 -3.141593 0.174533 0.174533
    61 0.000000 0.000000 0.000000 -3.141593 0.349066 -0.174533
    62 0.000000 0.000000 0.000000 -1.570796 0.000000 0.000000
    63 0.000000 0.000000 0.000000 -1.570796 0.000000 0.000000
    64 0.000000 0.000000 0.000000 -1.570796 0.000000 0.000000
    65 0.000000 0.000000 0.000002 -1.570796 0.000000 0.000000
    66 0.000000 0.000000 0.000000 -1.570796 0.000000 0.000000
    67 0.000000 0.000001 0.000000 -1.570796 0.000000 0.000000
    68 0.000000 0.000000 0.000000 -1.570796 0.000000 0.000000
    69 0.000000 0.000000 0.000000 -1.570796 0.000000 0.000000
    70 0.000000 0.000000 0.000000 -1.570796 0.000000 0.000000
    71 0.000000 0.000000 0.000000 -1.570796 0.000000 0.000000
    72 0.000000 0.000000 0.000000 -1.570796 0.000000 0.000000
    73 0.000000 0.000000 0.000000 -1.570796 0.000000 0.000000
    74 -2.000000 0.000000 0.000000 1.570796 0.000000 0.174533
    75 -1.500000 -0.000001 -0.250000 1.570796 0.000000 0.000000
    76 -1.000000 0.250000 0.500000 1.570796 0.000000 0.000000
    77 0.000000 0.000000 0.000000 2.094395 0.000000 -3.141593
    78 0.000000 0.000000 0.000000 2.094395 0.000000 -3.141593
    79 0.000000 -0.200001 -0.200000 1.745329 0.000000 -3.141593
    80 0.000000 -0.000001 -0.000002 1.570796 0.000000 3.141593
    81 0.000000 0.000000 0.000000 1.570796 0.000000 -3.141593
    82 0.000000 0.000000 -0.000002 1.570796 0.000000 -3.141593
    83 0.000000 0.000000 0.000000 1.570796 0.000000 3.141593
    84 -0.000002 0.000000 0.000000 1.570796 0.000000 3.141593
    85 0.000000 0.000000 0.000000 1.570796 0.000000 3.141593
    86 0.000000 0.000000 0.000000 1.570796 0.000000 3.141593
    87 0.000000 0.000000 0.000000 1.570796 0.000000 -3.141593
    88 0.000000 0.000000 0.000000 1.570796 0.000000 -3.141593
    89 0.000000 0.000000 0.000000 1.570796 0.000000 3.141593
    90 0.000000 0.000000 0.000000 1.570796 0.000000 -3.141593
    91 0.000000 0.000000 0.000000 1.570796 0.000000 -3.141593
  time 16
    0 0.000000 0.000000 0.000000 0.000000 0.000000 -0.000007
    1 0.000000 2.709942 -10.591393 0.000000 -1.570796 1.570796
    2 3.500857 9.013945 -0.640573 0.000000 -1.570796 0.000000
    3 1.429461 -1.949253 4.383354 0.000000 0.000000 0.000000
    4 4.409996 0.000005 -0.000003 -0.083375 -0.144579 0.317929
    5 10.079981 -0.000003 -0.000001 -0.000002 -0.000003 -0.990664
    6 0.000000 -0.000001 0.000000 -0.447168 0.000005 0.000001
    7 3.359990 0.000014 -0.000007 -0.894297 0.000000 0.000003
    8 6.719987 0.000030 -0.000015 -1.341484 -0.000002 0.000001
    9 3.500862 -5.725745 -0.640568 0.000000 -1.570795 3.141592
    10 1.746984 3.179637 -4.394690 0.000000 0.000000 0.000000
    11 4.409998 -0.000001 0.000004 0.089087 0.141974 0.247938
    12 10.079982 0.000014 0.000025 0.000004 0.000046 -0.988811
    13 0.000001 0.000004 0.000000 0.465137 -0.000001 0.000010
    14 3.359994 0.000032 0.000015 0.930273 -0.000007 0.000004
    15 6.719987 0.000057 0.000028 1.395460 0.000003 0.000003
    16 0.000000 0.000000 0.000000 1.543939 -0.001462 -3.134233
    17 4.275283 -20.218471 -13.844888 3.271235 -0.180866 -1.763031
    18 -0.118055 -0.108981 0.513327 -0.000047 -0.086523 0.000009
    19 4.409994 -0.000012 0.000012 0.000000 0.000000 0.000000
    20 -3.422661 1.711283 0.470872 -0.007511 -0.542408 -0.016840
    21 1.410028 0.000010 0.000007 0.000006 0.000009 -0.939690
    22 0.993011 -0.000001 0.000006 0.000001 -0.000006 -0.714193
    23 -1.022532 1.571291 -0.406268 0.536854 -0.996588 -0.385005
    24 1.337718 0.000005 0.000002 -0.000184 -1.513901 6.277251
    25 1.180473 -0.000093 -0.000003 -0.753213 -1.561256 0.805041
    26 -0.666712 0.565948 -0.425195 0.262681 -1.068003 -0.225679
    27 1.311736 0.000006 0.000004 0.029611 -1.512756 -0.028489
    28 1.132875 -0.000003 -0.000005 0.796053 -1.530137 -0.815328
    29 -0.835869 -0.375753 -0.250998 -0.220566 -1.069446 0.108574
    30 1.303124 0.000019 0.000004 -0.138777 -1.472490 0.151614
    31 1.094648 -0.000011 -0.000003 -0.062181 -1.422596 0.032719
    32 -1.144743 -1.304737 0.171518 -0.928344 -1.007832 0.599542
    33 1.052849 0.000000 -0.000004 3.126007 -1.561626 3.136370
    34 0.916342 -0.000031 0.000001 0.002043 -1.476692 0.010124
    35 -3.759803 -19.717232 -14.211897 -0.011491 -0.330799 -1.337835
    36 -0.117880 -0.102734 -0.180849 0.000013 0.017066 0.000000
    37 4.409983 -0.000034 0.000004 0.000000 0.000000 0.000000
    38 -3.459356 1.711287 -0.541797 0.102938 -0.635681 3.084362
    39 -1.410028 -0.000005 -0.000014 0.000004 0.000001 -0.849055
    40 -0.993008 0.000010 -0.000011 0.000012 -0.000006 -0.846321
    41 -1.077398 1.571280 0.162236 0.336536 -1.047893 3.018338
    42 -1.337713 0.000003 -0.000002 3.084522 -1.468833 -3.112189
    43 -1.180471 0.000072 0.000002 0.203266 -1.380401 -0.181754
    44 -0.719599 0.565946 0.238754 -0.058932 -1.330792 -3.058977
    45 -1.311414 -0.000009 -0.000267 0.002810 -1.207203 0.001501
    46 -1.132872 0.000005 -0.000066 3.143090 -1.329843 -3.099188
    47 -1.239075 -1.304744 -0.314278 -1.364972 -0.916238 -2.086584
    48 -1.052850 0.000005 -0.000004 -0.255911 -1.472832 -0.000393
    49 -0.916342 0.000033 0.000003 3.146095 -1.528049 -3.119882
    50 -0.900585 -0.375762 0.090056 -0.738226 -1.171696 -2.572211
    51 -1.303123 -0.000014 0.000008 -0.004266 -1.332241 -0.000993
    52 -1.094650 0.000007 0.000003 0.520281 -1.537613 -0.520051
    53 0.000000 0.000000 0.000000 0.000000 0.000000 0.000000
    54 0.000000 0.000000 0.000000 0.000000 0.000000 -1.570796
    55 0.000000 0.000000 0.000000 0.000000 0.000000 -1.570796
    56 -2.000000 0.000000 0.000000 -1.570796 0.000000 0.174533
    57 -1.500000 0.000002 0.000000 -1.570796 0.000000 0.000000
    58 0.000000 0.500000 0.000000 -1.570796 0.261799 0.000000
    59 -0.000001 0.000000 0.000000 -3.141593 0.174533 0.000000
    60 0.000000 0.000000 -0.000001 -3.141593 0.174533 0.174533
    61 0.000000 0.000000 0.000000 -3.141593 0.349066 -0.174533
    62 0.000000 0.000000 0.000000 -1.570796 0.000000 0.000000
    63 0.000000 0.000000 0.000000 -1.570796 0.000000 0.000000
    64 0.000000 0.000000 0.000000 -1.570796 0.000000 0.000000
    65 0.000000 0.000000 0.000002 -1.570796 0.000000 0.000000
    66 0.000000 0.000000 0.000000 -1.570796 0.000000 0.000000
    67 0.000000 0.000001 0.000000 -1.570796 0.000000 0.000000
    68 0.000000 0.000000 0.000000 -1.570796 0.000000 0.000000
    69 0.000000 0.000000 0.000000 -1.570796 0.000000 0.000000
    70 0.000000 0.000000 0.000000 -1.570796 0.000000 0.000000
    71 0.000000 0.000000 0.000000 -1.570796 0.000000 0.000000
    72 0.000000 0.000000 0.000000 -1.570796 0.000000 0.000000
    73 0.000000 0.000000 0.000000 -1.570796 0.000000 0.000000
    74 -2.000000 0.000000 0.000000 1.570796 0.000000 0.174533
    75 -1.500000 -0.000001 -0.250000 1.570796 0.000000 0.000000
    76 -1.000000 0.250000 0.500000 1.570796 0.000000 0.000000
    77 0.000000 0.000000 0.000000 2.094395 0.000000 -3.141593
    78 0.000000 0.000000 0.000000 2.094395 0.000000 -3.141593
    79 0.000000 -0.200001 -0.200000 1.745329 0.000000 -3.141593
    80 0.000000 -0.000001 -0.000002 1.570796 0.000000 3.141593
    81 0.000000 0.000000 0.000000 1.570796 0.000000 -3.141593
    82 0.000000 0.000000 -0.000002 1.570796 0.000000 -3.141593
    83 0.000000 0.000000 0.000000 1.570796 0.000000 3.141593
    84 -0.000002 0.000000 0.000000 1.570796 0.000000 3.141593
    85 0.000000 0.000000 0.000000 1.570796 0.000000 3.141593
    86 0.000000 0.000000 0.000000 1.570796 0.000000 3.141593
    87 0.000000 0.000000 0.000000 1.570796 0.000000 -3.141593
    88 0.000000 0.000000 0.000000 1.570796 0.000000 -3.141593
    89 0.000000 0.000000 0.000000 1.570796 0.000000 3.141593
    90 0.000000 0.000000 0.000000 1.570796 0.000000 -3.141593
    91 0.000000 0.000000 0.000000 1.570796 0.000000 -3.141593
  time 17
    0 0.000000 0.000000 0.000000 0.000000 0.000000 -0.000007
    1 0.000000 2.709942 -10.591393 0.000000 -1.570796 1.570796
    2 3.500857 9.013945 -0.640573 0.000000 -1.570796 0.000000
    3 0.652093 -1.855500 3.668488 0.000000 0.000000 0.000000
    4 4.409996 0.000005 -0.000003 -0.065179 -0.177303 0.248418
    5 10.079981 -0.000003 -0.000001 -0.000002 -0.000003 -0.820169
    6 0.000000 -0.000001 0.000000 -0.428599 0.000005 0.000001
    7 3.359990 0.000014 -0.000007 -0.857210 0.000000 0.000003
    8 6.719987 0.000030 -0.000015 -1.285815 -0.000002 0.000001
    9 3.500862 -5.725745 -0.640568 0.000000 -1.570795 3.141592
    10 0.922740 3.179637 -3.683731 0.000000 0.000000 0.000000
    11 4.409998 -0.000001 0.000004 0.057587 0.182242 0.192420
    12 10.079982 0.000014 0.000025 0.000004 0.000046 -0.824190
    13 0.000001 0.000004 0.000000 0.451055 -0.000001 0.000010
    14 3.359994 0.000032 0.000015 0.902098 -0.000007 0.000004
    15 6.719987 0.000057 0.000028 1.353169 0.000003 0.000003
    16 0.000000 0.000000 0.000000 1.545341 -0.001366 -3.135144
    17 4.583886 -20.128625 -13.665195 3.214633 -0.173064 -1.760471
    18 -0.118055 -0.108981 0.513327 -0.000047 -0.086523 0.000009
    19 4.409994 -0.000012 0.000012 0.000000 0.000000 0.000000
    20 -3.422661 1.711283 0.470872 0.018364 -0.593174 -0.075895
    21 1.410028 0.000010 0.000007 0.000006 0.000009 -0.987481
    22 0.993011 -0.000001 0.000006 0.000001 -0.000006 -0.761963
    23 -1.022532 1.571291 -0.406268 0.562009 -1.088038 -0.422346
    24 1.337718 0.000005 0.000002 -3.141591 -1.497669 3.135755
    25 1.180473 -0.000093 -0.000003 2.322271 -1.447922 -2.264049
    26 -0.666712 0.565948 -0.425195 0.276535 -1.168921 -0.243380
    27 1.311736 0.000006 0.000004 -3.109347 -1.501840 3.110658
    28 1.132875 -0.000003 -0.000005 -2.277655 -1.482347 2.251198
    29 -0.835869 -0.375753 -0.250998 -0.232083 -1.169899 0.124274
    30 1.303124 0.000019 0.000004 2.990893 -1.546786 -2.976046
    31 1.094648 -0.000011 -0.000003 -0.062804 -1.544912 0.032862
    32 -1.144743 -1.304737 0.171518 -0.974001 -1.088390 0.663341
    33 1.052849 0.000000 -0.000004 3.124857 -1.425270 3.135795
    34 0.916342 -0.000031 0.000001 3.141553 -1.536954 -3.129942
    35 -4.001998 -19.650823 -14.012672 0.037383 -0.318154 -1.349184
    36 -0.117880 -0.102734 -0.180849 0.000013 0.017066 0.000000
    37 4.409983 -0.000034 0.000004 0.000000 0.000000 0.000000
    38 -3.459356 1.711287 -0.541797 0.125169 -0.669906 3.034105
    39 -1.410028 -0.000005 -0.000014 0.000004 0.000001 -0.911659
    40 -0.993008 0.000010 -0.000011 0.000012 -0.000006 -0.908928
    41 -1.077398 1.571280 0.162236 0.351673 -1.124156 2.999846
    42 -1.337713 0.000003 -0.000002 3.078234 -1.322288 -3.107495
    43 -1.180471 0.000072 0.000002 0.222693 -1.503459 -0.194122
    44 -0.719599 0.565946 0.238754 -0.061928 -1.418387 -3.057514
    45 -1.311414 -0.000009 -0.000267 0.002810 -1.315827 0.001501
    46 -1.132872 0.000005 -0.000066 3.139358 -1.176144 -3.092134
    47 -1.239075 -1.304744 -0.314278 -1.430303 -0.982760 -2.003829
    48 -1.052850 0.000005 -0.000004 2.863452 -1.535746 3.140220
    49 -0.916342 0.000033 0.000003 3.130054 -1.386235 -3.118064
    50 -0.900585 -0.375762 0.090056 -0.779868 -1.244725 -2.521915
    51 -1.303123 -0.000014 0.000008 -0.004266 -1.451231 -0.000993
    52 -1.094650 0.000007 0.000003 -2.577326 -1.476285 2.574417
    53 0.000000 0.000000 0.000000 0.000000 0.000000 0.000000
    54 0.000000 0.000000 0.000000 0.000000 0.000000 -1.570796
    55 0.000000 0.000000 0.000000 0.000000 0.000000 -1.570796
    56 -2.000000 0.000000 0.000000 -1.570796 0.000000 0.174533
    57 -1.500000 0.000002 0.000000 -1.570796 0.000000 0.000000
    58 0.000000 0.500000 0.000000 -1.570796 0.261799 0.000000
    59 -0.000001 0.000000 0.000000 -3.141593 0.174533 0.000000
    60 0.000000 0.000000 -0.000001 -3.141593 0.174533 0.174533
    61 0.000000 0.000000 0.000000 -3.141593 0.349066 -0.174533
    62 0.000000 0.000000 0.000000 -1.570796 0.000000 0.000000
    63 0.000000 0.000000 0.000000 -1.570796 0.000000 0.000000
    64 0.000000 0.000000 0.000000 -1.570796 0.000000 0.000000
    65 0.000000 0.000000 0.000002 -1.570796 0.000000 0.000000
    66 0.000000 0.000000 0.000000 -1.570796 0.000000 0.000000
    67 0.000000 0.000001 0.000000 -1.570796 0.000000 0.000000
    68 0.000000 0.000000 0.000000 -1.570796 0.000000 0.000000
    69 0.000000 0.000000 0.000000 -1.570796 0.000000 0.000000
    70 0.000000 0.000000 0.000000 -1.570796 0.000000 0.000000
    71 0.000000 0.000000 0.000000 -1.570796 0.000000 0.000000
    72 0.000000 0.000000 0.000000 -1.570796 0.000000 0.000000
    73 0.000000 0.000000 0.000000 -1.570796 0.000000 0.000000
    74 -2.000000 0.000000 0.000000 1.570796 0.000000 0.174533
    75 -1.500000 -0.000001 -0.250000 1.570796 0.000000 0.000000
    76 -1.000000 0.250000 0.500000 1.570796 0.000000 0.000000
    77 0.000000 0.000000 0.000000 2.094395 0.000000 -3.141593
    78 0.000000 0.000000 0.000000 2.094395 0.000000 -3.141593
    79 0.000000 -0.200001 -0.200000 1.745329 0.000000 -3.141593
    80 0.000000 -0.000001 -0.000002 1.570796 0.000000 3.141593
    81 0.000000 0.000000 0.000000 1.570796 0.000000 -3.141593
    82 0.000000 0.000000 -0.000002 1.570796 0.000000 -3.141593
    83 0.000000 0.000000 0.000000 1.570796 0.000000 3.141593
    84 -0.000002 0.000000 0.000000 1.570796 0.000000 3.141593
    85 0.000000 0.000000 0.000000 1.570796 0.000000 3.141593
    86 0.000000 0.000000 0.000000 1.570796 0.000000 3.141593
    87 0.000000 0.000000 0.000000 1.570796 0.000000 -3.141593
    88 0.000000 0.000000 0.000000 1.570796 0.000000 -3.141593
    89 0.000000 0.000000 0.000000 1.570796 0.000000 3.141593
    90 0.000000 0.000000 0.000000 1.570796 0.000000 -3.141593
    91 0.000000 0.000000 0.000000 1.570796 0.000000 -3.141593
  time 18
    0 0.000000 0.000000 0.000000 0.000000 0.000000 -0.000007
    1 0.000000 2.709942 -10.591393 0.000000 -1.570796 1.570796
    2 3.500857 9.013945 -0.640573 0.000000 -1.570796 0.000000
    3 -0.164338 -1.753934 2.926278 0.000000 0.000000 0.000000
    4 4.409996 0.000005 -0.000003 -0.037812 -0.199313 0.180634
    5 10.079981 -0.000003 -0.000001 -0.000002 -0.000003 -0.635140
    6 0.000000 -0.000001 0.000000 -0.395942 0.000005 0.000001
    7 3.359990 0.000014 -0.000007 -0.791870 0.000000 0.000003
    8 6.719987 0.000030 -0.000015 -1.187804 -0.000002 0.000001
    9 3.500862 -5.725745 -0.640568 0.000000 -1.570795 3.141592
    10 0.063339 3.179637 -2.937615 0.000000 0.000000 0.000000
    11 4.409998 -0.000001 0.000004 0.015296 0.210949 0.146175
    12 10.079982 0.000014 0.000025 0.000004 0.000046 -0.657441
    13 0.000001 0.000004 0.000000 0.421705 -0.000001 0.000010
    14 3.359994 0.000032 0.000015 0.843374 -0.000007 0.000004
    15 6.719987 0.000057 0.000028 1.265110 0.000003 0.000003
    16 0.000000 0.000000 0.000000 1.548637 -0.001186 -3.136175
    17 5.201092 -19.960651 -13.301903 3.101548 -0.157351 -1.755240
    18 -0.118055 -0.108981 0.513327 -0.000047 -0.086523 0.000009
    19 4.409994 -0.000012 0.000012 0.000000 0.000000 0.000000
    20 -3.422661 1.711283 0.470872 0.018364 -0.593174 -0.075895
    21 1.410028 0.000010 0.000007 0.000006 0.000009 -0.987481
    22 0.993011 -0.000001 0.000006 0.000001 -0.000006 -0.761963
    23 -1.022532 1.571291 -0.406268 0.562009 -1.088038 -0.422346
    24 1.337718 0.000005 0.000002 -3.141591 -1.497669 3.135755
    25 1.180473 -0.000093 -0.000003 2.322271 -1.447922 -2.264049
    26 -0.666712 0.565948 -0.425195 0.276535 -1.168921 -0.243380
    27 1.311736 0.000006 0.000004 -3.109347 -1.501840 3.110658
    28 1.132875 -0.000003 -0.000005 -2.277655 -1.482347 2.251198
    29 -0.835869 -0.375753 -0.250998 -0.232083 -1.169899 0.124274
    30 1.303124 0.000019 0.000004 2.990893 -1.546786 -2.976046
    31 1.094648 -0.000011 -0.000003 -0.062804 -1.544912 0.032862
    32 -1.144743 -1.304737 0.171518 -0.974001 -1.088390 0.663341
    33 1.052849 0.000000 -0.000004 3.124857 -1.425270 3.135795
    34 0.916342 -0.000031 0.000001 3.141553 -1.536954 -3.129942
    35 -4.486388 -19.510194 -13.622035 0.135099 -0.292864 -1.371798
    36 -0.117880 -0.102734 -0.180849 0.000013 0.017066 0.000000
    37 4.409983 -0.000034 0.000004 0.000000 0.000000 0.000000
    38 -3.459356 1.711287 -0.541797 0.125169 -0.669906 3.034105
    39 -1.410028 -0.000005 -0.000014 0.000004 0.000001 -0.911659
    40 -0.993008 0.000010 -0.000011 0.000012 -0.000006 -0.908928
    41 -1.077398 1.571280 0.162236 0.351673 -1.124156 2.999846
    42 -1.337713 0.000003 -0.000002 3.078234 -1.322288 -3.107495
    43 -1.180471 0.000072 0.000002 0.222693 -1.503459 -0.194122
    44 -0.719599 0.565946 0.238754 -0.061928 -1.418387 -3.057514
    45 -1.311414 -0.000009 -0.000267 0.002810 -1.315827 0.001501
    46 -1.132872 0.000005 -0.000066 3.139358 -1.176144 -3.092134
    47 -1.239075 -1.304744 -0.314278 -1.430303 -0.982760 -2.003829
    48 -1.052850 0.000005 -0.000004 2.863356 -1.535746 3.140220
    49 -0.916342 0.000033 0.000003 3.130054 -1.386235 -3.118064
    50 -0.900585 -0.375762 0.090056 -0.779868 -1.244725 -2.521915
    51 -1.303123 -0.000014 0.000008 -0.004266 -1.451231 -0.000993
    52 -1.094650 0.000007 0.000003 -2.577326 -1.476285 2.574417
    53 0.000000 0.000000 0.000000 0.000000 0.000000 0.000000
    54 0.000000 0.000000 0.000000 0.000000 0.000000 -1.570796
    55 0.000000 0.000000 0.000000 0.000000 0.000000 -1.570796
    56 -2.000000 0.000000 0.000000 -1.570796 0.000000 0.174533
    57 -1.500000 0.000002 0.000000 -1.570796 0.000000 0.000000
    58 0.000000 0.500000 0.000000 -1.570796 0.261799 0.000000
    59 -0.000001 0.000000 0.000000 -3.141593 0.174533 0.000000
    60 0.000000 0.000000 -0.000001 -3.141593 0.174533 0.174533
    61 0.000000 0.000000 0.000000 -3.141593 0.349066 -0.174533
    62 0.000000 0.000000 0.000000 -1.570796 0.000000 0.000000
    63 0.000000 0.000000 0.000000 -1.570796 0.000000 0.000000
    64 0.000000 0.000000 0.000000 -1.570796 0.000000 0.000000
    65 0.000000 0.000000 0.000002 -1.570796 0.000000 0.000000
    66 0.000000 0.000000 0.000000 -1.570796 0.000000 0.000000
    67 0.000000 0.000001 0.000000 -1.570796 0.000000 0.000000
    68 0.000000 0.000000 0.000000 -1.570796 0.000000 0.000000
    69 0.000000 0.000000 0.000000 -1.570796 0.000000 0.000000
    70 0.000000 0.000000 0.000000 -1.570796 0.000000 0.000000
    71 0.000000 0.000000 0.000000 -1.570796 0.000000 0.000000
    72 0.000000 0.000000 0.000000 -1.570796 0.000000 0.000000
    73 0.000000 0.000000 0.000000 -1.570796 0.000000 0.000000
    74 -2.000000 0.000000 0.000000 1.570796 0.000000 0.174533
    75 -1.500000 -0.000001 -0.250000 1.570796 0.000000 0.000000
    76 -1.000000 0.250000 0.500000 1.570796 0.000000 0.000000
    77 0.000000 0.000000 0.000000 2.094395 0.000000 -3.141593
    78 0.000000 0.000000 0.000000 2.094395 0.000000 -3.141593
    79 0.000000 -0.200001 -0.200000 1.745329 0.000000 -3.141593
    80 0.000000 -0.000001 -0.000002 1.570796 0.000000 3.141593
    81 0.000000 0.000000 0.000000 1.570796 0.000000 -3.141593
    82 0.000000 0.000000 -0.000002 1.570796 0.000000 -3.141593
    83 0.000000 0.000000 0.000000 1.570796 0.000000 3.141593
    84 -0.000002 0.000000 0.000000 1.570796 0.000000 3.141593
    85 0.000000 0.000000 0.000000 1.570796 0.000000 3.141593
    86 0.000000 0.000000 0.000000 1.570796 0.000000 3.141593
    87 0.000000 0.000000 0.000000 1.570796 0.000000 -3.141593
    88 0.000000 0.000000 0.000000 1.570796 0.000000 -3.141593
    89 0.000000 0.000000 0.000000 1.570796 0.000000 3.141593
    90 0.000000 0.000000 0.000000 1.570796 0.000000 -3.141593
    91 0.000000 0.000000 0.000000 1.570796 0.000000 -3.141593
  time 19
    0 0.000000 0.000000 0.000000 0.000000 0.000000 -0.000007
    1 0.000000 2.709942 -10.591393 0.000000 -1.570796 1.570796
    2 3.500857 9.013945 -0.640573 0.000000 -1.570796 0.000000
    3 -0.945612 -1.660181 2.211413 0.000000 0.000000 0.000000
    4 4.409996 0.000005 -0.000003 -0.004575 -0.206944 0.122349
    5 10.079981 -0.000003 -0.000001 -0.000002 -0.000003 -0.452066
    6 0.000000 -0.000001 0.000000 -0.351502 0.000005 0.000001
    7 3.359990 0.000014 -0.000007 -0.703015 0.000000 0.000003
    8 6.719987 0.000030 -0.000015 -1.054562 -0.000002 0.000001
    9 3.500862 -5.725745 -0.640568 0.000000 -1.570795 3.141592
    10 -0.764811 3.179637 -2.226655 0.000000 0.000000 0.000000
    11 4.409998 -0.000001 0.000004 -0.035301 0.224901 0.121325
    12 10.079982 0.000014 0.000025 0.000004 0.000046 -0.513959
    13 0.000001 0.000004 0.000000 0.379987 -0.000001 0.000010
    14 3.359994 0.000032 0.000015 0.759953 -0.000007 0.000004
    15 6.719987 0.000057 0.000028 1.139975 0.000003 0.000003
    16 0.000000 0.000000 0.000000 1.553251 -0.000995 -3.137302
    17 6.126902 -19.706737 -12.751105 2.931861 -0.133836 -1.747449
    18 -0.118055 -0.108981 0.513327 -0.000047 -0.086523 0.000009
    19 4.409994 -0.000012 0.000012 0.000000 0.000000 0.000000
    20 -3.422661 1.711283 0.470872 0.018364 -0.593174 -0.075895
    21 1.410028 0.000010 0.000007 0.000006 0.000009 -0.987481
    22 0.993011 -0.000001 0.000006 0.000001 -0.000006 -0.761963
    23 -1.022532 1.571291 -0.406268 0.562009 -1.088038 -0.422346
    24 1.337718 0.000005 0.000002 -3.141591 -1.497669 3.135755
    25 1.180473 -0.000093 -0.000003 2.322271 -1.447922 -2.264049
    26 -0.666712 0.565948 -0.425195 0.276535 -1.168921 -0.243380
    27 1.311736 0.000006 0.000004 -3.109347 -1.501840 3.110658
    28 1.132875 -0.000003 -0.000005 -2.277655 -1.482347 2.251198
    29 -0.835869 -0.375753 -0.250998 -0.232083 -1.169899 0.124274
    30 1.303124 0.000019 0.000004 2.990988 -1.546786 -2.976046
    31 1.094648 -0.000011 -0.000003 -0.062804 -1.544912 0.032862
    32 -1.144743 -1.304737 0.171518 -0.974001 -1.088390 0.663341
    33 1.052849 0.000000 -0.000004 3.124857 -1.425270 3.135795
    34 0.916342 -0.000031 0.000001 3.141553 -1.536954 -3.129942
    35 -5.212972 -19.307063 -13.032173 0.281626 -0.255004 -1.405930
    36 -0.117880 -0.102734 -0.180849 0.000013 0.017066 0.000000
    37 4.409983 -0.000034 0.000004 0.000000 0.000000 0.000000
    38 -3.459356 1.711287 -0.541797 0.125169 -0.669906 3.034105
    39 -1.410028 -0.000005 -0.000014 0.000004 0.000001 -0.911659
    40 -0.993008 0.000010 -0.000011 0.000012 -0.000006 -0.908928
    41 -1.077398 1.571280 0.162236 0.351673 -1.124156 2.999846
    42 -1.337713 0.000003 -0.000002 3.078234 -1.322288 -3.107495
    43 -1.180471 0.000072 0.000002 0.222693 -1.503459 -0.194122
    44 -0.719599 0.565946 0.238754 -0.061928 -1.418387 -3.057514
    45 -1.311414 -0.000009 -0.000267 0.002810 -1.315827 0.001501
    46 -1.132872 0.000005 -0.000066 3.139358 -1.176144 -3.092134
    47 -1.239075 -1.304744 -0.314278 -1.430303 -0.982760 -2.003829
    48 -1.052850 0.000005 -0.000004 2.863452 -1.535746 3.140220
    49 -0.916342 0.000033 0.000003 3.130054 -1.386235 -3.118064
    50 -0.900585 -0.375762 0.090056 -0.779868 -1.244725 -2.521915
    51 -1.303123 -0.000014 0.000008 -0.004254 -1.451231 -0.000993
    52 -1.094650 0.000007 0.000003 -2.577326 -1.476285 2.574417
    53 0.000000 0.000000 0.000000 0.000000 0.000000 0.000000
    54 0.000000 0.000000 0.000000 0.000000 0.000000 -1.570796
    55 0.000000 0.000000 0.000000 0.000000 0.000000 -1.570796
    56 -2.000000 0.000000 0.000000 -1.570796 0.000000 0.174533
    57 -1.500000 0.000002 0.000000 -1.570796 0.000000 0.000000
    58 0.000000 0.500000 0.000000 -1.570796 0.261799 0.000000
    59 -0.000001 0.000000 0.000000 -3.141593 0.174533 0.000000
    60 0.000000 0.000000 -0.000001 -3.141593 0.174533 0.174533
    61 0.000000 0.000000 0.000000 -3.141593 0.349066 -0.174533
    62 0.000000 0.000000 0.000000 -1.570796 0.000000 0.000000
    63 0.000000 0.000000 0.000000 -1.570796 0.000000 0.000000
    64 0.000000 0.000000 0.000000 -1.570796 0.000000 0.000000
    65 0.000000 0.000000 0.000002 -1.570796 0.000000 0.000000
    66 0.000000 0.000000 0.000000 -1.570796 0.000000 0.000000
    67 0.000000 0.000001 0.000000 -1.570796 0.000000 0.000000
    68 0.000000 0.000000 0.000000 -1.570796 0.000000 0.000000
    69 0.000000 0.000000 0.000000 -1.570796 0.000000 0.000000
    70 0.000000 0.000000 0.000000 -1.570796 0.000000 0.000000
    71 0.000000 0.000000 0.000000 -1.570796 0.000000 0.000000
    72 0.000000 0.000000 0.000000 -1.570796 0.000000 0.000000
    73 0.000000 0.000000 0.000000 -1.570796 0.000000 0.000000
    74 -2.000000 0.000000 0.000000 1.570796 0.000000 0.174533
    75 -1.500000 -0.000001 -0.250000 1.570796 0.000000 0.000000
    76 -1.000000 0.250000 0.500000 1.570796 0.000000 0.000000
    77 0.000000 0.000000 0.000000 2.094395 0.000000 -3.141593
    78 0.000000 0.000000 0.000000 2.094395 0.000000 -3.141593
    79 0.000000 -0.200001 -0.200000 1.745329 0.000000 -3.141593
    80 0.000000 -0.000001 -0.000002 1.570796 0.000000 3.141593
    81 0.000000 0.000000 0.000000 1.570796 0.000000 -3.141593
    82 0.000000 0.000000 -0.000002 1.570796 0.000000 -3.141593
    83 0.000000 0.000000 0.000000 1.570796 0.000000 3.141593
    84 -0.000002 0.000000 0.000000 1.570796 0.000000 3.141593
    85 0.000000 0.000000 0.000000 1.570796 0.000000 3.141593
    86 0.000000 0.000000 0.000000 1.570796 0.000000 3.141593
    87 0.000000 0.000000 0.000000 1.570796 0.000000 -3.141593
    88 0.000000 0.000000 0.000000 1.570796 0.000000 -3.141593
    89 0.000000 0.000000 0.000000 1.570796 0.000000 3.141593
    90 0.000000 0.000000 0.000000 1.570796 0.000000 -3.141593
    91 0.000000 0.000000 0.000000 1.570796 0.000000 -3.141593
  time 20
    0 0.000000 0.000000 0.000000 0.000000 0.000000 -0.000007
    1 0.000000 2.709942 -10.591393 0.000000 -1.570796 1.570796
    2 3.500857 9.013945 -0.640573 0.000000 -1.570796 0.000000
    3 -1.605788 -1.574241 1.598113 0.000000 0.000000 0.000000
    4 4.409996 0.000005 -0.000003 0.028515 -0.197998 0.097696
    5 10.079981 -0.000003 -0.000001 -0.000002 -0.000003 -0.316664
    6 0.000000 -0.000001 0.000000 -0.298731 0.000005 0.000001
    7 3.359990 0.000014 -0.000007 -0.597472 0.000000 0.000003
    8 6.719987 0.000030 -0.000015 -0.896208 -0.000002 0.000001
    9 3.500862 -5.725745 -0.640568 0.000000 -1.570795 3.141592
    10 -1.467958 3.179637 -1.621168 0.000000 0.000000 0.000000
    11 4.409998 -0.000001 0.000004 -0.091764 0.224852 0.144976
    12 10.079982 0.000014 0.000025 0.000004 0.000034 -0.446002
    13 0.000001 0.000004 0.000000 0.329831 -0.000001 0.000010
    14 3.359994 0.000032 0.000015 0.659661 -0.000007 0.000004
    15 6.719987 0.000057 0.000028 0.989506 0.000003 0.000003
    16 0.000000 0.000000 0.000000 1.558560 -0.000731 -3.138380
    17 7.361314 -19.366883 -12.032333 2.705612 -0.102519 -1.737098
    18 -0.118055 -0.108981 0.513327 -0.000047 -0.086523 0.000009
    19 4.409994 -0.000012 0.000012 0.000000 0.000000 0.000000
    20 -3.422661 1.711283 0.470872 0.018364 -0.593174 -0.075895
    21 1.410028 0.000010 0.000007 0.000006 0.000009 -0.987481
    22 0.993011 -0.000001 0.000006 0.000001 -0.000006 -0.761963
    23 -1.022532 1.571291 -0.406268 0.562009 -1.088038 -0.422346
    24 1.337718 0.000005 0.000002 -3.141591 -1.497669 3.135755
    25 1.180473 -0.000093 -0.000003 2.322271 -1.447922 -2.264049
    26 -0.666712 0.565948 -0.425195 0.276535 -1.168921 -0.243380
    27 1.311736 0.000006 0.000004 -3.109347 -1.501840 3.110658
    28 1.132875 -0.000003 -0.000005 -2.277655 -1.482347 2.251198
    29 -0.835869 -0.375753 -0.250998 -0.232083 -1.169899 0.124274
    30 1.303124 0.000019 0.000004 2.990988 -1.546786 -2.976046
    31 1.094648 -0.000011 -0.000003 -0.062804 -1.544912 0.032862
    32 -1.144743 -1.304737 0.171518 -0.974001 -1.088390 0.663341
    33 1.052849 0.000000 -0.000004 3.124857 -1.425270 3.135795
    34 0.916342 -0.000031 0.000001 3.141553 -1.536954 -3.129942
    35 -6.181752 -19.037523 -12.246993 0.477121 -0.204461 -1.451242
    36 -0.117880 -0.102734 -0.180849 0.000013 0.017066 0.000000
    37 4.409983 -0.000034 0.000004 0.000000 0.000000 0.000000
    38 -3.459356 1.711287 -0.541797 0.125169 -0.669906 3.034105
    39 -1.410028 -0.000005 -0.000014 0.000004 0.000001 -0.911659
    40 -0.993008 0.000010 -0.000011 0.000012 -0.000006 -0.908928
    41 -1.077398 1.571280 0.162236 0.351673 -1.124156 2.999846
    42 -1.337713 0.000003 -0.000002 3.078234 -1.322288 -3.107495
    43 -1.180471 0.000072 0.000002 0.222705 -1.503459 -0.194122
    44 -0.719599 0.565946 0.238754 -0.061928 -1.418387 -3.057526
    45 -1.311414 -0.000009 -0.000267 0.002810 -1.315827 0.001501
    46 -1.132872 0.000005 -0.000066 3.139358 -1.176144 -3.092134
    47 -1.239075 -1.304744 -0.314278 -1.430303 -0.982760 -2.003829
    48 -1.052850 0.000005 -0.000004 2.863452 -1.535746 3.140220
    49 -0.916342 0.000033 0.000003 3.130054 -1.386235 -3.118064
    50 -0.900585 -0.375762 0.090056 -0.779868 -1.244725 -2.521915
    51 -1.303123 -0.000014 0.000008 -0.004266 -1.451231 -0.001005
    52 -1.094650 0.000007 0.000003 -2.577326 -1.476285 2.574417
    53 0.000000 0.000000 0.000000 0.000000 0.000000 0.000000
    54 0.000000 0.000000 0.000000 0.000000 0.000000 -1.570796
    55 0.000000 0.000000 0.000000 0.000000 0.000000 -1.570796
    56 -2.000000 0.000000 0.000000 -1.570796 0.000000 0.174533
    57 -1.500000 0.000002 0.000000 -1.570796 0.000000 0.000000
    58 0.000000 0.500000 0.000000 -1.570796 0.261799 0.000000
    59 -0.000001 0.000000 0.000000 -3.141593 0.174533 0.000000
    60 0.000000 0.000000 -0.000001 -3.141593 0.174533 0.174533
    61 0.000000 0.000000 0.000000 -3.141593 0.349066 -0.174533
    62 0.000000 0.000000 0.000000 -1.570796 0.000000 0.000000
    63 0.000000 0.000000 0.000000 -1.570796 0.000000 0.000000
    64 0.000000 0.000000 0.000000 -1.570796 0.000000 0.000000
    65 0.000000 0.000000 0.000002 -1.570796 0.000000 0.000000
    66 0.000000 0.000000 0.000000 -1.570796 0.000000 0.000000
    67 0.000000 0.000001 0.000000 -1.570796 0.000000 0.000000
    68 0.000000 0.000000 0.000000 -1.570796 0.000000 0.000000
    69 0.000000 0.000000 0.000000 -1.570796 0.000000 0.000000
    70 0.000000 0.000000 0.000000 -1.570796 0.000000 0.000000
    71 0.000000 0.000000 0.000000 -1.570796 0.000000 0.000000
    72 0.000000 0.000000 0.000000 -1.570796 0.000000 0.000000
    73 0.000000 0.000000 0.000000 -1.570796 0.000000 0.000000
    74 -2.000000 0.000000 0.000000 1.570796 0.000000 0.174533
    75 -1.500000 -0.000001 -0.250000 1.570796 0.000000 0.000000
    76 -1.000000 0.250000 0.500000 1.570796 0.000000 0.000000
    77 0.000000 0.000000 0.000000 2.094395 0.000000 -3.141593
    78 0.000000 0.000000 0.000000 2.094395 0.000000 -3.141593
    79 0.000000 -0.200001 -0.200000 1.745329 0.000000 -3.141593
    80 0.000000 -0.000001 -0.000002 1.570796 0.000000 3.141593
    81 0.000000 0.000000 0.000000 1.570796 0.000000 -3.141593
    82 0.000000 0.000000 -0.000002 1.570796 0.000000 -3.141593
    83 0.000000 0.000000 0.000000 1.570796 0.000000 3.141593
    84 -0.000002 0.000000 0.000000 1.570796 0.000000 3.141593
    85 0.000000 0.000000 0.000000 1.570796 0.000000 3.141593
    86 0.000000 0.000000 0.000000 1.570796 0.000000 3.141593
    87 0.000000 0.000000 0.000000 1.570796 0.000000 -3.141593
    88 0.000000 0.000000 0.000000 1.570796 0.000000 -3.141593
    89 0.000000 0.000000 0.000000 1.570796 0.000000 3.141593
    90 0.000000 0.000000 0.000000 1.570796 0.000000 -3.141593
    91 0.000000 0.000000 0.000000 1.570796 0.000000 -3.141593
  time 21
    0 0.000000 0.000000 0.000000 0.000000 0.000000 -0.000007
    1 0.000000 2.709942 -10.591393 0.000000 -1.570796 1.570796
    2 3.500857 9.013945 -0.640573 0.000000 -1.570796 0.000000
    3 -2.082365 -1.515646 1.164506 0.000000 0.000000 0.000000
    4 4.409996 0.000005 -0.000003 0.053681 -0.174026 0.159522
    5 10.079981 -0.000003 -0.000001 -0.000002 -0.000003 -0.329665
    6 0.000000 -0.000001 0.000000 -0.241363 0.000005 0.000001
    7 3.359990 0.000014 -0.000007 -0.482734 0.000000 0.000003
    8 6.719987 0.000030 -0.000015 -0.724101 -0.000002 0.000001
    9 3.500862 -5.725745 -0.640568 0.000000 -1.570795 3.141592
    10 -1.967973 3.179637 -1.183655 0.000000 0.000000 0.000000
    11 4.409998 -0.000001 0.000004 -0.160316 0.218105 0.242318
    12 10.079982 0.000014 0.000025 0.000004 0.000046 -0.501096
    13 0.000001 0.000004 0.000000 0.274354 -0.000001 0.000010
    14 3.359994 0.000032 0.000015 0.548711 -0.000007 0.000004
    15 6.719987 0.000057 0.000028 0.823106 0.000003 0.000003
    16 0.000000 0.000000 0.000000 1.563953 -0.000479 -3.139447
    17 8.904330 -18.937182 -11.122149 2.422761 -0.063327 -1.724076
    18 -0.118055 -0.108981 0.513327 -0.000047 -0.086523 0.000009
    19 4.409994 -0.000012 0.000012 0.000000 0.000000 0.000000
    20 -3.422661 1.711283 0.470872 0.018364 -0.593174 -0.075895
    21 1.410028 0.000010 0.000007 0.000006 0.000009 -0.987481
    22 0.993011 -0.000001 0.000006 0.000001 -0.000006 -0.761963
    23 -1.022532 1.571291 -0.406268 0.562009 -1.088038 -0.422346
    24 1.337718 0.000005 0.000002 -3.141591 -1.497669 3.135755
    25 1.180473 -0.000093 -0.000003 2.322271 -1.447922 -2.264049
    26 -0.666712 0.565948 -0.425195 0.276535 -1.168921 -0.243380
    27 1.311736 0.000006 0.000004 -3.109347 -1.501840 3.110658
    28 1.132875 -0.000003 -0.000005 -2.277655 -1.482347 2.251198
    29 -0.835869 -0.375753 -0.250998 -0.232083 -1.169899 0.124274
    30 1.303124 0.000019 0.000004 2.990893 -1.546786 -2.976046
    31 1.094648 -0.000011 -0.000003 -0.062816 -1.544912 0.032850
    32 -1.144743 -1.304737 0.171518 -0.974001 -1.088390 0.663341
    33 1.052849 0.000000 -0.000004 3.124857 -1.425270 3.135795
    34 0.916342 -0.000031 0.000001 3.141553 -1.536954 -3.129942
    35 -7.388820 -18.693763 -11.258681 0.721364 -0.141274 -1.507903
    36 -0.117880 -0.102734 -0.180849 0.000013 0.017066 0.000000
    37 4.409983 -0.000034 0.000004 0.000000 0.000000 0.000000
    38 -3.459356 1.711287 -0.541797 0.125169 -0.669906 3.034105
    39 -1.410028 -0.000005 -0.000014 0.000004 0.000001 -0.911659
    40 -0.993008 0.000010 -0.000011 0.000012 -0.000006 -0.908928
    41 -1.077398 1.571280 0.162236 0.351673 -1.124156 2.999846
    42 -1.337713 0.000003 -0.000002 3.078234 -1.322288 -3.107495
    43 -1.180471 0.000072 0.000002 0.222705 -1.503459 -0.194122
    44 -0.719599 0.565946 0.238754 -0.061928 -1.418387 -3.057526
    45 -1.311414 -0.000009 -0.000267 0.002810 -1.315827 0.001501
    46 -1.132872 0.000005 -0.000066 3.139358 -1.176144 -3.092134
    47 -1.239075 -1.304744 -0.314278 -1.430303 -0.982760 -2.003829
    48 -1.052850 0.000005 -0.000004 2.863452 -1.535746 3.140220
    49 -0.916342 0.000033 0.000003 3.130054 -1.386235 -3.118064
    50 -0.900585 -0.375762 0.090056 -0.779868 -1.244725 -2.521915
    51 -1.303123 -0.000014 0.000008 -0.004266 -1.451231 -0.001005
    52 -1.094650 0.000007 0.000003 -2.577326 -1.476285 2.574417
    53 0.000000 0.000000 0.000000 0.000000 0.000000 0.000000
    54 0.000000 0.000000 0.000000 0.000000 0.000000 -1.570796
    55 0.000000 0.000000 0.000000 0.000000 0.000000 -1.570796
    56 -2.000000 0.000000 0.000000 -1.570796 0.000000 0.174533
    57 -1.500000 0.000002 0.000000 -1.570796 0.000000 0.000000
    58 0.000000 0.500000 0.000000 -1.570796 0.261799 0.000000
    59 -0.000001 0.000000 0.000000 -3.141593 0.174533 0.000000
    60 0.000000 0.000000 -0.000001 -3.141593 0.174533 0.174533
    61 0.000000 0.000000 0.000000 -3.141593 0.349066 -0.174533
    62 0.000000 0.000000 0.000000 -1.570796 0.000000 0.000000
    63 0.000000 0.000000 0.000000 -1.570796 0.000000 0.000000
    64 0.000000 0.000000 0.000000 -1.570796 0.000000 0.000000
    65 0.000000 0.000000 0.000002 -1.570796 0.000000 0.000000
    66 0.000000 0.000000 0.000000 -1.570796 0.000000 0.000000
    67 0.000000 0.000001 0.000000 -1.570796 0.000000 0.000000
    68 0.000000 0.000000 0.000000 -1.570796 0.000000 0.000000
    69 0.000000 0.000000 0.000000 -1.570796 0.000000 0.000000
    70 0.000000 0.000000 0.000000 -1.570796 0.000000 0.000000
    71 0.000000 0.000000 0.000000 -1.570796 0.000000 0.000000
    72 0.000000 0.000000 0.000000 -1.570796 0.000000 0.000000
    73 0.000000 0.000000 0.000000 -1.570796 0.000000 0.000000
    74 -2.000000 0.000000 0.000000 1.570796 0.000000 0.174533
    75 -1.500000 -0.000001 -0.250000 1.570796 0.000000 0.000000
    76 -1.000000 0.250000 0.500000 1.570796 0.000000 0.000000
    77 0.000000 0.000000 0.000000 2.094395 0.000000 -3.141593
    78 0.000000 0.000000 0.000000 2.094395 0.000000 -3.141593
    79 0.000000 -0.200001 -0.200000 1.745329 0.000000 -3.141593
    80 0.000000 -0.000001 -0.000002 1.570796 0.000000 3.141593
    81 0.000000 0.000000 0.000000 1.570796 0.000000 -3.141593
    82 0.000000 0.000000 -0.000002 1.570796 0.000000 -3.141593
    83 0.000000 0.000000 0.000000 1.570796 0.000000 3.141593
    84 -0.000002 0.000000 0.000000 1.570796 0.000000 3.141593
    85 0.000000 0.000000 0.000000 1.570796 0.000000 3.141593
    86 0.000000 0.000000 0.000000 1.570796 0.000000 3.141593
    87 0.000000 0.000000 0.000000 1.570796 0.000000 -3.141593
    88 0.000000 0.000000 0.000000 1.570796 0.000000 -3.141593
    89 0.000000 0.000000 0.000000 1.570796 0.000000 3.141593
    90 0.000000 0.000000 0.000000 1.570796 0.000000 -3.141593
    91 0.000000 0.000000 0.000000 1.570796 0.000000 -3.141593
  time 22
    0 0.000000 0.000000 0.000000 0.000000 0.000000 -0.000007
    1 0.000000 2.709942 -10.591393 0.000000 -1.570796 1.570796
    2 3.500857 9.013945 -0.640573 0.000000 -1.570796 0.000000
    3 -2.289403 -1.496114 0.973094 0.000000 0.000000 0.000000
    4 4.409996 0.000005 -0.000003 0.084203 -0.137357 0.304545
    5 10.079981 -0.000003 -0.000001 -0.000002 -0.000003 -0.482667
    6 0.000000 -0.000001 0.000000 -0.175495 0.000005 0.000001
    7 3.359990 0.000014 -0.000007 -0.351023 0.000000 0.000003
    8 6.719987 0.000030 -0.000015 -0.526535 -0.000002 0.000001
    9 3.500862 -5.725745 -0.640568 0.000000 -1.570795 3.141592
    10 -2.186730 3.179637 -0.996149 0.000000 0.000000 0.000000
    11 4.409998 -0.000001 0.000004 -0.269995 0.215976 0.394237
    12 10.079982 0.000014 0.000025 0.000004 0.000046 -0.645287
    13 0.000001 0.000004 0.000000 0.214132 -0.000001 0.000010
    14 3.359994 0.000032 0.000015 0.428224 -0.000007 0.000004
    15 6.719987 0.000057 0.000028 0.642343 0.000003 0.000003
    16 0.000000 0.000000 0.000000 1.568819 -0.000276 -3.140382
    17 10.755949 -18.429354 -10.032272 2.083466 -0.016260 -1.708494
    18 -0.118055 -0.108981 0.513327 -0.000047 -0.086523 0.000009
    19 4.409994 -0.000012 0.000012 0.000000 0.000000 0.000000
    20 -3.422661 1.711283 0.470872 0.018364 -0.593174 -0.075895
    21 1.410028 0.000010 0.000007 0.000006 0.000009 -0.987481
    22 0.993011 -0.000001 0.000006 0.000001 -0.000006 -0.761963
    23 -1.022532 1.571291 -0.406268 0.562009 -1.088038 -0.422346
    24 1.337718 0.000005 0.000002 -3.141591 -1.497669 3.135755
    25 1.180473 -0.000093 -0.000003 2.322271 -1.447922 -2.264049
    26 -0.666712 0.565948 -0.425195 0.276535 -1.168921 -0.243380
    27 1.311736 0.000006 0.000004 -3.109347 -1.501840 3.110658
    28 1.132875 -0.000003 -0.000005 -2.277655 -1.482347 2.251198
    29 -0.835869 -0.375753 -0.250998 -0.232083 -1.169899 0.124274
    30 1.303124 0.000019 0.000004 2.990893 -1.546786 -2.976046
    31 1.094648 -0.000011 -0.000003 -0.062804 -1.544912 0.032862
    32 -1.144743 -1.304737 0.171518 -0.974001 -1.088390 0.663341
    33 1.052849 0.000000 -0.000004 3.124857 -1.425270 3.135795
    34 0.916342 -0.000031 0.000001 3.141553 -1.536954 -3.129942
    35 -8.841989 -18.287500 -10.086771 1.014481 -0.065442 -1.575998
    36 -0.117880 -0.102734 -0.180849 0.000013 0.017066 0.000000
    37 4.409983 -0.000034 0.000004 0.000000 0.000000 0.000000
    38 -3.459356 1.711287 -0.541797 0.125169 -0.669906 3.034105
    39 -1.410028 -0.000005 -0.000014 0.000004 0.000001 -0.911659
    40 -0.993008 0.000010 -0.000011 0.000012 -0.000006 -0.908928
    41 -1.077398 1.571280 0.162236 0.351673 -1.124156 2.999846
    42 -1.337713 0.000003 -0.000002 3.078234 -1.322288 -3.107495
    43 -1.180471 0.000072 0.000002 0.222705 -1.503459 -0.194122
    44 -0.719599 0.565946 0.238754 -0.061928 -1.418387 -3.057514
    45 -1.311414 -0.000009 -0.000267 0.002810 -1.315827 0.001501
    46 -1.132872 0.000005 -0.000066 3.139358 -1.176144 -3.092134
    47 -1.239075 -1.304744 -0.314278 -1.430303 -0.982760 -2.003829
    48 -1.052850 0.000005 -0.000004 2.863452 -1.535746 3.140220
    49 -0.916342 0.000033 0.000003 3.130054 -1.386235 -3.118064
    50 -0.900585 -0.375762 0.090056 -0.779868 -1.244725 -2.521915
    51 -1.303123 -0.000014 0.000008 -0.004266 -1.451231 -0.000993
    52 -1.094650 0.000007 0.000003 -2.577326 -1.476285 2.574417
    53 0.000000 0.000000 0.000000 0.000000 0.000000 0.000000
    54 0.000000 0.000000 0.000000 0.000000 0.000000 -1.570796
    55 0.000000 0.000000 0.000000 0.000000 0.000000 -1.570796
    56 -2.000000 0.000000 0.000000 -1.570796 0.000000 0.174533
    57 -1.500000 0.000002 0.000000 -1.570796 0.000000 0.000000
    58 0.000000 0.500000 0.000000 -1.570796 0.261799 0.000000
    59 -0.000001 0.000000 0.000000 -3.141593 0.174533 0.000000
    60 0.000000 0.000000 -0.000001 -3.141593 0.174533 0.174533
    61 0.000000 0.000000 0.000000 -3.141593 0.349066 -0.174533
    62 0.000000 0.000000 0.000000 -1.570796 0.000000 0.000000
    63 0.000000 0.000000 0.000000 -1.570796 0.000000 0.000000
    64 0.000000 0.000000 0.000000 -1.570796 0.000000 0.000000
    65 0.000000 0.000000 0.000002 -1.570796 0.000000 0.000000
    66 0.000000 0.000000 0.000000 -1.570796 0.000000 0.000000
    67 0.000000 0.000001 0.000000 -1.570796 0.000000 0.000000
    68 0.000000 0.000000 0.000000 -1.570796 0.000000 0.000000
    69 0.000000 0.000000 0.000000 -1.570796 0.000000 0.000000
    70 0.000000 0.000000 0.000000 -1.570796 0.000000 0.000000
    71 0.000000 0.000000 0.000000 -1.570796 0.000000 0.000000
    72 0.000000 0.000000 0.000000 -1.570796 0.000000 0.000000
    73 0.000000 0.000000 0.000000 -1.570796 0.000000 0.000000
    74 -2.000000 0.000000 0.000000 1.570796 0.000000 0.174533
    75 -1.500000 -0.000001 -0.250000 1.570796 0.000000 0.000000
    76 -1.000000 0.250000 0.500000 1.570796 0.000000 0.000000
    77 0.000000 0.000000 0.000000 2.094395 0.000000 -3.141593
    78 0.000000 0.000000 0.000000 2.094395 0.000000 -3.141593
    79 0.000000 -0.200001 -0.200000 1.745329 0.000000 -3.141593
    80 0.000000 -0.000001 -0.000002 1.570796 0.000000 3.141593
    81 0.000000 0.000000 0.000000 1.570796 0.000000 -3.141593
    82 0.000000 0.000000 -0.000002 1.570796 0.000000 -3.141593
    83 0.000000 0.000000 0.000000 1.570796 0.000000 3.141593
    84 -0.000002 0.000000 0.000000 1.570796 0.000000 3.141593
    85 0.000000 0.000000 0.000000 1.570796 0.000000 3.141593
    86 0.000000 0.000000 0.000000 1.570796 0.000000 3.141593
    87 0.000000 0.000000 0.000000 1.570796 0.000000 -3.141593
    88 0.000000 0.000000 0.000000 1.570796 0.000000 -3.141593
    89 0.000000 0.000000 0.000000 1.570796 0.000000 3.141593
    90 0.000000 0.000000 0.000000 1.570796 0.000000 -3.141593
    91 0.000000 0.000000 0.000000 1.570796 0.000000 -3.141593
  time 23
    0 0.000000 0.000000 0.000000 0.000000 0.000000 -0.000007
    1 0.000000 2.709942 -10.591393 0.000000 -1.570796 1.570796
    2 3.500857 9.013945 -0.640573 0.000000 -1.570796 0.000000
    3 -2.289403 -1.496114 0.973094 0.000000 0.000000 0.000000
    4 4.409996 0.000005 -0.000003 0.093741 -0.128885 0.296903
    5 10.079981 -0.000003 -0.000001 -0.000002 -0.000003 -0.500794
    6 0.000000 -0.000001 0.000000 -0.186801 0.000005 0.000001
    7 3.359990 0.000014 -0.000007 -0.373610 0.000000 0.000003
    8 6.719987 0.000030 -0.000015 -0.560416 -0.000002 0.000001
    9 3.500862 -5.725745 -0.640568 0.000000 -1.570795 3.141592
    10 -2.186730 3.179637 -0.996149 0.000000 0.000000 0.000000
    11 4.409998 -0.000001 0.000004 -0.281592 0.210245 0.381370
    12 10.079982 0.000014 0.000025 0.000004 0.000046 -0.662974
    13 0.000001 0.000004 0.000000 0.227962 -0.000001 0.000010
    14 3.359994 0.000032 0.000015 0.455924 -0.000007 0.000004
    15 6.719987 0.000057 0.000028 0.683893 0.000003 0.000003
    16 0.000000 0.000000 0.000000 1.572522 -0.000108 -3.141125
    17 10.361406 -18.429354 -9.801796 2.134872 0.003099 -1.707659
    18 -0.118055 -0.108981 0.513327 -0.000047 -0.086523 0.000009
    19 4.409994 -0.000012 0.000012 0.000000 0.000000 0.000000
    20 -3.422661 1.711283 0.470872 0.018364 -0.593174 -0.075895
    21 1.410028 0.000010 0.000007 0.000006 0.000009 -0.987481
    22 0.993011 -0.000001 0.000006 0.000001 -0.000006 -0.761963
    23 -1.022532 1.571291 -0.406268 0.562009 -1.088038 -0.422346
    24 1.337718 0.000005 0.000002 -3.141591 -1.497669 3.135755
    25 1.180473 -0.000093 -0.000003 2.322271 -1.447922 -2.264049
    26 -0.666712 0.565948 -0.425195 0.276535 -1.168921 -0.243380
    27 1.311736 0.000006 0.000004 -3.109347 -1.501840 3.110658
    28 1.132875 -0.000003 -0.000005 -2.277655 -1.482347 2.251198
    29 -0.835869 -0.375753 -0.250998 -0.232083 -1.169899 0.124274
    30 1.303124 0.000019 0.000004 2.990893 -1.546786 -2.976046
    31 1.094648 -0.000011 -0.000003 -0.062816 -1.544912 0.032862
    32 -1.144743 -1.304737 0.171518 -0.974001 -1.088390 0.663341
    33 1.052849 0.000000 -0.000004 3.124857 -1.425270 3.135795
    34 0.916342 -0.000031 0.000001 3.141553 -1.536954 -3.129942
    35 -8.517761 -18.287500 -9.852389 0.973090 -0.047509 -1.581249
    36 -0.117880 -0.102734 -0.180849 0.000013 0.017066 0.000000
    37 4.409983 -0.000034 0.000004 0.000000 0.000000 0.000000
    38 -3.459356 1.711287 -0.541797 0.125169 -0.669906 3.034105
    39 -1.410028 -0.000005 -0.000014 0.000004 0.000001 -0.911659
    40 -0.993008 0.000010 -0.000011 0.000012 -0.000006 -0.908928
    41 -1.077398 1.571280 0.162236 0.351673 -1.124156 2.999846
    42 -1.337713 0.000003 -0.000002 3.078234 -1.322288 -3.107495
    43 -1.180471 0.000072 0.000002 0.222693 -1.503459 -0.194122
    44 -0.719599 0.565946 0.238754 -0.061928 -1.418387 -3.057526
    45 -1.311414 -0.000009 -0.000267 0.002810 -1.315827 0.001501
    46 -1.132872 0.000005 -0.000066 3.139358 -1.176144 -3.092134
    47 -1.239075 -1.304744 -0.314278 -1.430303 -0.982760 -2.003829
    48 -1.052850 0.000005 -0.000004 2.863452 -1.535746 3.140220
    49 -0.916342 0.000033 0.000003 3.130054 -1.386235 -3.118064
    50 -0.900585 -0.375762 0.090056 -0.779868 -1.244725 -2.521915
    51 -1.303123 -0.000014 0.000008 -0.004266 -1.451231 -0.000993
    52 -1.094650 0.000007 0.000003 -2.577326 -1.476285 2.574417
    53 0.000000 0.000000 0.000000 0.000000 0.000000 0.000000
    54 0.000000 0.000000 0.000000 0.000000 0.000000 -1.570796
    55 0.000000 0.000000 0.000000 0.000000 0.000000 -1.570796
    56 -2.000000 0.000000 0.000000 -1.570796 0.000000 0.174533
    57 -1.500000 0.000002 0.000000 -1.570796 0.000000 0.000000
    58 0.000000 0.500000 0.000000 -1.570796 0.261799 0.000000
    59 -0.000001 0.000000 0.000000 -3.141593 0.174533 0.000000
    60 0.000000 0.000000 -0.000001 -3.141593 0.174533 0.174533
    61 0.000000 0.000000 0.000000 -3.141593 0.349066 -0.174533
    62 0.000000 0.000000 0.000000 -1.570796 0.000000 0.000000
    63 0.000000 0.000000 0.000000 -1.570796 0.000000 0.000000
    64 0.000000 0.000000 0.000000 -1.570796 0.000000 0.000000
    65 0.000000 0.000000 0.000002 -1.570796 0.000000 0.000000
    66 0.000000 0.000000 0.000000 -1.570796 0.000000 0.000000
    67 0.000000 0.000001 0.000000 -1.570796 0.000000 0.000000
    68 0.000000 0.000000 0.000000 -1.570796 0.000000 0.000000
    69 0.000000 0.000000 0.000000 -1.570796 0.000000 0.000000
    70 0.000000 0.000000 0.000000 -1.570796 0.000000 0.000000
    71 0.000000 0.000000 0.000000 -1.570796 0.000000 0.000000
    72 0.000000 0.000000 0.000000 -1.570796 0.000000 0.000000
    73 0.000000 0.000000 0.000000 -1.570796 0.000000 0.000000
    74 -2.000000 0.000000 0.000000 1.570796 0.000000 0.174533
    75 -1.500000 -0.000001 -0.250000 1.570796 0.000000 0.000000
    76 -1.000000 0.250000 0.500000 1.570796 0.000000 0.000000
    77 0.000000 0.000000 0.000000 2.094395 0.000000 -3.141593
    78 0.000000 0.000000 0.000000 2.094395 0.000000 -3.141593
    79 0.000000 -0.200001 -0.200000 1.745329 0.000000 -3.141593
    80 0.000000 -0.000001 -0.000002 1.570796 0.000000 3.141593
    81 0.000000 0.000000 0.000000 1.570796 0.000000 -3.141593
    82 0.000000 0.000000 -0.000002 1.570796 0.000000 -3.141593
    83 0.000000 0.000000 0.000000 1.570796 0.000000 3.141593
    84 -0.000002 0.000000 0.000000 1.570796 0.000000 3.141593
    85 0.000000 0.000000 0.000000 1.570796 0.000000 3.141593
    86 0.000000 0.000000 0.000000 1.570796 0.000000 3.141593
    87 0.000000 0.000000 0.000000 1.570796 0.000000 -3.141593
    88 0.000000 0.000000 0.000000 1.570796 0.000000 -3.141593
    89 0.000000 0.000000 0.000000 1.570796 0.000000 3.141593
    90 0.000000 0.000000 0.000000 1.570796 0.000000 -3.141593
    91 0.000000 0.000000 0.000000 1.570796 0.000000 -3.141593
  time 24
    0 0.000000 0.000000 0.000000 0.000000 0.000000 -0.000007
    1 0.000000 2.709942 -10.591393 0.000000 -1.570796 1.570796
    2 3.500857 9.013945 -0.640573 0.000000 -1.570796 0.000000
    3 -2.289403 -1.496114 0.973094 0.000000 0.000000 0.000000
    4 4.409996 0.000005 -0.000003 0.103206 -0.120176 0.287491
    5 10.079981 -0.000003 -0.000001 -0.000002 -0.000003 -0.515381
    6 0.000000 -0.000001 0.000000 -0.197618 0.000005 0.000001
    7 3.359990 0.000014 -0.000007 -0.395244 0.000000 0.000003
    8 6.719987 0.000030 -0.000015 -0.592905 -0.000002 0.000001
    9 3.500862 -5.725745 -0.640568 0.000000 -1.570795 3.141592
    10 -2.186730 3.179637 -0.996149 0.000000 0.000000 0.000000
    11 4.409998 -0.000001 0.000004 -0.293010 0.203842 0.366849
    12 10.079982 0.000014 0.000025 0.000004 0.000046 -0.677303
    13 0.000001 0.000004 0.000000 0.241301 -0.000001 0.000010
    14 3.359994 0.000032 0.000015 0.482578 -0.000007 0.000004
    15 6.719987 0.000057 0.000028 0.723904 0.000003 0.000003
    16 0.000000 0.000000 0.000000 1.574511 0.000000 -3.141592
    17 9.962956 -18.429354 -9.555695 2.186317 0.022385 -1.706769
    18 -0.118055 -0.108981 0.513327 -0.000047 -0.086523 0.000009
    19 4.409994 -0.000012 0.000012 0.000000 0.000000 0.000000
    20 -3.422661 1.711283 0.470872 0.018364 -0.593174 -0.075895
    21 1.410028 0.000010 0.000007 0.000006 0.000009 -0.987481
    22 0.993011 -0.000001 0.000006 0.000001 -0.000006 -0.761963
    23 -1.022532 1.571291 -0.406268 0.562009 -1.088038 -0.422346
    24 1.337718 0.000005 0.000002 -3.141591 -1.497669 3.135755
    25 1.180473 -0.000093 -0.000003 2.322271 -1.447922 -2.264049
    26 -0.666712 0.565948 -0.425195 0.276535 -1.168921 -0.243380
    27 1.311736 0.000006 0.000004 -3.109347 -1.501840 3.110658
    28 1.132875 -0.000003 -0.000005 -2.277655 -1.482347 2.251198
    29 -0.835869 -0.375753 -0.250998 -0.232083 -1.169899 0.124274
    30 1.303124 0.000019 0.000004 2.990893 -1.546786 -2.976046
    31 1.094648 -0.000011 -0.000003 -0.062816 -1.544912 0.032850
    32 -1.144743 -1.304737 0.171518 -0.974001 -1.088390 0.663341
    33 1.052849 0.000000 -0.000004 3.124857 -1.425270 3.135795
    34 0.916342 -0.000031 0.000001 3.141553 -1.536954 -3.129942
    35 -8.197438 -18.287500 -9.621913 0.931762 -0.029577 -1.586415
    36 -0.117880 -0.102734 -0.180849 0.000013 0.017066 0.000000
    37 4.409983 -0.000034 0.000004 0.000000 0.000000 0.000000
    38 -3.459356 1.711287 -0.541797 0.125169 -0.669906 3.034105
    39 -1.410028 -0.000005 -0.000014 0.000004 0.000001 -0.911659
    40 -0.993008 0.000010 -0.000011 0.000012 -0.000006 -0.908928
    41 -1.077398 1.571280 0.162236 0.351673 -1.124156 2.999846
    42 -1.337713 0.000003 -0.000002 3.078234 -1.322288 -3.107495
    43 -1.180471 0.000072 0.000002 0.222705 -1.503459 -0.194122
    44 -0.719599 0.565946 0.238754 -0.061928 -1.418387 -3.057514
    45 -1.311414 -0.000009 -0.000267 0.002810 -1.315827 0.001501
    46 -1.132872 0.000005 -0.000066 3.139358 -1.176144 -3.092134
    47 -1.239075 -1.304744 -0.314278 -1.430303 -0.982760 -2.003829
    48 -1.052850 0.000005 -0.000004 2.863452 -1.535746 3.140220
    49 -0.916342 0.000033 0.000003 3.130054 -1.386235 -3.118064
    50 -0.900585 -0.375762 0.090056 -0.779868 -1.244725 -2.521915
    51 -1.303123 -0.000014 0.000008 -0.004266 -1.451231 -0.000993
    52 -1.094650 0.000007 0.000003 -2.577326 -1.476285 2.574417
    53 0.000000 0.000000 0.000000 0.000000 0.000000 0.000000
    54 0.000000 0.000000 0.000000 0.000000 0.000000 -1.570796
    55 0.000000 0.000000 0.000000 0.000000 0.000000 -1.570796
    56 -2.000000 0.000000 0.000000 -1.570796 0.000000 0.174533
    57 -1.500000 0.000002 0.000000 -1.570796 0.000000 0.000000
    58 0.000000 0.500000 0.000000 -1.570796 0.261799 0.000000
    59 -0.000001 0.000000 0.000000 -3.141593 0.174533 0.000000
    60 0.000000 0.000000 -0.000001 -3.141593 0.174533 0.174533
    61 0.000000 0.000000 0.000000 -3.141593 0.349066 -0.174533
    62 0.000000 0.000000 0.000000 -1.570796 0.000000 0.000000
    63 0.000000 0.000000 0.000000 -1.570796 0.000000 0.000000
    64 0.000000 0.000000 0.000000 -1.570796 0.000000 0.000000
    65 0.000000 0.000000 0.000002 -1.570796 0.000000 0.000000
    66 0.000000 0.000000 0.000000 -1.570796 0.000000 0.000000
    67 0.000000 0.000001 0.000000 -1.570796 0.000000 0.000000
    68 0.000000 0.000000 0.000000 -1.570796 0.000000 0.000000
    69 0.000000 0.000000 0.000000 -1.570796 0.000000 0.000000
    70 0.000000 0.000000 0.000000 -1.570796 0.000000 0.000000
    71 0.000000 0.000000 0.000000 -1.570796 0.000000 0.000000
    72 0.000000 0.000000 0.000000 -1.570796 0.000000 0.000000
    73 0.000000 0.000000 0.000000 -1.570796 0.000000 0.000000
    74 -2.000000 0.000000 0.000000 1.570796 0.000000 0.174533
    75 -1.500000 -0.000001 -0.250000 1.570796 0.000000 0.000000
    76 -1.000000 0.250000 0.500000 1.570796 0.000000 0.000000
    77 0.000000 0.000000 0.000000 2.094395 0.000000 -3.141593
    78 0.000000 0.000000 0.000000 2.094395 0.000000 -3.141593
    79 0.000000 -0.200001 -0.200000 1.745329 0.000000 -3.141593
    80 0.000000 -0.000001 -0.000002 1.570796 0.000000 3.141593
    81 0.000000 0.000000 0.000000 1.570796 0.000000 -3.141593
    82 0.000000 0.000000 -0.000002 1.570796 0.000000 -3.141593
    83 0.000000 0.000000 0.000000 1.570796 0.000000 3.141593
    84 -0.000002 0.000000 0.000000 1.570796 0.000000 3.141593
    85 0.000000 0.000000 0.000000 1.570796 0.000000 3.141593
    86 0.000000 0.000000 0.000000 1.570796 0.000000 3.141593
    87 0.000000 0.000000 0.000000 1.570796 0.000000 -3.141593
    88 0.000000 0.000000 0.000000 1.570796 0.000000 -3.141593
    89 0.000000 0.000000 0.000000 1.570796 0.000000 3.141593
    90 0.000000 0.000000 0.000000 1.570796 0.000000 -3.141593
    91 0.000000 0.000000 0.000000 1.570796 0.000000 -3.141593
  time 25
    0 0.000000 0.000000 0.000000 0.000000 0.000000 -0.000007
    1 0.000000 2.709942 -10.591393 0.000000 -1.570796 1.570796
    2 3.500857 9.013945 -0.640573 0.000000 -1.570796 0.000000
    3 -2.289403 -1.496114 0.973094 0.000000 0.000000 0.000000
    4 4.409996 0.000005 -0.000003 0.112524 -0.111251 0.276482
    5 10.079981 -0.000003 -0.000001 -0.000002 -0.000003 -0.526797
    6 0.000000 -0.000001 0.000000 -0.207997 0.000005 0.000001
    7 3.359990 0.000014 -0.000007 -0.415951 0.000000 0.000003
    8 6.719987 0.000030 -0.000015 -0.624004 -0.000002 0.000001
    9 3.500862 -5.725745 -0.640568 0.000000 -1.570795 3.141592
    10 -2.186730 3.179637 -0.996149 0.000000 0.000000 0.000000
    11 4.409998 -0.000001 0.000004 -0.304249 0.196751 0.350844
    12 10.079982 0.000014 0.000025 0.000004 0.000046 -0.688511
    13 0.000001 0.000004 0.000000 0.254160 -0.000001 0.000010
    14 3.359994 0.000032 0.000015 0.508302 -0.000007 0.000004
    15 6.719987 0.000057 0.000028 0.762491 0.000003 0.000003
    16 0.000000 0.000000 0.000000 1.574919 0.000036 -3.141832
    17 9.568413 -18.429354 -9.313500 2.237645 0.041635 -1.705934
    18 -0.118055 -0.108981 0.513327 -0.000047 -0.086523 0.000009
    19 4.409994 -0.000012 0.000012 0.000000 0.000000 0.000000
    20 -3.422661 1.711283 0.470872 0.018364 -0.593174 -0.075895
    21 1.410028 0.000010 0.000007 0.000006 0.000009 -0.987481
    22 0.993011 -0.000001 0.000006 0.000001 -0.000006 -0.761963
    23 -1.022532 1.571291 -0.406268 0.562009 -1.088038 -0.422346
    24 1.337718 0.000005 0.000002 -3.141591 -1.497669 3.135755
    25 1.180473 -0.000093 -0.000003 2.322271 -1.447922 -2.264049
    26 -0.666712 0.565948 -0.425195 0.276535 -1.168921 -0.243380
    27 1.311736 0.000006 0.000004 -3.109347 -1.501840 3.110658
    28 1.132875 -0.000003 -0.000005 -2.277655 -1.482347 2.251198
    29 -0.835869 -0.375753 -0.250998 -0.232083 -1.169899 0.124274
    30 1.303124 0.000019 0.000004 2.990988 -1.546786 -2.976046
    31 1.094648 -0.000011 -0.000003 -0.062804 -1.544912 0.032862
    32 -1.144743 -1.304737 0.171518 -0.974001 -1.088390 0.663341
    33 1.052849 0.000000 -0.000004 3.124857 -1.425270 3.135795
    34 0.916342 -0.000031 0.000001 3.141553 -1.536954 -3.129942
    35 -7.873210 -18.287500 -9.387531 0.890497 -0.011756 -1.591582
    36 -0.117880 -0.102734 -0.180849 0.000013 0.017066 0.000000
    37 4.409983 -0.000034 0.000004 0.000000 0.000000 0.000000
    38 -3.459356 1.711287 -0.541797 0.125169 -0.669906 3.034105
    39 -1.410028 -0.000005 -0.000014 0.000004 0.000001 -0.911659
    40 -0.993008 0.000010 -0.000011 0.000012 -0.000006 -0.908928
    41 -1.077398 1.571280 0.162236 0.351673 -1.124156 2.999846
    42 -1.337713 0.000003 -0.000002 3.078234 -1.322288 -3.107495
    43 -1.180471 0.000072 0.000002 0.222693 -1.503459 -0.194122
    44 -0.719599 0.565946 0.238754 -0.061928 -1.418387 -3.057514
    45 -1.311414 -0.000009 -0.000267 0.002810 -1.315827 0.001501
    46 -1.132872 0.000005 -0.000066 3.139358 -1.176144 -3.092134
    47 -1.239075 -1.304744 -0.314278 -1.430303 -0.982760 -2.003829
    48 -1.052850 0.000005 -0.000004 2.863452 -1.535746 3.140220
    49 -0.916342 0.000033 0.000003 3.130054 -1.386235 -3.118064
    50 -0.900585 -0.375762 0.090056 -0.779868 -1.244725 -2.521915
    51 -1.303123 -0.000014 0.000008 -0.004266 -1.451231 -0.000993
    52 -1.094650 0.000007 0.000003 -2.577326 -1.476285 2.574417
    53 0.000000 0.000000 0.000000 0.000000 0.000000 0.000000
    54 0.000000 0.000000 0.000000 0.000000 0.000000 -1.570796
    55 0.000000 0.000000 0.000000 0.000000 0.000000 -1.570796
    56 -2.000000 0.000000 0.000000 -1.570796 0.000000 0.174533
    57 -1.500000 0.000002 0.000000 -1.570796 0.000000 0.000000
    58 0.000000 0.500000 0.000000 -1.570796 0.261799 0.000000
    59 -0.000001 0.000000 0.000000 -3.141593 0.174533 0.000000
    60 0.000000 0.000000 -0.000001 -3.141593 0.174533 0.174533
    61 0.000000 0.000000 0.000000 -3.141593 0.349066 -0.174533
    62 0.000000 0.000000 0.000000 -1.570796 0.000000 0.000000
    63 0.000000 0.000000 0.000000 -1.570796 0.000000 0.000000
    64 0.000000 0.000000 0.000000 -1.570796 0.000000 0.000000
    65 0.000000 0.000000 0.000002 -1.570796 0.000000 0.000000
    66 0.000000 0.000000 0.000000 -1.570796 0.000000 0.000000
    67 0.000000 0.000001 0.000000 -1.570796 0.000000 0.000000
    68 0.000000 0.000000 0.000000 -1.570796 0.000000 0.000000
    69 0.000000 0.000000 0.000000 -1.570796 0.000000 0.000000
    70 0.000000 0.000000 0.000000 -1.570796 0.000000 0.000000
    71 0.000000 0.000000 0.000000 -1.570796 0.000000 0.000000
    72 0.000000 0.000000 0.000000 -1.570796 0.000000 0.000000
    73 0.000000 0.000000 0.000000 -1.570796 0.000000 0.000000
    74 -2.000000 0.000000 0.000000 1.570796 0.000000 0.174533
    75 -1.500000 -0.000001 -0.250000 1.570796 0.000000 0.000000
    76 -1.000000 0.250000 0.500000 1.570796 0.000000 0.000000
    77 0.000000 0.000000 0.000000 2.094395 0.000000 -3.141593
    78 0.000000 0.000000 0.000000 2.094395 0.000000 -3.141593
    79 0.000000 -0.200001 -0.200000 1.745329 0.000000 -3.141593
    80 0.000000 -0.000001 -0.000002 1.570796 0.000000 3.141593
    81 0.000000 0.000000 0.000000 1.570796 0.000000 -3.141593
    82 0.000000 0.000000 -0.000002 1.570796 0.000000 -3.141593
    83 0.000000 0.000000 0.000000 1.570796 0.000000 3.141593
    84 -0.000002 0.000000 0.000000 1.570796 0.000000 3.141593
    85 0.000000 0.000000 0.000000 1.570796 0.000000 3.141593
    86 0.000000 0.000000 0.000000 1.570796 0.000000 3.141593
    87 0.000000 0.000000 0.000000 1.570796 0.000000 -3.141593
    88 0.000000 0.000000 0.000000 1.570796 0.000000 -3.141593
    89 0.000000 0.000000 0.000000 1.570796 0.000000 3.141593
    90 0.000000 0.000000 0.000000 1.570796 0.000000 -3.141593
    91 0.000000 0.000000 0.000000 1.570796 0.000000 -3.141593
  time 26
    0 0.000000 0.000000 0.000000 0.000000 0.000000 -0.000007
    1 0.000000 2.709942 -10.591393 0.000000 -1.570796 1.570796
    2 3.500857 9.013945 -0.640573 0.000000 -1.570796 0.000000
    3 -2.289403 -1.496114 0.973094 0.000000 0.000000 0.000000
    4 4.409996 0.000005 -0.000003 0.121695 -0.102067 0.263961
    5 10.079981 -0.000003 -0.000001 -0.000002 -0.000003 -0.535041
    6 0.000000 -0.000001 0.000000 -0.217887 0.000005 0.000001
    7 3.359990 0.000014 -0.000007 -0.435783 0.000000 0.000003
    8 6.719987 0.000030 -0.000015 -0.653713 -0.000002 0.000001
    9 3.500862 -5.725745 -0.640568 0.000000 -1.570795 3.141592
    10 -2.186730 3.179637 -0.996149 0.000000 0.000000 0.000000
    11 4.409998 -0.000001 0.000004 -0.315219 0.188973 0.333469
    12 10.079982 0.000014 0.000025 0.000004 0.000046 -0.696645
    13 0.000001 0.000004 0.000000 0.266552 -0.000001 0.000010
    14 3.359994 0.000032 0.000015 0.533133 -0.000007 0.000004
    15 6.719987 0.000057 0.000028 0.799709 0.000003 0.000003
    16 0.000000 0.000000 0.000000 1.574415 0.000048 -3.141904
    17 9.173869 -18.429354 -9.083024 2.289051 0.060994 -1.705099
    18 -0.118055 -0.108981 0.513327 -0.000047 -0.086523 0.000009
    19 4.409994 -0.000012 0.000012 0.000000 0.000000 0.000000
    20 -3.422661 1.711283 0.470872 0.018364 -0.593174 -0.075895
    21 1.410028 0.000010 0.000007 0.000006 0.000009 -0.987481
    22 0.993011 -0.000001 0.000006 0.000001 -0.000006 -0.761963
    23 -1.022532 1.571291 -0.406268 0.562009 -1.088038 -0.422346
    24 1.337718 0.000005 0.000002 -3.141591 -1.497669 3.135755
    25 1.180473 -0.000093 -0.000003 2.322271 -1.447922 -2.264049
    26 -0.666712 0.565948 -0.425195 0.276535 -1.168921 -0.243380
    27 1.311736 0.000006 0.000004 -3.109347 -1.501840 3.110658
    28 1.132875 -0.000003 -0.000005 -2.277655 -1.482347 2.251198
    29 -0.835869 -0.375753 -0.250998 -0.232083 -1.169899 0.124274
    30 1.303124 0.000019 0.000004 2.990893 -1.546786 -2.976046
    31 1.094648 -0.000011 -0.000003 -0.062816 -1.544912 0.032874
    32 -1.144743 -1.304737 0.171518 -0.974001 -1.088390 0.663341
    33 1.052849 0.000000 -0.000004 3.124857 -1.425270 3.135795
    34 0.916342 -0.000031 0.000001 3.141553 -1.536954 -3.129942
    35 -7.552887 -18.287500 -9.157055 0.849105 0.006176 -1.596833
    36 -0.117880 -0.102734 -0.180849 0.000013 0.017066 0.000000
    37 4.409983 -0.000034 0.000004 0.000000 0.000000 0.000000
    38 -3.459356 1.711287 -0.541797 0.125169 -0.669906 3.034105
    39 -1.410028 -0.000005 -0.000014 0.000004 0.000001 -0.911659
    40 -0.993008 0.000010 -0.000011 0.000012 -0.000006 -0.908928
    41 -1.077398 1.571280 0.162236 0.351673 -1.124156 2.999846
    42 -1.337713 0.000003 -0.000002 3.078234 -1.322288 -3.107495
    43 -1.180471 0.000072 0.000002 0.222705 -1.503459 -0.194122
    44 -0.719599 0.565946 0.238754 -0.061928 -1.418387 -3.057514
    45 -1.311414 -0.000009 -0.000267 0.002810 -1.315827 0.001501
    46 -1.132872 0.000005 -0.000066 3.139358 -1.176144 -3.092134
    47 -1.239075 -1.304744 -0.314278 -1.430303 -0.982760 -2.003829
    48 -1.052850 0.000005 -0.000004 2.863452 -1.535746 3.140220
    49 -0.916342 0.000033 0.000003 3.130054 -1.386235 -3.118064
    50 -0.900585 -0.375762 0.090056 -0.779868 -1.244725 -2.521915
    51 -1.303123 -0.000014 0.000008 -0.004266 -1.451231 -0.000993
    52 -1.094650 0.000007 0.000003 -2.577326 -1.476285 2.574417
    53 0.000000 0.000000 0.000000 0.000000 0.000000 0.000000
    54 0.000000 0.000000 0.000000 0.000000 0.000000 -1.570796
    55 0.000000 0.000000 0.000000 0.000000 0.000000 -1.570796
    56 -2.000000 0.000000 0.000000 -1.570796 0.000000 0.174533
    57 -1.500000 0.000002 0.000000 -1.570796 0.000000 0.000000
    58 0.000000 0.500000 0.000000 -1.570796 0.261799 0.000000
    59 -0.000001 0.000000 0.000000 -3.141593 0.174533 0.000000
    60 0.000000 0.000000 -0.000001 -3.141593 0.174533 0.174533
    61 0.000000 0.000000 0.000000 -3.141593 0.349066 -0.174533
    62 0.000000 0.000000 0.000000 -1.570796 0.000000 0.000000
    63 0.000000 0.000000 0.000000 -1.570796 0.000000 0.000000
    64 0.000000 0.000000 0.000000 -1.570796 0.000000 0.000000
    65 0.000000 0.000000 0.000002 -1.570796 0.000000 0.000000
    66 0.000000 0.000000 0.000000 -1.570796 0.000000 0.000000
    67 0.000000 0.000001 0.000000 -1.570796 0.000000 0.000000
    68 0.000000 0.000000 0.000000 -1.570796 0.000000 0.000000
    69 0.000000 0.000000 0.000000 -1.570796 0.000000 0.000000
    70 0.000000 0.000000 0.000000 -1.570796 0.000000 0.000000
    71 0.000000 0.000000 0.000000 -1.570796 0.000000 0.000000
    72 0.000000 0.000000 0.000000 -1.570796 0.000000 0.000000
    73 0.000000 0.000000 0.000000 -1.570796 0.000000 0.000000
    74 -2.000000 0.000000 0.000000 1.570796 0.000000 0.174533
    75 -1.500000 -0.000001 -0.250000 1.570796 0.000000 0.000000
    76 -1.000000 0.250000 0.500000 1.570796 0.000000 0.000000
    77 0.000000 0.000000 0.000000 2.094395 0.000000 -3.141593
    78 0.000000 0.000000 0.000000 2.094395 0.000000 -3.141593
    79 0.000000 -0.200001 -0.200000 1.745329 0.000000 -3.141593
    80 0.000000 -0.000001 -0.000002 1.570796 0.000000 3.141593
    81 0.000000 0.000000 0.000000 1.570796 0.000000 -3.141593
    82 0.000000 0.000000 -0.000002 1.570796 0.000000 -3.141593
    83 0.000000 0.000000 0.000000 1.570796 0.000000 3.141593
    84 -0.000002 0.000000 0.000000 1.570796 0.000000 3.141593
    85 0.000000 0.000000 0.000000 1.570796 0.000000 3.141593
    86 0.000000 0.000000 0.000000 1.570796 0.000000 3.141593
    87 0.000000 0.000000 0.000000 1.570796 0.000000 -3.141593
    88 0.000000 0.000000 0.000000 1.570796 0.000000 -3.141593
    89 0.000000 0.000000 0.000000 1.570796 0.000000 3.141593
    90 0.000000 0.000000 0.000000 1.570796 0.000000 -3.141593
    91 0.000000 0.000000 0.000000 1.570796 0.000000 -3.141593
  time 27
    0 0.000000 0.000000 0.000000 0.000000 0.000000 -0.000007
    1 0.000000 2.709942 -10.591393 0.000000 -1.570796 1.570796
    2 3.500857 9.013945 -0.640573 0.000000 -1.570796 0.000000
    3 -2.289403 -1.496114 0.973094 0.000000 0.000000 0.000000
    4 4.409996 0.000005 -0.000003 0.124043 -0.099869 0.266983
    5 10.079981 -0.000003 -0.000001 -0.000002 -0.000003 -0.535728
    6 0.000000 -0.000001 0.000000 -0.215479 0.000005 0.000001
    7 3.359990 0.000014 -0.000007 -0.430941 0.000000 0.000003
    8 6.719987 0.000030 -0.000015 -0.646450 -0.000002 0.000001
    9 3.500862 -5.725745 -0.640568 0.000000 -1.570795 3.141592
    10 -2.186730 3.179637 -0.996149 0.000000 0.000000 0.000000
    11 4.409998 -0.000001 0.000004 -0.320637 0.187712 0.335095
    12 10.079982 0.000014 0.000025 0.000004 0.000046 -0.696740
    13 0.000001 0.000004 0.000000 0.263496 -0.000001 0.000010
    14 3.359994 0.000032 0.000015 0.526996 -0.000007 0.000004
    15 6.719987 0.000057 0.000028 0.790533 0.000003 0.000003
    16 0.000000 0.000000 0.000000 1.573433 0.000048 -3.141856
    17 9.224652 -18.429354 -9.024428 2.272125 0.055088 -1.698421
    18 -0.118055 -0.108981 0.513327 -0.000047 -0.086523 0.000009
    19 4.409994 -0.000012 0.000012 0.000000 0.000000 0.000000
    20 -3.422661 1.711283 0.470872 0.018364 -0.593174 -0.075895
    21 1.410028 0.000010 0.000007 0.000006 0.000009 -0.987481
    22 0.993011 -0.000001 0.000006 0.000001 -0.000006 -0.761963
    23 -1.022532 1.571291 -0.406268 0.562009 -1.088038 -0.422346
    24 1.337718 0.000005 0.000002 -3.141591 -1.497669 3.135755
    25 1.180473 -0.000093 -0.000003 2.322271 -1.447922 -2.264049
    26 -0.666712 0.565948 -0.425195 0.276535 -1.168921 -0.243380
    27 1.311736 0.000006 0.000004 -3.109347 -1.501840 3.110658
    28 1.132875 -0.000003 -0.000005 -2.277655 -1.482347 2.251198
    29 -0.835869 -0.375753 -0.250998 -0.232083 -1.169899 0.124274
    30 1.303124 0.000019 0.000004 2.990988 -1.546786 -2.976046
    31 1.094648 -0.000011 -0.000003 -0.062792 -1.544912 0.032862
    32 -1.144743 -1.304737 0.171518 -0.974001 -1.088390 0.663341
    33 1.052849 0.000000 -0.000004 3.124857 -1.425270 3.135795
    34 0.916342 -0.000031 0.000001 3.141553 -1.536954 -3.129942
    35 -7.607577 -18.287500 -9.102366 0.861892 -0.000849 -1.598442
    36 -0.117880 -0.102734 -0.180849 0.000013 0.017066 0.000000
    37 4.409983 -0.000034 0.000004 0.000000 0.000000 0.000000
    38 -3.459356 1.711287 -0.541797 0.125169 -0.669906 3.034105
    39 -1.410028 -0.000005 -0.000014 0.000004 0.000001 -0.911659
    40 -0.993008 0.000010 -0.000011 0.000012 -0.000006 -0.908928
    41 -1.077398 1.571280 0.162236 0.351673 -1.124156 2.999846
    42 -1.337713 0.000003 -0.000002 3.078234 -1.322288 -3.107495
    43 -1.180471 0.000072 0.000002 0.222705 -1.503459 -0.194122
    44 -0.719599 0.565946 0.238754 -0.061928 -1.418387 -3.057514
    45 -1.311414 -0.000009 -0.000267 0.002810 -1.315827 0.001501
    46 -1.132872 0.000005 -0.000066 3.139358 -1.176144 -3.092134
    47 -1.239075 -1.304744 -0.314278 -1.430303 -0.982760 -2.003829
    48 -1.052850 0.000005 -0.000004 2.863452 -1.535746 3.140220
    49 -0.916342 0.000033 0.000003 3.130054 -1.386235 -3.118064
    50 -0.900585 -0.375762 0.090056 -0.779868 -1.244725 -2.521915
    51 -1.303123 -0.000014 0.000008 -0.004266 -1.451231 -0.000993
    52 -1.094650 0.000007 0.000003 -2.577326 -1.476285 2.574417
    53 0.000000 0.000000 0.000000 0.000000 0.000000 0.000000
    54 0.000000 0.000000 0.000000 0.000000 0.000000 -1.570796
    55 0.000000 0.000000 0.000000 0.000000 0.000000 -1.570796
    56 -2.000000 0.000000 0.000000 -1.570796 0.000000 0.174533
    57 -1.500000 0.000002 0.000000 -1.570796 0.000000 0.000000
    58 0.000000 0.500000 0.000000 -1.570796 0.261799 0.000000
    59 -0.000001 0.000000 0.000000 -3.141593 0.174533 0.000000
    60 0.000000 0.000000 -0.000001 -3.141593 0.174533 0.174533
    61 0.000000 0.000000 0.000000 -3.141593 0.349066 -0.174533
    62 0.000000 0.000000 0.000000 -1.570796 0.000000 0.000000
    63 0.000000 0.000000 0.000000 -1.570796 0.000000 0.000000
    64 0.000000 0.000000 0.000000 -1.570796 0.000000 0.000000
    65 0.000000 0.000000 0.000002 -1.570796 0.000000 0.000000
    66 0.000000 0.000000 0.000000 -1.570796 0.000000 0.000000
    67 0.000000 0.000001 0.000000 -1.570796 0.000000 0.000000
    68 0.000000 0.000000 0.000000 -1.570796 0.000000 0.000000
    69 0.000000 0.000000 0.000000 -1.570796 0.000000 0.000000
    70 0.000000 0.000000 0.000000 -1.570796 0.000000 0.000000
    71 0.000000 0.000000 0.000000 -1.570796 0.000000 0.000000
    72 0.000000 0.000000 0.000000 -1.570796 0.000000 0.000000
    73 0.000000 0.000000 0.000000 -1.570796 0.000000 0.000000
    74 -2.000000 0.000000 0.000000 1.570796 0.000000 0.174533
    75 -1.500000 -0.000001 -0.250000 1.570796 0.000000 0.000000
    76 -1.000000 0.250000 0.500000 1.570796 0.000000 0.000000
    77 0.000000 0.000000 0.000000 2.094395 0.000000 -3.141593
    78 0.000000 0.000000 0.000000 2.094395 0.000000 -3.141593
    79 0.000000 -0.200001 -0.200000 1.745329 0.000000 -3.141593
    80 0.000000 -0.000001 -0.000002 1.570796 0.000000 3.141593
    81 0.000000 0.000000 0.000000 1.570796 0.000000 -3.141593
    82 0.000000 0.000000 -0.000002 1.570796 0.000000 -3.141593
    83 0.000000 0.000000 0.000000 1.570796 0.000000 3.141593
    84 -0.000002 0.000000 0.000000 1.570796 0.000000 3.141593
    85 0.000000 0.000000 0.000000 1.570796 0.000000 3.141593
    86 0.000000 0.000000 0.000000 1.570796 0.000000 3.141593
    87 0.000000 0.000000 0.000000 1.570796 0.000000 -3.141593
    88 0.000000 0.000000 0.000000 1.570796 0.000000 -3.141593
    89 0.000000 0.000000 0.000000 1.570796 0.000000 3.141593
    90 0.000000 0.000000 0.000000 1.570796 0.000000 -3.141593
    91 0.000000 0.000000 0.000000 1.570796 0.000000 -3.141593
  time 28
    0 0.000000 0.000000 0.000000 0.000000 0.000000 -0.000007
    1 0.000000 2.709942 -10.591393 0.000000 -1.570796 1.570796
    2 3.500857 9.013945 -0.640573 0.000000 -1.570796 0.000000
    3 -2.289403 -1.496114 0.973094 0.000000 0.000000 0.000000
    4 4.409996 0.000005 -0.000003 0.126244 -0.097627 0.269962
    5 10.079981 -0.000003 -0.000001 -0.000002 -0.000003 -0.536468
    6 0.000000 -0.000001 0.000000 -0.213071 0.000005 0.000001
    7 3.359990 0.000014 -0.000007 -0.426125 0.000000 0.000003
    8 6.719987 0.000030 -0.000015 -0.639226 -0.000002 0.000001
    9 3.500862 -5.725745 -0.640568 0.000000 -1.570795 3.141592
    10 -2.186730 3.179637 -0.996149 0.000000 0.000000 0.000000
    11 4.409998 -0.000001 0.000004 -0.326122 0.186418 0.336665
    12 10.079982 0.000014 0.000025 0.000004 0.000046 -0.696835
    13 0.000001 0.000004 0.000000 0.260464 -0.000001 0.000010
    14 3.359994 0.000032 0.000015 0.520955 -0.000007 0.000004
    15 6.719987 0.000057 0.000028 0.781442 0.000003 0.000003
    16 0.000000 0.000000 0.000000 1.572234 0.000024 -3.141736
    17 9.279341 -18.429354 -8.973646 2.255200 0.049218 -1.691632
    18 -0.118055 -0.108981 0.513327 -0.000047 -0.086523 0.000009
    19 4.409994 -0.000012 0.000012 0.000000 0.000000 0.000000
    20 -3.422661 1.711283 0.470872 0.018364 -0.593174 -0.075895
    21 1.410028 0.000010 0.000007 0.000006 0.000009 -0.987481
    22 0.993011 -0.000001 0.000006 0.000001 -0.000006 -0.761963
    23 -1.022532 1.571291 -0.406268 0.562009 -1.088038 -0.422346
    24 1.337718 0.000005 0.000002 -3.141591 -1.497669 3.135755
    25 1.180473 -0.000093 -0.000003 2.322271 -1.447922 -2.264049
    26 -0.666712 0.565948 -0.425195 0.276535 -1.168921 -0.243380
    27 1.311736 0.000006 0.000004 -3.109347 -1.501840 3.110658
    28 1.132875 -0.000003 -0.000005 -2.277655 -1.482347 2.251198
    29 -0.835869 -0.375753 -0.250998 -0.232083 -1.169899 0.124274
    30 1.303124 0.000019 0.000004 2.990893 -1.546786 -2.976046
    31 1.094648 -0.000011 -0.000003 -0.062816 -1.544912 0.032850
    32 -1.144743 -1.304737 0.171518 -0.974001 -1.088390 0.663341
    33 1.052849 0.000000 -0.000004 3.124857 -1.425270 3.135795
    34 0.916342 -0.000031 0.000001 3.141553 -1.536954 -3.129942
    35 -7.666172 -18.287500 -9.039864 0.874647 -0.007837 -1.600051
    36 -0.117880 -0.102734 -0.180849 0.000013 0.017066 0.000000
    37 4.409983 -0.000034 0.000004 0.000000 0.000000 0.000000
    38 -3.459356 1.711287 -0.541797 0.125169 -0.669906 3.034105
    39 -1.410028 -0.000005 -0.000014 0.000004 0.000001 -0.911659
    40 -0.993008 0.000010 -0.000011 0.000012 -0.000006 -0.908928
    41 -1.077398 1.571280 0.162236 0.351673 -1.124156 2.999846
    42 -1.337713 0.000003 -0.000002 3.078234 -1.322288 -3.107495
    43 -1.180471 0.000072 0.000002 0.222717 -1.503459 -0.194110
    44 -0.719599 0.565946 0.238754 -0.061928 -1.418387 -3.057538
    45 -1.311414 -0.000009 -0.000267 0.002810 -1.315827 0.001501
    46 -1.132872 0.000005 -0.000066 3.139358 -1.176144 -3.092134
    47 -1.239075 -1.304744 -0.314278 -1.430303 -0.982760 -2.003829
    48 -1.052850 0.000005 -0.000004 2.863452 -1.535746 3.140220
    49 -0.916342 0.000033 0.000003 3.130054 -1.386235 -3.118064
    50 -0.900585 -0.375762 0.090056 -0.779868 -1.244725 -2.521915
    51 -1.303123 -0.000014 0.000008 -0.004266 -1.451231 -0.001005
    52 -1.094650 0.000007 0.000003 -2.577326 -1.476285 2.574417
    53 0.000000 0.000000 0.000000 0.000000 0.000000 0.000000
    54 0.000000 0.000000 0.000000 0.000000 0.000000 -1.570796
    55 0.000000 0.000000 0.000000 0.000000 0.000000 -1.570796
    56 -2.000000 0.000000 0.000000 -1.570796 0.000000 0.174533
    57 -1.500000 0.000002 0.000000 -1.570796 0.000000 0.000000
    58 0.000000 0.500000 0.000000 -1.570796 0.261799 0.000000
    59 -0.000001 0.000000 0.000000 -3.141593 0.174533 0.000000
    60 0.000000 0.000000 -0.000001 -3.141593 0.174533 0.174533
    61 0.000000 0.000000 0.000000 -3.141593 0.349066 -0.174533
    62 0.000000 0.000000 0.000000 -1.570796 0.000000 0.000000
    63 0.000000 0.000000 0.000000 -1.570796 0.000000 0.000000
    64 0.000000 0.000000 0.000000 -1.570796 0.000000 0.000000
    65 0.000000 0.000000 0.000002 -1.570796 0.000000 0.000000
    66 0.000000 0.000000 0.000000 -1.570796 0.000000 0.000000
    67 0.000000 0.000001 0.000000 -1.570796 0.000000 0.000000
    68 0.000000 0.000000 0.000000 -1.570796 0.000000 0.000000
    69 0.000000 0.000000 0.000000 -1.570796 0.000000 0.000000
    70 0.000000 0.000000 0.000000 -1.570796 0.000000 0.000000
    71 0.000000 0.000000 0.000000 -1.570796 0.000000 0.000000
    72 0.000000 0.000000 0.000000 -1.570796 0.000000 0.000000
    73 0.000000 0.000000 0.000000 -1.570796 0.000000 0.000000
    74 -2.000000 0.000000 0.000000 1.570796 0.000000 0.174533
    75 -1.500000 -0.000001 -0.250000 1.570796 0.000000 0.000000
    76 -1.000000 0.250000 0.500000 1.570796 0.000000 0.000000
    77 0.000000 0.000000 0.000000 2.094395 0.000000 -3.141593
    78 0.000000 0.000000 0.000000 2.094395 0.000000 -3.141593
    79 0.000000 -0.200001 -0.200000 1.745329 0.000000 -3.141593
    80 0.000000 -0.000001 -0.000002 1.570796 0.000000 3.141593
    81 0.000000 0.000000 0.000000 1.570796 0.000000 -3.141593
    82 0.000000 0.000000 -0.000002 1.570796 0.000000 -3.141593
    83 0.000000 0.000000 0.000000 1.570796 0.000000 3.141593
    84 -0.000002 0.000000 0.000000 1.570796 0.000000 3.141593
    85 0.000000 0.000000 0.000000 1.570796 0.000000 3.141593
    86 0.000000 0.000000 0.000000 1.570796 0.000000 3.141593
    87 0.000000 0.000000 0.000000 1.570796 0.000000 -3.141593
    88 0.000000 0.000000 0.000000 1.570796 0.000000 -3.141593
    89 0.000000 0.000000 0.000000 1.570796 0.000000 3.141593
    90 0.000000 0.000000 0.000000 1.570796 0.000000 -3.141593
    91 0.000000 0.000000 0.000000 1.570796 0.000000 -3.141593
  time 29
    0 0.000000 0.000000 0.000000 0.000000 0.000000 -0.000007
    1 0.000000 2.709942 -10.591393 0.000000 -1.570796 1.570796
    2 3.500857 9.013945 -0.640573 0.000000 -1.570796 0.000000
    3 -2.289403 -1.496114 0.973094 0.000000 0.000000 0.000000
    4 4.409996 0.000005 -0.000003 0.128592 -0.095428 0.272855
    5 10.079981 -0.000003 -0.000001 -0.000002 -0.000003 -0.536944
    6 0.000000 -0.000001 0.000000 -0.210650 0.000005 0.000001
    7 3.359990 0.000014 -0.000007 -0.421283 0.000000 0.000003
    8 6.719987 0.000030 -0.000015 -0.631963 -0.000002 0.000001
    9 3.500862 -5.725745 -0.640568 0.000000 -1.570795 3.141592
    10 -2.186730 3.179637 -0.996149 0.000000 0.000000 0.000000
    11 4.409998 -0.000001 0.000004 -0.331652 0.185141 0.338205
    12 10.079982 0.000014 0.000025 0.000004 0.000046 -0.696740
    13 0.000001 0.000004 0.000000 0.257456 -0.000001 0.000010
    14 3.359994 0.000032 0.000015 0.514913 -0.000007 0.000004
    15 6.719987 0.000057 0.000028 0.772408 0.000003 0.000003
    16 0.000000 0.000000 0.000000 1.571239 0.000000 -3.141640
    17 9.334031 -18.429354 -8.911144 2.238235 0.043312 -1.684898
    18 -0.118055 -0.108981 0.513327 -0.000047 -0.086523 0.000009
    19 4.409994 -0.000012 0.000012 0.000000 0.000000 0.000000
    20 -3.422661 1.711283 0.470872 0.018364 -0.593174 -0.075895
    21 1.410028 0.000010 0.000007 0.000006 0.000009 -0.987481
    22 0.993011 -0.000001 0.000006 0.000001 -0.000006 -0.761963
    23 -1.022532 1.571291 -0.406268 0.562009 -1.088038 -0.422346
    24 1.337718 0.000005 0.000002 -3.141591 -1.497669 3.135755
    25 1.180473 -0.000093 -0.000003 2.322271 -1.447922 -2.264049
    26 -0.666712 0.565948 -0.425195 0.276535 -1.168921 -0.243380
    27 1.311736 0.000006 0.000004 -3.109347 -1.501840 3.110658
    28 1.132875 -0.000003 -0.000005 -2.277655 -1.482347 2.251198
    29 -0.835869 -0.375753 -0.250998 -0.232083 -1.169899 0.124274
    30 1.303124 0.000019 0.000004 2.990988 -1.546786 -2.976046
    31 1.094648 -0.000011 -0.000003 -0.062792 -1.544912 0.032874
    32 -1.144743 -1.304737 0.171518 -0.974001 -1.088390 0.663341
    33 1.052849 0.000000 -0.000004 3.124857 -1.425270 3.135795
    34 0.916342 -0.000031 0.000001 3.141553 -1.536954 -3.129942
    35 -7.720861 -18.287500 -8.989081 0.887403 -0.014862 -1.601491
    36 -0.117880 -0.102734 -0.180849 0.000013 0.017066 0.000000
    37 4.409983 -0.000034 0.000004 0.000000 0.000000 0.000000
    38 -3.459356 1.711287 -0.541797 0.125169 -0.669906 3.034105
    39 -1.410028 -0.000005 -0.000014 0.000004 0.000001 -0.911659
    40 -0.993008 0.000010 -0.000011 0.000012 -0.000006 -0.908928
    41 -1.077398 1.571280 0.162236 0.351673 -1.124156 2.999846
    42 -1.337713 0.000003 -0.000002 3.078234 -1.322288 -3.107495
    43 -1.180471 0.000072 0.000002 0.222705 -1.503459 -0.194122
    44 -0.719599 0.565946 0.238754 -0.061928 -1.418387 -3.057538
    45 -1.311414 -0.000009 -0.000267 0.002810 -1.315827 0.001501
    46 -1.132872 0.000005 -0.000066 3.139358 -1.176144 -3.092134
    47 -1.239075 -1.304744 -0.314278 -1.430303 -0.982760 -2.003829
    48 -1.052850 0.000005 -0.000004 2.863452 -1.535746 3.140220
    49 -0.916342 0.000033 0.000003 3.130054 -1.386235 -3.118064
    50 -0.900585 -0.375762 0.090056 -0.779868 -1.244725 -2.521915
    51 -1.303123 -0.000014 0.000008 -0.004266 -1.451231 -0.000993
    52 -1.094650 0.000007 0.000003 -2.577326 -1.476285 2.574417
    53 0.000000 0.000000 0.000000 0.000000 0.000000 0.000000
    54 0.000000 0.000000 0.000000 0.000000 0.000000 -1.570796
    55 0.000000 0.000000 0.000000 0.000000 0.000000 -1.570796
    56 -2.000000 0.000000 0.000000 -1.570796 0.000000 0.174533
    57 -1.500000 0.000002 0.000000 -1.570796 0.000000 0.000000
    58 0.000000 0.500000 0.000000 -1.570796 0.261799 0.000000
    59 -0.000001 0.000000 0.000000 -3.141593 0.174533 0.000000
    60 0.000000 0.000000 -0.000001 -3.141593 0.174533 0.174533
    61 0.000000 0.000000 0.000000 -3.141593 0.349066 -0.174533
    62 0.000000 0.000000 0.000000 -1.570796 0.000000 0.000000
    63 0.000000 0.000000 0.000000 -1.570796 0.000000 0.000000
    64 0.000000 0.000000 0.000000 -1.570796 0.000000 0.000000
    65 0.000000 0.000000 0.000002 -1.570796 0.000000 0.000000
    66 0.000000 0.000000 0.000000 -1.570796 0.000000 0.000000
    67 0.000000 0.000001 0.000000 -1.570796 0.000000 0.000000
    68 0.000000 0.000000 0.000000 -1.570796 0.000000 0.000000
    69 0.000000 0.000000 0.000000 -1.570796 0.000000 0.000000
    70 0.000000 0.000000 0.000000 -1.570796 0.000000 0.000000
    71 0.000000 0.000000 0.000000 -1.570796 0.000000 0.000000
    72 0.000000 0.000000 0.000000 -1.570796 0.000000 0.000000
    73 0.000000 0.000000 0.000000 -1.570796 0.000000 0.000000
    74 -2.000000 0.000000 0.000000 1.570796 0.000000 0.174533
    75 -1.500000 -0.000001 -0.250000 1.570796 0.000000 0.000000
    76 -1.000000 0.250000 0.500000 1.570796 0.000000 0.000000
    77 0.000000 0.000000 0.000000 2.094395 0.000000 -3.141593
    78 0.000000 0.000000 0.000000 2.094395 0.000000 -3.141593
    79 0.000000 -0.200001 -0.200000 1.745329 0.000000 -3.141593
    80 0.000000 -0.000001 -0.000002 1.570796 0.000000 3.141593
    81 0.000000 0.000000 0.000000 1.570796 0.000000 -3.141593
    82 0.000000 0.000000 -0.000002 1.570796 0.000000 -3.141593
    83 0.000000 0.000000 0.000000 1.570796 0.000000 3.141593
    84 -0.000002 0.000000 0.000000 1.570796 0.000000 3.141593
    85 0.000000 0.000000 0.000000 1.570796 0.000000 3.141593
    86 0.000000 0.000000 0.000000 1.570796 0.000000 3.141593
    87 0.000000 0.000000 0.000000 1.570796 0.000000 -3.141593
    88 0.000000 0.000000 0.000000 1.570796 0.000000 -3.141593
    89 0.000000 0.000000 0.000000 1.570796 0.000000 3.141593
    90 0.000000 0.000000 0.000000 1.570796 0.000000 -3.141593
    91 0.000000 0.000000 0.000000 1.570796 0.000000 -3.141593
  time 30
    0 0.000000 0.000000 0.000000 0.000000 0.000000 -0.000007
    1 0.000000 2.709942 -10.591393 0.000000 -1.570796 1.570796
    2 3.500857 9.013945 -0.640573 0.000000 -1.570796 0.000000
    3 -2.289403 -1.496114 0.973094 0.000000 0.000000 0.000000
    4 4.409996 0.000005 -0.000003 0.130940 -0.093229 0.275618
    5 10.079981 -0.000003 -0.000001 -0.000002 -0.000003 -0.537314
    6 0.000000 -0.000001 0.000000 -0.208255 0.000005 0.000001
    7 3.359990 0.000014 -0.000007 -0.416518 0.000000 0.000003
    8 6.719987 0.000030 -0.000015 -0.624777 -0.000002 0.000001
    9 3.500862 -5.725745 -0.640568 0.000000 -1.570795 3.141592
    10 -2.186730 3.179637 -0.996149 0.000000 0.000000 0.000000
    11 4.409998 -0.000001 0.000004 -0.337182 0.183847 0.339603
    12 10.079982 0.000014 0.000025 0.000004 0.000046 -0.696740
    13 0.000001 0.000004 0.000000 0.254496 -0.000001 0.000010
    14 3.359994 0.000032 0.000015 0.508986 -0.000007 0.000004
    15 6.719987 0.000057 0.000028 0.763488 0.000003 0.000003
    16 0.000000 0.000000 0.000000 1.570796 0.000000 -3.141592
    17 9.388720 -18.429354 -8.868174 2.221349 0.037515 -1.678220
    18 -0.118055 -0.108981 0.513327 -0.000047 -0.086523 0.000009
    19 4.409994 -0.000012 0.000012 0.000000 0.000000 0.000000
    20 -3.422661 1.711283 0.470872 0.018364 -0.593174 -0.075895
    21 1.410028 0.000010 0.000007 0.000006 0.000009 -0.987481
    22 0.993011 -0.000001 0.000006 0.000001 -0.000006 -0.761963
    23 -1.022532 1.571291 -0.406268 0.562009 -1.088038 -0.422346
    24 1.337718 0.000005 0.000002 -3.141591 -1.497669 3.135755
    25 1.180473 -0.000093 -0.000003 2.322271 -1.447922 -2.264049
    26 -0.666712 0.565948 -0.425195 0.276535 -1.168921 -0.243380
    27 1.311736 0.000006 0.000004 -3.109347 -1.501840 3.110658
    28 1.132875 -0.000003 -0.000005 -2.277655 -1.482347 2.251198
    29 -0.835869 -0.375753 -0.250998 -0.232083 -1.169899 0.124274
    30 1.303124 0.000019 0.000004 2.990988 -1.546786 -2.976046
    31 1.094648 -0.000011 -0.000003 -0.062804 -1.544912 0.032862
    32 -1.144743 -1.304737 0.171518 -0.974001 -1.088390 0.663341
    33 1.052849 0.000000 -0.000004 3.124857 -1.425270 3.135795
    34 0.916342 -0.000031 0.000001 3.141553 -1.536954 -3.129942
    35 -7.779457 -18.287500 -8.942204 0.900063 -0.021850 -1.603185
    36 -0.117880 -0.102734 -0.180849 0.000013 0.017066 0.000000
    37 4.409983 -0.000034 0.000004 0.000000 0.000000 0.000000
    38 -3.459356 1.711287 -0.541797 0.125169 -0.669906 3.034105
    39 -1.410028 -0.000005 -0.000014 0.000004 0.000001 -0.911659
    40 -0.993008 0.000010 -0.000011 0.000000 -0.000006 -0.908928
    41 -1.077398 1.571280 0.162236 0.351673 -1.124156 2.999846
    42 -1.337713 0.000003 -0.000002 3.078234 -1.322288 -3.107495
    43 -1.180471 0.000072 0.000002 0.222693 -1.503459 -0.194122
    44 -0.719599 0.565946 0.238754 -0.061928 -1.418387 -3.057538
    45 -1.311414 -0.000009 -0.000267 0.002810 -1.315827 0.001501
    46 -1.132872 0.000005 -0.000066 3.139358 -1.176144 -3.092134
    47 -1.239075 -1.304744 -0.314278 -1.430303 -0.982760 -2.003829
    48 -1.052850 0.000005 -0.000004 2.863452 -1.535746 3.140220
    49 -0.916342 0.000033 0.000003 3.130054 -1.386235 -3.118064
    50 -0.900585 -0.375762 0.090056 -0.779868 -1.244725 -2.521915
    51 -1.303123 -0.000014 0.000008 -0.004266 -1.451231 -0.000993
    52 -1.094650 0.000007 0.000003 -2.577326 -1.476285 2.574417
    53 0.000000 0.000000 0.000000 0.000000 0.000000 0.000000
    54 0.000000 0.000000 0.000000 0.000000 0.000000 -1.570796
    55 0.000000 0.000000 0.000000 0.000000 0.000000 -1.570796
    56 -2.000000 0.000000 0.000000 -1.570796 0.000000 0.174533
    57 -1.500000 0.000002 0.000000 -1.570796 0.000000 0.000000
    58 0.000000 0.500000 0.000000 -1.570796 0.261799 0.000000
    59 -0.000001 0.000000 0.000000 -3.141593 0.174533 0.000000
    60 0.000000 0.000000 -0.000001 -3.141593 0.174533 0.174533
    61 0.000000 0.000000 0.000000 -3.141593 0.349066 -0.174533
    62 0.000000 0.000000 0.000000 -1.570796 0.000000 0.000000
    63 0.000000 0.000000 0.000000 -1.570796 0.000000 0.000000
    64 0.000000 0.000000 0.000000 -1.570796 0.000000 0.000000
    65 0.000000 0.000000 0.000002 -1.570796 0.000000 0.000000
    66 0.000000 0.000000 0.000000 -1.570796 0.000000 0.000000
    67 0.000000 0.000001 0.000000 -1.570796 0.000000 0.000000
    68 0.000000 0.000000 0.000000 -1.570796 0.000000 0.000000
    69 0.000000 0.000000 0.000000 -1.570796 0.000000 0.000000
    70 0.000000 0.000000 0.000000 -1.570796 0.000000 0.000000
    71 0.000000 0.000000 0.000000 -1.570796 0.000000 0.000000
    72 0.000000 0.000000 0.000000 -1.570796 0.000000 0.000000
    73 0.000000 0.000000 0.000000 -1.570796 0.000000 0.000000
    74 -2.000000 0.000000 0.000000 1.570796 0.000000 0.174533
    75 -1.500000 -0.000001 -0.250000 1.570796 0.000000 0.000000
    76 -1.000000 0.250000 0.500000 1.570796 0.000000 0.000000
    77 0.000000 0.000000 0.000000 2.094395 0.000000 -3.141593
    78 0.000000 0.000000 0.000000 2.094395 0.000000 -3.141593
    79 0.000000 -0.200001 -0.200000 1.745329 0.000000 -3.141593
    80 0.000000 -0.000001 -0.000002 1.570796 0.000000 3.141593
    81 0.000000 0.000000 0.000000 1.570796 0.000000 -3.141593
    82 0.000000 0.000000 -0.000002 1.570796 0.000000 -3.141593
    83 0.000000 0.000000 0.000000 1.570796 0.000000 3.141593
    84 -0.000002 0.000000 0.000000 1.570796 0.000000 3.141593
    85 0.000000 0.000000 0.000000 1.570796 0.000000 3.141593
    86 0.000000 0.000000 0.000000 1.570796 0.000000 3.141593
    87 0.000000 0.000000 0.000000 1.570796 0.000000 -3.141593
    88 0.000000 0.000000 0.000000 1.570796 0.000000 -3.141593
    89 0.000000 0.000000 0.000000 1.570796 0.000000 3.141593
    90 0.000000 0.000000 0.000000 1.570796 0.000000 -3.141593
    91 0.000000 0.000000 0.000000 1.570796 0.000000 -3.141593
end
