// Created by Crowbar 0.74
version 1
nodes
  0 "NMRiH_FPS_Arms_Control_World" -1
  1 "NMRiH_FPS_Arms_Control_Root" 0
  2 "NMRiH_FPS_Arms_Control_RightCollar-Brk" 1
  3 "NMRiH_FPS_Arms_Control_RightCollar" 2
  4 "NMRiH_FPS_Arms_Control_RightShoulder" 3
  5 "NMRiH_FPS_Arms_Control_RightElbow" 4
  6 "NMRiH_FPS_Arms_Control_RightElbowTwist1" 5
  7 "NMRiH_FPS_Arms_Control_RightElbowTwist2" 5
  8 "NMRiH_FPS_Arms_Control_RightElbowTwist3" 5
  9 "NMRiH_FPS_Arms_Control_LeftCollar-Brk" 1
  10 "NMRiH_FPS_Arms_Control_LeftCollar" 9
  11 "NMRiH_FPS_Arms_Control_LeftShoulder" 10
  12 "NMRiH_FPS_Arms_Control_LeftElbow" 11
  13 "NMRiH_FPS_Arms_Control_LeftElbowTwist1" 12
  14 "NMRiH_FPS_Arms_Control_LeftElbowTwist2" 12
  15 "NMRiH_FPS_Arms_Control_LeftElbowTwist3" 12
  16 "camera_bone" 0
  17 "SphereGizmo01" -1
  18 "NMRiH_FPS_Arms_Control_LeftWrist" 17
  19 "NMRiH_FPS_Arms_Control_PSNULL47" 18
  20 "Thumb1" 19
  21 "Thumb2" 20
  22 "Thumb3" 21
  23 "Index1" 19
  24 "Index2" 23
  25 "Index3" 24
  26 "Middle1" 19
  27 "Middle2" 26
  28 "Middle3" 27
  29 "Ring1" 19
  30 "Ring2" 29
  31 "Ring3" 30
  32 "Pinky1" 19
  33 "Pinky2" 32
  34 "Pinky3" 33
  35 "SphereGizmo02" -1
  36 "NMRiH_FPS_Arms_Control_RightWrist" 35
  37 "NMRiH_FPS_Arms_Control_PSNULL20" 36
  38 "Thumb04" 37
  39 "Thumb05" 38
  40 "Thumb06" 39
  41 "Index06" 37
  42 "Index04" 41
  43 "Index05" 42
  44 "Middle06" 37
  45 "Middle04" 44
  46 "Middle05" 45
  47 "Pinky04" 37
  48 "Pinky05" 47
  49 "Pinky06" 48
  50 "Ring06" 37
  51 "Ring04" 50
  52 "Ring05" 51
  53 "ValveBiped.Bip01_Spine4" 1
  54 "ValveBiped.Bip01_L_Clavicle" -1
  55 "ValveBiped.Bip01_R_Clavicle" -1
  56 "ValveBiped.Bip01_L_UpperArm" 11
  57 "ValveBiped.Bip01_L_Forearm" 12
  58 "ValveBiped.Bip01_L_Hand" 18
  59 "ValveBiped.Bip01_L_Finger0" 20
  60 "ValveBiped.Bip01_L_Finger01" 21
  61 "ValveBiped.Bip01_L_Finger02" 22
  62 "ValveBiped.Bip01_L_Finger1" 23
  63 "ValveBiped.Bip01_L_Finger11" 24
  64 "ValveBiped.Bip01_L_Finger12" 25
  65 "ValveBiped.Bip01_L_Finger2" 26
  66 "ValveBiped.Bip01_L_Finger21" 27
  67 "ValveBiped.Bip01_L_Finger22" 28
  68 "ValveBiped.Bip01_L_Finger3" 29
  69 "ValveBiped.Bip01_L_Finger31" 30
  70 "ValveBiped.Bip01_L_Finger32" 31
  71 "ValveBiped.Bip01_L_Finger4" 32
  72 "ValveBiped.Bip01_L_Finger41" 33
  73 "ValveBiped.Bip01_L_Finger42" 34
  74 "ValveBiped.Bip01_R_UpperArm" 4
  75 "ValveBiped.Bip01_R_Forearm" 5
  76 "ValveBiped.Bip01_R_Hand" 36
  77 "ValveBiped.Bip01_R_Finger0" 38
  78 "ValveBiped.Bip01_R_Finger01" 39
  79 "ValveBiped.Bip01_R_Finger02" 40
  80 "ValveBiped.Bip01_R_Finger1" 41
  81 "ValveBiped.Bip01_R_Finger11" 42
  82 "ValveBiped.Bip01_R_Finger12" 43
  83 "ValveBiped.Bip01_R_Finger2" 44
  84 "ValveBiped.Bip01_R_Finger21" 45
  85 "ValveBiped.Bip01_R_Finger22" 46
  86 "ValveBiped.Bip01_R_Finger3" 50
  87 "ValveBiped.Bip01_R_Finger31" 51
  88 "ValveBiped.Bip01_R_Finger32" 52
  89 "ValveBiped.Bip01_R_Finger4" 47
  90 "ValveBiped.Bip01_R_Finger41" 48
  91 "ValveBiped.Bip01_R_Finger42" 49
end
skeleton
  time 0
    0 0.000000 0.000000 0.000000 0.000000 0.000000 -0.000007
    1 0.000000 2.709942 -10.591393 0.000000 -1.570796 1.570796
    2 3.500857 9.013945 -0.640573 0.000000 -1.570796 0.000000
    3 -2.289403 -1.496114 0.973094 0.000000 0.000000 0.000000
    4 4.409996 0.000005 -0.000003 -0.108981 -0.289250 0.368184
    5 10.079981 -0.000003 -0.000001 -0.000002 -0.000003 -0.686299
    6 0.000000 -0.000001 0.000000 -0.193176 0.000005 0.000001
    7 3.359990 0.000014 -0.000007 -0.386333 0.000000 0.000003
    8 6.719987 0.000030 -0.000015 -0.579539 -0.000002 0.000001
    9 3.500862 -5.725745 -0.640568 0.000000 -1.570795 3.141592
    10 -2.186730 3.179637 -0.996149 0.000000 0.000000 0.000000
    11 4.409998 -0.000001 0.000004 0.123945 0.296610 0.435005
    12 10.079982 0.000014 0.000025 0.000004 0.000046 -0.807165
    13 0.000001 0.000004 0.000000 0.191481 -0.000001 0.000010
    14 3.359994 0.000032 0.000015 0.382932 -0.000007 0.000004
    15 6.719987 0.000057 0.000028 0.574432 0.000003 0.000003
    16 0.000000 0.000000 0.000000 1.570796 0.000000 -3.141592
    17 9.388720 -17.109001 -13.559723 2.221349 0.037515 -1.678220
    18 -0.118055 -0.108981 0.513327 -0.000047 -0.086523 0.000009
    19 4.409994 -0.000012 0.000012 0.000000 0.000000 0.000000
    20 -3.422661 1.711283 0.470872 0.018364 -0.593174 -0.075895
    21 1.410028 0.000010 0.000007 0.000006 0.000009 -0.987481
    22 0.993011 -0.000001 0.000006 0.000001 -0.000006 -0.761963
    23 -1.022532 1.571291 -0.406268 0.562009 -1.088038 -0.422346
    24 1.337718 0.000005 0.000002 -3.141591 -1.497669 3.135755
    25 1.180473 -0.000093 -0.000003 2.322271 -1.447922 -2.264049
    26 -0.666712 0.565948 -0.425195 0.276535 -1.168921 -0.243380
    27 1.311736 0.000006 0.000004 -3.109347 -1.501840 3.110658
    28 1.132875 -0.000003 -0.000005 -2.277655 -1.482347 2.251198
    29 -0.835869 -0.375753 -0.250998 -0.232083 -1.169899 0.124274
    30 1.303124 0.000019 0.000004 2.990854 -1.546793 -2.976011
    31 1.094648 -0.000011 -0.000003 -0.062804 -1.544912 0.032862
    32 -1.144743 -1.304737 0.171518 -0.974001 -1.088390 0.663341
    33 1.052849 0.000000 -0.000004 3.124857 -1.425270 3.135795
    34 0.916342 -0.000031 0.000001 3.141553 -1.536954 -3.129942
    35 -7.779457 -16.967148 -13.633754 0.900063 -0.021850 -1.603185
    36 -0.117880 -0.102734 -0.180849 0.000013 0.017066 0.000000
    37 4.409983 -0.000034 0.000004 0.000000 0.000000 0.000000
    38 -3.459356 1.711287 -0.541797 0.125169 -0.669906 3.034105
    39 -1.410028 -0.000005 -0.000014 0.000004 0.000001 -0.911659
    40 -0.993008 0.000010 -0.000011 0.000000 -0.000006 -0.908928
    41 -1.077398 1.571280 0.162236 0.351673 -1.124156 2.999846
    42 -1.337713 0.000003 -0.000002 3.078234 -1.322288 -3.107495
    43 -1.180471 0.000072 0.000002 0.222693 -1.503459 -0.194122
    44 -0.719599 0.565946 0.238754 -0.061928 -1.418387 -3.057538
    45 -1.311414 -0.000009 -0.000267 0.002810 -1.315827 0.001501
    46 -1.132872 0.000005 -0.000066 3.139362 -1.176202 -3.092139
    47 -1.239075 -1.304744 -0.314278 -1.430303 -0.982760 -2.003829
    48 -1.052850 0.000005 -0.000004 2.863323 -1.535755 3.140266
    49 -0.916342 0.000033 0.000003 3.130054 -1.386235 -3.118064
    50 -0.900585 -0.375762 0.090056 -0.779868 -1.244725 -2.521915
    51 -1.303123 -0.000014 0.000008 -0.004240 -1.451229 -0.001012
    52 -1.094650 0.000007 0.000003 -2.577326 -1.476285 2.574417
    53 0.000000 0.000000 0.000000 0.000000 0.000000 0.000000
    54 0.000000 0.000000 0.000000 0.000000 0.000000 -1.570796
    55 0.000000 0.000000 0.000000 0.000000 0.000000 -1.570796
    56 -2.000000 0.000000 0.000000 -1.570796 0.000000 0.174533
    57 -1.500000 0.000002 0.000000 -1.570796 0.000000 0.000000
    58 0.000000 0.500000 0.000000 -1.570796 0.261799 0.000000
    59 -0.000001 0.000000 0.000000 -3.141593 0.174533 0.000000
    60 0.000000 0.000000 -0.000001 -3.141593 0.174533 0.174533
    61 0.000000 0.000000 0.000000 -3.141593 0.349066 -0.174533
    62 0.000000 0.000000 0.000000 -1.570796 0.000000 0.000000
    63 0.000000 0.000000 0.000000 -1.570796 0.000000 0.000000
    64 0.000000 0.000000 0.000000 -1.570796 0.000000 0.000000
    65 0.000000 0.000000 0.000002 -1.570796 0.000000 0.000000
    66 0.000000 0.000000 0.000000 -1.570796 0.000000 0.000000
    67 0.000000 0.000001 0.000000 -1.570796 0.000000 0.000000
    68 0.000000 0.000000 0.000000 -1.570796 0.000000 0.000000
    69 0.000000 0.000000 0.000000 -1.570796 0.000000 0.000000
    70 0.000000 0.000000 0.000000 -1.570796 0.000000 0.000000
    71 0.000000 0.000000 0.000000 -1.570796 0.000000 0.000000
    72 0.000000 0.000000 0.000000 -1.570796 0.000000 0.000000
    73 0.000000 0.000000 0.000000 -1.570796 0.000000 0.000000
    74 -2.000000 0.000000 0.000000 1.570796 0.000000 0.174533
    75 -1.500000 -0.000001 -0.250000 1.570796 0.000000 0.000000
    76 -1.000000 0.250000 0.500000 1.570796 0.000000 0.000000
    77 0.000000 0.000000 0.000000 2.094395 0.000000 -3.141593
    78 0.000000 0.000000 0.000000 2.094395 0.000000 -3.141593
    79 0.000000 -0.200001 -0.200000 1.745329 0.000000 -3.141593
    80 0.000000 -0.000001 -0.000002 1.570796 0.000000 3.141593
    81 0.000000 0.000000 0.000000 1.570796 0.000000 -3.141593
    82 0.000000 0.000000 -0.000002 1.570796 0.000000 -3.141593
    83 0.000000 0.000000 0.000000 1.570796 0.000000 3.141593
    84 -0.000002 0.000000 0.000000 1.570796 0.000000 3.141593
    85 0.000000 0.000000 0.000000 1.570796 0.000000 3.141593
    86 0.000000 0.000000 0.000000 1.570796 0.000000 3.141593
    87 0.000000 0.000000 0.000000 1.570796 0.000000 -3.141593
    88 0.000000 0.000000 0.000000 1.570796 0.000000 -3.141593
    89 0.000000 0.000000 0.000000 1.570796 0.000000 3.141593
    90 0.000000 0.000000 0.000000 1.570796 0.000000 -3.141593
    91 0.000000 0.000000 0.000000 1.570796 0.000000 -3.141593
  time 1
    0 0.000000 0.000000 0.000000 0.000000 0.000000 -0.000007
    1 0.000000 2.709942 -10.591393 0.000000 -1.570796 1.570796
    2 3.500857 9.013945 -0.640573 0.000000 -1.570796 0.000000
    3 -2.289403 -1.496114 0.973094 0.000000 0.000000 0.000000
    4 4.409996 0.000005 -0.000003 -0.108981 -0.289250 0.368184
    5 10.079981 -0.000003 -0.000001 -0.000002 -0.000003 -0.686299
    6 0.000000 -0.000001 0.000000 -0.193176 0.000005 0.000001
    7 3.359990 0.000014 -0.000007 -0.386333 0.000000 0.000003
    8 6.719987 0.000030 -0.000015 -0.579539 -0.000002 0.000001
    9 3.500862 -5.725745 -0.640568 0.000000 -1.570795 3.141592
    10 -2.186730 3.179637 -0.996149 0.000000 0.000000 0.000000
    11 4.409998 -0.000001 0.000004 0.003654 0.276435 0.410356
    12 10.079982 0.000014 0.000025 0.000004 0.000046 -0.845991
    13 0.000001 0.000004 0.000000 0.192835 -0.000001 0.000010
    14 3.359994 0.000032 0.000015 0.385649 -0.000007 0.000004
    15 6.719987 0.000057 0.000028 0.578507 0.000003 0.000003
    16 0.000000 0.000000 0.000000 1.571611 0.000000 -3.144780
    17 8.802764 -17.296507 -12.403438 2.227096 0.180174 -1.502031
    18 -0.118055 -0.108981 0.513327 -0.000047 -0.086523 0.000009
    19 4.409994 -0.000012 0.000012 0.000000 0.000000 0.000000
    20 -3.422661 1.711283 0.470872 0.018364 -0.593174 -0.075895
    21 1.410028 0.000010 0.000007 0.000006 0.000009 -0.987481
    22 0.993011 -0.000001 0.000006 0.000001 -0.000006 -0.761963
    23 -1.022532 1.571291 -0.406268 0.562009 -1.088038 -0.422346
    24 1.337718 0.000005 0.000002 -3.141591 -1.497669 3.135755
    25 1.180473 -0.000093 -0.000003 2.322271 -1.447922 -2.264049
    26 -0.666712 0.565948 -0.425195 0.276535 -1.168921 -0.243380
    27 1.311736 0.000006 0.000004 -3.109347 -1.501840 3.110658
    28 1.132875 -0.000003 -0.000005 -2.277655 -1.482347 2.251198
    29 -0.835869 -0.375753 -0.250998 -0.232083 -1.169899 0.124274
    30 1.303124 0.000019 0.000004 2.990854 -1.546793 -2.976011
    31 1.094648 -0.000011 -0.000003 -0.062804 -1.544912 0.032862
    32 -1.144743 -1.304737 0.171518 -0.974001 -1.088390 0.663341
    33 1.052849 0.000000 -0.000004 3.124857 -1.425270 3.135795
    34 0.916342 -0.000031 0.000001 3.141553 -1.536954 -3.129942
    35 -7.779457 -16.967148 -13.633754 0.900063 -0.021850 -1.603185
    36 -0.117880 -0.102734 -0.180849 0.000013 0.017066 0.000000
    37 4.409983 -0.000034 0.000004 0.000000 0.000000 0.000000
    38 -3.459356 1.711287 -0.541797 0.125169 -0.669906 3.034105
    39 -1.410028 -0.000005 -0.000014 0.000004 0.000001 -0.911659
    40 -0.993008 0.000010 -0.000011 0.000000 -0.000006 -0.908928
    41 -1.077398 1.571280 0.162236 0.351673 -1.124156 2.999846
    42 -1.337713 0.000003 -0.000002 3.078234 -1.322288 -3.107495
    43 -1.180471 0.000072 0.000002 0.222693 -1.503459 -0.194122
    44 -0.719599 0.565946 0.238754 -0.061928 -1.418387 -3.057538
    45 -1.311414 -0.000009 -0.000267 0.002810 -1.315827 0.001501
    46 -1.132872 0.000005 -0.000066 3.139362 -1.176202 -3.092139
    47 -1.239075 -1.304744 -0.314278 -1.430303 -0.982760 -2.003829
    48 -1.052850 0.000005 -0.000004 2.863323 -1.535755 3.140266
    49 -0.916342 0.000033 0.000003 3.130054 -1.386235 -3.118064
    50 -0.900585 -0.375762 0.090056 -0.779868 -1.244725 -2.521915
    51 -1.303123 -0.000014 0.000008 -0.004240 -1.451229 -0.001012
    52 -1.094650 0.000007 0.000003 -2.577326 -1.476285 2.574417
    53 0.000000 0.000000 0.000000 0.000000 0.000000 0.000000
    54 0.000000 0.000000 0.000000 0.000000 0.000000 -1.570796
    55 0.000000 0.000000 0.000000 0.000000 0.000000 -1.570796
    56 -2.000000 0.000000 0.000000 -1.570796 0.000000 0.174533
    57 -1.500000 0.000002 0.000000 -1.570796 0.000000 0.000000
    58 0.000000 0.500000 0.000000 -1.570796 0.261799 0.000000
    59 -0.000001 0.000000 0.000000 -3.141593 0.174533 0.000000
    60 0.000000 0.000000 -0.000001 -3.141593 0.174533 0.174533
    61 0.000000 0.000000 0.000000 -3.141593 0.349066 -0.174533
    62 0.000000 0.000000 0.000000 -1.570796 0.000000 0.000000
    63 0.000000 0.000000 0.000000 -1.570796 0.000000 0.000000
    64 0.000000 0.000000 0.000000 -1.570796 0.000000 0.000000
    65 0.000000 0.000000 0.000002 -1.570796 0.000000 0.000000
    66 0.000000 0.000000 0.000000 -1.570796 0.000000 0.000000
    67 0.000000 0.000001 0.000000 -1.570796 0.000000 0.000000
    68 0.000000 0.000000 0.000000 -1.570796 0.000000 0.000000
    69 0.000000 0.000000 0.000000 -1.570796 0.000000 0.000000
    70 0.000000 0.000000 0.000000 -1.570796 0.000000 0.000000
    71 0.000000 0.000000 0.000000 -1.570796 0.000000 0.000000
    72 0.000000 0.000000 0.000000 -1.570796 0.000000 0.000000
    73 0.000000 0.000000 0.000000 -1.570796 0.000000 0.000000
    74 -2.000000 0.000000 0.000000 1.570796 0.000000 0.174533
    75 -1.500000 -0.000001 -0.250000 1.570796 0.000000 0.000000
    76 -1.000000 0.250000 0.500000 1.570796 0.000000 0.000000
    77 0.000000 0.000000 0.000000 2.094395 0.000000 -3.141593
    78 0.000000 0.000000 0.000000 2.094395 0.000000 -3.141593
    79 0.000000 -0.200001 -0.200000 1.745329 0.000000 -3.141593
    80 0.000000 -0.000001 -0.000002 1.570796 0.000000 3.141593
    81 0.000000 0.000000 0.000000 1.570796 0.000000 -3.141593
    82 0.000000 0.000000 -0.000002 1.570796 0.000000 -3.141593
    83 0.000000 0.000000 0.000000 1.570796 0.000000 3.141593
    84 -0.000002 0.000000 0.000000 1.570796 0.000000 3.141593
    85 0.000000 0.000000 0.000000 1.570796 0.000000 3.141593
    86 0.000000 0.000000 0.000000 1.570796 0.000000 3.141593
    87 0.000000 0.000000 0.000000 1.570796 0.000000 -3.141593
    88 0.000000 0.000000 0.000000 1.570796 0.000000 -3.141593
    89 0.000000 0.000000 0.000000 1.570796 0.000000 3.141593
    90 0.000000 0.000000 0.000000 1.570796 0.000000 -3.141593
    91 0.000000 0.000000 0.000000 1.570796 0.000000 -3.141593
  time 2
    0 0.000000 0.000000 0.000000 0.000000 0.000000 -0.000007
    1 0.000000 2.709942 -10.591393 0.000000 -1.570796 1.570796
    2 3.500857 9.013945 -0.640573 0.000000 -1.570796 0.000000
    3 -2.289403 -1.496114 0.973094 0.000000 0.000000 0.000000
    4 4.409996 0.000005 -0.000003 -0.108981 -0.289250 0.368184
    5 10.079981 -0.000003 -0.000001 -0.000002 -0.000003 -0.686299
    6 0.000000 -0.000001 0.000000 -0.193176 0.000005 0.000001
    7 3.359990 0.000014 -0.000007 -0.386333 0.000000 0.000003
    8 6.719987 0.000030 -0.000015 -0.579539 -0.000002 0.000001
    9 3.500862 -5.725745 -0.640568 0.000000 -1.570795 3.141592
    10 -2.186730 3.179637 -0.996149 0.000000 0.000000 0.000000
    11 4.409998 -0.000001 0.000004 -0.103898 0.252756 0.370358
    12 10.079982 0.000014 0.000025 0.000004 0.000046 -0.854220
    13 0.000001 0.000004 0.000000 0.196694 -0.000001 0.000010
    14 3.359994 0.000032 0.000015 0.393381 -0.000007 0.000004
    15 6.719987 0.000057 0.000028 0.590049 0.000003 0.000003
    16 0.000000 0.000000 0.000000 1.570916 0.000000 -3.147405
    17 8.212903 -17.480106 -11.247152 2.233197 0.233511 -1.425401
    18 -0.118055 -0.108981 0.513327 -0.000047 -0.086523 0.000009
    19 4.409994 -0.000012 0.000012 0.000000 0.000000 0.000000
    20 -3.422661 1.711283 0.470872 0.018364 -0.593174 -0.075895
    21 1.410028 0.000010 0.000007 0.000006 0.000009 -0.987481
    22 0.993011 -0.000001 0.000006 0.000001 -0.000006 -0.761963
    23 -1.022532 1.571291 -0.406268 0.562009 -1.088038 -0.422346
    24 1.337718 0.000005 0.000002 -3.141591 -1.497669 3.135755
    25 1.180473 -0.000093 -0.000003 2.322271 -1.447922 -2.264049
    26 -0.666712 0.565948 -0.425195 0.276535 -1.168921 -0.243380
    27 1.311736 0.000006 0.000004 -3.109347 -1.501840 3.110658
    28 1.132875 -0.000003 -0.000005 -2.277655 -1.482347 2.251198
    29 -0.835869 -0.375753 -0.250998 -0.232083 -1.169899 0.124274
    30 1.303124 0.000019 0.000004 2.990854 -1.546793 -2.976011
    31 1.094648 -0.000011 -0.000003 -0.062816 -1.544912 0.032862
    32 -1.144743 -1.304737 0.171518 -0.974001 -1.088390 0.663341
    33 1.052849 0.000000 -0.000004 3.124857 -1.425270 3.135795
    34 0.916342 -0.000031 0.000001 3.141553 -1.536954 -3.129942
    35 -7.779457 -16.967148 -13.633754 0.900063 -0.021850 -1.603185
    36 -0.117880 -0.102734 -0.180849 0.000013 0.017066 0.000000
    37 4.409983 -0.000034 0.000004 0.000000 0.000000 0.000000
    38 -3.459356 1.711287 -0.541797 0.125169 -0.669906 3.034105
    39 -1.410028 -0.000005 -0.000014 0.000004 0.000001 -0.911659
    40 -0.993008 0.000010 -0.000011 0.000000 -0.000006 -0.908928
    41 -1.077398 1.571280 0.162236 0.351673 -1.124156 2.999846
    42 -1.337713 0.000003 -0.000002 3.078234 -1.322288 -3.107495
    43 -1.180471 0.000072 0.000002 0.222693 -1.503459 -0.194122
    44 -0.719599 0.565946 0.238754 -0.061928 -1.418387 -3.057538
    45 -1.311414 -0.000009 -0.000267 0.002810 -1.315827 0.001501
    46 -1.132872 0.000005 -0.000066 3.139362 -1.176202 -3.092139
    47 -1.239075 -1.304744 -0.314278 -1.430303 -0.982760 -2.003829
    48 -1.052850 0.000005 -0.000004 2.863323 -1.535755 3.140266
    49 -0.916342 0.000033 0.000003 3.130054 -1.386235 -3.118064
    50 -0.900585 -0.375762 0.090056 -0.779868 -1.244725 -2.521915
    51 -1.303123 -0.000014 0.000008 -0.004240 -1.451229 -0.001012
    52 -1.094650 0.000007 0.000003 -2.577326 -1.476285 2.574417
    53 0.000000 0.000000 0.000000 0.000000 0.000000 0.000000
    54 0.000000 0.000000 0.000000 0.000000 0.000000 -1.570796
    55 0.000000 0.000000 0.000000 0.000000 0.000000 -1.570796
    56 -2.000000 0.000000 0.000000 -1.570796 0.000000 0.174533
    57 -1.500000 0.000002 0.000000 -1.570796 0.000000 0.000000
    58 0.000000 0.500000 0.000000 -1.570796 0.261799 0.000000
    59 -0.000001 0.000000 0.000000 -3.141593 0.174533 0.000000
    60 0.000000 0.000000 -0.000001 -3.141593 0.174533 0.174533
    61 0.000000 0.000000 0.000000 -3.141593 0.349066 -0.174533
    62 0.000000 0.000000 0.000000 -1.570796 0.000000 0.000000
    63 0.000000 0.000000 0.000000 -1.570796 0.000000 0.000000
    64 0.000000 0.000000 0.000000 -1.570796 0.000000 0.000000
    65 0.000000 0.000000 0.000002 -1.570796 0.000000 0.000000
    66 0.000000 0.000000 0.000000 -1.570796 0.000000 0.000000
    67 0.000000 0.000001 0.000000 -1.570796 0.000000 0.000000
    68 0.000000 0.000000 0.000000 -1.570796 0.000000 0.000000
    69 0.000000 0.000000 0.000000 -1.570796 0.000000 0.000000
    70 0.000000 0.000000 0.000000 -1.570796 0.000000 0.000000
    71 0.000000 0.000000 0.000000 -1.570796 0.000000 0.000000
    72 0.000000 0.000000 0.000000 -1.570796 0.000000 0.000000
    73 0.000000 0.000000 0.000000 -1.570796 0.000000 0.000000
    74 -2.000000 0.000000 0.000000 1.570796 0.000000 0.174533
    75 -1.500000 -0.000001 -0.250000 1.570796 0.000000 0.000000
    76 -1.000000 0.250000 0.500000 1.570796 0.000000 0.000000
    77 0.000000 0.000000 0.000000 2.094395 0.000000 -3.141593
    78 0.000000 0.000000 0.000000 2.094395 0.000000 -3.141593
    79 0.000000 -0.200001 -0.200000 1.745329 0.000000 -3.141593
    80 0.000000 -0.000001 -0.000002 1.570796 0.000000 3.141593
    81 0.000000 0.000000 0.000000 1.570796 0.000000 -3.141593
    82 0.000000 0.000000 -0.000002 1.570796 0.000000 -3.141593
    83 0.000000 0.000000 0.000000 1.570796 0.000000 3.141593
    84 -0.000002 0.000000 0.000000 1.570796 0.000000 3.141593
    85 0.000000 0.000000 0.000000 1.570796 0.000000 3.141593
    86 0.000000 0.000000 0.000000 1.570796 0.000000 3.141593
    87 0.000000 0.000000 0.000000 1.570796 0.000000 -3.141593
    88 0.000000 0.000000 0.000000 1.570796 0.000000 -3.141593
    89 0.000000 0.000000 0.000000 1.570796 0.000000 3.141593
    90 0.000000 0.000000 0.000000 1.570796 0.000000 -3.141593
    91 0.000000 0.000000 0.000000 1.570796 0.000000 -3.141593
  time 3
    0 0.000000 0.000000 0.000000 0.000000 0.000000 -0.000007
    1 0.000000 2.709942 -10.591393 0.000000 -1.570796 1.570796
    2 3.500857 9.013945 -0.640573 0.000000 -1.570796 0.000000
    3 -2.289403 -1.496114 0.973094 0.000000 0.000000 0.000000
    4 4.409996 0.000005 -0.000003 -0.108981 -0.289250 0.368184
    5 10.079981 -0.000003 -0.000001 -0.000002 -0.000003 -0.686299
    6 0.000000 -0.000001 0.000000 -0.193176 0.000005 0.000001
    7 3.359990 0.000014 -0.000007 -0.386333 0.000000 0.000003
    8 6.719987 0.000030 -0.000015 -0.579539 -0.000002 0.000001
    9 3.500862 -5.725745 -0.640568 0.000000 -1.570795 3.141592
    10 -2.186730 3.179637 -0.996149 0.000000 0.000000 0.000000
    11 4.409998 -0.000001 0.000004 -0.196786 0.223378 0.323113
    12 10.079982 0.000014 0.000025 0.000004 0.000046 -0.842208
    13 0.000001 0.000004 0.000000 0.216157 -0.000001 0.000010
    14 3.359994 0.000032 0.000015 0.432328 -0.000007 0.000004
    15 6.719987 0.000057 0.000028 0.648470 0.000003 0.000003
    16 0.000000 0.000000 0.000000 1.568735 0.000000 -3.149442
    17 7.626947 -17.667612 -10.094774 2.239534 0.197418 -1.448440
    18 -0.118055 -0.108981 0.513327 -0.000047 -0.086523 0.000009
    19 4.409994 -0.000012 0.000012 0.000000 0.000000 0.000000
    20 -3.422661 1.711283 0.470872 0.018364 -0.593174 -0.075895
    21 1.410028 0.000010 0.000007 0.000006 0.000009 -0.987481
    22 0.993011 -0.000001 0.000006 0.000001 -0.000006 -0.761963
    23 -1.022532 1.571291 -0.406268 0.562009 -1.088038 -0.422346
    24 1.337718 0.000005 0.000002 -3.141591 -1.497669 3.135755
    25 1.180473 -0.000093 -0.000003 2.322271 -1.447922 -2.264049
    26 -0.666712 0.565948 -0.425195 0.276535 -1.168921 -0.243380
    27 1.311736 0.000006 0.000004 -3.109347 -1.501840 3.110658
    28 1.132875 -0.000003 -0.000005 -2.277655 -1.482347 2.251198
    29 -0.835869 -0.375753 -0.250998 -0.232083 -1.169899 0.124274
    30 1.303124 0.000019 0.000004 2.990854 -1.546793 -2.976011
    31 1.094648 -0.000011 -0.000003 -0.062804 -1.544912 0.032862
    32 -1.144743 -1.304737 0.171518 -0.974001 -1.088390 0.663341
    33 1.052849 0.000000 -0.000004 3.124857 -1.425270 3.135795
    34 0.916342 -0.000031 0.000001 3.141553 -1.536954 -3.129942
    35 -7.779457 -16.967148 -13.633754 0.900063 -0.021850 -1.603185
    36 -0.117880 -0.102734 -0.180849 0.000013 0.017066 0.000000
    37 4.409983 -0.000034 0.000004 0.000000 0.000000 0.000000
    38 -3.459356 1.711287 -0.541797 0.125169 -0.669906 3.034105
    39 -1.410028 -0.000005 -0.000014 0.000004 0.000001 -0.911659
    40 -0.993008 0.000010 -0.000011 0.000000 -0.000006 -0.908928
    41 -1.077398 1.571280 0.162236 0.351673 -1.124156 2.999846
    42 -1.337713 0.000003 -0.000002 3.078234 -1.322288 -3.107495
    43 -1.180471 0.000072 0.000002 0.222693 -1.503459 -0.194122
    44 -0.719599 0.565946 0.238754 -0.061928 -1.418387 -3.057538
    45 -1.311414 -0.000009 -0.000267 0.002810 -1.315827 0.001501
    46 -1.132872 0.000005 -0.000066 3.139362 -1.176202 -3.092139
    47 -1.239075 -1.304744 -0.314278 -1.430303 -0.982760 -2.003829
    48 -1.052850 0.000005 -0.000004 2.863323 -1.535755 3.140266
    49 -0.916342 0.000033 0.000003 3.130054 -1.386235 -3.118064
    50 -0.900585 -0.375762 0.090056 -0.779868 -1.244725 -2.521915
    51 -1.303123 -0.000014 0.000008 -0.004240 -1.451229 -0.001012
    52 -1.094650 0.000007 0.000003 -2.577326 -1.476285 2.574417
    53 0.000000 0.000000 0.000000 0.000000 0.000000 0.000000
    54 0.000000 0.000000 0.000000 0.000000 0.000000 -1.570796
    55 0.000000 0.000000 0.000000 0.000000 0.000000 -1.570796
    56 -2.000000 0.000000 0.000000 -1.570796 0.000000 0.174533
    57 -1.500000 0.000002 0.000000 -1.570796 0.000000 0.000000
    58 0.000000 0.500000 0.000000 -1.570796 0.261799 0.000000
    59 -0.000001 0.000000 0.000000 -3.141593 0.174533 0.000000
    60 0.000000 0.000000 -0.000001 -3.141593 0.174533 0.174533
    61 0.000000 0.000000 0.000000 -3.141593 0.349066 -0.174533
    62 0.000000 0.000000 0.000000 -1.570796 0.000000 0.000000
    63 0.000000 0.000000 0.000000 -1.570796 0.000000 0.000000
    64 0.000000 0.000000 0.000000 -1.570796 0.000000 0.000000
    65 0.000000 0.000000 0.000002 -1.570796 0.000000 0.000000
    66 0.000000 0.000000 0.000000 -1.570796 0.000000 0.000000
    67 0.000000 0.000001 0.000000 -1.570796 0.000000 0.000000
    68 0.000000 0.000000 0.000000 -1.570796 0.000000 0.000000
    69 0.000000 0.000000 0.000000 -1.570796 0.000000 0.000000
    70 0.000000 0.000000 0.000000 -1.570796 0.000000 0.000000
    71 0.000000 0.000000 0.000000 -1.570796 0.000000 0.000000
    72 0.000000 0.000000 0.000000 -1.570796 0.000000 0.000000
    73 0.000000 0.000000 0.000000 -1.570796 0.000000 0.000000
    74 -2.000000 0.000000 0.000000 1.570796 0.000000 0.174533
    75 -1.500000 -0.000001 -0.250000 1.570796 0.000000 0.000000
    76 -1.000000 0.250000 0.500000 1.570796 0.000000 0.000000
    77 0.000000 0.000000 0.000000 2.094395 0.000000 -3.141593
    78 0.000000 0.000000 0.000000 2.094395 0.000000 -3.141593
    79 0.000000 -0.200001 -0.200000 1.745329 0.000000 -3.141593
    80 0.000000 -0.000001 -0.000002 1.570796 0.000000 3.141593
    81 0.000000 0.000000 0.000000 1.570796 0.000000 -3.141593
    82 0.000000 0.000000 -0.000002 1.570796 0.000000 -3.141593
    83 0.000000 0.000000 0.000000 1.570796 0.000000 3.141593
    84 -0.000002 0.000000 0.000000 1.570796 0.000000 3.141593
    85 0.000000 0.000000 0.000000 1.570796 0.000000 3.141593
    86 0.000000 0.000000 0.000000 1.570796 0.000000 3.141593
    87 0.000000 0.000000 0.000000 1.570796 0.000000 -3.141593
    88 0.000000 0.000000 0.000000 1.570796 0.000000 -3.141593
    89 0.000000 0.000000 0.000000 1.570796 0.000000 3.141593
    90 0.000000 0.000000 0.000000 1.570796 0.000000 -3.141593
    91 0.000000 0.000000 0.000000 1.570796 0.000000 -3.141593
  time 4
    0 0.000000 0.000000 0.000000 0.000000 0.000000 -0.000007
    1 0.000000 2.709942 -10.591393 0.000000 -1.570796 1.570796
    2 3.500857 9.013945 -0.640573 0.000000 -1.570796 0.000000
    3 -2.289403 -1.496114 0.973094 0.000000 0.000000 0.000000
    4 4.409996 0.000005 -0.000003 -0.108981 -0.289250 0.368184
    5 10.079981 -0.000003 -0.000001 -0.000002 -0.000003 -0.686299
    6 0.000000 -0.000001 0.000000 -0.193176 0.000005 0.000001
    7 3.359990 0.000014 -0.000007 -0.386333 0.000000 0.000003
    8 6.719987 0.000030 -0.000015 -0.579539 -0.000002 0.000001
    9 3.500862 -5.725745 -0.640568 0.000000 -1.570795 3.141592
    10 -2.186730 3.179637 -0.996149 0.000000 0.000000 0.000000
    11 4.409998 -0.000001 0.000004 -0.276622 0.187581 0.270790
    12 10.079982 0.000014 0.000025 0.000004 0.000046 -0.810523
    13 0.000001 0.000004 0.000000 0.246586 -0.000001 0.000010
    14 3.359994 0.000032 0.000015 0.493141 -0.000007 0.000004
    15 6.719987 0.000057 0.000028 0.739749 0.000003 0.000003
    16 0.000000 0.000000 0.000000 1.565882 0.000000 -3.150880
    17 7.040992 -17.851211 -8.942395 2.246186 0.072004 -1.571094
    18 -0.118055 -0.108981 0.513327 -0.000047 -0.086523 0.000009
    19 4.409994 -0.000012 0.000012 0.000000 0.000000 0.000000
    20 -3.422661 1.711283 0.470872 0.018364 -0.593174 -0.075895
    21 1.410028 0.000010 0.000007 0.000006 0.000009 -0.987481
    22 0.993011 -0.000001 0.000006 0.000001 -0.000006 -0.761963
    23 -1.022532 1.571291 -0.406268 0.562009 -1.088038 -0.422346
    24 1.337718 0.000005 0.000002 -3.141591 -1.497669 3.135755
    25 1.180473 -0.000093 -0.000003 2.322271 -1.447922 -2.264049
    26 -0.666712 0.565948 -0.425195 0.276535 -1.168921 -0.243380
    27 1.311736 0.000006 0.000004 -3.109347 -1.501840 3.110658
    28 1.132875 -0.000003 -0.000005 -2.277655 -1.482347 2.251198
    29 -0.835869 -0.375753 -0.250998 -0.232083 -1.169899 0.124274
    30 1.303124 0.000019 0.000004 2.990854 -1.546793 -2.976011
    31 1.094648 -0.000011 -0.000003 -0.062816 -1.544912 0.032850
    32 -1.144743 -1.304737 0.171518 -0.974001 -1.088390 0.663341
    33 1.052849 0.000000 -0.000004 3.124857 -1.425270 3.135795
    34 0.916342 -0.000031 0.000001 3.141553 -1.536954 -3.129942
    35 -7.779457 -16.967148 -13.633754 0.900063 -0.021850 -1.603185
    36 -0.117880 -0.102734 -0.180849 0.000013 0.017066 0.000000
    37 4.409983 -0.000034 0.000004 0.000000 0.000000 0.000000
    38 -3.459356 1.711287 -0.541797 0.125169 -0.669906 3.034105
    39 -1.410028 -0.000005 -0.000014 0.000004 0.000001 -0.911659
    40 -0.993008 0.000010 -0.000011 0.000000 -0.000006 -0.908928
    41 -1.077398 1.571280 0.162236 0.351673 -1.124156 2.999846
    42 -1.337713 0.000003 -0.000002 3.078234 -1.322288 -3.107495
    43 -1.180471 0.000072 0.000002 0.222693 -1.503459 -0.194122
    44 -0.719599 0.565946 0.238754 -0.061928 -1.418387 -3.057538
    45 -1.311414 -0.000009 -0.000267 0.002810 -1.315827 0.001501
    46 -1.132872 0.000005 -0.000066 3.139362 -1.176202 -3.092139
    47 -1.239075 -1.304744 -0.314278 -1.430303 -0.982760 -2.003829
    48 -1.052850 0.000005 -0.000004 2.863323 -1.535755 3.140266
    49 -0.916342 0.000033 0.000003 3.130054 -1.386235 -3.118064
    50 -0.900585 -0.375762 0.090056 -0.779868 -1.244725 -2.521915
    51 -1.303123 -0.000014 0.000008 -0.004240 -1.451229 -0.001012
    52 -1.094650 0.000007 0.000003 -2.577326 -1.476285 2.574417
    53 0.000000 0.000000 0.000000 0.000000 0.000000 0.000000
    54 0.000000 0.000000 0.000000 0.000000 0.000000 -1.570796
    55 0.000000 0.000000 0.000000 0.000000 0.000000 -1.570796
    56 -2.000000 0.000000 0.000000 -1.570796 0.000000 0.174533
    57 -1.500000 0.000002 0.000000 -1.570796 0.000000 0.000000
    58 0.000000 0.500000 0.000000 -1.570796 0.261799 0.000000
    59 -0.000001 0.000000 0.000000 -3.141593 0.174533 0.000000
    60 0.000000 0.000000 -0.000001 -3.141593 0.174533 0.174533
    61 0.000000 0.000000 0.000000 -3.141593 0.349066 -0.174533
    62 0.000000 0.000000 0.000000 -1.570796 0.000000 0.000000
    63 0.000000 0.000000 0.000000 -1.570796 0.000000 0.000000
    64 0.000000 0.000000 0.000000 -1.570796 0.000000 0.000000
    65 0.000000 0.000000 0.000002 -1.570796 0.000000 0.000000
    66 0.000000 0.000000 0.000000 -1.570796 0.000000 0.000000
    67 0.000000 0.000001 0.000000 -1.570796 0.000000 0.000000
    68 0.000000 0.000000 0.000000 -1.570796 0.000000 0.000000
    69 0.000000 0.000000 0.000000 -1.570796 0.000000 0.000000
    70 0.000000 0.000000 0.000000 -1.570796 0.000000 0.000000
    71 0.000000 0.000000 0.000000 -1.570796 0.000000 0.000000
    72 0.000000 0.000000 0.000000 -1.570796 0.000000 0.000000
    73 0.000000 0.000000 0.000000 -1.570796 0.000000 0.000000
    74 -2.000000 0.000000 0.000000 1.570796 0.000000 0.174533
    75 -1.500000 -0.000001 -0.250000 1.570796 0.000000 0.000000
    76 -1.000000 0.250000 0.500000 1.570796 0.000000 0.000000
    77 0.000000 0.000000 0.000000 2.094395 0.000000 -3.141593
    78 0.000000 0.000000 0.000000 2.094395 0.000000 -3.141593
    79 0.000000 -0.200001 -0.200000 1.745329 0.000000 -3.141593
    80 0.000000 -0.000001 -0.000002 1.570796 0.000000 3.141593
    81 0.000000 0.000000 0.000000 1.570796 0.000000 -3.141593
    82 0.000000 0.000000 -0.000002 1.570796 0.000000 -3.141593
    83 0.000000 0.000000 0.000000 1.570796 0.000000 3.141593
    84 -0.000002 0.000000 0.000000 1.570796 0.000000 3.141593
    85 0.000000 0.000000 0.000000 1.570796 0.000000 3.141593
    86 0.000000 0.000000 0.000000 1.570796 0.000000 3.141593
    87 0.000000 0.000000 0.000000 1.570796 0.000000 -3.141593
    88 0.000000 0.000000 0.000000 1.570796 0.000000 -3.141593
    89 0.000000 0.000000 0.000000 1.570796 0.000000 3.141593
    90 0.000000 0.000000 0.000000 1.570796 0.000000 -3.141593
    91 0.000000 0.000000 0.000000 1.570796 0.000000 -3.141593
  time 5
    0 0.000000 0.000000 0.000000 0.000000 0.000000 -0.000007
    1 0.000000 2.709942 -10.591393 0.000000 -1.570796 1.570796
    2 3.500857 9.013945 -0.640573 0.000000 -1.570796 0.000000
    3 -2.289403 -1.496114 0.973094 0.000000 0.000000 0.000000
    4 4.409996 0.000005 -0.000003 -0.108981 -0.289250 0.368184
    5 10.079981 -0.000003 -0.000001 -0.000002 -0.000003 -0.686299
    6 0.000000 -0.000001 0.000000 -0.193176 0.000005 0.000001
    7 3.359990 0.000014 -0.000007 -0.386333 0.000000 0.000003
    8 6.719987 0.000030 -0.000015 -0.579539 -0.000002 0.000001
    9 3.500862 -5.725745 -0.640568 0.000000 -1.570795 3.141592
    10 -2.186730 3.179637 -0.996149 0.000000 0.000000 0.000000
    11 4.409998 -0.000001 0.000004 -0.345600 0.143186 0.209538
    12 10.079982 0.000014 0.000025 0.000004 0.000046 -0.749328
    13 0.000001 0.000004 0.000000 0.268698 -0.000001 0.000010
    14 3.359994 0.000032 0.000015 0.537369 -0.000007 0.000004
    15 6.719987 0.000057 0.000028 0.806092 0.000003 0.000003
    16 0.000000 0.000000 0.000000 1.563402 0.000000 -3.151767
    17 6.451130 -18.038717 -7.793922 2.253153 -0.142695 -1.793249
    18 -0.118055 -0.108981 0.513327 -0.000047 -0.086523 0.000009
    19 4.409994 -0.000012 0.000012 0.000000 0.000000 0.000000
    20 -3.422661 1.711283 0.470872 0.018364 -0.593174 -0.075895
    21 1.410028 0.000010 0.000007 0.000006 0.000009 -0.987481
    22 0.993011 -0.000001 0.000006 0.000001 -0.000006 -0.761963
    23 -1.022532 1.571291 -0.406268 0.562009 -1.088038 -0.422346
    24 1.337718 0.000005 0.000002 -3.141591 -1.497669 3.135755
    25 1.180473 -0.000093 -0.000003 2.322271 -1.447922 -2.264049
    26 -0.666712 0.565948 -0.425195 0.276535 -1.168921 -0.243380
    27 1.311736 0.000006 0.000004 -3.109347 -1.501840 3.110658
    28 1.132875 -0.000003 -0.000005 -2.277655 -1.482347 2.251198
    29 -0.835869 -0.375753 -0.250998 -0.232083 -1.169899 0.124274
    30 1.303124 0.000019 0.000004 2.990854 -1.546793 -2.976011
    31 1.094648 -0.000011 -0.000003 -0.062792 -1.544912 0.032862
    32 -1.144743 -1.304737 0.171518 -0.974001 -1.088390 0.663341
    33 1.052849 0.000000 -0.000004 3.124857 -1.425270 3.135795
    34 0.916342 -0.000031 0.000001 3.141553 -1.536954 -3.129942
    35 -7.779457 -16.967148 -13.633754 0.900063 -0.021850 -1.603185
    36 -0.117880 -0.102734 -0.180849 0.000013 0.017066 0.000000
    37 4.409983 -0.000034 0.000004 0.000000 0.000000 0.000000
    38 -3.459356 1.711287 -0.541797 0.125169 -0.669906 3.034105
    39 -1.410028 -0.000005 -0.000014 0.000004 0.000001 -0.911659
    40 -0.993008 0.000010 -0.000011 0.000000 -0.000006 -0.908928
    41 -1.077398 1.571280 0.162236 0.351673 -1.124156 2.999846
    42 -1.337713 0.000003 -0.000002 3.078234 -1.322288 -3.107495
    43 -1.180471 0.000072 0.000002 0.222693 -1.503459 -0.194122
    44 -0.719599 0.565946 0.238754 -0.061928 -1.418387 -3.057538
    45 -1.311414 -0.000009 -0.000267 0.002810 -1.315827 0.001501
    46 -1.132872 0.000005 -0.000066 3.139362 -1.176202 -3.092139
    47 -1.239075 -1.304744 -0.314278 -1.430303 -0.982760 -2.003829
    48 -1.052850 0.000005 -0.000004 2.863323 -1.535755 3.140266
    49 -0.916342 0.000033 0.000003 3.130054 -1.386235 -3.118064
    50 -0.900585 -0.375762 0.090056 -0.779868 -1.244725 -2.521915
    51 -1.303123 -0.000014 0.000008 -0.004240 -1.451229 -0.001012
    52 -1.094650 0.000007 0.000003 -2.577326 -1.476285 2.574417
    53 0.000000 0.000000 0.000000 0.000000 0.000000 0.000000
    54 0.000000 0.000000 0.000000 0.000000 0.000000 -1.570796
    55 0.000000 0.000000 0.000000 0.000000 0.000000 -1.570796
    56 -2.000000 0.000000 0.000000 -1.570796 0.000000 0.174533
    57 -1.500000 0.000002 0.000000 -1.570796 0.000000 0.000000
    58 0.000000 0.500000 0.000000 -1.570796 0.261799 0.000000
    59 -0.000001 0.000000 0.000000 -3.141593 0.174533 0.000000
    60 0.000000 0.000000 -0.000001 -3.141593 0.174533 0.174533
    61 0.000000 0.000000 0.000000 -3.141593 0.349066 -0.174533
    62 0.000000 0.000000 0.000000 -1.570796 0.000000 0.000000
    63 0.000000 0.000000 0.000000 -1.570796 0.000000 0.000000
    64 0.000000 0.000000 0.000000 -1.570796 0.000000 0.000000
    65 0.000000 0.000000 0.000002 -1.570796 0.000000 0.000000
    66 0.000000 0.000000 0.000000 -1.570796 0.000000 0.000000
    67 0.000000 0.000001 0.000000 -1.570796 0.000000 0.000000
    68 0.000000 0.000000 0.000000 -1.570796 0.000000 0.000000
    69 0.000000 0.000000 0.000000 -1.570796 0.000000 0.000000
    70 0.000000 0.000000 0.000000 -1.570796 0.000000 0.000000
    71 0.000000 0.000000 0.000000 -1.570796 0.000000 0.000000
    72 0.000000 0.000000 0.000000 -1.570796 0.000000 0.000000
    73 0.000000 0.000000 0.000000 -1.570796 0.000000 0.000000
    74 -2.000000 0.000000 0.000000 1.570796 0.000000 0.174533
    75 -1.500000 -0.000001 -0.250000 1.570796 0.000000 0.000000
    76 -1.000000 0.250000 0.500000 1.570796 0.000000 0.000000
    77 0.000000 0.000000 0.000000 2.094395 0.000000 -3.141593
    78 0.000000 0.000000 0.000000 2.094395 0.000000 -3.141593
    79 0.000000 -0.200001 -0.200000 1.745329 0.000000 -3.141593
    80 0.000000 -0.000001 -0.000002 1.570796 0.000000 3.141593
    81 0.000000 0.000000 0.000000 1.570796 0.000000 -3.141593
    82 0.000000 0.000000 -0.000002 1.570796 0.000000 -3.141593
    83 0.000000 0.000000 0.000000 1.570796 0.000000 3.141593
    84 -0.000002 0.000000 0.000000 1.570796 0.000000 3.141593
    85 0.000000 0.000000 0.000000 1.570796 0.000000 3.141593
    86 0.000000 0.000000 0.000000 1.570796 0.000000 3.141593
    87 0.000000 0.000000 0.000000 1.570796 0.000000 -3.141593
    88 0.000000 0.000000 0.000000 1.570796 0.000000 -3.141593
    89 0.000000 0.000000 0.000000 1.570796 0.000000 3.141593
    90 0.000000 0.000000 0.000000 1.570796 0.000000 -3.141593
    91 0.000000 0.000000 0.000000 1.570796 0.000000 -3.141593
  time 6
    0 0.000000 0.000000 0.000000 0.000000 0.000000 -0.000007
    1 0.000000 2.709942 -10.591393 0.000000 -1.570796 1.570796
    2 3.500857 9.013945 -0.640573 0.000000 -1.570796 0.000000
    3 -2.289403 -1.496114 0.973094 0.000000 0.000000 0.000000
    4 4.409996 0.000005 -0.000003 -0.108981 -0.289250 0.368184
    5 10.079981 -0.000003 -0.000001 -0.000002 -0.000003 -0.686299
    6 0.000000 -0.000001 0.000000 -0.193176 0.000005 0.000001
    7 3.359990 0.000014 -0.000007 -0.386333 0.000000 0.000003
    8 6.719987 0.000030 -0.000015 -0.579539 -0.000002 0.000001
    9 3.500862 -5.725745 -0.640568 0.000000 -1.570795 3.141592
    10 -2.186730 3.179637 -0.996149 0.000000 0.000000 0.000000
    11 4.409998 -0.000001 0.000004 -0.404727 0.084201 0.128115
    12 10.079982 0.000014 0.000025 0.000004 0.000046 -0.637484
    13 0.000001 0.000004 0.000000 0.257780 -0.000001 0.000010
    14 3.359994 0.000032 0.000015 0.515540 -0.000007 0.000004
    15 6.719987 0.000057 0.000028 0.773320 0.000003 0.000003
    16 0.000000 0.000000 0.000000 1.562071 0.000000 -3.152055
    17 5.865175 -18.222316 -6.641543 2.260356 -0.446897 -2.115020
    18 -0.118055 -0.108981 0.513327 -0.000047 -0.086523 0.000009
    19 4.409994 -0.000012 0.000012 0.000000 0.000000 0.000000
    20 -3.422661 1.711283 0.470872 0.018364 -0.593174 -0.075895
    21 1.410028 0.000010 0.000007 0.000006 0.000009 -0.987481
    22 0.993011 -0.000001 0.000006 0.000001 -0.000006 -0.761963
    23 -1.022532 1.571291 -0.406268 0.562009 -1.088038 -0.422346
    24 1.337718 0.000005 0.000002 -3.141591 -1.497669 3.135755
    25 1.180473 -0.000093 -0.000003 2.322271 -1.447922 -2.264049
    26 -0.666712 0.565948 -0.425195 0.276535 -1.168921 -0.243380
    27 1.311736 0.000006 0.000004 -3.109347 -1.501840 3.110658
    28 1.132875 -0.000003 -0.000005 -2.277655 -1.482347 2.251198
    29 -0.835869 -0.375753 -0.250998 -0.232083 -1.169899 0.124274
    30 1.303124 0.000019 0.000004 2.990854 -1.546793 -2.976011
    31 1.094648 -0.000011 -0.000003 -0.062804 -1.544912 0.032862
    32 -1.144743 -1.304737 0.171518 -0.974001 -1.088390 0.663341
    33 1.052849 0.000000 -0.000004 3.124857 -1.425270 3.135795
    34 0.916342 -0.000031 0.000001 3.141553 -1.536954 -3.129942
    35 -7.779457 -16.967148 -13.633754 0.900063 -0.021850 -1.603185
    36 -0.117880 -0.102734 -0.180849 0.000013 0.017066 0.000000
    37 4.409983 -0.000034 0.000004 0.000000 0.000000 0.000000
    38 -3.459356 1.711287 -0.541797 0.125169 -0.669906 3.034105
    39 -1.410028 -0.000005 -0.000014 0.000004 0.000001 -0.911659
    40 -0.993008 0.000010 -0.000011 0.000000 -0.000006 -0.908928
    41 -1.077398 1.571280 0.162236 0.351673 -1.124156 2.999846
    42 -1.337713 0.000003 -0.000002 3.078234 -1.322288 -3.107495
    43 -1.180471 0.000072 0.000002 0.222693 -1.503459 -0.194122
    44 -0.719599 0.565946 0.238754 -0.061928 -1.418387 -3.057538
    45 -1.311414 -0.000009 -0.000267 0.002810 -1.315827 0.001501
    46 -1.132872 0.000005 -0.000066 3.139362 -1.176202 -3.092139
    47 -1.239075 -1.304744 -0.314278 -1.430303 -0.982760 -2.003829
    48 -1.052850 0.000005 -0.000004 2.863323 -1.535755 3.140266
    49 -0.916342 0.000033 0.000003 3.130054 -1.386235 -3.118064
    50 -0.900585 -0.375762 0.090056 -0.779868 -1.244725 -2.521915
    51 -1.303123 -0.000014 0.000008 -0.004240 -1.451229 -0.001012
    52 -1.094650 0.000007 0.000003 -2.577326 -1.476285 2.574417
    53 0.000000 0.000000 0.000000 0.000000 0.000000 0.000000
    54 0.000000 0.000000 0.000000 0.000000 0.000000 -1.570796
    55 0.000000 0.000000 0.000000 0.000000 0.000000 -1.570796
    56 -2.000000 0.000000 0.000000 -1.570796 0.000000 0.174533
    57 -1.500000 0.000002 0.000000 -1.570796 0.000000 0.000000
    58 0.000000 0.500000 0.000000 -1.570796 0.261799 0.000000
    59 -0.000001 0.000000 0.000000 -3.141593 0.174533 0.000000
    60 0.000000 0.000000 -0.000001 -3.141593 0.174533 0.174533
    61 0.000000 0.000000 0.000000 -3.141593 0.349066 -0.174533
    62 0.000000 0.000000 0.000000 -1.570796 0.000000 0.000000
    63 0.000000 0.000000 0.000000 -1.570796 0.000000 0.000000
    64 0.000000 0.000000 0.000000 -1.570796 0.000000 0.000000
    65 0.000000 0.000000 0.000002 -1.570796 0.000000 0.000000
    66 0.000000 0.000000 0.000000 -1.570796 0.000000 0.000000
    67 0.000000 0.000001 0.000000 -1.570796 0.000000 0.000000
    68 0.000000 0.000000 0.000000 -1.570796 0.000000 0.000000
    69 0.000000 0.000000 0.000000 -1.570796 0.000000 0.000000
    70 0.000000 0.000000 0.000000 -1.570796 0.000000 0.000000
    71 0.000000 0.000000 0.000000 -1.570796 0.000000 0.000000
    72 0.000000 0.000000 0.000000 -1.570796 0.000000 0.000000
    73 0.000000 0.000000 0.000000 -1.570796 0.000000 0.000000
    74 -2.000000 0.000000 0.000000 1.570796 0.000000 0.174533
    75 -1.500000 -0.000001 -0.250000 1.570796 0.000000 0.000000
    76 -1.000000 0.250000 0.500000 1.570796 0.000000 0.000000
    77 0.000000 0.000000 0.000000 2.094395 0.000000 -3.141593
    78 0.000000 0.000000 0.000000 2.094395 0.000000 -3.141593
    79 0.000000 -0.200001 -0.200000 1.745329 0.000000 -3.141593
    80 0.000000 -0.000001 -0.000002 1.570796 0.000000 3.141593
    81 0.000000 0.000000 0.000000 1.570796 0.000000 -3.141593
    82 0.000000 0.000000 -0.000002 1.570796 0.000000 -3.141593
    83 0.000000 0.000000 0.000000 1.570796 0.000000 3.141593
    84 -0.000002 0.000000 0.000000 1.570796 0.000000 3.141593
    85 0.000000 0.000000 0.000000 1.570796 0.000000 3.141593
    86 0.000000 0.000000 0.000000 1.570796 0.000000 3.141593
    87 0.000000 0.000000 0.000000 1.570796 0.000000 -3.141593
    88 0.000000 0.000000 0.000000 1.570796 0.000000 -3.141593
    89 0.000000 0.000000 0.000000 1.570796 0.000000 3.141593
    90 0.000000 0.000000 0.000000 1.570796 0.000000 -3.141593
    91 0.000000 0.000000 0.000000 1.570796 0.000000 -3.141593
  time 7
    0 0.000000 0.000000 0.000000 0.000000 0.000000 -0.000007
    1 0.000000 2.709942 -10.591393 0.000000 -1.570796 1.570796
    2 3.500857 9.013945 -0.640573 0.000000 -1.570796 0.000000
    3 -2.289403 -1.496114 0.973094 0.000000 0.000000 0.000000
    4 4.409996 0.000005 -0.000003 -0.108981 -0.289250 0.368184
    5 10.079981 -0.000003 -0.000001 -0.000002 -0.000003 -0.686299
    6 0.000000 -0.000001 0.000000 -0.193176 0.000005 0.000001
    7 3.359990 0.000014 -0.000007 -0.386333 0.000000 0.000003
    8 6.719987 0.000030 -0.000015 -0.579539 -0.000002 0.000001
    9 3.500862 -5.725745 -0.640568 0.000000 -1.570795 3.141592
    10 -2.186730 3.179637 -0.996149 0.000000 0.000000 0.000000
    11 4.409998 -0.000001 0.000004 -0.362951 0.123748 0.173819
    12 10.079982 0.000014 0.000025 0.000004 0.000046 -0.708279
    13 0.000001 0.000004 0.000000 0.228717 -0.000001 0.000010
    14 3.359994 0.000032 0.000015 0.457444 -0.000007 0.000004
    15 6.719987 0.000057 0.000028 0.686144 0.000003 0.000003
    16 0.000000 0.000000 0.000000 1.562479 0.000000 -3.151515
    17 5.900332 -18.038717 -7.340783 2.258270 -0.449121 -2.419371
    18 -0.118055 -0.108981 0.513327 -0.000047 -0.086523 0.000009
    19 4.409994 -0.000012 0.000012 0.000000 0.000000 0.000000
    20 -3.422661 1.711283 0.470872 0.018364 -0.593174 -0.075895
    21 1.410028 0.000010 0.000007 0.000006 0.000009 -0.987481
    22 0.993011 -0.000001 0.000006 0.000001 -0.000006 -0.761963
    23 -1.022532 1.571291 -0.406268 0.562009 -1.088038 -0.422346
    24 1.337718 0.000005 0.000002 -3.141591 -1.497669 3.135755
    25 1.180473 -0.000093 -0.000003 2.322271 -1.447922 -2.264049
    26 -0.666712 0.565948 -0.425195 0.276535 -1.168921 -0.243380
    27 1.311736 0.000006 0.000004 -3.109347 -1.501840 3.110658
    28 1.132875 -0.000003 -0.000005 -2.277655 -1.482347 2.251198
    29 -0.835869 -0.375753 -0.250998 -0.232083 -1.169899 0.124274
    30 1.303124 0.000019 0.000004 2.990854 -1.546793 -2.976011
    31 1.094648 -0.000011 -0.000003 -0.062816 -1.544912 0.032862
    32 -1.144743 -1.304737 0.171518 -0.974001 -1.088390 0.663341
    33 1.052849 0.000000 -0.000004 3.124857 -1.425270 3.135795
    34 0.916342 -0.000031 0.000001 3.141553 -1.536954 -3.129942
    35 -7.779457 -16.967148 -13.633754 0.900063 -0.021850 -1.603185
    36 -0.117880 -0.102734 -0.180849 0.000013 0.017066 0.000000
    37 4.409983 -0.000034 0.000004 0.000000 0.000000 0.000000
    38 -3.459356 1.711287 -0.541797 0.125169 -0.669906 3.034105
    39 -1.410028 -0.000005 -0.000014 0.000004 0.000001 -0.911659
    40 -0.993008 0.000010 -0.000011 0.000000 -0.000006 -0.908928
    41 -1.077398 1.571280 0.162236 0.351673 -1.124156 2.999846
    42 -1.337713 0.000003 -0.000002 3.078234 -1.322288 -3.107495
    43 -1.180471 0.000072 0.000002 0.222693 -1.503459 -0.194122
    44 -0.719599 0.565946 0.238754 -0.061928 -1.418387 -3.057538
    45 -1.311414 -0.000009 -0.000267 0.002810 -1.315827 0.001501
    46 -1.132872 0.000005 -0.000066 3.139362 -1.176202 -3.092139
    47 -1.239075 -1.304744 -0.314278 -1.430303 -0.982760 -2.003829
    48 -1.052850 0.000005 -0.000004 2.863323 -1.535755 3.140266
    49 -0.916342 0.000033 0.000003 3.130054 -1.386235 -3.118064
    50 -0.900585 -0.375762 0.090056 -0.779868 -1.244725 -2.521915
    51 -1.303123 -0.000014 0.000008 -0.004240 -1.451229 -0.001012
    52 -1.094650 0.000007 0.000003 -2.577326 -1.476285 2.574417
    53 0.000000 0.000000 0.000000 0.000000 0.000000 0.000000
    54 0.000000 0.000000 0.000000 0.000000 0.000000 -1.570796
    55 0.000000 0.000000 0.000000 0.000000 0.000000 -1.570796
    56 -2.000000 0.000000 0.000000 -1.570796 0.000000 0.174533
    57 -1.500000 0.000002 0.000000 -1.570796 0.000000 0.000000
    58 0.000000 0.500000 0.000000 -1.570796 0.261799 0.000000
    59 -0.000001 0.000000 0.000000 -3.141593 0.174533 0.000000
    60 0.000000 0.000000 -0.000001 -3.141593 0.174533 0.174533
    61 0.000000 0.000000 0.000000 -3.141593 0.349066 -0.174533
    62 0.000000 0.000000 0.000000 -1.570796 0.000000 0.000000
    63 0.000000 0.000000 0.000000 -1.570796 0.000000 0.000000
    64 0.000000 0.000000 0.000000 -1.570796 0.000000 0.000000
    65 0.000000 0.000000 0.000002 -1.570796 0.000000 0.000000
    66 0.000000 0.000000 0.000000 -1.570796 0.000000 0.000000
    67 0.000000 0.000001 0.000000 -1.570796 0.000000 0.000000
    68 0.000000 0.000000 0.000000 -1.570796 0.000000 0.000000
    69 0.000000 0.000000 0.000000 -1.570796 0.000000 0.000000
    70 0.000000 0.000000 0.000000 -1.570796 0.000000 0.000000
    71 0.000000 0.000000 0.000000 -1.570796 0.000000 0.000000
    72 0.000000 0.000000 0.000000 -1.570796 0.000000 0.000000
    73 0.000000 0.000000 0.000000 -1.570796 0.000000 0.000000
    74 -2.000000 0.000000 0.000000 1.570796 0.000000 0.174533
    75 -1.500000 -0.000001 -0.250000 1.570796 0.000000 0.000000
    76 -1.000000 0.250000 0.500000 1.570796 0.000000 0.000000
    77 0.000000 0.000000 0.000000 2.094395 0.000000 -3.141593
    78 0.000000 0.000000 0.000000 2.094395 0.000000 -3.141593
    79 0.000000 -0.200001 -0.200000 1.745329 0.000000 -3.141593
    80 0.000000 -0.000001 -0.000002 1.570796 0.000000 3.141593
    81 0.000000 0.000000 0.000000 1.570796 0.000000 -3.141593
    82 0.000000 0.000000 -0.000002 1.570796 0.000000 -3.141593
    83 0.000000 0.000000 0.000000 1.570796 0.000000 3.141593
    84 -0.000002 0.000000 0.000000 1.570796 0.000000 3.141593
    85 0.000000 0.000000 0.000000 1.570796 0.000000 3.141593
    86 0.000000 0.000000 0.000000 1.570796 0.000000 3.141593
    87 0.000000 0.000000 0.000000 1.570796 0.000000 -3.141593
    88 0.000000 0.000000 0.000000 1.570796 0.000000 -3.141593
    89 0.000000 0.000000 0.000000 1.570796 0.000000 3.141593
    90 0.000000 0.000000 0.000000 1.570796 0.000000 -3.141593
    91 0.000000 0.000000 0.000000 1.570796 0.000000 -3.141593
  time 8
    0 0.000000 0.000000 0.000000 0.000000 0.000000 -0.000007
    1 0.000000 2.709942 -10.591393 0.000000 -1.570796 1.570796
    2 3.500857 9.013945 -0.640573 0.000000 -1.570796 0.000000
    3 -2.289403 -1.496114 0.973094 0.000000 0.000000 0.000000
    4 4.409996 0.000005 -0.000003 -0.108981 -0.289250 0.368184
    5 10.079981 -0.000003 -0.000001 -0.000002 -0.000003 -0.686299
    6 0.000000 -0.000001 0.000000 -0.193176 0.000005 0.000001
    7 3.359990 0.000014 -0.000007 -0.386333 0.000000 0.000003
    8 6.719987 0.000030 -0.000015 -0.579539 -0.000002 0.000001
    9 3.500862 -5.725745 -0.640568 0.000000 -1.570795 3.141592
    10 -2.186730 3.179637 -0.996149 0.000000 0.000000 0.000000
    11 4.409998 -0.000001 0.000004 -0.308413 0.164933 0.227654
    12 10.079982 0.000014 0.000025 0.000004 0.000046 -0.770562
    13 0.000001 0.000004 0.000000 0.212586 -0.000001 0.000010
    14 3.359994 0.000032 0.000015 0.425147 -0.000007 0.000004
    15 6.719987 0.000057 0.000028 0.637726 0.000003 0.000003
    16 0.000000 0.000000 0.000000 1.564013 0.000000 -3.150161
    17 6.158152 -17.851211 -8.227529 2.243234 -0.404971 -2.590551
    18 -0.118055 -0.108981 0.513327 -0.000047 -0.086523 0.000009
    19 4.409994 -0.000012 0.000012 0.000000 0.000000 0.000000
    20 -3.422661 1.711283 0.470872 0.018364 -0.593174 -0.075895
    21 1.410028 0.000010 0.000007 0.000006 0.000009 -0.987481
    22 0.993011 -0.000001 0.000006 0.000001 -0.000006 -0.761963
    23 -1.022532 1.571291 -0.406268 0.562009 -1.088038 -0.422346
    24 1.337718 0.000005 0.000002 -3.141591 -1.497669 3.135755
    25 1.180473 -0.000093 -0.000003 2.322271 -1.447922 -2.264049
    26 -0.666712 0.565948 -0.425195 0.276535 -1.168921 -0.243380
    27 1.311736 0.000006 0.000004 -3.109347 -1.501840 3.110658
    28 1.132875 -0.000003 -0.000005 -2.277655 -1.482347 2.251198
    29 -0.835869 -0.375753 -0.250998 -0.232083 -1.169899 0.124274
    30 1.303124 0.000019 0.000004 2.990854 -1.546793 -2.976011
    31 1.094648 -0.000011 -0.000003 -0.062804 -1.544912 0.032862
    32 -1.144743 -1.304737 0.171518 -0.973982 -1.088390 0.663341
    33 1.052849 0.000000 -0.000004 3.124857 -1.425270 3.135795
    34 0.916342 -0.000031 0.000001 3.141553 -1.536954 -3.129942
    35 -7.779457 -16.967148 -13.633754 0.900063 -0.021850 -1.603185
    36 -0.117880 -0.102734 -0.180849 0.000013 0.017066 0.000000
    37 4.409983 -0.000034 0.000004 0.000000 0.000000 0.000000
    38 -3.459356 1.711287 -0.541797 0.125169 -0.669906 3.034105
    39 -1.410028 -0.000005 -0.000014 0.000004 0.000001 -0.911659
    40 -0.993008 0.000010 -0.000011 0.000000 -0.000006 -0.908928
    41 -1.077398 1.571280 0.162236 0.351673 -1.124156 2.999846
    42 -1.337713 0.000003 -0.000002 3.078234 -1.322288 -3.107495
    43 -1.180471 0.000072 0.000002 0.222693 -1.503459 -0.194122
    44 -0.719599 0.565946 0.238754 -0.061928 -1.418387 -3.057538
    45 -1.311414 -0.000009 -0.000267 0.002810 -1.315827 0.001501
    46 -1.132872 0.000005 -0.000066 3.139362 -1.176202 -3.092139
    47 -1.239075 -1.304744 -0.314278 -1.430303 -0.982760 -2.003829
    48 -1.052850 0.000005 -0.000004 2.863323 -1.535755 3.140266
    49 -0.916342 0.000033 0.000003 3.130054 -1.386235 -3.118064
    50 -0.900585 -0.375762 0.090056 -0.779868 -1.244725 -2.521915
    51 -1.303123 -0.000014 0.000008 -0.004240 -1.451229 -0.001012
    52 -1.094650 0.000007 0.000003 -2.577326 -1.476285 2.574417
    53 0.000000 0.000000 0.000000 0.000000 0.000000 0.000000
    54 0.000000 0.000000 0.000000 0.000000 0.000000 -1.570796
    55 0.000000 0.000000 0.000000 0.000000 0.000000 -1.570796
    56 -2.000000 0.000000 0.000000 -1.570796 0.000000 0.174533
    57 -1.500000 0.000002 0.000000 -1.570796 0.000000 0.000000
    58 0.000000 0.500000 0.000000 -1.570796 0.261799 0.000000
    59 -0.000001 0.000000 0.000000 -3.141593 0.174533 0.000000
    60 0.000000 0.000000 -0.000001 -3.141593 0.174533 0.174533
    61 0.000000 0.000000 0.000000 -3.141593 0.349066 -0.174533
    62 0.000000 0.000000 0.000000 -1.570796 0.000000 0.000000
    63 0.000000 0.000000 0.000000 -1.570796 0.000000 0.000000
    64 0.000000 0.000000 0.000000 -1.570796 0.000000 0.000000
    65 0.000000 0.000000 0.000002 -1.570796 0.000000 0.000000
    66 0.000000 0.000000 0.000000 -1.570796 0.000000 0.000000
    67 0.000000 0.000001 0.000000 -1.570796 0.000000 0.000000
    68 0.000000 0.000000 0.000000 -1.570796 0.000000 0.000000
    69 0.000000 0.000000 0.000000 -1.570796 0.000000 0.000000
    70 0.000000 0.000000 0.000000 -1.570796 0.000000 0.000000
    71 0.000000 0.000000 0.000000 -1.570796 0.000000 0.000000
    72 0.000000 0.000000 0.000000 -1.570796 0.000000 0.000000
    73 0.000000 0.000000 0.000000 -1.570796 0.000000 0.000000
    74 -2.000000 0.000000 0.000000 1.570796 0.000000 0.174533
    75 -1.500000 -0.000001 -0.250000 1.570796 0.000000 0.000000
    76 -1.000000 0.250000 0.500000 1.570796 0.000000 0.000000
    77 0.000000 0.000000 0.000000 2.094395 0.000000 -3.141593
    78 0.000000 0.000000 0.000000 2.094395 0.000000 -3.141593
    79 0.000000 -0.200001 -0.200000 1.745329 0.000000 -3.141593
    80 0.000000 -0.000001 -0.000002 1.570796 0.000000 3.141593
    81 0.000000 0.000000 0.000000 1.570796 0.000000 -3.141593
    82 0.000000 0.000000 -0.000002 1.570796 0.000000 -3.141593
    83 0.000000 0.000000 0.000000 1.570796 0.000000 3.141593
    84 -0.000002 0.000000 0.000000 1.570796 0.000000 3.141593
    85 0.000000 0.000000 0.000000 1.570796 0.000000 3.141593
    86 0.000000 0.000000 0.000000 1.570796 0.000000 3.141593
    87 0.000000 0.000000 0.000000 1.570796 0.000000 -3.141593
    88 0.000000 0.000000 0.000000 1.570796 0.000000 -3.141593
    89 0.000000 0.000000 0.000000 1.570796 0.000000 3.141593
    90 0.000000 0.000000 0.000000 1.570796 0.000000 -3.141593
    91 0.000000 0.000000 0.000000 1.570796 0.000000 -3.141593
  time 9
    0 0.000000 0.000000 0.000000 0.000000 0.000000 -0.000007
    1 0.000000 2.709942 -10.591393 0.000000 -1.570796 1.570796
    2 3.500857 9.013945 -0.640573 0.000000 -1.570796 0.000000
    3 -2.289403 -1.496114 0.973094 0.000000 0.000000 0.000000
    4 4.409996 0.000005 -0.000003 -0.108981 -0.289250 0.368184
    5 10.079981 -0.000003 -0.000001 -0.000002 -0.000003 -0.686299
    6 0.000000 -0.000001 0.000000 -0.193176 0.000005 0.000001
    7 3.359990 0.000014 -0.000007 -0.386333 0.000000 0.000003
    8 6.719987 0.000030 -0.000015 -0.579539 -0.000002 0.000001
    9 3.500862 -5.725745 -0.640568 0.000000 -1.570795 3.141592
    10 -2.186730 3.179637 -0.996149 0.000000 0.000000 0.000000
    11 4.409998 -0.000001 0.000004 -0.236704 0.205692 0.290789
    12 10.079982 0.000014 0.000025 0.000004 0.000046 -0.824852
    13 0.000001 0.000004 0.000000 0.209781 -0.000001 0.000010
    14 3.359994 0.000032 0.000015 0.419561 -0.000007 0.000004
    15 6.719987 0.000057 0.000028 0.629376 0.000003 0.000003
    16 0.000000 0.000000 0.000000 1.566170 0.000000 -3.148220
    17 6.634730 -17.667612 -9.282249 2.215287 -0.314556 -2.628560
    18 -0.118055 -0.108981 0.513327 -0.000047 -0.086523 0.000009
    19 4.409994 -0.000012 0.000012 0.000000 0.000000 0.000000
    20 -3.422661 1.711283 0.470872 0.018364 -0.593174 -0.075895
    21 1.410028 0.000010 0.000007 0.000006 0.000009 -0.987481
    22 0.993011 -0.000001 0.000006 0.000001 -0.000006 -0.761963
    23 -1.022532 1.571291 -0.406268 0.562009 -1.088038 -0.422346
    24 1.337718 0.000005 0.000002 -3.141591 -1.497669 3.135755
    25 1.180473 -0.000093 -0.000003 2.322271 -1.447922 -2.264049
    26 -0.666712 0.565948 -0.425195 0.276535 -1.168921 -0.243380
    27 1.311736 0.000006 0.000004 -3.109347 -1.501840 3.110658
    28 1.132875 -0.000003 -0.000005 -2.277655 -1.482347 2.251198
    29 -0.835869 -0.375753 -0.250998 -0.232083 -1.169899 0.124274
    30 1.303124 0.000019 0.000004 2.990854 -1.546793 -2.976011
    31 1.094648 -0.000011 -0.000003 -0.062804 -1.544912 0.032862
    32 -1.144743 -1.304737 0.171518 -0.974001 -1.088390 0.663341
    33 1.052849 0.000000 -0.000004 3.124857 -1.425270 3.135795
    34 0.916342 -0.000031 0.000001 3.141553 -1.536954 -3.129942
    35 -7.779457 -16.967148 -13.633754 0.900063 -0.021850 -1.603185
    36 -0.117880 -0.102734 -0.180849 0.000013 0.017066 0.000000
    37 4.409983 -0.000034 0.000004 0.000000 0.000000 0.000000
    38 -3.459356 1.711287 -0.541797 0.125169 -0.669906 3.034105
    39 -1.410028 -0.000005 -0.000014 0.000004 0.000001 -0.911659
    40 -0.993008 0.000010 -0.000011 0.000000 -0.000006 -0.908928
    41 -1.077398 1.571280 0.162236 0.351673 -1.124156 2.999846
    42 -1.337713 0.000003 -0.000002 3.078234 -1.322288 -3.107495
    43 -1.180471 0.000072 0.000002 0.222693 -1.503459 -0.194122
    44 -0.719599 0.565946 0.238754 -0.061928 -1.418387 -3.057538
    45 -1.311414 -0.000009 -0.000267 0.002810 -1.315827 0.001501
    46 -1.132872 0.000005 -0.000066 3.139362 -1.176202 -3.092139
    47 -1.239075 -1.304744 -0.314278 -1.430303 -0.982760 -2.003829
    48 -1.052850 0.000005 -0.000004 2.863323 -1.535755 3.140266
    49 -0.916342 0.000033 0.000003 3.130054 -1.386235 -3.118064
    50 -0.900585 -0.375762 0.090056 -0.779868 -1.244725 -2.521915
    51 -1.303123 -0.000014 0.000008 -0.004240 -1.451229 -0.001012
    52 -1.094650 0.000007 0.000003 -2.577326 -1.476285 2.574417
    53 0.000000 0.000000 0.000000 0.000000 0.000000 0.000000
    54 0.000000 0.000000 0.000000 0.000000 0.000000 -1.570796
    55 0.000000 0.000000 0.000000 0.000000 0.000000 -1.570796
    56 -2.000000 0.000000 0.000000 -1.570796 0.000000 0.174533
    57 -1.500000 0.000002 0.000000 -1.570796 0.000000 0.000000
    58 0.000000 0.500000 0.000000 -1.570796 0.261799 0.000000
    59 -0.000001 0.000000 0.000000 -3.141593 0.174533 0.000000
    60 0.000000 0.000000 -0.000001 -3.141593 0.174533 0.174533
    61 0.000000 0.000000 0.000000 -3.141593 0.349066 -0.174533
    62 0.000000 0.000000 0.000000 -1.570796 0.000000 0.000000
    63 0.000000 0.000000 0.000000 -1.570796 0.000000 0.000000
    64 0.000000 0.000000 0.000000 -1.570796 0.000000 0.000000
    65 0.000000 0.000000 0.000002 -1.570796 0.000000 0.000000
    66 0.000000 0.000000 0.000000 -1.570796 0.000000 0.000000
    67 0.000000 0.000001 0.000000 -1.570796 0.000000 0.000000
    68 0.000000 0.000000 0.000000 -1.570796 0.000000 0.000000
    69 0.000000 0.000000 0.000000 -1.570796 0.000000 0.000000
    70 0.000000 0.000000 0.000000 -1.570796 0.000000 0.000000
    71 0.000000 0.000000 0.000000 -1.570796 0.000000 0.000000
    72 0.000000 0.000000 0.000000 -1.570796 0.000000 0.000000
    73 0.000000 0.000000 0.000000 -1.570796 0.000000 0.000000
    74 -2.000000 0.000000 0.000000 1.570796 0.000000 0.174533
    75 -1.500000 -0.000001 -0.250000 1.570796 0.000000 0.000000
    76 -1.000000 0.250000 0.500000 1.570796 0.000000 0.000000
    77 0.000000 0.000000 0.000000 2.094395 0.000000 -3.141593
    78 0.000000 0.000000 0.000000 2.094395 0.000000 -3.141593
    79 0.000000 -0.200001 -0.200000 1.745329 0.000000 -3.141593
    80 0.000000 -0.000001 -0.000002 1.570796 0.000000 3.141593
    81 0.000000 0.000000 0.000000 1.570796 0.000000 -3.141593
    82 0.000000 0.000000 -0.000002 1.570796 0.000000 -3.141593
    83 0.000000 0.000000 0.000000 1.570796 0.000000 3.141593
    84 -0.000002 0.000000 0.000000 1.570796 0.000000 3.141593
    85 0.000000 0.000000 0.000000 1.570796 0.000000 3.141593
    86 0.000000 0.000000 0.000000 1.570796 0.000000 3.141593
    87 0.000000 0.000000 0.000000 1.570796 0.000000 -3.141593
    88 0.000000 0.000000 0.000000 1.570796 0.000000 -3.141593
    89 0.000000 0.000000 0.000000 1.570796 0.000000 3.141593
    90 0.000000 0.000000 0.000000 1.570796 0.000000 -3.141593
    91 0.000000 0.000000 0.000000 1.570796 0.000000 -3.141593
  time 10
    0 0.000000 0.000000 0.000000 0.000000 0.000000 -0.000007
    1 0.000000 2.709942 -10.591393 0.000000 -1.570796 1.570796
    2 3.500857 9.013945 -0.640573 0.000000 -1.570796 0.000000
    3 -2.289403 -1.496114 0.973094 0.000000 0.000000 0.000000
    4 4.409996 0.000005 -0.000003 -0.108981 -0.289250 0.368184
    5 10.079981 -0.000003 -0.000001 -0.000002 -0.000003 -0.686299
    6 0.000000 -0.000001 0.000000 -0.193176 0.000005 0.000001
    7 3.359990 0.000014 -0.000007 -0.386333 0.000000 0.000003
    8 6.719987 0.000030 -0.000015 -0.579539 -0.000002 0.000001
    9 3.500862 -5.725745 -0.640568 0.000000 -1.570795 3.141592
    10 -2.186730 3.179637 -0.996149 0.000000 0.000000 0.000000
    11 4.409998 -0.000001 0.000004 -0.141376 0.242423 0.356179
    12 10.079982 0.000014 0.000025 0.000004 0.000046 -0.862543
    13 0.000001 0.000004 0.000000 0.213832 -0.000001 0.000010
    14 3.359994 0.000032 0.000015 0.427654 -0.000007 0.000004
    15 6.719987 0.000057 0.000028 0.641488 0.000003 0.000003
    16 0.000000 0.000000 0.000000 1.568363 0.000000 -3.145942
    17 7.333970 -17.480106 -10.528381 2.202219 -0.210725 -2.489156
    18 -0.118055 -0.108981 0.513327 -0.000047 -0.086523 0.000009
    19 4.409994 -0.000012 0.000012 0.000000 0.000000 0.000000
    20 -3.422661 1.711283 0.470872 0.018364 -0.593174 -0.075895
    21 1.410028 0.000010 0.000007 0.000006 0.000009 -0.987481
    22 0.993011 -0.000001 0.000006 0.000001 -0.000006 -0.761963
    23 -1.022532 1.571291 -0.406268 0.562009 -1.088038 -0.422346
    24 1.337718 0.000005 0.000002 -3.141591 -1.497669 3.135755
    25 1.180473 -0.000093 -0.000003 2.322271 -1.447922 -2.264049
    26 -0.666712 0.565948 -0.425195 0.276535 -1.168921 -0.243380
    27 1.311736 0.000006 0.000004 -3.109347 -1.501840 3.110658
    28 1.132875 -0.000003 -0.000005 -2.277655 -1.482347 2.251198
    29 -0.835869 -0.375753 -0.250998 -0.232083 -1.169899 0.124274
    30 1.303124 0.000019 0.000004 2.990854 -1.546793 -2.976011
    31 1.094648 -0.000011 -0.000003 -0.062804 -1.544912 0.032862
    32 -1.144743 -1.304737 0.171518 -0.974001 -1.088390 0.663341
    33 1.052849 0.000000 -0.000004 3.124857 -1.425270 3.135795
    34 0.916342 -0.000031 0.000001 3.141553 -1.536954 -3.129942
    35 -7.779457 -16.967148 -13.633754 0.900063 -0.021850 -1.603185
    36 -0.117880 -0.102734 -0.180849 0.000013 0.017066 0.000000
    37 4.409983 -0.000034 0.000004 0.000000 0.000000 0.000000
    38 -3.459356 1.711287 -0.541797 0.125169 -0.669906 3.034105
    39 -1.410028 -0.000005 -0.000014 0.000004 0.000001 -0.911659
    40 -0.993008 0.000010 -0.000011 0.000000 -0.000006 -0.908928
    41 -1.077398 1.571280 0.162236 0.351673 -1.124156 2.999846
    42 -1.337713 0.000003 -0.000002 3.078234 -1.322288 -3.107495
    43 -1.180471 0.000072 0.000002 0.222693 -1.503459 -0.194122
    44 -0.719599 0.565946 0.238754 -0.061928 -1.418387 -3.057538
    45 -1.311414 -0.000009 -0.000267 0.002810 -1.315827 0.001501
    46 -1.132872 0.000005 -0.000066 3.139362 -1.176202 -3.092139
    47 -1.239075 -1.304744 -0.314278 -1.430303 -0.982760 -2.003829
    48 -1.052850 0.000005 -0.000004 2.863323 -1.535755 3.140266
    49 -0.916342 0.000033 0.000003 3.130054 -1.386235 -3.118064
    50 -0.900585 -0.375762 0.090056 -0.779868 -1.244725 -2.521915
    51 -1.303123 -0.000014 0.000008 -0.004240 -1.451229 -0.001012
    52 -1.094650 0.000007 0.000003 -2.577326 -1.476285 2.574417
    53 0.000000 0.000000 0.000000 0.000000 0.000000 0.000000
    54 0.000000 0.000000 0.000000 0.000000 0.000000 -1.570796
    55 0.000000 0.000000 0.000000 0.000000 0.000000 -1.570796
    56 -2.000000 0.000000 0.000000 -1.570796 0.000000 0.174533
    57 -1.500000 0.000002 0.000000 -1.570796 0.000000 0.000000
    58 0.000000 0.500000 0.000000 -1.570796 0.261799 0.000000
    59 -0.000001 0.000000 0.000000 -3.141593 0.174533 0.000000
    60 0.000000 0.000000 -0.000001 -3.141593 0.174533 0.174533
    61 0.000000 0.000000 0.000000 -3.141593 0.349066 -0.174533
    62 0.000000 0.000000 0.000000 -1.570796 0.000000 0.000000
    63 0.000000 0.000000 0.000000 -1.570796 0.000000 0.000000
    64 0.000000 0.000000 0.000000 -1.570796 0.000000 0.000000
    65 0.000000 0.000000 0.000002 -1.570796 0.000000 0.000000
    66 0.000000 0.000000 0.000000 -1.570796 0.000000 0.000000
    67 0.000000 0.000001 0.000000 -1.570796 0.000000 0.000000
    68 0.000000 0.000000 0.000000 -1.570796 0.000000 0.000000
    69 0.000000 0.000000 0.000000 -1.570796 0.000000 0.000000
    70 0.000000 0.000000 0.000000 -1.570796 0.000000 0.000000
    71 0.000000 0.000000 0.000000 -1.570796 0.000000 0.000000
    72 0.000000 0.000000 0.000000 -1.570796 0.000000 0.000000
    73 0.000000 0.000000 0.000000 -1.570796 0.000000 0.000000
    74 -2.000000 0.000000 0.000000 1.570796 0.000000 0.174533
    75 -1.500000 -0.000001 -0.250000 1.570796 0.000000 0.000000
    76 -1.000000 0.250000 0.500000 1.570796 0.000000 0.000000
    77 0.000000 0.000000 0.000000 2.094395 0.000000 -3.141593
    78 0.000000 0.000000 0.000000 2.094395 0.000000 -3.141593
    79 0.000000 -0.200001 -0.200000 1.745329 0.000000 -3.141593
    80 0.000000 -0.000001 -0.000002 1.570796 0.000000 3.141593
    81 0.000000 0.000000 0.000000 1.570796 0.000000 -3.141593
    82 0.000000 0.000000 -0.000002 1.570796 0.000000 -3.141593
    83 0.000000 0.000000 0.000000 1.570796 0.000000 3.141593
    84 -0.000002 0.000000 0.000000 1.570796 0.000000 3.141593
    85 0.000000 0.000000 0.000000 1.570796 0.000000 3.141593
    86 0.000000 0.000000 0.000000 1.570796 0.000000 3.141593
    87 0.000000 0.000000 0.000000 1.570796 0.000000 -3.141593
    88 0.000000 0.000000 0.000000 1.570796 0.000000 -3.141593
    89 0.000000 0.000000 0.000000 1.570796 0.000000 3.141593
    90 0.000000 0.000000 0.000000 1.570796 0.000000 -3.141593
    91 0.000000 0.000000 0.000000 1.570796 0.000000 -3.141593
  time 11
    0 0.000000 0.000000 0.000000 0.000000 0.000000 -0.000007
    1 0.000000 2.709942 -10.591393 0.000000 -1.570796 1.570796
    2 3.500857 9.013945 -0.640573 0.000000 -1.570796 0.000000
    3 -2.289403 -1.496114 0.973094 0.000000 0.000000 0.000000
    4 4.409996 0.000005 -0.000003 -0.108981 -0.289250 0.368184
    5 10.079981 -0.000003 -0.000001 -0.000002 -0.000003 -0.686299
    6 0.000000 -0.000001 0.000000 -0.193176 0.000005 0.000001
    7 3.359990 0.000014 -0.000007 -0.386333 0.000000 0.000003
    8 6.719987 0.000030 -0.000015 -0.579539 -0.000002 0.000001
    9 3.500862 -5.725745 -0.640568 0.000000 -1.570795 3.141592
    10 -2.186730 3.179637 -0.996149 0.000000 0.000000 0.000000
    11 4.409998 -0.000001 0.000004 -0.019316 0.271686 0.412353
    12 10.079982 0.000014 0.000025 0.000004 0.000046 -0.868360
    13 0.000001 0.000004 0.000000 0.211699 -0.000001 0.000010
    14 3.359994 0.000032 0.000015 0.423399 -0.000007 0.000004
    15 6.719987 0.000057 0.000028 0.635104 0.000003 0.000003
    16 0.000000 0.000000 0.000000 1.570125 0.000000 -3.143641
    17 8.251966 -17.296507 -11.950299 2.204266 -0.093295 -2.172339
    18 -0.118055 -0.108981 0.513327 -0.000047 -0.086523 0.000009
    19 4.409994 -0.000012 0.000012 0.000000 0.000000 0.000000
    20 -3.422661 1.711283 0.470872 0.018364 -0.593174 -0.075895
    21 1.410028 0.000010 0.000007 0.000006 0.000009 -0.987481
    22 0.993011 -0.000001 0.000006 0.000001 -0.000006 -0.761963
    23 -1.022532 1.571291 -0.406268 0.562009 -1.088038 -0.422346
    24 1.337718 0.000005 0.000002 -3.141591 -1.497669 3.135755
    25 1.180473 -0.000093 -0.000003 2.322271 -1.447922 -2.264049
    26 -0.666712 0.565948 -0.425195 0.276535 -1.168921 -0.243380
    27 1.311736 0.000006 0.000004 -3.109347 -1.501840 3.110658
    28 1.132875 -0.000003 -0.000005 -2.277655 -1.482347 2.251198
    29 -0.835869 -0.375753 -0.250998 -0.232083 -1.169899 0.124274
    30 1.303124 0.000019 0.000004 2.990854 -1.546793 -2.976011
    31 1.094648 -0.000011 -0.000003 -0.062792 -1.544912 0.032862
    32 -1.144743 -1.304737 0.171518 -0.974001 -1.088390 0.663341
    33 1.052849 0.000000 -0.000004 3.124857 -1.425270 3.135795
    34 0.916342 -0.000031 0.000001 3.141553 -1.536954 -3.129942
    35 -7.779457 -16.967148 -13.633754 0.900063 -0.021850 -1.603185
    36 -0.117880 -0.102734 -0.180849 0.000013 0.017066 0.000000
    37 4.409983 -0.000034 0.000004 0.000000 0.000000 0.000000
    38 -3.459356 1.711287 -0.541797 0.125169 -0.669906 3.034105
    39 -1.410028 -0.000005 -0.000014 0.000004 0.000001 -0.911659
    40 -0.993008 0.000010 -0.000011 0.000000 -0.000006 -0.908928
    41 -1.077398 1.571280 0.162236 0.351673 -1.124156 2.999846
    42 -1.337713 0.000003 -0.000002 3.078234 -1.322288 -3.107495
    43 -1.180471 0.000072 0.000002 0.222693 -1.503459 -0.194122
    44 -0.719599 0.565946 0.238754 -0.061928 -1.418387 -3.057538
    45 -1.311414 -0.000009 -0.000267 0.002810 -1.315827 0.001501
    46 -1.132872 0.000005 -0.000066 3.139362 -1.176202 -3.092139
    47 -1.239075 -1.304744 -0.314278 -1.430303 -0.982760 -2.003829
    48 -1.052850 0.000005 -0.000004 2.863323 -1.535755 3.140266
    49 -0.916342 0.000033 0.000003 3.130054 -1.386235 -3.118064
    50 -0.900585 -0.375762 0.090056 -0.779868 -1.244725 -2.521915
    51 -1.303123 -0.000014 0.000008 -0.004240 -1.451229 -0.001012
    52 -1.094650 0.000007 0.000003 -2.577326 -1.476285 2.574417
    53 0.000000 0.000000 0.000000 0.000000 0.000000 0.000000
    54 0.000000 0.000000 0.000000 0.000000 0.000000 -1.570796
    55 0.000000 0.000000 0.000000 0.000000 0.000000 -1.570796
    56 -2.000000 0.000000 0.000000 -1.570796 0.000000 0.174533
    57 -1.500000 0.000002 0.000000 -1.570796 0.000000 0.000000
    58 0.000000 0.500000 0.000000 -1.570796 0.261799 0.000000
    59 -0.000001 0.000000 0.000000 -3.141593 0.174533 0.000000
    60 0.000000 0.000000 -0.000001 -3.141593 0.174533 0.174533
    61 0.000000 0.000000 0.000000 -3.141593 0.349066 -0.174533
    62 0.000000 0.000000 0.000000 -1.570796 0.000000 0.000000
    63 0.000000 0.000000 0.000000 -1.570796 0.000000 0.000000
    64 0.000000 0.000000 0.000000 -1.570796 0.000000 0.000000
    65 0.000000 0.000000 0.000002 -1.570796 0.000000 0.000000
    66 0.000000 0.000000 0.000000 -1.570796 0.000000 0.000000
    67 0.000000 0.000001 0.000000 -1.570796 0.000000 0.000000
    68 0.000000 0.000000 0.000000 -1.570796 0.000000 0.000000
    69 0.000000 0.000000 0.000000 -1.570796 0.000000 0.000000
    70 0.000000 0.000000 0.000000 -1.570796 0.000000 0.000000
    71 0.000000 0.000000 0.000000 -1.570796 0.000000 0.000000
    72 0.000000 0.000000 0.000000 -1.570796 0.000000 0.000000
    73 0.000000 0.000000 0.000000 -1.570796 0.000000 0.000000
    74 -2.000000 0.000000 0.000000 1.570796 0.000000 0.174533
    75 -1.500000 -0.000001 -0.250000 1.570796 0.000000 0.000000
    76 -1.000000 0.250000 0.500000 1.570796 0.000000 0.000000
    77 0.000000 0.000000 0.000000 2.094395 0.000000 -3.141593
    78 0.000000 0.000000 0.000000 2.094395 0.000000 -3.141593
    79 0.000000 -0.200001 -0.200000 1.745329 0.000000 -3.141593
    80 0.000000 -0.000001 -0.000002 1.570796 0.000000 3.141593
    81 0.000000 0.000000 0.000000 1.570796 0.000000 -3.141593
    82 0.000000 0.000000 -0.000002 1.570796 0.000000 -3.141593
    83 0.000000 0.000000 0.000000 1.570796 0.000000 3.141593
    84 -0.000002 0.000000 0.000000 1.570796 0.000000 3.141593
    85 0.000000 0.000000 0.000000 1.570796 0.000000 3.141593
    86 0.000000 0.000000 0.000000 1.570796 0.000000 3.141593
    87 0.000000 0.000000 0.000000 1.570796 0.000000 -3.141593
    88 0.000000 0.000000 0.000000 1.570796 0.000000 -3.141593
    89 0.000000 0.000000 0.000000 1.570796 0.000000 3.141593
    90 0.000000 0.000000 0.000000 1.570796 0.000000 -3.141593
    91 0.000000 0.000000 0.000000 1.570796 0.000000 -3.141593
  time 12
    0 0.000000 0.000000 0.000000 0.000000 0.000000 -0.000007
    1 0.000000 2.709942 -10.591393 0.000000 -1.570796 1.570796
    2 3.500857 9.013945 -0.640573 0.000000 -1.570796 0.000000
    3 -2.289403 -1.496114 0.973094 0.000000 0.000000 0.000000
    4 4.409996 0.000005 -0.000003 -0.108981 -0.289250 0.368184
    5 10.079981 -0.000003 -0.000001 -0.000002 -0.000003 -0.686299
    6 0.000000 -0.000001 0.000000 -0.193176 0.000005 0.000001
    7 3.359990 0.000014 -0.000007 -0.386333 0.000000 0.000003
    8 6.719987 0.000030 -0.000015 -0.579539 -0.000002 0.000001
    9 3.500862 -5.725745 -0.640568 0.000000 -1.570795 3.141592
    10 -2.186730 3.179637 -0.996149 0.000000 0.000000 0.000000
    11 4.409998 -0.000001 0.000004 0.123945 0.296610 0.435005
    12 10.079982 0.000014 0.000025 0.000004 0.000046 -0.807165
    13 0.000001 0.000004 0.000000 0.191481 -0.000001 0.000010
    14 3.359994 0.000032 0.000015 0.382932 -0.000007 0.000004
    15 6.719987 0.000057 0.000028 0.574432 0.000003 0.000003
    16 0.000000 0.000000 0.000000 1.570796 0.000000 -3.141592
    17 9.388720 -17.109001 -13.559723 2.221349 0.037515 -1.678220
    18 -0.118055 -0.108981 0.513327 -0.000047 -0.086523 0.000009
    19 4.409994 -0.000012 0.000012 0.000000 0.000000 0.000000
    20 -3.422661 1.711283 0.470872 0.018364 -0.593174 -0.075895
    21 1.410028 0.000010 0.000007 0.000006 0.000009 -0.987481
    22 0.993011 -0.000001 0.000006 0.000001 -0.000006 -0.761963
    23 -1.022532 1.571291 -0.406268 0.562009 -1.088038 -0.422346
    24 1.337718 0.000005 0.000002 -3.141591 -1.497669 3.135755
    25 1.180473 -0.000093 -0.000003 2.322271 -1.447922 -2.264049
    26 -0.666712 0.565948 -0.425195 0.276535 -1.168921 -0.243380
    27 1.311736 0.000006 0.000004 -3.109347 -1.501840 3.110658
    28 1.132875 -0.000003 -0.000005 -2.277655 -1.482347 2.251198
    29 -0.835869 -0.375753 -0.250998 -0.232083 -1.169899 0.124274
    30 1.303124 0.000019 0.000004 2.990854 -1.546793 -2.976011
    31 1.094648 -0.000011 -0.000003 -0.062804 -1.544912 0.032862
    32 -1.144743 -1.304737 0.171518 -0.974001 -1.088390 0.663341
    33 1.052849 0.000000 -0.000004 3.124857 -1.425270 3.135795
    34 0.916342 -0.000031 0.000001 3.141553 -1.536954 -3.129942
    35 -7.779457 -16.967148 -13.633754 0.900063 -0.021850 -1.603185
    36 -0.117880 -0.102734 -0.180849 0.000013 0.017066 0.000000
    37 4.409983 -0.000034 0.000004 0.000000 0.000000 0.000000
    38 -3.459356 1.711287 -0.541797 0.125169 -0.669906 3.034105
    39 -1.410028 -0.000005 -0.000014 0.000004 0.000001 -0.911659
    40 -0.993008 0.000010 -0.000011 0.000000 -0.000006 -0.908928
    41 -1.077398 1.571280 0.162236 0.351673 -1.124156 2.999846
    42 -1.337713 0.000003 -0.000002 3.078234 -1.322288 -3.107495
    43 -1.180471 0.000072 0.000002 0.222693 -1.503459 -0.194122
    44 -0.719599 0.565946 0.238754 -0.061928 -1.418387 -3.057538
    45 -1.311414 -0.000009 -0.000267 0.002810 -1.315827 0.001501
    46 -1.132872 0.000005 -0.000066 3.139362 -1.176202 -3.092139
    47 -1.239075 -1.304744 -0.314278 -1.430303 -0.982760 -2.003829
    48 -1.052850 0.000005 -0.000004 2.863323 -1.535755 3.140266
    49 -0.916342 0.000033 0.000003 3.130054 -1.386235 -3.118064
    50 -0.900585 -0.375762 0.090056 -0.779868 -1.244725 -2.521915
    51 -1.303123 -0.000014 0.000008 -0.004240 -1.451229 -0.001012
    52 -1.094650 0.000007 0.000003 -2.577326 -1.476285 2.574417
    53 0.000000 0.000000 0.000000 0.000000 0.000000 0.000000
    54 0.000000 0.000000 0.000000 0.000000 0.000000 -1.570796
    55 0.000000 0.000000 0.000000 0.000000 0.000000 -1.570796
    56 -2.000000 0.000000 0.000000 -1.570796 0.000000 0.174533
    57 -1.500000 0.000002 0.000000 -1.570796 0.000000 0.000000
    58 0.000000 0.500000 0.000000 -1.570796 0.261799 0.000000
    59 -0.000001 0.000000 0.000000 -3.141593 0.174533 0.000000
    60 0.000000 0.000000 -0.000001 -3.141593 0.174533 0.174533
    61 0.000000 0.000000 0.000000 -3.141593 0.349066 -0.174533
    62 0.000000 0.000000 0.000000 -1.570796 0.000000 0.000000
    63 0.000000 0.000000 0.000000 -1.570796 0.000000 0.000000
    64 0.000000 0.000000 0.000000 -1.570796 0.000000 0.000000
    65 0.000000 0.000000 0.000002 -1.570796 0.000000 0.000000
    66 0.000000 0.000000 0.000000 -1.570796 0.000000 0.000000
    67 0.000000 0.000001 0.000000 -1.570796 0.000000 0.000000
    68 0.000000 0.000000 0.000000 -1.570796 0.000000 0.000000
    69 0.000000 0.000000 0.000000 -1.570796 0.000000 0.000000
    70 0.000000 0.000000 0.000000 -1.570796 0.000000 0.000000
    71 0.000000 0.000000 0.000000 -1.570796 0.000000 0.000000
    72 0.000000 0.000000 0.000000 -1.570796 0.000000 0.000000
    73 0.000000 0.000000 0.000000 -1.570796 0.000000 0.000000
    74 -2.000000 0.000000 0.000000 1.570796 0.000000 0.174533
    75 -1.500000 -0.000001 -0.250000 1.570796 0.000000 0.000000
    76 -1.000000 0.250000 0.500000 1.570796 0.000000 0.000000
    77 0.000000 0.000000 0.000000 2.094395 0.000000 -3.141593
    78 0.000000 0.000000 0.000000 2.094395 0.000000 -3.141593
    79 0.000000 -0.200001 -0.200000 1.745329 0.000000 -3.141593
    80 0.000000 -0.000001 -0.000002 1.570796 0.000000 3.141593
    81 0.000000 0.000000 0.000000 1.570796 0.000000 -3.141593
    82 0.000000 0.000000 -0.000002 1.570796 0.000000 -3.141593
    83 0.000000 0.000000 0.000000 1.570796 0.000000 3.141593
    84 -0.000002 0.000000 0.000000 1.570796 0.000000 3.141593
    85 0.000000 0.000000 0.000000 1.570796 0.000000 3.141593
    86 0.000000 0.000000 0.000000 1.570796 0.000000 3.141593
    87 0.000000 0.000000 0.000000 1.570796 0.000000 -3.141593
    88 0.000000 0.000000 0.000000 1.570796 0.000000 -3.141593
    89 0.000000 0.000000 0.000000 1.570796 0.000000 3.141593
    90 0.000000 0.000000 0.000000 1.570796 0.000000 -3.141593
    91 0.000000 0.000000 0.000000 1.570796 0.000000 -3.141593
  time 13
    0 0.000000 0.000000 0.000000 0.000000 0.000000 -0.000007
    1 0.000000 2.709942 -10.591393 0.000000 -1.570796 1.570796
    2 3.500857 9.013945 -0.640573 0.000000 -1.570796 0.000000
    3 -2.289403 -1.496114 0.973094 0.000000 0.000000 0.000000
    4 4.409996 0.000005 -0.000003 -0.053293 -0.249412 0.349274
    5 10.079981 -0.000003 -0.000001 -0.000002 -0.000003 -0.712566
    6 0.000000 -0.000001 0.000000 -0.184999 0.000005 0.000001
    7 3.359990 0.000014 -0.000007 -0.369953 0.000000 0.000003
    8 6.719987 0.000030 -0.000015 -0.555007 -0.000002 0.000001
    9 3.500862 -5.725745 -0.640568 0.000000 -1.570795 3.141592
    10 -2.186730 3.179637 -0.996149 0.000000 0.000000 0.000000
    11 4.409998 -0.000001 0.000004 0.123945 0.296610 0.435005
    12 10.079982 0.000014 0.000025 0.000004 0.000046 -0.807260
    13 0.000001 0.000004 0.000000 0.191493 -0.000001 0.000010
    14 3.359994 0.000032 0.000015 0.382932 -0.000007 0.000004
    15 6.719987 0.000057 0.000028 0.574432 0.000003 0.000003
    16 0.000000 0.000000 0.000000 1.570149 0.000000 -3.139447
    17 9.388720 -17.109001 -13.559723 2.221349 0.037515 -1.678220
    18 -0.118055 -0.108981 0.513327 -0.000047 -0.086523 0.000009
    19 4.409994 -0.000012 0.000012 0.000000 0.000000 0.000000
    20 -3.422661 1.711283 0.470872 0.018364 -0.593174 -0.075895
    21 1.410028 0.000010 0.000007 0.000006 0.000009 -0.987481
    22 0.993011 -0.000001 0.000006 0.000001 -0.000006 -0.761963
    23 -1.022532 1.571291 -0.406268 0.562009 -1.088038 -0.422346
    24 1.337718 0.000005 0.000002 -3.141591 -1.497669 3.135755
    25 1.180473 -0.000093 -0.000003 2.322271 -1.447922 -2.264049
    26 -0.666712 0.565948 -0.425195 0.276535 -1.168921 -0.243380
    27 1.311736 0.000006 0.000004 -3.109347 -1.501840 3.110658
    28 1.132875 -0.000003 -0.000005 -2.277655 -1.482347 2.251198
    29 -0.835869 -0.375753 -0.250998 -0.232083 -1.169899 0.124274
    30 1.303124 0.000019 0.000004 2.990854 -1.546793 -2.976011
    31 1.094648 -0.000011 -0.000003 -0.062804 -1.544912 0.032862
    32 -1.144743 -1.304737 0.171518 -0.974001 -1.088390 0.663341
    33 1.052849 0.000000 -0.000004 3.124857 -1.425270 3.135795
    34 0.916342 -0.000031 0.000001 3.141553 -1.536954 -3.129942
    35 -7.275535 -17.181998 -12.586847 0.918407 0.065592 -1.667045
    36 -0.117880 -0.102734 -0.180849 0.000013 0.017066 0.000000
    37 4.409983 -0.000034 0.000004 0.000000 0.000000 0.000000
    38 -3.459356 1.711287 -0.541797 0.125169 -0.669906 3.034105
    39 -1.410028 -0.000005 -0.000014 0.000004 0.000001 -0.911659
    40 -0.993008 0.000010 -0.000011 0.000000 -0.000006 -0.908928
    41 -1.077398 1.571280 0.162236 0.351673 -1.124156 2.999846
    42 -1.337713 0.000003 -0.000002 3.078234 -1.322288 -3.107495
    43 -1.180471 0.000072 0.000002 0.222705 -1.503459 -0.194122
    44 -0.719599 0.565946 0.238754 -0.061928 -1.418387 -3.057526
    45 -1.311414 -0.000009 -0.000267 0.002810 -1.315827 0.001501
    46 -1.132872 0.000005 -0.000066 3.139362 -1.176202 -3.092139
    47 -1.239075 -1.304744 -0.314278 -1.430303 -0.982760 -2.003829
    48 -1.052850 0.000005 -0.000004 2.863323 -1.535755 3.140266
    49 -0.916342 0.000033 0.000003 3.130054 -1.386235 -3.118064
    50 -0.900585 -0.375762 0.090056 -0.779868 -1.244725 -2.521915
    51 -1.303123 -0.000014 0.000008 -0.004240 -1.451229 -0.001012
    52 -1.094650 0.000007 0.000003 -2.577326 -1.476285 2.574417
    53 0.000000 0.000000 0.000000 0.000000 0.000000 0.000000
    54 0.000000 0.000000 0.000000 0.000000 0.000000 -1.570796
    55 0.000000 0.000000 0.000000 0.000000 0.000000 -1.570796
    56 -2.000000 0.000000 0.000000 -1.570796 0.000000 0.174533
    57 -1.500000 0.000002 0.000000 -1.570796 0.000000 0.000000
    58 0.000000 0.500000 0.000000 -1.570796 0.261799 0.000000
    59 -0.000001 0.000000 0.000000 -3.141593 0.174533 0.000000
    60 0.000000 0.000000 -0.000001 -3.141593 0.174533 0.174533
    61 0.000000 0.000000 0.000000 -3.141593 0.349066 -0.174533
    62 0.000000 0.000000 0.000000 -1.570796 0.000000 0.000000
    63 0.000000 0.000000 0.000000 -1.570796 0.000000 0.000000
    64 0.000000 0.000000 0.000000 -1.570796 0.000000 0.000000
    65 0.000000 0.000000 0.000002 -1.570796 0.000000 0.000000
    66 0.000000 0.000000 0.000000 -1.570796 0.000000 0.000000
    67 0.000000 0.000001 0.000000 -1.570796 0.000000 0.000000
    68 0.000000 0.000000 0.000000 -1.570796 0.000000 0.000000
    69 0.000000 0.000000 0.000000 -1.570796 0.000000 0.000000
    70 0.000000 0.000000 0.000000 -1.570796 0.000000 0.000000
    71 0.000000 0.000000 0.000000 -1.570796 0.000000 0.000000
    72 0.000000 0.000000 0.000000 -1.570796 0.000000 0.000000
    73 0.000000 0.000000 0.000000 -1.570796 0.000000 0.000000
    74 -2.000000 0.000000 0.000000 1.570796 0.000000 0.174533
    75 -1.500000 -0.000001 -0.250000 1.570796 0.000000 0.000000
    76 -1.000000 0.250000 0.500000 1.570796 0.000000 0.000000
    77 0.000000 0.000000 0.000000 2.094395 0.000000 -3.141593
    78 0.000000 0.000000 0.000000 2.094395 0.000000 -3.141593
    79 0.000000 -0.200001 -0.200000 1.745329 0.000000 -3.141593
    80 0.000000 -0.000001 -0.000002 1.570796 0.000000 3.141593
    81 0.000000 0.000000 0.000000 1.570796 0.000000 -3.141593
    82 0.000000 0.000000 -0.000002 1.570796 0.000000 -3.141593
    83 0.000000 0.000000 0.000000 1.570796 0.000000 3.141593
    84 -0.000002 0.000000 0.000000 1.570796 0.000000 3.141593
    85 0.000000 0.000000 0.000000 1.570796 0.000000 3.141593
    86 0.000000 0.000000 0.000000 1.570796 0.000000 3.141593
    87 0.000000 0.000000 0.000000 1.570796 0.000000 -3.141593
    88 0.000000 0.000000 0.000000 1.570796 0.000000 -3.141593
    89 0.000000 0.000000 0.000000 1.570796 0.000000 3.141593
    90 0.000000 0.000000 0.000000 1.570796 0.000000 -3.141593
    91 0.000000 0.000000 0.000000 1.570796 0.000000 -3.141593
  time 14
    0 0.000000 0.000000 0.000000 0.000000 0.000000 -0.000007
    1 0.000000 2.709942 -10.591393 0.000000 -1.570796 1.570796
    2 3.500857 9.013945 -0.640573 0.000000 -1.570796 0.000000
    3 -2.289403 -1.496114 0.973094 0.000000 0.000000 0.000000
    4 4.409996 0.000005 -0.000003 0.001808 -0.209251 0.318749
    5 10.079981 -0.000003 -0.000001 -0.000002 -0.000003 -0.714415
    6 0.000000 -0.000001 0.000000 -0.183170 0.000005 0.000001
    7 3.359990 0.000014 -0.000007 -0.366373 0.000000 0.000003
    8 6.719987 0.000030 -0.000015 -0.549521 -0.000002 0.000001
    9 3.500862 -5.725745 -0.640568 0.000000 -1.570795 3.141592
    10 -2.186730 3.179637 -0.996149 0.000000 0.000000 0.000000
    11 4.409998 -0.000001 0.000004 0.123945 0.296610 0.435005
    12 10.079982 0.000014 0.000025 0.000004 0.000046 -0.807260
    13 0.000001 0.000004 0.000000 0.191493 -0.000001 0.000010
    14 3.359994 0.000032 0.000015 0.382932 -0.000007 0.000004
    15 6.719987 0.000057 0.000028 0.574432 0.000003 0.000003
    16 0.000000 0.000000 0.000000 1.568423 0.000000 -3.136846
    17 9.388720 -17.109001 -13.559723 2.221349 0.037515 -1.678220
    18 -0.118055 -0.108981 0.513327 -0.000047 -0.086523 0.000009
    19 4.409994 -0.000012 0.000012 0.000000 0.000000 0.000000
    20 -3.422661 1.711283 0.470872 0.018364 -0.593174 -0.075895
    21 1.410028 0.000010 0.000007 0.000006 0.000009 -0.987481
    22 0.993011 -0.000001 0.000006 0.000001 -0.000006 -0.761963
    23 -1.022532 1.571291 -0.406268 0.562009 -1.088038 -0.422346
    24 1.337718 0.000005 0.000002 -3.141591 -1.497669 3.135755
    25 1.180473 -0.000093 -0.000003 2.322271 -1.447922 -2.264049
    26 -0.666712 0.565948 -0.425195 0.276535 -1.168921 -0.243380
    27 1.311736 0.000006 0.000004 -3.109347 -1.501840 3.110658
    28 1.132875 -0.000003 -0.000005 -2.277655 -1.482347 2.251198
    29 -0.835869 -0.375753 -0.250998 -0.232083 -1.169899 0.124274
    30 1.303124 0.000019 0.000004 2.990854 -1.546793 -2.976011
    31 1.094648 -0.000011 -0.000003 -0.062804 -1.544912 0.032862
    32 -1.144743 -1.304737 0.171518 -0.974001 -1.088390 0.663341
    33 1.052849 0.000000 -0.000004 3.124857 -1.425270 3.135795
    34 0.916342 -0.000031 0.000001 3.141553 -1.536954 -3.129942
    35 -6.775520 -17.400755 -11.547753 0.929678 0.086223 -1.676616
    36 -0.117880 -0.102734 -0.180849 0.000013 0.017066 0.000000
    37 4.409983 -0.000034 0.000004 0.000000 0.000000 0.000000
    38 -3.459356 1.711287 -0.541797 0.125169 -0.669906 3.034105
    39 -1.410028 -0.000005 -0.000014 0.000004 0.000001 -0.911659
    40 -0.993008 0.000010 -0.000011 0.000012 -0.000006 -0.908928
    41 -1.077398 1.571280 0.162236 0.351673 -1.124156 2.999846
    42 -1.337713 0.000003 -0.000002 3.078234 -1.322288 -3.107495
    43 -1.180471 0.000072 0.000002 0.222693 -1.503459 -0.194122
    44 -0.719599 0.565946 0.238754 -0.061928 -1.418387 -3.057514
    45 -1.311414 -0.000009 -0.000267 0.002810 -1.315827 0.001501
    46 -1.132872 0.000005 -0.000066 3.139362 -1.176202 -3.092139
    47 -1.239075 -1.304744 -0.314278 -1.430303 -0.982760 -2.003829
    48 -1.052850 0.000005 -0.000004 2.863323 -1.535755 3.140266
    49 -0.916342 0.000033 0.000003 3.130054 -1.386235 -3.118064
    50 -0.900585 -0.375762 0.090056 -0.779868 -1.244725 -2.521915
    51 -1.303123 -0.000014 0.000008 -0.004240 -1.451229 -0.001012
    52 -1.094650 0.000007 0.000003 -2.577326 -1.476285 2.574417
    53 0.000000 0.000000 0.000000 0.000000 0.000000 0.000000
    54 0.000000 0.000000 0.000000 0.000000 0.000000 -1.570796
    55 0.000000 0.000000 0.000000 0.000000 0.000000 -1.570796
    56 -2.000000 0.000000 0.000000 -1.570796 0.000000 0.174533
    57 -1.500000 0.000002 0.000000 -1.570796 0.000000 0.000000
    58 0.000000 0.500000 0.000000 -1.570796 0.261799 0.000000
    59 -0.000001 0.000000 0.000000 -3.141593 0.174533 0.000000
    60 0.000000 0.000000 -0.000001 -3.141593 0.174533 0.174533
    61 0.000000 0.000000 0.000000 -3.141593 0.349066 -0.174533
    62 0.000000 0.000000 0.000000 -1.570796 0.000000 0.000000
    63 0.000000 0.000000 0.000000 -1.570796 0.000000 0.000000
    64 0.000000 0.000000 0.000000 -1.570796 0.000000 0.000000
    65 0.000000 0.000000 0.000002 -1.570796 0.000000 0.000000
    66 0.000000 0.000000 0.000000 -1.570796 0.000000 0.000000
    67 0.000000 0.000001 0.000000 -1.570796 0.000000 0.000000
    68 0.000000 0.000000 0.000000 -1.570796 0.000000 0.000000
    69 0.000000 0.000000 0.000000 -1.570796 0.000000 0.000000
    70 0.000000 0.000000 0.000000 -1.570796 0.000000 0.000000
    71 0.000000 0.000000 0.000000 -1.570796 0.000000 0.000000
    72 0.000000 0.000000 0.000000 -1.570796 0.000000 0.000000
    73 0.000000 0.000000 0.000000 -1.570796 0.000000 0.000000
    74 -2.000000 0.000000 0.000000 1.570796 0.000000 0.174533
    75 -1.500000 -0.000001 -0.250000 1.570796 0.000000 0.000000
    76 -1.000000 0.250000 0.500000 1.570796 0.000000 0.000000
    77 0.000000 0.000000 0.000000 2.094395 0.000000 -3.141593
    78 0.000000 0.000000 0.000000 2.094395 0.000000 -3.141593
    79 0.000000 -0.200001 -0.200000 1.745329 0.000000 -3.141593
    80 0.000000 -0.000001 -0.000002 1.570796 0.000000 3.141593
    81 0.000000 0.000000 0.000000 1.570796 0.000000 -3.141593
    82 0.000000 0.000000 -0.000002 1.570796 0.000000 -3.141593
    83 0.000000 0.000000 0.000000 1.570796 0.000000 3.141593
    84 -0.000002 0.000000 0.000000 1.570796 0.000000 3.141593
    85 0.000000 0.000000 0.000000 1.570796 0.000000 3.141593
    86 0.000000 0.000000 0.000000 1.570796 0.000000 3.141593
    87 0.000000 0.000000 0.000000 1.570796 0.000000 -3.141593
    88 0.000000 0.000000 0.000000 1.570796 0.000000 -3.141593
    89 0.000000 0.000000 0.000000 1.570796 0.000000 3.141593
    90 0.000000 0.000000 0.000000 1.570796 0.000000 -3.141593
    91 0.000000 0.000000 0.000000 1.570796 0.000000 -3.141593
  time 15
    0 0.000000 0.000000 0.000000 0.000000 0.000000 -0.000007
    1 0.000000 2.709942 -10.591393 0.000000 -1.570796 1.570796
    2 3.500857 9.013945 -0.640573 0.000000 -1.570796 0.000000
    3 -2.289403 -1.496114 0.973094 0.000000 0.000000 0.000000
    4 4.409996 0.000005 -0.000003 0.054121 -0.167322 0.277906
    5 10.079981 -0.000003 -0.000001 -0.000002 -0.000003 -0.692905
    6 0.000000 -0.000001 0.000000 -0.191128 0.000005 0.000001
    7 3.359990 0.000014 -0.000007 -0.382238 0.000000 0.000003
    8 6.719987 0.000030 -0.000015 -0.573396 -0.000002 0.000001
    9 3.500862 -5.725745 -0.640568 0.000000 -1.570795 3.141592
    10 -2.186730 3.179637 -0.996149 0.000000 0.000000 0.000000
    11 4.409998 -0.000001 0.000004 0.123945 0.296610 0.435005
    12 10.079982 0.000014 0.000025 0.000004 0.000046 -0.807260
    13 0.000001 0.000004 0.000000 0.191493 -0.000001 0.000010
    14 3.359994 0.000032 0.000015 0.382932 -0.000007 0.000004
    15 6.719987 0.000057 0.000028 0.574432 0.000003 0.000003
    16 0.000000 0.000000 0.000000 1.566254 0.000000 -3.134233
    17 9.388720 -17.109001 -13.559723 2.221349 0.037515 -1.678220
    18 -0.118055 -0.108981 0.513327 -0.000047 -0.086523 0.000009
    19 4.409994 -0.000012 0.000012 0.000000 0.000000 0.000000
    20 -3.422661 1.711283 0.470872 0.018364 -0.593174 -0.075895
    21 1.410028 0.000010 0.000007 0.000006 0.000009 -0.987481
    22 0.993011 -0.000001 0.000006 0.000001 -0.000006 -0.761963
    23 -1.022532 1.571291 -0.406268 0.562009 -1.088038 -0.422346
    24 1.337718 0.000005 0.000002 -3.141591 -1.497669 3.135755
    25 1.180473 -0.000093 -0.000003 2.322271 -1.447922 -2.264049
    26 -0.666712 0.565948 -0.425195 0.276535 -1.168921 -0.243380
    27 1.311736 0.000006 0.000004 -3.109347 -1.501840 3.110658
    28 1.132875 -0.000003 -0.000005 -2.277655 -1.482347 2.251198
    29 -0.835869 -0.375753 -0.250998 -0.232083 -1.169899 0.124274
    30 1.303124 0.000019 0.000004 2.990854 -1.546793 -2.976011
    31 1.094648 -0.000011 -0.000003 -0.062804 -1.544912 0.032862
    32 -1.144743 -1.304737 0.171518 -0.974001 -1.088390 0.663341
    33 1.052849 0.000000 -0.000004 3.124857 -1.425270 3.135795
    34 0.916342 -0.000031 0.000001 3.141553 -1.536954 -3.129942
    35 -6.275505 -17.619511 -10.504752 0.933877 0.039969 -1.632236
    36 -0.117880 -0.102734 -0.180849 0.000013 0.017066 0.000000
    37 4.409983 -0.000034 0.000004 0.000000 0.000000 0.000000
    38 -3.459356 1.711287 -0.541797 0.125169 -0.669906 3.034105
    39 -1.410028 -0.000005 -0.000014 0.000004 0.000001 -0.911659
    40 -0.993008 0.000010 -0.000011 0.000012 -0.000006 -0.908928
    41 -1.077398 1.571280 0.162236 0.351673 -1.124156 2.999846
    42 -1.337713 0.000003 -0.000002 3.078234 -1.322288 -3.107495
    43 -1.180471 0.000072 0.000002 0.222693 -1.503459 -0.194122
    44 -0.719599 0.565946 0.238754 -0.061928 -1.418387 -3.057526
    45 -1.311414 -0.000009 -0.000267 0.002810 -1.315827 0.001501
    46 -1.132872 0.000005 -0.000066 3.139362 -1.176202 -3.092139
    47 -1.239075 -1.304744 -0.314278 -1.430303 -0.982760 -2.003829
    48 -1.052850 0.000005 -0.000004 2.863323 -1.535755 3.140266
    49 -0.916342 0.000033 0.000003 3.130054 -1.386235 -3.118064
    50 -0.900585 -0.375762 0.090056 -0.779868 -1.244725 -2.521915
    51 -1.303123 -0.000014 0.000008 -0.004240 -1.451229 -0.001012
    52 -1.094650 0.000007 0.000003 -2.577326 -1.476285 2.574417
    53 0.000000 0.000000 0.000000 0.000000 0.000000 0.000000
    54 0.000000 0.000000 0.000000 0.000000 0.000000 -1.570796
    55 0.000000 0.000000 0.000000 0.000000 0.000000 -1.570796
    56 -2.000000 0.000000 0.000000 -1.570796 0.000000 0.174533
    57 -1.500000 0.000002 0.000000 -1.570796 0.000000 0.000000
    58 0.000000 0.500000 0.000000 -1.570796 0.261799 0.000000
    59 -0.000001 0.000000 0.000000 -3.141593 0.174533 0.000000
    60 0.000000 0.000000 -0.000001 -3.141593 0.174533 0.174533
    61 0.000000 0.000000 0.000000 -3.141593 0.349066 -0.174533
    62 0.000000 0.000000 0.000000 -1.570796 0.000000 0.000000
    63 0.000000 0.000000 0.000000 -1.570796 0.000000 0.000000
    64 0.000000 0.000000 0.000000 -1.570796 0.000000 0.000000
    65 0.000000 0.000000 0.000002 -1.570796 0.000000 0.000000
    66 0.000000 0.000000 0.000000 -1.570796 0.000000 0.000000
    67 0.000000 0.000001 0.000000 -1.570796 0.000000 0.000000
    68 0.000000 0.000000 0.000000 -1.570796 0.000000 0.000000
    69 0.000000 0.000000 0.000000 -1.570796 0.000000 0.000000
    70 0.000000 0.000000 0.000000 -1.570796 0.000000 0.000000
    71 0.000000 0.000000 0.000000 -1.570796 0.000000 0.000000
    72 0.000000 0.000000 0.000000 -1.570796 0.000000 0.000000
    73 0.000000 0.000000 0.000000 -1.570796 0.000000 0.000000
    74 -2.000000 0.000000 0.000000 1.570796 0.000000 0.174533
    75 -1.500000 -0.000001 -0.250000 1.570796 0.000000 0.000000
    76 -1.000000 0.250000 0.500000 1.570796 0.000000 0.000000
    77 0.000000 0.000000 0.000000 2.094395 0.000000 -3.141593
    78 0.000000 0.000000 0.000000 2.094395 0.000000 -3.141593
    79 0.000000 -0.200001 -0.200000 1.745329 0.000000 -3.141593
    80 0.000000 -0.000001 -0.000002 1.570796 0.000000 3.141593
    81 0.000000 0.000000 0.000000 1.570796 0.000000 -3.141593
    82 0.000000 0.000000 -0.000002 1.570796 0.000000 -3.141593
    83 0.000000 0.000000 0.000000 1.570796 0.000000 3.141593
    84 -0.000002 0.000000 0.000000 1.570796 0.000000 3.141593
    85 0.000000 0.000000 0.000000 1.570796 0.000000 3.141593
    86 0.000000 0.000000 0.000000 1.570796 0.000000 3.141593
    87 0.000000 0.000000 0.000000 1.570796 0.000000 -3.141593
    88 0.000000 0.000000 0.000000 1.570796 0.000000 -3.141593
    89 0.000000 0.000000 0.000000 1.570796 0.000000 3.141593
    90 0.000000 0.000000 0.000000 1.570796 0.000000 -3.141593
    91 0.000000 0.000000 0.000000 1.570796 0.000000 -3.141593
  time 16
    0 0.000000 0.000000 0.000000 0.000000 0.000000 -0.000007
    1 0.000000 2.709942 -10.591393 0.000000 -1.570796 1.570796
    2 3.500857 9.013945 -0.640573 0.000000 -1.570796 0.000000
    3 -2.289403 -1.496114 0.973094 0.000000 0.000000 0.000000
    4 4.409996 0.000005 -0.000003 0.102252 -0.122310 0.226356
    5 10.079981 -0.000003 -0.000001 -0.000002 -0.000003 -0.646133
    6 0.000000 -0.000001 0.000000 -0.204855 0.000005 0.000001
    7 3.359990 0.000014 -0.000007 -0.409744 0.000000 0.000003
    8 6.719987 0.000030 -0.000015 -0.614578 -0.000002 0.000001
    9 3.500862 -5.725745 -0.640568 0.000000 -1.570795 3.141592
    10 -2.186730 3.179637 -0.996149 0.000000 0.000000 0.000000
    11 4.409998 -0.000001 0.000004 0.123945 0.296610 0.435005
    12 10.079982 0.000014 0.000025 0.000004 0.000046 -0.807165
    13 0.000001 0.000004 0.000000 0.191481 -0.000001 0.000010
    14 3.359994 0.000032 0.000015 0.382932 -0.000007 0.000004
    15 6.719987 0.000057 0.000028 0.574432 0.000003 0.000003
    16 0.000000 0.000000 0.000000 1.564133 0.000000 -3.131920
    17 9.388720 -17.109001 -13.559723 2.221349 0.037515 -1.678220
    18 -0.118055 -0.108981 0.513327 -0.000047 -0.086523 0.000009
    19 4.409994 -0.000012 0.000012 0.000000 0.000000 0.000000
    20 -3.422661 1.711283 0.470872 0.018364 -0.593174 -0.075895
    21 1.410028 0.000010 0.000007 0.000006 0.000009 -0.987481
    22 0.993011 -0.000001 0.000006 0.000001 -0.000006 -0.761963
    23 -1.022532 1.571291 -0.406268 0.562009 -1.088038 -0.422346
    24 1.337718 0.000005 0.000002 -3.141591 -1.497669 3.135755
    25 1.180473 -0.000093 -0.000003 2.322271 -1.447922 -2.264049
    26 -0.666712 0.565948 -0.425195 0.276535 -1.168921 -0.243380
    27 1.311736 0.000006 0.000004 -3.109347 -1.501840 3.110658
    28 1.132875 -0.000003 -0.000005 -2.277655 -1.482347 2.251198
    29 -0.835869 -0.375753 -0.250998 -0.232083 -1.169899 0.124274
    30 1.303124 0.000019 0.000004 2.990854 -1.546793 -2.976011
    31 1.094648 -0.000011 -0.000003 -0.062804 -1.544912 0.032874
    32 -1.144743 -1.304737 0.171518 -0.974001 -1.088390 0.663341
    33 1.052849 0.000000 -0.000004 3.124857 -1.425270 3.135795
    34 0.916342 -0.000031 0.000001 3.141553 -1.536954 -3.129942
    35 -5.771583 -17.838268 -9.461752 0.931004 -0.072873 -1.533650
    36 -0.117880 -0.102734 -0.180849 0.000013 0.017066 0.000000
    37 4.409983 -0.000034 0.000004 0.000000 0.000000 0.000000
    38 -3.459356 1.711287 -0.541797 0.125169 -0.669906 3.034105
    39 -1.410028 -0.000005 -0.000014 0.000004 0.000001 -0.911659
    40 -0.993008 0.000010 -0.000011 0.000012 -0.000006 -0.908928
    41 -1.077398 1.571280 0.162236 0.351673 -1.124156 2.999846
    42 -1.337713 0.000003 -0.000002 3.078234 -1.322288 -3.107495
    43 -1.180471 0.000072 0.000002 0.222705 -1.503459 -0.194122
    44 -0.719599 0.565946 0.238754 -0.061928 -1.418387 -3.057514
    45 -1.311414 -0.000009 -0.000267 0.002810 -1.315827 0.001501
    46 -1.132872 0.000005 -0.000066 3.139362 -1.176202 -3.092139
    47 -1.239075 -1.304744 -0.314278 -1.430303 -0.982760 -2.003829
    48 -1.052850 0.000005 -0.000004 2.863323 -1.535755 3.140266
    49 -0.916342 0.000033 0.000003 3.130054 -1.386235 -3.118064
    50 -0.900585 -0.375762 0.090056 -0.779868 -1.244725 -2.521915
    51 -1.303123 -0.000014 0.000008 -0.004240 -1.451229 -0.001012
    52 -1.094650 0.000007 0.000003 -2.577326 -1.476285 2.574417
    53 0.000000 0.000000 0.000000 0.000000 0.000000 0.000000
    54 0.000000 0.000000 0.000000 0.000000 0.000000 -1.570796
    55 0.000000 0.000000 0.000000 0.000000 0.000000 -1.570796
    56 -2.000000 0.000000 0.000000 -1.570796 0.000000 0.174533
    57 -1.500000 0.000002 0.000000 -1.570796 0.000000 0.000000
    58 0.000000 0.500000 0.000000 -1.570796 0.261799 0.000000
    59 -0.000001 0.000000 0.000000 -3.141593 0.174533 0.000000
    60 0.000000 0.000000 -0.000001 -3.141593 0.174533 0.174533
    61 0.000000 0.000000 0.000000 -3.141593 0.349066 -0.174533
    62 0.000000 0.000000 0.000000 -1.570796 0.000000 0.000000
    63 0.000000 0.000000 0.000000 -1.570796 0.000000 0.000000
    64 0.000000 0.000000 0.000000 -1.570796 0.000000 0.000000
    65 0.000000 0.000000 0.000002 -1.570796 0.000000 0.000000
    66 0.000000 0.000000 0.000000 -1.570796 0.000000 0.000000
    67 0.000000 0.000001 0.000000 -1.570796 0.000000 0.000000
    68 0.000000 0.000000 0.000000 -1.570796 0.000000 0.000000
    69 0.000000 0.000000 0.000000 -1.570796 0.000000 0.000000
    70 0.000000 0.000000 0.000000 -1.570796 0.000000 0.000000
    71 0.000000 0.000000 0.000000 -1.570796 0.000000 0.000000
    72 0.000000 0.000000 0.000000 -1.570796 0.000000 0.000000
    73 0.000000 0.000000 0.000000 -1.570796 0.000000 0.000000
    74 -2.000000 0.000000 0.000000 1.570796 0.000000 0.174533
    75 -1.500000 -0.000001 -0.250000 1.570796 0.000000 0.000000
    76 -1.000000 0.250000 0.500000 1.570796 0.000000 0.000000
    77 0.000000 0.000000 0.000000 2.094395 0.000000 -3.141593
    78 0.000000 0.000000 0.000000 2.094395 0.000000 -3.141593
    79 0.000000 -0.200001 -0.200000 1.745329 0.000000 -3.141593
    80 0.000000 -0.000001 -0.000002 1.570796 0.000000 3.141593
    81 0.000000 0.000000 0.000000 1.570796 0.000000 -3.141593
    82 0.000000 0.000000 -0.000002 1.570796 0.000000 -3.141593
    83 0.000000 0.000000 0.000000 1.570796 0.000000 3.141593
    84 -0.000002 0.000000 0.000000 1.570796 0.000000 3.141593
    85 0.000000 0.000000 0.000000 1.570796 0.000000 3.141593
    86 0.000000 0.000000 0.000000 1.570796 0.000000 3.141593
    87 0.000000 0.000000 0.000000 1.570796 0.000000 -3.141593
    88 0.000000 0.000000 0.000000 1.570796 0.000000 -3.141593
    89 0.000000 0.000000 0.000000 1.570796 0.000000 3.141593
    90 0.000000 0.000000 0.000000 1.570796 0.000000 -3.141593
    91 0.000000 0.000000 0.000000 1.570796 0.000000 -3.141593
  time 17
    0 0.000000 0.000000 0.000000 0.000000 0.000000 -0.000007
    1 0.000000 2.709942 -10.591393 0.000000 -1.570796 1.570796
    2 3.500857 9.013945 -0.640573 0.000000 -1.570796 0.000000
    3 -2.289403 -1.496114 0.973094 0.000000 0.000000 0.000000
    4 4.409996 0.000005 -0.000003 0.144587 -0.072771 0.160774
    5 10.079981 -0.000003 -0.000001 -0.000002 -0.000003 -0.567492
    6 0.000000 -0.000001 0.000000 -0.213870 0.000005 0.000001
    7 3.359990 0.000014 -0.000007 -0.427696 0.000000 0.000003
    8 6.719987 0.000030 -0.000015 -0.641621 -0.000002 0.000001
    9 3.500862 -5.725745 -0.640568 0.000000 -1.570795 3.141592
    10 -2.186730 3.179637 -0.996149 0.000000 0.000000 0.000000
    11 4.409998 -0.000001 0.000004 0.123945 0.296610 0.435005
    12 10.079982 0.000014 0.000025 0.000004 0.000046 -0.807165
    13 0.000001 0.000004 0.000000 0.191481 -0.000001 0.000010
    14 3.359994 0.000032 0.000015 0.382932 -0.000007 0.000004
    15 6.719987 0.000057 0.000028 0.574432 0.000003 0.000003
    16 0.000000 0.000000 0.000000 1.562611 0.000000 -3.130303
    17 9.388720 -17.109001 -13.559723 2.221349 0.037515 -1.678220
    18 -0.118055 -0.108981 0.513327 -0.000047 -0.086523 0.000009
    19 4.409994 -0.000012 0.000012 0.000000 0.000000 0.000000
    20 -3.422661 1.711283 0.470872 0.018364 -0.593174 -0.075895
    21 1.410028 0.000010 0.000007 0.000006 0.000009 -0.987481
    22 0.993011 -0.000001 0.000006 0.000001 -0.000006 -0.761963
    23 -1.022532 1.571291 -0.406268 0.562009 -1.088038 -0.422346
    24 1.337718 0.000005 0.000002 -3.141591 -1.497669 3.135755
    25 1.180473 -0.000093 -0.000003 2.322271 -1.447922 -2.264049
    26 -0.666712 0.565948 -0.425195 0.276535 -1.168921 -0.243380
    27 1.311736 0.000006 0.000004 -3.109347 -1.501840 3.110658
    28 1.132875 -0.000003 -0.000005 -2.277655 -1.482347 2.251198
    29 -0.835869 -0.375753 -0.250998 -0.232083 -1.169899 0.124274
    30 1.303124 0.000019 0.000004 2.990854 -1.546793 -2.976011
    31 1.094648 -0.000011 -0.000003 -0.062804 -1.544912 0.032862
    32 -1.144743 -1.304737 0.171518 -0.974001 -1.088390 0.663341
    33 1.052849 0.000000 -0.000004 3.124857 -1.425270 3.135795
    34 0.916342 -0.000031 0.000001 3.141553 -1.536954 -3.129942
    35 -5.271568 -18.053118 -8.422657 0.921027 -0.252711 -1.380860
    36 -0.117880 -0.102734 -0.180849 0.000013 0.017066 0.000000
    37 4.409983 -0.000034 0.000004 0.000000 0.000000 0.000000
    38 -3.459356 1.711287 -0.541797 0.125169 -0.669906 3.034105
    39 -1.410028 -0.000005 -0.000014 0.000004 0.000001 -0.911659
    40 -0.993008 0.000010 -0.000011 0.000012 -0.000006 -0.908928
    41 -1.077398 1.571280 0.162236 0.351673 -1.124156 2.999846
    42 -1.337713 0.000003 -0.000002 3.078234 -1.322288 -3.107495
    43 -1.180471 0.000072 0.000002 0.222693 -1.503459 -0.194122
    44 -0.719599 0.565946 0.238754 -0.061928 -1.418387 -3.057514
    45 -1.311414 -0.000009 -0.000267 0.002810 -1.315827 0.001501
    46 -1.132872 0.000005 -0.000066 3.139362 -1.176202 -3.092139
    47 -1.239075 -1.304744 -0.314278 -1.430303 -0.982760 -2.003829
    48 -1.052850 0.000005 -0.000004 2.863323 -1.535755 3.140266
    49 -0.916342 0.000033 0.000003 3.130054 -1.386235 -3.118064
    50 -0.900585 -0.375762 0.090056 -0.779868 -1.244725 -2.521915
    51 -1.303123 -0.000014 0.000008 -0.004240 -1.451229 -0.001012
    52 -1.094650 0.000007 0.000003 -2.577326 -1.476285 2.574417
    53 0.000000 0.000000 0.000000 0.000000 0.000000 0.000000
    54 0.000000 0.000000 0.000000 0.000000 0.000000 -1.570796
    55 0.000000 0.000000 0.000000 0.000000 0.000000 -1.570796
    56 -2.000000 0.000000 0.000000 -1.570796 0.000000 0.174533
    57 -1.500000 0.000002 0.000000 -1.570796 0.000000 0.000000
    58 0.000000 0.500000 0.000000 -1.570796 0.261799 0.000000
    59 -0.000001 0.000000 0.000000 -3.141593 0.174533 0.000000
    60 0.000000 0.000000 -0.000001 -3.141593 0.174533 0.174533
    61 0.000000 0.000000 0.000000 -3.141593 0.349066 -0.174533
    62 0.000000 0.000000 0.000000 -1.570796 0.000000 0.000000
    63 0.000000 0.000000 0.000000 -1.570796 0.000000 0.000000
    64 0.000000 0.000000 0.000000 -1.570796 0.000000 0.000000
    65 0.000000 0.000000 0.000002 -1.570796 0.000000 0.000000
    66 0.000000 0.000000 0.000000 -1.570796 0.000000 0.000000
    67 0.000000 0.000001 0.000000 -1.570796 0.000000 0.000000
    68 0.000000 0.000000 0.000000 -1.570796 0.000000 0.000000
    69 0.000000 0.000000 0.000000 -1.570796 0.000000 0.000000
    70 0.000000 0.000000 0.000000 -1.570796 0.000000 0.000000
    71 0.000000 0.000000 0.000000 -1.570796 0.000000 0.000000
    72 0.000000 0.000000 0.000000 -1.570796 0.000000 0.000000
    73 0.000000 0.000000 0.000000 -1.570796 0.000000 0.000000
    74 -2.000000 0.000000 0.000000 1.570796 0.000000 0.174533
    75 -1.500000 -0.000001 -0.250000 1.570796 0.000000 0.000000
    76 -1.000000 0.250000 0.500000 1.570796 0.000000 0.000000
    77 0.000000 0.000000 0.000000 2.094395 0.000000 -3.141593
    78 0.000000 0.000000 0.000000 2.094395 0.000000 -3.141593
    79 0.000000 -0.200001 -0.200000 1.745329 0.000000 -3.141593
    80 0.000000 -0.000001 -0.000002 1.570796 0.000000 3.141593
    81 0.000000 0.000000 0.000000 1.570796 0.000000 -3.141593
    82 0.000000 0.000000 -0.000002 1.570796 0.000000 -3.141593
    83 0.000000 0.000000 0.000000 1.570796 0.000000 3.141593
    84 -0.000002 0.000000 0.000000 1.570796 0.000000 3.141593
    85 0.000000 0.000000 0.000000 1.570796 0.000000 3.141593
    86 0.000000 0.000000 0.000000 1.570796 0.000000 3.141593
    87 0.000000 0.000000 0.000000 1.570796 0.000000 -3.141593
    88 0.000000 0.000000 0.000000 1.570796 0.000000 -3.141593
    89 0.000000 0.000000 0.000000 1.570796 0.000000 3.141593
    90 0.000000 0.000000 0.000000 1.570796 0.000000 -3.141593
    91 0.000000 0.000000 0.000000 1.570796 0.000000 -3.141593
  time 18
    0 0.000000 0.000000 0.000000 0.000000 0.000000 -0.000007
    1 0.000000 2.709942 -10.591393 0.000000 -1.570796 1.570796
    2 3.500857 9.013945 -0.640573 0.000000 -1.570796 0.000000
    3 -2.289403 -1.496114 0.973094 0.000000 0.000000 0.000000
    4 4.409996 0.000005 -0.000003 0.179438 -0.016032 0.073130
    5 10.079981 -0.000003 -0.000001 -0.000002 -0.000003 -0.441126
    6 0.000000 -0.000001 0.000000 -0.202125 0.000005 0.000001
    7 3.359990 0.000014 -0.000007 -0.404284 0.000000 0.000003
    8 6.719987 0.000030 -0.000015 -0.606388 -0.000002 0.000001
    9 3.500862 -5.725745 -0.640568 0.000000 -1.570795 3.141592
    10 -2.186730 3.179637 -0.996149 0.000000 0.000000 0.000000
    11 4.409998 -0.000001 0.000004 0.123945 0.296610 0.435005
    12 10.079982 0.000014 0.000025 0.000004 0.000046 -0.807165
    13 0.000001 0.000004 0.000000 0.191481 -0.000001 0.000010
    14 3.359994 0.000032 0.000015 0.382932 -0.000007 0.000004
    15 6.719987 0.000057 0.000028 0.574432 0.000003 0.000003
    16 0.000000 0.000000 0.000000 1.562215 0.000000 -3.129655
    17 9.388720 -17.109001 -13.559723 2.221349 0.037515 -1.678220
    18 -0.118055 -0.108981 0.513327 -0.000047 -0.086523 0.000009
    19 4.409994 -0.000012 0.000012 0.000000 0.000000 0.000000
    20 -3.422661 1.711283 0.470872 0.018364 -0.593174 -0.075895
    21 1.410028 0.000010 0.000007 0.000006 0.000009 -0.987481
    22 0.993011 -0.000001 0.000006 0.000001 -0.000006 -0.761963
    23 -1.022532 1.571291 -0.406268 0.562009 -1.088038 -0.422346
    24 1.337718 0.000005 0.000002 -3.141591 -1.497669 3.135755
    25 1.180473 -0.000093 -0.000003 2.322271 -1.447922 -2.264049
    26 -0.666712 0.565948 -0.425195 0.276535 -1.168921 -0.243380
    27 1.311736 0.000006 0.000004 -3.109347 -1.501840 3.110658
    28 1.132875 -0.000003 -0.000005 -2.277655 -1.482347 2.251198
    29 -0.835869 -0.375753 -0.250998 -0.232083 -1.169899 0.124274
    30 1.303124 0.000019 0.000004 2.990854 -1.546793 -2.976011
    31 1.094648 -0.000011 -0.000003 -0.062804 -1.544912 0.032862
    32 -1.144743 -1.304737 0.171518 -0.974001 -1.088390 0.663341
    33 1.052849 0.000000 -0.000004 3.124857 -1.425270 3.135795
    34 0.916342 -0.000031 0.000001 3.141553 -1.536954 -3.129942
    35 -4.771553 -18.271875 -7.379657 0.903946 -0.499323 -1.173950
    36 -0.117880 -0.102734 -0.180849 0.000013 0.017066 0.000000
    37 4.409983 -0.000034 0.000004 0.000000 0.000000 0.000000
    38 -3.459356 1.711287 -0.541797 0.125169 -0.669906 3.034105
    39 -1.410028 -0.000005 -0.000014 0.000004 0.000001 -0.911659
    40 -0.993008 0.000010 -0.000011 0.000012 -0.000006 -0.908928
    41 -1.077398 1.571280 0.162236 0.351673 -1.124156 2.999846
    42 -1.337713 0.000003 -0.000002 3.078234 -1.322288 -3.107495
    43 -1.180471 0.000072 0.000002 0.222693 -1.503459 -0.194122
    44 -0.719599 0.565946 0.238754 -0.061928 -1.418387 -3.057514
    45 -1.311414 -0.000009 -0.000267 0.002810 -1.315827 0.001501
    46 -1.132872 0.000005 -0.000066 3.139362 -1.176202 -3.092139
    47 -1.239075 -1.304744 -0.314278 -1.430303 -0.982760 -2.003829
    48 -1.052850 0.000005 -0.000004 2.863323 -1.535755 3.140266
    49 -0.916342 0.000033 0.000003 3.130054 -1.386235 -3.118064
    50 -0.900585 -0.375762 0.090056 -0.779868 -1.244725 -2.521915
    51 -1.303123 -0.000014 0.000008 -0.004240 -1.451229 -0.001012
    52 -1.094650 0.000007 0.000003 -2.577326 -1.476285 2.574417
    53 0.000000 0.000000 0.000000 0.000000 0.000000 0.000000
    54 0.000000 0.000000 0.000000 0.000000 0.000000 -1.570796
    55 0.000000 0.000000 0.000000 0.000000 0.000000 -1.570796
    56 -2.000000 0.000000 0.000000 -1.570796 0.000000 0.174533
    57 -1.500000 0.000002 0.000000 -1.570796 0.000000 0.000000
    58 0.000000 0.500000 0.000000 -1.570796 0.261799 0.000000
    59 -0.000001 0.000000 0.000000 -3.141593 0.174533 0.000000
    60 0.000000 0.000000 -0.000001 -3.141593 0.174533 0.174533
    61 0.000000 0.000000 0.000000 -3.141593 0.349066 -0.174533
    62 0.000000 0.000000 0.000000 -1.570796 0.000000 0.000000
    63 0.000000 0.000000 0.000000 -1.570796 0.000000 0.000000
    64 0.000000 0.000000 0.000000 -1.570796 0.000000 0.000000
    65 0.000000 0.000000 0.000002 -1.570796 0.000000 0.000000
    66 0.000000 0.000000 0.000000 -1.570796 0.000000 0.000000
    67 0.000000 0.000001 0.000000 -1.570796 0.000000 0.000000
    68 0.000000 0.000000 0.000000 -1.570796 0.000000 0.000000
    69 0.000000 0.000000 0.000000 -1.570796 0.000000 0.000000
    70 0.000000 0.000000 0.000000 -1.570796 0.000000 0.000000
    71 0.000000 0.000000 0.000000 -1.570796 0.000000 0.000000
    72 0.000000 0.000000 0.000000 -1.570796 0.000000 0.000000
    73 0.000000 0.000000 0.000000 -1.570796 0.000000 0.000000
    74 -2.000000 0.000000 0.000000 1.570796 0.000000 0.174533
    75 -1.500000 -0.000001 -0.250000 1.570796 0.000000 0.000000
    76 -1.000000 0.250000 0.500000 1.570796 0.000000 0.000000
    77 0.000000 0.000000 0.000000 2.094395 0.000000 -3.141593
    78 0.000000 0.000000 0.000000 2.094395 0.000000 -3.141593
    79 0.000000 -0.200001 -0.200000 1.745329 0.000000 -3.141593
    80 0.000000 -0.000001 -0.000002 1.570796 0.000000 3.141593
    81 0.000000 0.000000 0.000000 1.570796 0.000000 -3.141593
    82 0.000000 0.000000 -0.000002 1.570796 0.000000 -3.141593
    83 0.000000 0.000000 0.000000 1.570796 0.000000 3.141593
    84 -0.000002 0.000000 0.000000 1.570796 0.000000 3.141593
    85 0.000000 0.000000 0.000000 1.570796 0.000000 3.141593
    86 0.000000 0.000000 0.000000 1.570796 0.000000 3.141593
    87 0.000000 0.000000 0.000000 1.570796 0.000000 -3.141593
    88 0.000000 0.000000 0.000000 1.570796 0.000000 -3.141593
    89 0.000000 0.000000 0.000000 1.570796 0.000000 3.141593
    90 0.000000 0.000000 0.000000 1.570796 0.000000 -3.141593
    91 0.000000 0.000000 0.000000 1.570796 0.000000 -3.141593
  time 19
    0 0.000000 0.000000 0.000000 0.000000 0.000000 -0.000007
    1 0.000000 2.709942 -10.591393 0.000000 -1.570796 1.570796
    2 3.500857 9.013945 -0.640573 0.000000 -1.570796 0.000000
    3 -2.289403 -1.496114 0.973094 0.000000 0.000000 0.000000
    4 4.409996 0.000005 -0.000003 0.159775 -0.050373 0.122910
    5 10.079981 -0.000003 -0.000001 -0.000002 -0.000003 -0.526585
    6 0.000000 -0.000001 0.000000 -0.206774 0.000005 0.000001
    7 3.359990 0.000014 -0.000007 -0.413530 0.000000 0.000003
    8 6.719987 0.000030 -0.000015 -0.620334 -0.000002 0.000001
    9 3.500862 -5.725745 -0.640568 0.000000 -1.570795 3.141592
    10 -2.186730 3.179637 -0.996149 0.000000 0.000000 0.000000
    11 4.409998 -0.000001 0.000004 0.123945 0.296610 0.435005
    12 10.079982 0.000014 0.000025 0.000004 0.000046 -0.807260
    13 0.000001 0.000004 0.000000 0.191493 -0.000001 0.000010
    14 3.359994 0.000032 0.000015 0.382932 -0.000007 0.000004
    15 6.719987 0.000057 0.000028 0.574432 0.000003 0.000003
    16 0.000000 0.000000 0.000000 1.563509 0.000000 -3.130015
    17 9.388720 -17.109001 -13.559723 2.221349 0.037515 -1.678220
    18 -0.118055 -0.108981 0.513327 -0.000047 -0.086523 0.000009
    19 4.409994 -0.000012 0.000012 0.000000 0.000000 0.000000
    20 -3.422661 1.711283 0.470872 0.018364 -0.593174 -0.075895
    21 1.410028 0.000010 0.000007 0.000006 0.000009 -0.987481
    22 0.993011 -0.000001 0.000006 0.000001 -0.000006 -0.761963
    23 -1.022532 1.571291 -0.406268 0.562009 -1.088038 -0.422346
    24 1.337718 0.000005 0.000002 -3.141591 -1.497669 3.135755
    25 1.180473 -0.000093 -0.000003 2.322271 -1.447922 -2.264049
    26 -0.666712 0.565948 -0.425195 0.276535 -1.168921 -0.243380
    27 1.311736 0.000006 0.000004 -3.109347 -1.501840 3.110658
    28 1.132875 -0.000003 -0.000005 -2.277655 -1.482347 2.251198
    29 -0.835869 -0.375753 -0.250998 -0.232083 -1.169899 0.124274
    30 1.303124 0.000019 0.000004 2.990854 -1.546793 -2.976011
    31 1.094648 -0.000011 -0.000003 -0.062804 -1.544912 0.032862
    32 -1.144743 -1.304737 0.171518 -0.974001 -1.088390 0.663341
    33 1.052849 0.000000 -0.000004 3.124857 -1.425270 3.135795
    34 0.916342 -0.000031 0.000001 3.141553 -1.536954 -3.129942
    35 -4.904369 -18.053118 -7.973425 0.660240 -0.627658 -0.770547
    36 -0.117880 -0.102734 -0.180849 0.000013 0.017066 0.000000
    37 4.409983 -0.000034 0.000004 0.000000 0.000000 0.000000
    38 -3.459356 1.711287 -0.541797 0.125169 -0.669906 3.034105
    39 -1.410028 -0.000005 -0.000014 0.000004 0.000001 -0.911659
    40 -0.993008 0.000010 -0.000011 0.000012 -0.000006 -0.908928
    41 -1.077398 1.571280 0.162236 0.351673 -1.124156 2.999846
    42 -1.337713 0.000003 -0.000002 3.078234 -1.322288 -3.107495
    43 -1.180471 0.000072 0.000002 0.222693 -1.503459 -0.194122
    44 -0.719599 0.565946 0.238754 -0.061928 -1.418387 -3.057514
    45 -1.311414 -0.000009 -0.000267 0.002810 -1.315827 0.001501
    46 -1.132872 0.000005 -0.000066 3.139362 -1.176202 -3.092139
    47 -1.239075 -1.304744 -0.314278 -1.430303 -0.982760 -2.003829
    48 -1.052850 0.000005 -0.000004 2.863323 -1.535755 3.140266
    49 -0.916342 0.000033 0.000003 3.130054 -1.386235 -3.118064
    50 -0.900585 -0.375762 0.090056 -0.779868 -1.244725 -2.521915
    51 -1.303123 -0.000014 0.000008 -0.004240 -1.451229 -0.001012
    52 -1.094650 0.000007 0.000003 -2.577326 -1.476285 2.574417
    53 0.000000 0.000000 0.000000 0.000000 0.000000 0.000000
    54 0.000000 0.000000 0.000000 0.000000 0.000000 -1.570796
    55 0.000000 0.000000 0.000000 0.000000 0.000000 -1.570796
    56 -2.000000 0.000000 0.000000 -1.570796 0.000000 0.174533
    57 -1.500000 0.000002 0.000000 -1.570796 0.000000 0.000000
    58 0.000000 0.500000 0.000000 -1.570796 0.261799 0.000000
    59 -0.000001 0.000000 0.000000 -3.141593 0.174533 0.000000
    60 0.000000 0.000000 -0.000001 -3.141593 0.174533 0.174533
    61 0.000000 0.000000 0.000000 -3.141593 0.349066 -0.174533
    62 0.000000 0.000000 0.000000 -1.570796 0.000000 0.000000
    63 0.000000 0.000000 0.000000 -1.570796 0.000000 0.000000
    64 0.000000 0.000000 0.000000 -1.570796 0.000000 0.000000
    65 0.000000 0.000000 0.000002 -1.570796 0.000000 0.000000
    66 0.000000 0.000000 0.000000 -1.570796 0.000000 0.000000
    67 0.000000 0.000001 0.000000 -1.570796 0.000000 0.000000
    68 0.000000 0.000000 0.000000 -1.570796 0.000000 0.000000
    69 0.000000 0.000000 0.000000 -1.570796 0.000000 0.000000
    70 0.000000 0.000000 0.000000 -1.570796 0.000000 0.000000
    71 0.000000 0.000000 0.000000 -1.570796 0.000000 0.000000
    72 0.000000 0.000000 0.000000 -1.570796 0.000000 0.000000
    73 0.000000 0.000000 0.000000 -1.570796 0.000000 0.000000
    74 -2.000000 0.000000 0.000000 1.570796 0.000000 0.174533
    75 -1.500000 -0.000001 -0.250000 1.570796 0.000000 0.000000
    76 -1.000000 0.250000 0.500000 1.570796 0.000000 0.000000
    77 0.000000 0.000000 0.000000 2.094395 0.000000 -3.141593
    78 0.000000 0.000000 0.000000 2.094395 0.000000 -3.141593
    79 0.000000 -0.200001 -0.200000 1.745329 0.000000 -3.141593
    80 0.000000 -0.000001 -0.000002 1.570796 0.000000 3.141593
    81 0.000000 0.000000 0.000000 1.570796 0.000000 -3.141593
    82 0.000000 0.000000 -0.000002 1.570796 0.000000 -3.141593
    83 0.000000 0.000000 0.000000 1.570796 0.000000 3.141593
    84 -0.000002 0.000000 0.000000 1.570796 0.000000 3.141593
    85 0.000000 0.000000 0.000000 1.570796 0.000000 3.141593
    86 0.000000 0.000000 0.000000 1.570796 0.000000 3.141593
    87 0.000000 0.000000 0.000000 1.570796 0.000000 -3.141593
    88 0.000000 0.000000 0.000000 1.570796 0.000000 -3.141593
    89 0.000000 0.000000 0.000000 1.570796 0.000000 3.141593
    90 0.000000 0.000000 0.000000 1.570796 0.000000 -3.141593
    91 0.000000 0.000000 0.000000 1.570796 0.000000 -3.141593
  time 20
    0 0.000000 0.000000 0.000000 0.000000 0.000000 -0.000007
    1 0.000000 2.709942 -10.591393 0.000000 -1.570796 1.570796
    2 3.500857 9.013945 -0.640573 0.000000 -1.570796 0.000000
    3 -2.289403 -1.496114 0.973094 0.000000 0.000000 0.000000
    4 4.409996 0.000005 -0.000003 0.130793 -0.090254 0.175583
    5 10.079981 -0.000003 -0.000001 -0.000002 -0.000003 -0.602743
    6 0.000000 -0.000001 0.000000 -0.207598 0.000005 0.000001
    7 3.359990 0.000014 -0.000007 -0.415230 0.000000 0.000003
    8 6.719987 0.000030 -0.000015 -0.622845 -0.000002 0.000001
    9 3.500862 -5.725745 -0.640568 0.000000 -1.570795 3.141592
    10 -2.186730 3.179637 -0.996149 0.000000 0.000000 0.000000
    11 4.409998 -0.000001 0.000004 0.123945 0.296610 0.435005
    12 10.079982 0.000014 0.000025 0.000004 0.000046 -0.807165
    13 0.000001 0.000004 0.000000 0.191481 -0.000001 0.000010
    14 3.359994 0.000032 0.000015 0.382932 -0.000007 0.000004
    15 6.719987 0.000057 0.000028 0.574432 0.000003 0.000003
    16 0.000000 0.000000 0.000000 1.566014 0.000000 -3.131010
    17 9.388720 -17.109001 -13.559723 2.221349 0.037515 -1.678220
    18 -0.118055 -0.108981 0.513327 -0.000047 -0.086523 0.000009
    19 4.409994 -0.000012 0.000012 0.000000 0.000000 0.000000
    20 -3.422661 1.711283 0.470872 0.018364 -0.593174 -0.075895
    21 1.410028 0.000010 0.000007 0.000006 0.000009 -0.987481
    22 0.993011 -0.000001 0.000006 0.000001 -0.000006 -0.761963
    23 -1.022532 1.571291 -0.406268 0.562009 -1.088038 -0.422346
    24 1.337718 0.000005 0.000002 -3.141591 -1.497669 3.135755
    25 1.180473 -0.000093 -0.000003 2.322271 -1.447922 -2.264049
    26 -0.666712 0.565948 -0.425195 0.276535 -1.168921 -0.243380
    27 1.311736 0.000006 0.000004 -3.109347 -1.501840 3.110658
    28 1.132875 -0.000003 -0.000005 -2.277655 -1.482347 2.251198
    29 -0.835869 -0.375753 -0.250998 -0.232083 -1.169899 0.124274
    30 1.303124 0.000019 0.000004 2.990854 -1.546793 -2.976011
    31 1.094648 -0.000011 -0.000003 -0.062804 -1.544912 0.032862
    32 -1.144743 -1.304737 0.171518 -0.974001 -1.088390 0.663341
    33 1.052849 0.000000 -0.000004 3.124857 -1.425270 3.135795
    34 0.916342 -0.000031 0.000001 3.141553 -1.536954 -3.129942
    35 -5.185628 -17.838268 -8.750792 0.549895 -0.662117 -0.615724
    36 -0.117880 -0.102734 -0.180849 0.000013 0.017066 0.000000
    37 4.409983 -0.000034 0.000004 0.000000 0.000000 0.000000
    38 -3.459356 1.711287 -0.541797 0.125169 -0.669906 3.034105
    39 -1.410028 -0.000005 -0.000014 0.000004 0.000001 -0.911659
    40 -0.993008 0.000010 -0.000011 0.000012 -0.000006 -0.908928
    41 -1.077398 1.571280 0.162236 0.351673 -1.124156 2.999846
    42 -1.337713 0.000003 -0.000002 3.078234 -1.322288 -3.107495
    43 -1.180471 0.000072 0.000002 0.222693 -1.503459 -0.194122
    44 -0.719599 0.565946 0.238754 -0.061928 -1.418387 -3.057514
    45 -1.311414 -0.000009 -0.000267 0.002810 -1.315827 0.001501
    46 -1.132872 0.000005 -0.000066 3.139362 -1.176202 -3.092139
    47 -1.239075 -1.304744 -0.314278 -1.430303 -0.982760 -2.003829
    48 -1.052850 0.000005 -0.000004 2.863323 -1.535755 3.140266
    49 -0.916342 0.000033 0.000003 3.130054 -1.386235 -3.118064
    50 -0.900585 -0.375762 0.090056 -0.779868 -1.244725 -2.521915
    51 -1.303123 -0.000014 0.000008 -0.004240 -1.451229 -0.001012
    52 -1.094650 0.000007 0.000003 -2.577326 -1.476285 2.574417
    53 0.000000 0.000000 0.000000 0.000000 0.000000 0.000000
    54 0.000000 0.000000 0.000000 0.000000 0.000000 -1.570796
    55 0.000000 0.000000 0.000000 0.000000 0.000000 -1.570796
    56 -2.000000 0.000000 0.000000 -1.570796 0.000000 0.174533
    57 -1.500000 0.000002 0.000000 -1.570796 0.000000 0.000000
    58 0.000000 0.500000 0.000000 -1.570796 0.261799 0.000000
    59 -0.000001 0.000000 0.000000 -3.141593 0.174533 0.000000
    60 0.000000 0.000000 -0.000001 -3.141593 0.174533 0.174533
    61 0.000000 0.000000 0.000000 -3.141593 0.349066 -0.174533
    62 0.000000 0.000000 0.000000 -1.570796 0.000000 0.000000
    63 0.000000 0.000000 0.000000 -1.570796 0.000000 0.000000
    64 0.000000 0.000000 0.000000 -1.570796 0.000000 0.000000
    65 0.000000 0.000000 0.000002 -1.570796 0.000000 0.000000
    66 0.000000 0.000000 0.000000 -1.570796 0.000000 0.000000
    67 0.000000 0.000001 0.000000 -1.570796 0.000000 0.000000
    68 0.000000 0.000000 0.000000 -1.570796 0.000000 0.000000
    69 0.000000 0.000000 0.000000 -1.570796 0.000000 0.000000
    70 0.000000 0.000000 0.000000 -1.570796 0.000000 0.000000
    71 0.000000 0.000000 0.000000 -1.570796 0.000000 0.000000
    72 0.000000 0.000000 0.000000 -1.570796 0.000000 0.000000
    73 0.000000 0.000000 0.000000 -1.570796 0.000000 0.000000
    74 -2.000000 0.000000 0.000000 1.570796 0.000000 0.174533
    75 -1.500000 -0.000001 -0.250000 1.570796 0.000000 0.000000
    76 -1.000000 0.250000 0.500000 1.570796 0.000000 0.000000
    77 0.000000 0.000000 0.000000 2.094395 0.000000 -3.141593
    78 0.000000 0.000000 0.000000 2.094395 0.000000 -3.141593
    79 0.000000 -0.200001 -0.200000 1.745329 0.000000 -3.141593
    80 0.000000 -0.000001 -0.000002 1.570796 0.000000 3.141593
    81 0.000000 0.000000 0.000000 1.570796 0.000000 -3.141593
    82 0.000000 0.000000 -0.000002 1.570796 0.000000 -3.141593
    83 0.000000 0.000000 0.000000 1.570796 0.000000 3.141593
    84 -0.000002 0.000000 0.000000 1.570796 0.000000 3.141593
    85 0.000000 0.000000 0.000000 1.570796 0.000000 3.141593
    86 0.000000 0.000000 0.000000 1.570796 0.000000 3.141593
    87 0.000000 0.000000 0.000000 1.570796 0.000000 -3.141593
    88 0.000000 0.000000 0.000000 1.570796 0.000000 -3.141593
    89 0.000000 0.000000 0.000000 1.570796 0.000000 3.141593
    90 0.000000 0.000000 0.000000 1.570796 0.000000 -3.141593
    91 0.000000 0.000000 0.000000 1.570796 0.000000 -3.141593
  time 21
    0 0.000000 0.000000 0.000000 0.000000 0.000000 -0.000007
    1 0.000000 2.709942 -10.591393 0.000000 -1.570796 1.570796
    2 3.500857 9.013945 -0.640573 0.000000 -1.570796 0.000000
    3 -2.289403 -1.496114 0.973094 0.000000 0.000000 0.000000
    4 4.409996 0.000005 -0.000003 0.089926 -0.135072 0.232098
    5 10.079981 -0.000003 -0.000001 -0.000002 -0.000003 -0.667907
    6 0.000000 -0.000001 0.000000 -0.223940 0.000005 0.000001
    7 3.359990 0.000014 -0.000007 -0.447862 0.000000 0.000003
    8 6.719987 0.000030 -0.000015 -0.671793 -0.000002 0.000001
    9 3.500862 -5.725745 -0.640568 0.000000 -1.570795 3.141592
    10 -2.186730 3.179637 -0.996149 0.000000 0.000000 0.000000
    11 4.409998 -0.000001 0.000004 0.123945 0.296610 0.435005
    12 10.079982 0.000014 0.000025 0.000004 0.000046 -0.807165
    13 0.000001 0.000004 0.000000 0.191481 -0.000001 0.000010
    14 3.359994 0.000032 0.000015 0.382932 -0.000007 0.000004
    15 6.719987 0.000057 0.000028 0.574432 0.000003 0.000003
    16 0.000000 0.000000 0.000000 1.568843 0.000000 -3.132664
    17 9.388720 -17.109001 -13.559723 2.221349 0.037515 -1.678220
    18 -0.118055 -0.108981 0.513327 -0.000047 -0.086523 0.000009
    19 4.409994 -0.000012 0.000012 0.000000 0.000000 0.000000
    20 -3.422661 1.711283 0.470872 0.018364 -0.593174 -0.075895
    21 1.410028 0.000010 0.000007 0.000006 0.000009 -0.987481
    22 0.993011 -0.000001 0.000006 0.000001 -0.000006 -0.761963
    23 -1.022532 1.571291 -0.406268 0.562009 -1.088038 -0.422346
    24 1.337718 0.000005 0.000002 -3.141591 -1.497669 3.135755
    25 1.180473 -0.000093 -0.000003 2.322271 -1.447922 -2.264049
    26 -0.666712 0.565948 -0.425195 0.276535 -1.168921 -0.243380
    27 1.311736 0.000006 0.000004 -3.109347 -1.501840 3.110658
    28 1.132875 -0.000003 -0.000005 -2.277655 -1.482347 2.251198
    29 -0.835869 -0.375753 -0.250998 -0.232083 -1.169899 0.124274
    30 1.303124 0.000019 0.000004 2.990854 -1.546793 -2.976011
    31 1.094648 -0.000011 -0.000003 -0.062804 -1.544912 0.032862
    32 -1.144743 -1.304737 0.171518 -0.974001 -1.088390 0.663341
    33 1.052849 0.000000 -0.000004 3.124857 -1.425270 3.135795
    34 0.916342 -0.000031 0.000001 3.141553 -1.536954 -3.129942
    35 -5.615328 -17.619511 -9.692227 0.573006 -0.602775 -0.709143
    36 -0.117880 -0.102734 -0.180849 0.000013 0.017066 0.000000
    37 4.409983 -0.000034 0.000004 0.000000 0.000000 0.000000
    38 -3.459356 1.711287 -0.541797 0.125169 -0.669906 3.034105
    39 -1.410028 -0.000005 -0.000014 0.000004 0.000001 -0.911659
    40 -0.993008 0.000010 -0.000011 0.000012 -0.000006 -0.908928
    41 -1.077398 1.571280 0.162236 0.351673 -1.124156 2.999846
    42 -1.337713 0.000003 -0.000002 3.078234 -1.322288 -3.107495
    43 -1.180471 0.000072 0.000002 0.222693 -1.503459 -0.194122
    44 -0.719599 0.565946 0.238754 -0.061928 -1.418387 -3.057526
    45 -1.311414 -0.000009 -0.000267 0.002810 -1.315827 0.001501
    46 -1.132872 0.000005 -0.000066 3.139362 -1.176202 -3.092139
    47 -1.239075 -1.304744 -0.314278 -1.430303 -0.982760 -2.003829
    48 -1.052850 0.000005 -0.000004 2.863323 -1.535755 3.140266
    49 -0.916342 0.000033 0.000003 3.130054 -1.386235 -3.118064
    50 -0.900585 -0.375762 0.090056 -0.779868 -1.244725 -2.521915
    51 -1.303123 -0.000014 0.000008 -0.004240 -1.451229 -0.001012
    52 -1.094650 0.000007 0.000003 -2.577326 -1.476285 2.574417
    53 0.000000 0.000000 0.000000 0.000000 0.000000 0.000000
    54 0.000000 0.000000 0.000000 0.000000 0.000000 -1.570796
    55 0.000000 0.000000 0.000000 0.000000 0.000000 -1.570796
    56 -2.000000 0.000000 0.000000 -1.570796 0.000000 0.174533
    57 -1.500000 0.000002 0.000000 -1.570796 0.000000 0.000000
    58 0.000000 0.500000 0.000000 -1.570796 0.261799 0.000000
    59 -0.000001 0.000000 0.000000 -3.141593 0.174533 0.000000
    60 0.000000 0.000000 -0.000001 -3.141593 0.174533 0.174533
    61 0.000000 0.000000 0.000000 -3.141593 0.349066 -0.174533
    62 0.000000 0.000000 0.000000 -1.570796 0.000000 0.000000
    63 0.000000 0.000000 0.000000 -1.570796 0.000000 0.000000
    64 0.000000 0.000000 0.000000 -1.570796 0.000000 0.000000
    65 0.000000 0.000000 0.000002 -1.570796 0.000000 0.000000
    66 0.000000 0.000000 0.000000 -1.570796 0.000000 0.000000
    67 0.000000 0.000001 0.000000 -1.570796 0.000000 0.000000
    68 0.000000 0.000000 0.000000 -1.570796 0.000000 0.000000
    69 0.000000 0.000000 0.000000 -1.570796 0.000000 0.000000
    70 0.000000 0.000000 0.000000 -1.570796 0.000000 0.000000
    71 0.000000 0.000000 0.000000 -1.570796 0.000000 0.000000
    72 0.000000 0.000000 0.000000 -1.570796 0.000000 0.000000
    73 0.000000 0.000000 0.000000 -1.570796 0.000000 0.000000
    74 -2.000000 0.000000 0.000000 1.570796 0.000000 0.174533
    75 -1.500000 -0.000001 -0.250000 1.570796 0.000000 0.000000
    76 -1.000000 0.250000 0.500000 1.570796 0.000000 0.000000
    77 0.000000 0.000000 0.000000 2.094395 0.000000 -3.141593
    78 0.000000 0.000000 0.000000 2.094395 0.000000 -3.141593
    79 0.000000 -0.200001 -0.200000 1.745329 0.000000 -3.141593
    80 0.000000 -0.000001 -0.000002 1.570796 0.000000 3.141593
    81 0.000000 0.000000 0.000000 1.570796 0.000000 -3.141593
    82 0.000000 0.000000 -0.000002 1.570796 0.000000 -3.141593
    83 0.000000 0.000000 0.000000 1.570796 0.000000 3.141593
    84 -0.000002 0.000000 0.000000 1.570796 0.000000 3.141593
    85 0.000000 0.000000 0.000000 1.570796 0.000000 3.141593
    86 0.000000 0.000000 0.000000 1.570796 0.000000 3.141593
    87 0.000000 0.000000 0.000000 1.570796 0.000000 -3.141593
    88 0.000000 0.000000 0.000000 1.570796 0.000000 -3.141593
    89 0.000000 0.000000 0.000000 1.570796 0.000000 3.141593
    90 0.000000 0.000000 0.000000 1.570796 0.000000 -3.141593
    91 0.000000 0.000000 0.000000 1.570796 0.000000 -3.141593
  time 22
    0 0.000000 0.000000 0.000000 0.000000 0.000000 -0.000007
    1 0.000000 2.709942 -10.591393 0.000000 -1.570796 1.570796
    2 3.500857 9.013945 -0.640573 0.000000 -1.570796 0.000000
    3 -2.289403 -1.496114 0.973094 0.000000 0.000000 0.000000
    4 4.409996 0.000005 -0.000003 0.035705 -0.183425 0.287750
    5 10.079981 -0.000003 -0.000001 -0.000002 -0.000003 -0.711297
    6 0.000000 -0.000001 0.000000 -0.240358 0.000005 0.000001
    7 3.359990 0.000014 -0.000007 -0.480751 0.000000 0.000003
    8 6.719987 0.000030 -0.000015 -0.721126 -0.000002 0.000001
    9 3.500862 -5.725745 -0.640568 0.000000 -1.570795 3.141592
    10 -2.186730 3.179637 -0.996149 0.000000 0.000000 0.000000
    11 4.409998 -0.000001 0.000004 0.123945 0.296610 0.435005
    12 10.079982 0.000014 0.000025 0.000004 0.000046 -0.807165
    13 0.000001 0.000004 0.000000 0.191481 -0.000001 0.000010
    14 3.359994 0.000032 0.000015 0.382932 -0.000007 0.000004
    15 6.719987 0.000057 0.000028 0.574432 0.000003 0.000003
    16 0.000000 0.000000 0.000000 1.571000 0.000000 -3.134989
    17 9.388720 -17.109001 -13.559723 2.221349 0.037515 -1.678220
    18 -0.118055 -0.108981 0.513327 -0.000047 -0.086523 0.000009
    19 4.409994 -0.000012 0.000012 0.000000 0.000000 0.000000
    20 -3.422661 1.711283 0.470872 0.018364 -0.593174 -0.075895
    21 1.410028 0.000010 0.000007 0.000006 0.000009 -0.987481
    22 0.993011 -0.000001 0.000006 0.000001 -0.000006 -0.761963
    23 -1.022532 1.571291 -0.406268 0.562009 -1.088038 -0.422346
    24 1.337718 0.000005 0.000002 -3.141591 -1.497669 3.135755
    25 1.180473 -0.000093 -0.000003 2.322271 -1.447922 -2.264049
    26 -0.666712 0.565948 -0.425195 0.276535 -1.168921 -0.243380
    27 1.311736 0.000006 0.000004 -3.109347 -1.501840 3.110658
    28 1.132875 -0.000003 -0.000005 -2.277655 -1.482347 2.251198
    29 -0.835869 -0.375753 -0.250998 -0.232083 -1.169899 0.124274
    30 1.303124 0.000019 0.000004 2.990854 -1.546793 -2.976011
    31 1.094648 -0.000011 -0.000003 -0.062804 -1.544912 0.032862
    32 -1.144743 -1.304737 0.171518 -0.974001 -1.088390 0.663341
    33 1.052849 0.000000 -0.000004 3.124857 -1.425270 3.135795
    34 0.916342 -0.000031 0.000001 3.141553 -1.536954 -3.129942
    35 -6.189565 -17.400755 -10.817262 0.639119 -0.476252 -0.905043
    36 -0.117880 -0.102734 -0.180849 0.000013 0.017066 0.000000
    37 4.409983 -0.000034 0.000004 0.000000 0.000000 0.000000
    38 -3.459356 1.711287 -0.541797 0.125169 -0.669906 3.034105
    39 -1.410028 -0.000005 -0.000014 0.000004 0.000001 -0.911659
    40 -0.993008 0.000010 -0.000011 0.000012 -0.000006 -0.908928
    41 -1.077398 1.571280 0.162236 0.351673 -1.124156 2.999846
    42 -1.337713 0.000003 -0.000002 3.078234 -1.322288 -3.107495
    43 -1.180471 0.000072 0.000002 0.222705 -1.503459 -0.194122
    44 -0.719599 0.565946 0.238754 -0.061928 -1.418387 -3.057514
    45 -1.311414 -0.000009 -0.000267 0.002810 -1.315827 0.001501
    46 -1.132872 0.000005 -0.000066 3.139362 -1.176202 -3.092139
    47 -1.239075 -1.304744 -0.314278 -1.430303 -0.982760 -2.003829
    48 -1.052850 0.000005 -0.000004 2.863323 -1.535755 3.140266
    49 -0.916342 0.000033 0.000003 3.130054 -1.386235 -3.118064
    50 -0.900585 -0.375762 0.090056 -0.779868 -1.244725 -2.521915
    51 -1.303123 -0.000014 0.000008 -0.004240 -1.451229 -0.001012
    52 -1.094650 0.000007 0.000003 -2.577326 -1.476285 2.574417
    53 0.000000 0.000000 0.000000 0.000000 0.000000 0.000000
    54 0.000000 0.000000 0.000000 0.000000 0.000000 -1.570796
    55 0.000000 0.000000 0.000000 0.000000 0.000000 -1.570796
    56 -2.000000 0.000000 0.000000 -1.570796 0.000000 0.174533
    57 -1.500000 0.000002 0.000000 -1.570796 0.000000 0.000000
    58 0.000000 0.500000 0.000000 -1.570796 0.261799 0.000000
    59 -0.000001 0.000000 0.000000 -3.141593 0.174533 0.000000
    60 0.000000 0.000000 -0.000001 -3.141593 0.174533 0.174533
    61 0.000000 0.000000 0.000000 -3.141593 0.349066 -0.174533
    62 0.000000 0.000000 0.000000 -1.570796 0.000000 0.000000
    63 0.000000 0.000000 0.000000 -1.570796 0.000000 0.000000
    64 0.000000 0.000000 0.000000 -1.570796 0.000000 0.000000
    65 0.000000 0.000000 0.000002 -1.570796 0.000000 0.000000
    66 0.000000 0.000000 0.000000 -1.570796 0.000000 0.000000
    67 0.000000 0.000001 0.000000 -1.570796 0.000000 0.000000
    68 0.000000 0.000000 0.000000 -1.570796 0.000000 0.000000
    69 0.000000 0.000000 0.000000 -1.570796 0.000000 0.000000
    70 0.000000 0.000000 0.000000 -1.570796 0.000000 0.000000
    71 0.000000 0.000000 0.000000 -1.570796 0.000000 0.000000
    72 0.000000 0.000000 0.000000 -1.570796 0.000000 0.000000
    73 0.000000 0.000000 0.000000 -1.570796 0.000000 0.000000
    74 -2.000000 0.000000 0.000000 1.570796 0.000000 0.174533
    75 -1.500000 -0.000001 -0.250000 1.570796 0.000000 0.000000
    76 -1.000000 0.250000 0.500000 1.570796 0.000000 0.000000
    77 0.000000 0.000000 0.000000 2.094395 0.000000 -3.141593
    78 0.000000 0.000000 0.000000 2.094395 0.000000 -3.141593
    79 0.000000 -0.200001 -0.200000 1.745329 0.000000 -3.141593
    80 0.000000 -0.000001 -0.000002 1.570796 0.000000 3.141593
    81 0.000000 0.000000 0.000000 1.570796 0.000000 -3.141593
    82 0.000000 0.000000 -0.000002 1.570796 0.000000 -3.141593
    83 0.000000 0.000000 0.000000 1.570796 0.000000 3.141593
    84 -0.000002 0.000000 0.000000 1.570796 0.000000 3.141593
    85 0.000000 0.000000 0.000000 1.570796 0.000000 3.141593
    86 0.000000 0.000000 0.000000 1.570796 0.000000 3.141593
    87 0.000000 0.000000 0.000000 1.570796 0.000000 -3.141593
    88 0.000000 0.000000 0.000000 1.570796 0.000000 -3.141593
    89 0.000000 0.000000 0.000000 1.570796 0.000000 3.141593
    90 0.000000 0.000000 0.000000 1.570796 0.000000 -3.141593
    91 0.000000 0.000000 0.000000 1.570796 0.000000 -3.141593
  time 23
    0 0.000000 0.000000 0.000000 0.000000 0.000000 -0.000007
    1 0.000000 2.709942 -10.591393 0.000000 -1.570796 1.570796
    2 3.500857 9.013945 -0.640573 0.000000 -1.570796 0.000000
    3 -2.289403 -1.496114 0.973094 0.000000 0.000000 0.000000
    4 4.409996 0.000005 -0.000003 -0.031869 -0.234430 0.337142
    5 10.079981 -0.000003 -0.000001 -0.000002 -0.000003 -0.723717
    6 0.000000 -0.000001 0.000000 -0.238221 0.000005 0.000001
    7 3.359990 0.000014 -0.000007 -0.476450 0.000000 0.000003
    8 6.719987 0.000030 -0.000015 -0.714674 -0.000002 0.000001
    9 3.500862 -5.725745 -0.640568 0.000000 -1.570795 3.141592
    10 -2.186730 3.179637 -0.996149 0.000000 0.000000 0.000000
    11 4.409998 -0.000001 0.000004 0.123945 0.296610 0.435005
    12 10.079982 0.000014 0.000025 0.000004 0.000046 -0.807165
    13 0.000001 0.000004 0.000000 0.191481 -0.000001 0.000010
    14 3.359994 0.000032 0.000015 0.382932 -0.000007 0.000004
    15 6.719987 0.000057 0.000028 0.574432 0.000003 0.000003
    16 0.000000 0.000000 0.000000 1.571659 0.000000 -3.137973
    17 9.388720 -17.109001 -13.559723 2.221349 0.037515 -1.678220
    18 -0.118055 -0.108981 0.513327 -0.000047 -0.086523 0.000009
    19 4.409994 -0.000012 0.000012 0.000000 0.000000 0.000000
    20 -3.422661 1.711283 0.470872 0.018364 -0.593174 -0.075895
    21 1.410028 0.000010 0.000007 0.000006 0.000009 -0.987481
    22 0.993011 -0.000001 0.000006 0.000001 -0.000006 -0.761963
    23 -1.022532 1.571291 -0.406268 0.562009 -1.088038 -0.422346
    24 1.337718 0.000005 0.000002 -3.141591 -1.497669 3.135755
    25 1.180473 -0.000093 -0.000003 2.322271 -1.447922 -2.264049
    26 -0.666712 0.565948 -0.425195 0.276535 -1.168921 -0.243380
    27 1.311736 0.000006 0.000004 -3.109347 -1.501840 3.110658
    28 1.132875 -0.000003 -0.000005 -2.277655 -1.482347 2.251198
    29 -0.835869 -0.375753 -0.250998 -0.232083 -1.169899 0.124274
    30 1.303124 0.000019 0.000004 2.990854 -1.546793 -2.976011
    31 1.094648 -0.000011 -0.000003 -0.062804 -1.544912 0.032862
    32 -1.144743 -1.304737 0.171518 -0.974001 -1.088390 0.663341
    33 1.052849 0.000000 -0.000004 3.124857 -1.425270 3.135795
    34 0.916342 -0.000031 0.000001 3.141553 -1.536954 -3.129942
    35 -6.908337 -17.181998 -12.133708 0.748137 -0.282623 -1.203000
    36 -0.117880 -0.102734 -0.180849 0.000013 0.017066 0.000000
    37 4.409983 -0.000034 0.000004 0.000000 0.000000 0.000000
    38 -3.459356 1.711287 -0.541797 0.125169 -0.669906 3.034105
    39 -1.410028 -0.000005 -0.000014 0.000004 0.000001 -0.911659
    40 -0.993008 0.000010 -0.000011 0.000012 -0.000006 -0.908928
    41 -1.077398 1.571280 0.162236 0.351673 -1.124156 2.999846
    42 -1.337713 0.000003 -0.000002 3.078234 -1.322288 -3.107495
    43 -1.180471 0.000072 0.000002 0.222693 -1.503459 -0.194110
    44 -0.719599 0.565946 0.238754 -0.061928 -1.418387 -3.057526
    45 -1.311414 -0.000009 -0.000267 0.002810 -1.315827 0.001501
    46 -1.132872 0.000005 -0.000066 3.139362 -1.176202 -3.092139
    47 -1.239075 -1.304744 -0.314278 -1.430303 -0.982760 -2.003829
    48 -1.052850 0.000005 -0.000004 2.863323 -1.535755 3.140266
    49 -0.916342 0.000033 0.000003 3.130054 -1.386235 -3.118064
    50 -0.900585 -0.375762 0.090056 -0.779868 -1.244725 -2.521915
    51 -1.303123 -0.000014 0.000008 -0.004240 -1.451229 -0.001012
    52 -1.094650 0.000007 0.000003 -2.577326 -1.476285 2.574417
    53 0.000000 0.000000 0.000000 0.000000 0.000000 0.000000
    54 0.000000 0.000000 0.000000 0.000000 0.000000 -1.570796
    55 0.000000 0.000000 0.000000 0.000000 0.000000 -1.570796
    56 -2.000000 0.000000 0.000000 -1.570796 0.000000 0.174533
    57 -1.500000 0.000002 0.000000 -1.570796 0.000000 0.000000
    58 0.000000 0.500000 0.000000 -1.570796 0.261799 0.000000
    59 -0.000001 0.000000 0.000000 -3.141593 0.174533 0.000000
    60 0.000000 0.000000 -0.000001 -3.141593 0.174533 0.174533
    61 0.000000 0.000000 0.000000 -3.141593 0.349066 -0.174533
    62 0.000000 0.000000 0.000000 -1.570796 0.000000 0.000000
    63 0.000000 0.000000 0.000000 -1.570796 0.000000 0.000000
    64 0.000000 0.000000 0.000000 -1.570796 0.000000 0.000000
    65 0.000000 0.000000 0.000002 -1.570796 0.000000 0.000000
    66 0.000000 0.000000 0.000000 -1.570796 0.000000 0.000000
    67 0.000000 0.000001 0.000000 -1.570796 0.000000 0.000000
    68 0.000000 0.000000 0.000000 -1.570796 0.000000 0.000000
    69 0.000000 0.000000 0.000000 -1.570796 0.000000 0.000000
    70 0.000000 0.000000 0.000000 -1.570796 0.000000 0.000000
    71 0.000000 0.000000 0.000000 -1.570796 0.000000 0.000000
    72 0.000000 0.000000 0.000000 -1.570796 0.000000 0.000000
    73 0.000000 0.000000 0.000000 -1.570796 0.000000 0.000000
    74 -2.000000 0.000000 0.000000 1.570796 0.000000 0.174533
    75 -1.500000 -0.000001 -0.250000 1.570796 0.000000 0.000000
    76 -1.000000 0.250000 0.500000 1.570796 0.000000 0.000000
    77 0.000000 0.000000 0.000000 2.094395 0.000000 -3.141593
    78 0.000000 0.000000 0.000000 2.094395 0.000000 -3.141593
    79 0.000000 -0.200001 -0.200000 1.745329 0.000000 -3.141593
    80 0.000000 -0.000001 -0.000002 1.570796 0.000000 3.141593
    81 0.000000 0.000000 0.000000 1.570796 0.000000 -3.141593
    82 0.000000 0.000000 -0.000002 1.570796 0.000000 -3.141593
    83 0.000000 0.000000 0.000000 1.570796 0.000000 3.141593
    84 -0.000002 0.000000 0.000000 1.570796 0.000000 3.141593
    85 0.000000 0.000000 0.000000 1.570796 0.000000 3.141593
    86 0.000000 0.000000 0.000000 1.570796 0.000000 3.141593
    87 0.000000 0.000000 0.000000 1.570796 0.000000 -3.141593
    88 0.000000 0.000000 0.000000 1.570796 0.000000 -3.141593
    89 0.000000 0.000000 0.000000 1.570796 0.000000 3.141593
    90 0.000000 0.000000 0.000000 1.570796 0.000000 -3.141593
    91 0.000000 0.000000 0.000000 1.570796 0.000000 -3.141593
  time 24
    0 0.000000 0.000000 0.000000 0.000000 0.000000 -0.000007
    1 0.000000 2.709942 -10.591393 0.000000 -1.570796 1.570796
    2 3.500857 9.013945 -0.640573 0.000000 -1.570796 0.000000
    3 -2.289403 -1.496114 0.973094 0.000000 0.000000 0.000000
    4 4.409996 0.000005 -0.000003 -0.108981 -0.289250 0.368184
    5 10.079981 -0.000003 -0.000001 -0.000002 -0.000003 -0.686299
    6 0.000000 -0.000001 0.000000 -0.193176 0.000005 0.000001
    7 3.359990 0.000014 -0.000007 -0.386333 0.000000 0.000003
    8 6.719987 0.000030 -0.000015 -0.579539 -0.000002 0.000001
    9 3.500862 -5.725745 -0.640568 0.000000 -1.570795 3.141592
    10 -2.186730 3.179637 -0.996149 0.000000 0.000000 0.000000
    11 4.409998 -0.000001 0.000004 0.123945 0.296610 0.435005
    12 10.079982 0.000014 0.000025 0.000004 0.000046 -0.807165
    13 0.000001 0.000004 0.000000 0.191481 -0.000001 0.000010
    14 3.359994 0.000032 0.000015 0.382932 -0.000007 0.000004
    15 6.719987 0.000057 0.000028 0.574432 0.000003 0.000003
    16 0.000000 0.000000 0.000000 1.570796 0.000000 -3.141592
    17 9.388720 -17.109001 -13.559723 2.221349 0.037515 -1.678220
    18 -0.118055 -0.108981 0.513327 -0.000047 -0.086523 0.000009
    19 4.409994 -0.000012 0.000012 0.000000 0.000000 0.000000
    20 -3.422661 1.711283 0.470872 0.018364 -0.593174 -0.075895
    21 1.410028 0.000010 0.000007 0.000006 0.000009 -0.987481
    22 0.993011 -0.000001 0.000006 0.000001 -0.000006 -0.761963
    23 -1.022532 1.571291 -0.406268 0.562009 -1.088038 -0.422346
    24 1.337718 0.000005 0.000002 -3.141591 -1.497669 3.135755
    25 1.180473 -0.000093 -0.000003 2.322271 -1.447922 -2.264049
    26 -0.666712 0.565948 -0.425195 0.276535 -1.168921 -0.243380
    27 1.311736 0.000006 0.000004 -3.109347 -1.501840 3.110658
    28 1.132875 -0.000003 -0.000005 -2.277655 -1.482347 2.251198
    29 -0.835869 -0.375753 -0.250998 -0.232083 -1.169899 0.124274
    30 1.303124 0.000019 0.000004 2.990854 -1.546793 -2.976011
    31 1.094648 -0.000011 -0.000003 -0.062804 -1.544912 0.032862
    32 -1.144743 -1.304737 0.171518 -0.974001 -1.088390 0.663341
    33 1.052849 0.000000 -0.000004 3.124857 -1.425270 3.135795
    34 0.916342 -0.000031 0.000001 3.141553 -1.536954 -3.129942
    35 -7.779457 -16.967148 -13.633754 0.900063 -0.021850 -1.603185
    36 -0.117880 -0.102734 -0.180849 0.000013 0.017066 0.000000
    37 4.409983 -0.000034 0.000004 0.000000 0.000000 0.000000
    38 -3.459356 1.711287 -0.541797 0.125169 -0.669906 3.034105
    39 -1.410028 -0.000005 -0.000014 0.000004 0.000001 -0.911659
    40 -0.993008 0.000010 -0.000011 0.000000 -0.000006 -0.908928
    41 -1.077398 1.571280 0.162236 0.351673 -1.124156 2.999846
    42 -1.337713 0.000003 -0.000002 3.078234 -1.322288 -3.107495
    43 -1.180471 0.000072 0.000002 0.222693 -1.503459 -0.194122
    44 -0.719599 0.565946 0.238754 -0.061928 -1.418387 -3.057538
    45 -1.311414 -0.000009 -0.000267 0.002810 -1.315827 0.001501
    46 -1.132872 0.000005 -0.000066 3.139362 -1.176202 -3.092139
    47 -1.239075 -1.304744 -0.314278 -1.430303 -0.982760 -2.003829
    48 -1.052850 0.000005 -0.000004 2.863323 -1.535755 3.140266
    49 -0.916342 0.000033 0.000003 3.130054 -1.386235 -3.118064
    50 -0.900585 -0.375762 0.090056 -0.779868 -1.244725 -2.521915
    51 -1.303123 -0.000014 0.000008 -0.004240 -1.451229 -0.001012
    52 -1.094650 0.000007 0.000003 -2.577326 -1.476285 2.574417
    53 0.000000 0.000000 0.000000 0.000000 0.000000 0.000000
    54 0.000000 0.000000 0.000000 0.000000 0.000000 -1.570796
    55 0.000000 0.000000 0.000000 0.000000 0.000000 -1.570796
    56 -2.000000 0.000000 0.000000 -1.570796 0.000000 0.174533
    57 -1.500000 0.000002 0.000000 -1.570796 0.000000 0.000000
    58 0.000000 0.500000 0.000000 -1.570796 0.261799 0.000000
    59 -0.000001 0.000000 0.000000 -3.141593 0.174533 0.000000
    60 0.000000 0.000000 -0.000001 -3.141593 0.174533 0.174533
    61 0.000000 0.000000 0.000000 -3.141593 0.349066 -0.174533
    62 0.000000 0.000000 0.000000 -1.570796 0.000000 0.000000
    63 0.000000 0.000000 0.000000 -1.570796 0.000000 0.000000
    64 0.000000 0.000000 0.000000 -1.570796 0.000000 0.000000
    65 0.000000 0.000000 0.000002 -1.570796 0.000000 0.000000
    66 0.000000 0.000000 0.000000 -1.570796 0.000000 0.000000
    67 0.000000 0.000001 0.000000 -1.570796 0.000000 0.000000
    68 0.000000 0.000000 0.000000 -1.570796 0.000000 0.000000
    69 0.000000 0.000000 0.000000 -1.570796 0.000000 0.000000
    70 0.000000 0.000000 0.000000 -1.570796 0.000000 0.000000
    71 0.000000 0.000000 0.000000 -1.570796 0.000000 0.000000
    72 0.000000 0.000000 0.000000 -1.570796 0.000000 0.000000
    73 0.000000 0.000000 0.000000 -1.570796 0.000000 0.000000
    74 -2.000000 0.000000 0.000000 1.570796 0.000000 0.174533
    75 -1.500000 -0.000001 -0.250000 1.570796 0.000000 0.000000
    76 -1.000000 0.250000 0.500000 1.570796 0.000000 0.000000
    77 0.000000 0.000000 0.000000 2.094395 0.000000 -3.141593
    78 0.000000 0.000000 0.000000 2.094395 0.000000 -3.141593
    79 0.000000 -0.200001 -0.200000 1.745329 0.000000 -3.141593
    80 0.000000 -0.000001 -0.000002 1.570796 0.000000 3.141593
    81 0.000000 0.000000 0.000000 1.570796 0.000000 -3.141593
    82 0.000000 0.000000 -0.000002 1.570796 0.000000 -3.141593
    83 0.000000 0.000000 0.000000 1.570796 0.000000 3.141593
    84 -0.000002 0.000000 0.000000 1.570796 0.000000 3.141593
    85 0.000000 0.000000 0.000000 1.570796 0.000000 3.141593
    86 0.000000 0.000000 0.000000 1.570796 0.000000 3.141593
    87 0.000000 0.000000 0.000000 1.570796 0.000000 -3.141593
    88 0.000000 0.000000 0.000000 1.570796 0.000000 -3.141593
    89 0.000000 0.000000 0.000000 1.570796 0.000000 3.141593
    90 0.000000 0.000000 0.000000 1.570796 0.000000 -3.141593
    91 0.000000 0.000000 0.000000 1.570796 0.000000 -3.141593
end
